"Patient_ID","Biopsy","Surgery","Delta","Method","Cell_Type","cluster"
"2271",0,0,0,"CIBERSORTx","B cells memory","Fun-CIM"
"2472",0.0029869352650815,0.0021406557477446,-0.0008462795173369,"CIBERSORTx","B cells memory","Fun-CIM"
"2653",0.00514190197939559,0,-0.00514190197939559,"CIBERSORTx","B cells memory","Fun-CIM"
"2661",0,0,0,"CIBERSORTx","B cells memory","Fun-CIM"
"2677",0,0,0,"CIBERSORTx","B cells memory","Fun-CIM"
"2739",0,0,0,"CIBERSORTx","B cells memory","Fun-CIM"
"2789",0,0,0,"CIBERSORTx","B cells memory","Fun-CIM"
"2817",0,0,0,"CIBERSORTx","B cells memory","Fun-CIM"
"2852",0,0,0,"CIBERSORTx","B cells memory","Fun-CIM"
"2976",0,0,0,"CIBERSORTx","B cells memory","Fun-CIM"
"3001",0,0,0,"CIBERSORTx","B cells memory","Fun-CIM"
"3036",0.0347157213610127,0.031177620351091,-0.0035381010099217,"CIBERSORTx","B cells memory","Fun-CIM"
"3065",0,0,0,"CIBERSORTx","B cells memory","Fun-CIM"
"3067",0,0,0,"CIBERSORTx","B cells memory","Fun-CIM"
"3130",0,0,0,"CIBERSORTx","B cells memory","Fun-CIM"
"3161",0.00155664056908956,0,-0.00155664056908956,"CIBERSORTx","B cells memory","Fun-CIM"
"97",0,0.00289126139649636,0.00289126139649636,"CIBERSORTx","B cells memory","Fun-CIM"
"OB_0001",0.00210981532624577,0,-0.00210981532624577,"CIBERSORTx","B cells memory","Fun-CIM"
"OB_0038",0,0,0,"CIBERSORTx","B cells memory","Fun-CIM"
"OB_0080",0.00303719188158788,0,-0.00303719188158788,"CIBERSORTx","B cells memory","Fun-CIM"
"OB_0139",0.000795340691457367,0,-0.000795340691457367,"CIBERSORTx","B cells memory","Fun-CIM"
"OB_0163",0.00483906040082663,0,-0.00483906040082663,"CIBERSORTx","B cells memory","Fun-CIM"
"OB_0168",0,0,0,"CIBERSORTx","B cells memory","Fun-CIM"
"OB_0235",0.00410783382520408,0,-0.00410783382520408,"CIBERSORTx","B cells memory","Fun-CIM"
"OB_0315",0,0,0,"CIBERSORTx","B cells memory","Fun-CIM"
"2046",0.00809085879703443,0,-0.00809085879703443,"CIBERSORTx","B cells memory","Dys-CIM"
"2492",0.0304023622506076,0,-0.0304023622506076,"CIBERSORTx","B cells memory","Dys-CIM"
"2691",0.00144128579345899,0,-0.00144128579345899,"CIBERSORTx","B cells memory","Dys-CIM"
"OB_0095",0,0,0,"CIBERSORTx","B cells memory","Dys-CIM"
"OB_0157",0,0,0,"CIBERSORTx","B cells memory","Dys-CIM"
"OB_0190",0.0053466620406459,0.00299436620044346,-0.00235229584020244,"CIBERSORTx","B cells memory","Dys-CIM"
"OB_0234",0,0.00326337964339279,0.00326337964339279,"CIBERSORTx","B cells memory","Dys-CIM"
"OB_0237",0.121367507209749,0,-0.121367507209749,"CIBERSORTx","B cells memory","Dys-CIM"
"OB_0261",0.0237708228869349,0.0159334701197163,-0.0078373527672186,"CIBERSORTx","B cells memory","Dys-CIM"
"OB_0273",0.0188299723271575,0,-0.0188299723271575,"CIBERSORTx","B cells memory","Dys-CIM"
"OB_0344",0.0331809359560014,0,-0.0331809359560014,"CIBERSORTx","B cells memory","Dys-CIM"
"2271",0.133412541069943,0.037626772094419,-0.095785768975524,"CIBERSORTx","B cells naive","Fun-CIM"
"2472",0.00159427971461497,0,-0.00159427971461497,"CIBERSORTx","B cells naive","Fun-CIM"
"2653",0,0.00450007160603219,0.00450007160603219,"CIBERSORTx","B cells naive","Fun-CIM"
"2661",0.192671128953135,0.0315033176662786,-0.161167811286856,"CIBERSORTx","B cells naive","Fun-CIM"
"2677",0.0944714689910398,0.0631268363397498,-0.03134463265129,"CIBERSORTx","B cells naive","Fun-CIM"
"2739",0.0636758300368286,0.0728397433817855,0.00916391334495691,"CIBERSORTx","B cells naive","Fun-CIM"
"2789",0.0303318061947027,0.0338401646337973,0.0035083584390946,"CIBERSORTx","B cells naive","Fun-CIM"
"2817",0.0058177276962584,0.0524564779668151,0.0466387502705567,"CIBERSORTx","B cells naive","Fun-CIM"
"2852",0.0152594938208946,0.0439683013642266,0.028708807543332,"CIBERSORTx","B cells naive","Fun-CIM"
"2976",0.0124266608699288,0.0657226982051461,0.0532960373352173,"CIBERSORTx","B cells naive","Fun-CIM"
"3001",0.284119597093783,0.0477638740336567,-0.236355723060126,"CIBERSORTx","B cells naive","Fun-CIM"
"3036",0.046356352585102,0.00388224615397092,-0.0424741064311311,"CIBERSORTx","B cells naive","Fun-CIM"
"3065",0.0216589866272321,0.0492401733880209,0.0275811867607888,"CIBERSORTx","B cells naive","Fun-CIM"
"3067",0.0694082861530498,0.0678822609313893,-0.0015260252216605,"CIBERSORTx","B cells naive","Fun-CIM"
"3130",0.0218058949069185,0.0899904242102816,0.0681845293033631,"CIBERSORTx","B cells naive","Fun-CIM"
"3161",0,0.00512250442696718,0.00512250442696718,"CIBERSORTx","B cells naive","Fun-CIM"
"97",0,0,0,"CIBERSORTx","B cells naive","Fun-CIM"
"OB_0001",0.0640864340332011,0.0238978060376013,-0.0401886279955998,"CIBERSORTx","B cells naive","Fun-CIM"
"OB_0038",0,0.000485893952516446,0.000485893952516446,"CIBERSORTx","B cells naive","Fun-CIM"
"OB_0080",0,0.00679116751865634,0.00679116751865634,"CIBERSORTx","B cells naive","Fun-CIM"
"OB_0139",0.00542207823258669,0.00948722482597122,0.00406514659338453,"CIBERSORTx","B cells naive","Fun-CIM"
"OB_0163",0.00150303401217667,0.00358955924651255,0.00208652523433588,"CIBERSORTx","B cells naive","Fun-CIM"
"OB_0168",0.0271620650992273,0.023948751597058,-0.0032133135021693,"CIBERSORTx","B cells naive","Fun-CIM"
"OB_0235",0,0.00770884499055167,0.00770884499055167,"CIBERSORTx","B cells naive","Fun-CIM"
"OB_0315",0.0127027222814869,0.000812484258663204,-0.0118902380228237,"CIBERSORTx","B cells naive","Fun-CIM"
"2046",0.0164415135273867,0.0115400865325636,-0.0049014269948231,"CIBERSORTx","B cells naive","Dys-CIM"
"2492",0,0.0193002635753462,0.0193002635753462,"CIBERSORTx","B cells naive","Dys-CIM"
"2691",0.00217868637214271,0.0455158110065518,0.0433371246344091,"CIBERSORTx","B cells naive","Dys-CIM"
"OB_0095",0.0191730985717061,0.00413805581346916,-0.0150350427582369,"CIBERSORTx","B cells naive","Dys-CIM"
"OB_0157",0.0136103961596861,0.0060425102674334,-0.0075678858922527,"CIBERSORTx","B cells naive","Dys-CIM"
"OB_0190",0.0137238804266142,0.00885842941603897,-0.00486545101057523,"CIBERSORTx","B cells naive","Dys-CIM"
"OB_0234",0,0,0,"CIBERSORTx","B cells naive","Dys-CIM"
"OB_0237",0.0627988076233074,0.0090663226313125,-0.0537324849919949,"CIBERSORTx","B cells naive","Dys-CIM"
"OB_0261",0,0,0,"CIBERSORTx","B cells naive","Dys-CIM"
"OB_0273",0,0,0,"CIBERSORTx","B cells naive","Dys-CIM"
"OB_0344",0.0404782989978655,0.0143693383897587,-0.0261089606081068,"CIBERSORTx","B cells naive","Dys-CIM"
"2271",0.00146869330167913,0,-0.00146869330167913,"CIBERSORTx","Dendritic cells activated","Fun-CIM"
"2472",0,0.0676182727030741,0.0676182727030741,"CIBERSORTx","Dendritic cells activated","Fun-CIM"
"2653",0,0,0,"CIBERSORTx","Dendritic cells activated","Fun-CIM"
"2661",0.00376596073667382,0,-0.00376596073667382,"CIBERSORTx","Dendritic cells activated","Fun-CIM"
"2677",0,0,0,"CIBERSORTx","Dendritic cells activated","Fun-CIM"
"2739",0,0,0,"CIBERSORTx","Dendritic cells activated","Fun-CIM"
"2789",0,0,0,"CIBERSORTx","Dendritic cells activated","Fun-CIM"
"2817",0,0,0,"CIBERSORTx","Dendritic cells activated","Fun-CIM"
"2852",0,0,0,"CIBERSORTx","Dendritic cells activated","Fun-CIM"
"2976",0,0,0,"CIBERSORTx","Dendritic cells activated","Fun-CIM"
"3001",0,0,0,"CIBERSORTx","Dendritic cells activated","Fun-CIM"
"3036",0,0,0,"CIBERSORTx","Dendritic cells activated","Fun-CIM"
"3065",0,0,0,"CIBERSORTx","Dendritic cells activated","Fun-CIM"
"3067",0,0,0,"CIBERSORTx","Dendritic cells activated","Fun-CIM"
"3130",0,0,0,"CIBERSORTx","Dendritic cells activated","Fun-CIM"
"3161",0,0,0,"CIBERSORTx","Dendritic cells activated","Fun-CIM"
"97",0,0,0,"CIBERSORTx","Dendritic cells activated","Fun-CIM"
"OB_0001",0,0,0,"CIBERSORTx","Dendritic cells activated","Fun-CIM"
"OB_0038",0,0.00400181539487281,0.00400181539487281,"CIBERSORTx","Dendritic cells activated","Fun-CIM"
"OB_0080",0,0,0,"CIBERSORTx","Dendritic cells activated","Fun-CIM"
"OB_0139",0,0,0,"CIBERSORTx","Dendritic cells activated","Fun-CIM"
"OB_0163",0,0,0,"CIBERSORTx","Dendritic cells activated","Fun-CIM"
"OB_0168",0,0,0,"CIBERSORTx","Dendritic cells activated","Fun-CIM"
"OB_0235",0,0,0,"CIBERSORTx","Dendritic cells activated","Fun-CIM"
"OB_0315",0,0,0,"CIBERSORTx","Dendritic cells activated","Fun-CIM"
"2046",0,0,0,"CIBERSORTx","Dendritic cells activated","Dys-CIM"
"2492",0,0,0,"CIBERSORTx","Dendritic cells activated","Dys-CIM"
"2691",0,0,0,"CIBERSORTx","Dendritic cells activated","Dys-CIM"
"OB_0095",0,0,0,"CIBERSORTx","Dendritic cells activated","Dys-CIM"
"OB_0157",0,0,0,"CIBERSORTx","Dendritic cells activated","Dys-CIM"
"OB_0190",0,0,0,"CIBERSORTx","Dendritic cells activated","Dys-CIM"
"OB_0234",0,0.0568983084866732,0.0568983084866732,"CIBERSORTx","Dendritic cells activated","Dys-CIM"
"OB_0237",0,0,0,"CIBERSORTx","Dendritic cells activated","Dys-CIM"
"OB_0261",0,0,0,"CIBERSORTx","Dendritic cells activated","Dys-CIM"
"OB_0273",0,0,0,"CIBERSORTx","Dendritic cells activated","Dys-CIM"
"OB_0344",0.00442967612890026,0,-0.00442967612890026,"CIBERSORTx","Dendritic cells activated","Dys-CIM"
"2271",0,0,0,"CIBERSORTx","Dendritic cells resting","Fun-CIM"
"2472",0,0,0,"CIBERSORTx","Dendritic cells resting","Fun-CIM"
"2653",0.00410420484908567,0,-0.00410420484908567,"CIBERSORTx","Dendritic cells resting","Fun-CIM"
"2661",0,0,0,"CIBERSORTx","Dendritic cells resting","Fun-CIM"
"2677",0.0203754882663323,0,-0.0203754882663323,"CIBERSORTx","Dendritic cells resting","Fun-CIM"
"2739",0.00343362988818485,0,-0.00343362988818485,"CIBERSORTx","Dendritic cells resting","Fun-CIM"
"2789",0,0.00969430988239223,0.00969430988239223,"CIBERSORTx","Dendritic cells resting","Fun-CIM"
"2817",0,0.0169743569436273,0.0169743569436273,"CIBERSORTx","Dendritic cells resting","Fun-CIM"
"2852",0.0163384457633003,0.019910520975655,0.0035720752123547,"CIBERSORTx","Dendritic cells resting","Fun-CIM"
"2976",0.000149980524483601,0,-0.000149980524483601,"CIBERSORTx","Dendritic cells resting","Fun-CIM"
"3001",0,0,0,"CIBERSORTx","Dendritic cells resting","Fun-CIM"
"3036",0.00478138235102592,0.0142324931385589,0.00945111078753298,"CIBERSORTx","Dendritic cells resting","Fun-CIM"
"3065",0.00180152079217018,0,-0.00180152079217018,"CIBERSORTx","Dendritic cells resting","Fun-CIM"
"3067",0,0,0,"CIBERSORTx","Dendritic cells resting","Fun-CIM"
"3130",0.017006217152218,0.0118812423392632,-0.0051249748129548,"CIBERSORTx","Dendritic cells resting","Fun-CIM"
"3161",0,0,0,"CIBERSORTx","Dendritic cells resting","Fun-CIM"
"97",0,0,0,"CIBERSORTx","Dendritic cells resting","Fun-CIM"
"OB_0001",0.0211091428085658,0.00606785623284584,-0.01504128657572,"CIBERSORTx","Dendritic cells resting","Fun-CIM"
"OB_0038",0.00204308313401594,0.0303524981519041,0.0283094150178882,"CIBERSORTx","Dendritic cells resting","Fun-CIM"
"OB_0080",0,0,0,"CIBERSORTx","Dendritic cells resting","Fun-CIM"
"OB_0139",0,0,0,"CIBERSORTx","Dendritic cells resting","Fun-CIM"
"OB_0163",0.00192008189266979,0.0275765752323982,0.0256564933397284,"CIBERSORTx","Dendritic cells resting","Fun-CIM"
"OB_0168",0.00194338411649679,0.0111691799610704,0.00922579584457361,"CIBERSORTx","Dendritic cells resting","Fun-CIM"
"OB_0235",0.0195526415326138,0.0318743329897757,0.0123216914571619,"CIBERSORTx","Dendritic cells resting","Fun-CIM"
"OB_0315",0.00888604454308303,0.00752552100410173,-0.0013605235389813,"CIBERSORTx","Dendritic cells resting","Fun-CIM"
"2046",0.0117405237403346,0.0189443999314278,0.0072038761910932,"CIBERSORTx","Dendritic cells resting","Dys-CIM"
"2492",0.0351481917283077,0.0114644132150131,-0.0236837785132946,"CIBERSORTx","Dendritic cells resting","Dys-CIM"
"2691",0,0.00109050812258544,0.00109050812258544,"CIBERSORTx","Dendritic cells resting","Dys-CIM"
"OB_0095",0.000513300680747267,0,-0.000513300680747267,"CIBERSORTx","Dendritic cells resting","Dys-CIM"
"OB_0157",0.00141872658987679,0.0136927616332676,0.0122740350433908,"CIBERSORTx","Dendritic cells resting","Dys-CIM"
"OB_0190",0.0235035017009969,0,-0.0235035017009969,"CIBERSORTx","Dendritic cells resting","Dys-CIM"
"OB_0234",0.089807468767087,0.0269290849090286,-0.0628783838580584,"CIBERSORTx","Dendritic cells resting","Dys-CIM"
"OB_0237",0.0433485277891849,0,-0.0433485277891849,"CIBERSORTx","Dendritic cells resting","Dys-CIM"
"OB_0261",0.13058409258572,0.0483431368667437,-0.0822409557189763,"CIBERSORTx","Dendritic cells resting","Dys-CIM"
"OB_0273",0.130651924998846,0,-0.130651924998846,"CIBERSORTx","Dendritic cells resting","Dys-CIM"
"OB_0344",0,0.135803469971192,0.135803469971192,"CIBERSORTx","Dendritic cells resting","Dys-CIM"
"2271",0,0,0,"CIBERSORTx","Eosinophils","Fun-CIM"
"2472",0,0,0,"CIBERSORTx","Eosinophils","Fun-CIM"
"2653",0,0,0,"CIBERSORTx","Eosinophils","Fun-CIM"
"2661",0,0,0,"CIBERSORTx","Eosinophils","Fun-CIM"
"2677",0,0,0,"CIBERSORTx","Eosinophils","Fun-CIM"
"2739",0,0,0,"CIBERSORTx","Eosinophils","Fun-CIM"
"2789",0,0,0,"CIBERSORTx","Eosinophils","Fun-CIM"
"2817",0,0,0,"CIBERSORTx","Eosinophils","Fun-CIM"
"2852",0,0,0,"CIBERSORTx","Eosinophils","Fun-CIM"
"2976",0,0,0,"CIBERSORTx","Eosinophils","Fun-CIM"
"3001",0,0,0,"CIBERSORTx","Eosinophils","Fun-CIM"
"3036",0,0,0,"CIBERSORTx","Eosinophils","Fun-CIM"
"3065",0,0,0,"CIBERSORTx","Eosinophils","Fun-CIM"
"3067",0,0,0,"CIBERSORTx","Eosinophils","Fun-CIM"
"3130",0,0,0,"CIBERSORTx","Eosinophils","Fun-CIM"
"3161",0,0,0,"CIBERSORTx","Eosinophils","Fun-CIM"
"97",0,0,0,"CIBERSORTx","Eosinophils","Fun-CIM"
"OB_0001",0,0,0,"CIBERSORTx","Eosinophils","Fun-CIM"
"OB_0038",0,0,0,"CIBERSORTx","Eosinophils","Fun-CIM"
"OB_0080",0,0,0,"CIBERSORTx","Eosinophils","Fun-CIM"
"OB_0139",0,0,0,"CIBERSORTx","Eosinophils","Fun-CIM"
"OB_0163",0,0,0,"CIBERSORTx","Eosinophils","Fun-CIM"
"OB_0168",0,0,0,"CIBERSORTx","Eosinophils","Fun-CIM"
"OB_0235",0,0,0,"CIBERSORTx","Eosinophils","Fun-CIM"
"OB_0315",0,0,0,"CIBERSORTx","Eosinophils","Fun-CIM"
"2046",0,0,0,"CIBERSORTx","Eosinophils","Dys-CIM"
"2492",0,0,0,"CIBERSORTx","Eosinophils","Dys-CIM"
"2691",0,0,0,"CIBERSORTx","Eosinophils","Dys-CIM"
"OB_0095",0,0,0,"CIBERSORTx","Eosinophils","Dys-CIM"
"OB_0157",0,0,0,"CIBERSORTx","Eosinophils","Dys-CIM"
"OB_0190",0,0,0,"CIBERSORTx","Eosinophils","Dys-CIM"
"OB_0234",0,0,0,"CIBERSORTx","Eosinophils","Dys-CIM"
"OB_0237",0,0,0,"CIBERSORTx","Eosinophils","Dys-CIM"
"OB_0261",0,0,0,"CIBERSORTx","Eosinophils","Dys-CIM"
"OB_0273",0,0,0,"CIBERSORTx","Eosinophils","Dys-CIM"
"OB_0344",0,0,0,"CIBERSORTx","Eosinophils","Dys-CIM"
"2271",0.308173108947087,0.178487718895033,-0.129685390052054,"CIBERSORTx","Macrophages M0","Fun-CIM"
"2472",0.0682123687120827,0.142481603240469,0.0742692345283863,"CIBERSORTx","Macrophages M0","Fun-CIM"
"2653",0,0.247563047134088,0.247563047134088,"CIBERSORTx","Macrophages M0","Fun-CIM"
"2661",0.0177784211568222,0.155610291863638,0.137831870706816,"CIBERSORTx","Macrophages M0","Fun-CIM"
"2677",0,0,0,"CIBERSORTx","Macrophages M0","Fun-CIM"
"2739",0,0,0,"CIBERSORTx","Macrophages M0","Fun-CIM"
"2789",0.0526426020553572,0.0346500764971873,-0.0179925255581699,"CIBERSORTx","Macrophages M0","Fun-CIM"
"2817",0.00144647091880431,0,-0.00144647091880431,"CIBERSORTx","Macrophages M0","Fun-CIM"
"2852",0.0170426078512347,0,-0.0170426078512347,"CIBERSORTx","Macrophages M0","Fun-CIM"
"2976",0.0617993702993713,0.191219870980784,0.129420500681413,"CIBERSORTx","Macrophages M0","Fun-CIM"
"3001",0.109002946935188,0,-0.109002946935188,"CIBERSORTx","Macrophages M0","Fun-CIM"
"3036",0.156887243567296,0.0221006613678096,-0.134786582199486,"CIBERSORTx","Macrophages M0","Fun-CIM"
"3065",0,0,0,"CIBERSORTx","Macrophages M0","Fun-CIM"
"3067",0,0,0,"CIBERSORTx","Macrophages M0","Fun-CIM"
"3130",0.0103307197920916,0,-0.0103307197920916,"CIBERSORTx","Macrophages M0","Fun-CIM"
"3161",0.20007724932874,0.0177030582198816,-0.182374191108858,"CIBERSORTx","Macrophages M0","Fun-CIM"
"97",0.100584054178919,0.265606678466276,0.165022624287357,"CIBERSORTx","Macrophages M0","Fun-CIM"
"OB_0001",0,0,0,"CIBERSORTx","Macrophages M0","Fun-CIM"
"OB_0038",0.17932897551444,0.232581593891912,0.053252618377472,"CIBERSORTx","Macrophages M0","Fun-CIM"
"OB_0080",0.252671885336532,0.142609583293046,-0.110062302043486,"CIBERSORTx","Macrophages M0","Fun-CIM"
"OB_0139",0.102668625170729,0.109701817827527,0.007033192656798,"CIBERSORTx","Macrophages M0","Fun-CIM"
"OB_0163",0.443844786443684,0.115197860815078,-0.328646925628606,"CIBERSORTx","Macrophages M0","Fun-CIM"
"OB_0168",0,0,0,"CIBERSORTx","Macrophages M0","Fun-CIM"
"OB_0235",0,0,0,"CIBERSORTx","Macrophages M0","Fun-CIM"
"OB_0315",0.0674917060129793,0,-0.0674917060129793,"CIBERSORTx","Macrophages M0","Fun-CIM"
"2046",0.167828187587224,0.213952897386732,0.046124709799508,"CIBERSORTx","Macrophages M0","Dys-CIM"
"2492",0.136651524080258,0.15374595573879,0.017094431658532,"CIBERSORTx","Macrophages M0","Dys-CIM"
"2691",0.102396450653501,0.0269458255049359,-0.0754506251485651,"CIBERSORTx","Macrophages M0","Dys-CIM"
"OB_0095",0.0157353784233168,0,-0.0157353784233168,"CIBERSORTx","Macrophages M0","Dys-CIM"
"OB_0157",0.0652090492874355,0.0114649933680913,-0.0537440559193442,"CIBERSORTx","Macrophages M0","Dys-CIM"
"OB_0190",0,0.179343286814909,0.179343286814909,"CIBERSORTx","Macrophages M0","Dys-CIM"
"OB_0234",0.0385740236051218,0.0815391896802429,0.0429651660751211,"CIBERSORTx","Macrophages M0","Dys-CIM"
"OB_0237",0.0579699459384168,0.069994998364245,0.0120250524258282,"CIBERSORTx","Macrophages M0","Dys-CIM"
"OB_0261",0.0125261295106555,0.14513007302411,0.132603943513455,"CIBERSORTx","Macrophages M0","Dys-CIM"
"OB_0273",0.0237986268500108,0.049568518794957,0.0257698919449462,"CIBERSORTx","Macrophages M0","Dys-CIM"
"OB_0344",0.00241259972419494,0.0204280771430033,0.0180154774188084,"CIBERSORTx","Macrophages M0","Dys-CIM"
"2271",0.0275885257494897,0.0141342254856984,-0.0134543002637913,"CIBERSORTx","Macrophages M1","Fun-CIM"
"2472",0.0854961982212793,0.0541483674405306,-0.0313478307807487,"CIBERSORTx","Macrophages M1","Fun-CIM"
"2653",0.0132729345259326,0.0177771762239547,0.0045042416980221,"CIBERSORTx","Macrophages M1","Fun-CIM"
"2661",0,0.00327252283391855,0.00327252283391855,"CIBERSORTx","Macrophages M1","Fun-CIM"
"2677",0.0435295352154238,0.0332254245983714,-0.0103041106170524,"CIBERSORTx","Macrophages M1","Fun-CIM"
"2739",0.0537779259922094,0.0174128671369974,-0.036365058855212,"CIBERSORTx","Macrophages M1","Fun-CIM"
"2789",0.0845176080356474,0.0875979320612836,0.00308032402563621,"CIBERSORTx","Macrophages M1","Fun-CIM"
"2817",0.0351206080192091,0.110884118374665,0.0757635103554559,"CIBERSORTx","Macrophages M1","Fun-CIM"
"2852",0.10622106508826,0.0217167379351725,-0.0845043271530875,"CIBERSORTx","Macrophages M1","Fun-CIM"
"2976",0.0786817540566682,0.0592315299595674,-0.0194502240971008,"CIBERSORTx","Macrophages M1","Fun-CIM"
"3001",0.029549573096582,0.0424356871705523,0.0128861140739703,"CIBERSORTx","Macrophages M1","Fun-CIM"
"3036",0.052562515648185,0.0203687052378071,-0.0321938104103779,"CIBERSORTx","Macrophages M1","Fun-CIM"
"3065",0.0726397073486457,0.0103114836925006,-0.0623282236561451,"CIBERSORTx","Macrophages M1","Fun-CIM"
"3067",0.0421682412106456,0.0235159978667257,-0.0186522433439199,"CIBERSORTx","Macrophages M1","Fun-CIM"
"3130",0.191942871855089,0.0848166959212871,-0.107126175933802,"CIBERSORTx","Macrophages M1","Fun-CIM"
"3161",0.00887143126776575,0.010519102193888,0.00164767092612225,"CIBERSORTx","Macrophages M1","Fun-CIM"
"97",0.0194775971918773,0.00666069383045126,-0.012816903361426,"CIBERSORTx","Macrophages M1","Fun-CIM"
"OB_0001",0.11117741855032,0.0681383053559167,-0.0430391131944033,"CIBERSORTx","Macrophages M1","Fun-CIM"
"OB_0038",0.0465032869675421,0.0269089722470928,-0.0195943147204493,"CIBERSORTx","Macrophages M1","Fun-CIM"
"OB_0080",0.0206765268364074,0.00495062837389311,-0.0157258984625143,"CIBERSORTx","Macrophages M1","Fun-CIM"
"OB_0139",0.173317776965319,0.0811461827149509,-0.0921715942503681,"CIBERSORTx","Macrophages M1","Fun-CIM"
"OB_0163",0.0361982564865634,0.0336687390928029,-0.0025295173937605,"CIBERSORTx","Macrophages M1","Fun-CIM"
"OB_0168",0.0432090750822369,0.0095312341453633,-0.0336778409368736,"CIBERSORTx","Macrophages M1","Fun-CIM"
"OB_0235",0.0797692656513428,0.0154078460256932,-0.0643614196256496,"CIBERSORTx","Macrophages M1","Fun-CIM"
"OB_0315",0.172649534883636,0.106999112923262,-0.065650421960374,"CIBERSORTx","Macrophages M1","Fun-CIM"
"2046",0.083852957986849,0.119758262562712,0.035905304575863,"CIBERSORTx","Macrophages M1","Dys-CIM"
"2492",0.154782888289041,0.181995035671932,0.027212147382891,"CIBERSORTx","Macrophages M1","Dys-CIM"
"2691",0.0388186865819526,0.0752037369399663,0.0363850503580137,"CIBERSORTx","Macrophages M1","Dys-CIM"
"OB_0095",0.253122731129462,0.124789535535652,-0.12833319559381,"CIBERSORTx","Macrophages M1","Dys-CIM"
"OB_0157",0.166961744911447,0.122686319915342,-0.044275424996105,"CIBERSORTx","Macrophages M1","Dys-CIM"
"OB_0190",0.0955620775681615,0.0689721022444231,-0.0265899753237384,"CIBERSORTx","Macrophages M1","Dys-CIM"
"OB_0234",0.105605329241582,0.0592020237990937,-0.0464033054424883,"CIBERSORTx","Macrophages M1","Dys-CIM"
"OB_0237",0.133342461677749,0.0856527443249512,-0.0476897173527978,"CIBERSORTx","Macrophages M1","Dys-CIM"
"OB_0261",0.0978408259118411,0.115197441814235,0.0173566159023939,"CIBERSORTx","Macrophages M1","Dys-CIM"
"OB_0273",0.0930170401928145,0.0428298875128773,-0.0501871526799372,"CIBERSORTx","Macrophages M1","Dys-CIM"
"OB_0344",0.102969600496552,0.133726725835761,0.030757125339209,"CIBERSORTx","Macrophages M1","Dys-CIM"
"2271",0.233316791731572,0.429803677001111,0.196486885269539,"CIBERSORTx","Macrophages M2","Fun-CIM"
"2472",0.285085698206939,0.36639150641119,0.081305808204251,"CIBERSORTx","Macrophages M2","Fun-CIM"
"2653",0.200912594627179,0.437622512285936,0.236709917658757,"CIBERSORTx","Macrophages M2","Fun-CIM"
"2661",0.256005968579105,0.416486083039848,0.160480114460743,"CIBERSORTx","Macrophages M2","Fun-CIM"
"2677",0.185460034463253,0.539460353484026,0.354000319020773,"CIBERSORTx","Macrophages M2","Fun-CIM"
"2739",0.474274177747703,0.387104864459541,-0.087169313288162,"CIBERSORTx","Macrophages M2","Fun-CIM"
"2789",0.222031051913794,0.140185981894985,-0.081845070018809,"CIBERSORTx","Macrophages M2","Fun-CIM"
"2817",0.44671465003308,0.188373747399916,-0.258340902633164,"CIBERSORTx","Macrophages M2","Fun-CIM"
"2852",0.179780066351931,0.254488846855927,0.074708780503996,"CIBERSORTx","Macrophages M2","Fun-CIM"
"2976",0.25037697365573,0.270085660990023,0.019708687334293,"CIBERSORTx","Macrophages M2","Fun-CIM"
"3001",0.169915810613905,0.236989131601012,0.067073320987107,"CIBERSORTx","Macrophages M2","Fun-CIM"
"3036",0.20326963375925,0.373326887335686,0.170057253576436,"CIBERSORTx","Macrophages M2","Fun-CIM"
"3065",0.331703406415536,0.379185528269829,0.047482121854293,"CIBERSORTx","Macrophages M2","Fun-CIM"
"3067",0.425503600685877,0.477037711214973,0.051534110529096,"CIBERSORTx","Macrophages M2","Fun-CIM"
"3130",0.129878595067378,0.298892155887345,0.169013560819967,"CIBERSORTx","Macrophages M2","Fun-CIM"
"3161",0.386678390964693,0.163961274916018,-0.222717116048675,"CIBERSORTx","Macrophages M2","Fun-CIM"
"97",0.663562477843402,0.408816466311126,-0.254746011532276,"CIBERSORTx","Macrophages M2","Fun-CIM"
"OB_0001",0.189101425423898,0.40423270221022,0.215131276786322,"CIBERSORTx","Macrophages M2","Fun-CIM"
"OB_0038",0.430342167673391,0.377493389726385,-0.052848777947006,"CIBERSORTx","Macrophages M2","Fun-CIM"
"OB_0080",0.49036344851109,0.519406680982081,0.029043232470991,"CIBERSORTx","Macrophages M2","Fun-CIM"
"OB_0139",0.219862088423231,0.406104298021379,0.186242209598148,"CIBERSORTx","Macrophages M2","Fun-CIM"
"OB_0163",0.255750346960521,0.332531774335824,0.076781427375303,"CIBERSORTx","Macrophages M2","Fun-CIM"
"OB_0168",0.301006473790146,0.294699640306827,-0.00630683348331901,"CIBERSORTx","Macrophages M2","Fun-CIM"
"OB_0235",0.247797571507954,0.242148436445515,-0.005649135062439,"CIBERSORTx","Macrophages M2","Fun-CIM"
"OB_0315",0.135490503685863,0.22180902920981,0.086318525523947,"CIBERSORTx","Macrophages M2","Fun-CIM"
"2046",0.27748398237083,0.224287184574988,-0.053196797795842,"CIBERSORTx","Macrophages M2","Dys-CIM"
"2492",0.0940736478937945,0.0897588070488117,-0.00431484084498279,"CIBERSORTx","Macrophages M2","Dys-CIM"
"2691",0.584649080513792,0.30154801496438,-0.283101065549412,"CIBERSORTx","Macrophages M2","Dys-CIM"
"OB_0095",0.178846008952364,0.307017703085472,0.128171694133108,"CIBERSORTx","Macrophages M2","Dys-CIM"
"OB_0157",0.307827334589398,0.36640110912121,0.058573774531812,"CIBERSORTx","Macrophages M2","Dys-CIM"
"OB_0190",0.363106108650385,0.367526503549284,0.004420394898899,"CIBERSORTx","Macrophages M2","Dys-CIM"
"OB_0234",0.312485207163662,0.287616449145953,-0.024868758017709,"CIBERSORTx","Macrophages M2","Dys-CIM"
"OB_0237",0.136748427188227,0.214914303418006,0.078165876229779,"CIBERSORTx","Macrophages M2","Dys-CIM"
"OB_0261",0.215562255723603,0.244289748726423,0.02872749300282,"CIBERSORTx","Macrophages M2","Dys-CIM"
"OB_0273",0.198017341293921,0.532477754575735,0.334460413281814,"CIBERSORTx","Macrophages M2","Dys-CIM"
"OB_0344",0.211484153460259,0.219209319691083,0.007725166230824,"CIBERSORTx","Macrophages M2","Dys-CIM"
"2271",0,0,0,"CIBERSORTx","Mast cells activated","Fun-CIM"
"2472",0,0,0,"CIBERSORTx","Mast cells activated","Fun-CIM"
"2653",0,0,0,"CIBERSORTx","Mast cells activated","Fun-CIM"
"2661",0,0,0,"CIBERSORTx","Mast cells activated","Fun-CIM"
"2677",0,0.031819888551003,0.031819888551003,"CIBERSORTx","Mast cells activated","Fun-CIM"
"2739",0,0,0,"CIBERSORTx","Mast cells activated","Fun-CIM"
"2789",0,0,0,"CIBERSORTx","Mast cells activated","Fun-CIM"
"2817",0,0,0,"CIBERSORTx","Mast cells activated","Fun-CIM"
"2852",0,0,0,"CIBERSORTx","Mast cells activated","Fun-CIM"
"2976",0,0,0,"CIBERSORTx","Mast cells activated","Fun-CIM"
"3001",0,0,0,"CIBERSORTx","Mast cells activated","Fun-CIM"
"3036",0,0,0,"CIBERSORTx","Mast cells activated","Fun-CIM"
"3065",0,0,0,"CIBERSORTx","Mast cells activated","Fun-CIM"
"3067",0,0.0148878471194255,0.0148878471194255,"CIBERSORTx","Mast cells activated","Fun-CIM"
"3130",0,0,0,"CIBERSORTx","Mast cells activated","Fun-CIM"
"3161",0,0,0,"CIBERSORTx","Mast cells activated","Fun-CIM"
"97",0,0.0385893537217665,0.0385893537217665,"CIBERSORTx","Mast cells activated","Fun-CIM"
"OB_0001",0,0.000906930094999649,0.000906930094999649,"CIBERSORTx","Mast cells activated","Fun-CIM"
"OB_0038",0,0,0,"CIBERSORTx","Mast cells activated","Fun-CIM"
"OB_0080",0,0.0169910047925115,0.0169910047925115,"CIBERSORTx","Mast cells activated","Fun-CIM"
"OB_0139",0,0,0,"CIBERSORTx","Mast cells activated","Fun-CIM"
"OB_0163",0,0,0,"CIBERSORTx","Mast cells activated","Fun-CIM"
"OB_0168",0,0.004235016311645,0.004235016311645,"CIBERSORTx","Mast cells activated","Fun-CIM"
"OB_0235",0,0,0,"CIBERSORTx","Mast cells activated","Fun-CIM"
"OB_0315",0,0.00541274325433699,0.00541274325433699,"CIBERSORTx","Mast cells activated","Fun-CIM"
"2046",0,0,0,"CIBERSORTx","Mast cells activated","Dys-CIM"
"2492",0,0,0,"CIBERSORTx","Mast cells activated","Dys-CIM"
"2691",0,0,0,"CIBERSORTx","Mast cells activated","Dys-CIM"
"OB_0095",0,0.0546572507053622,0.0546572507053622,"CIBERSORTx","Mast cells activated","Dys-CIM"
"OB_0157",0,0,0,"CIBERSORTx","Mast cells activated","Dys-CIM"
"OB_0190",0,0,0,"CIBERSORTx","Mast cells activated","Dys-CIM"
"OB_0234",0.0130363089919076,0.0749183606442376,0.06188205165233,"CIBERSORTx","Mast cells activated","Dys-CIM"
"OB_0237",0,0.037238074566599,0.037238074566599,"CIBERSORTx","Mast cells activated","Dys-CIM"
"OB_0261",0,0.0464430874090136,0.0464430874090136,"CIBERSORTx","Mast cells activated","Dys-CIM"
"OB_0273",0,0,0,"CIBERSORTx","Mast cells activated","Dys-CIM"
"OB_0344",0,0,0,"CIBERSORTx","Mast cells activated","Dys-CIM"
"2271",0.0509156640248835,0.0337730259271274,-0.0171426380977561,"CIBERSORTx","Mast cells resting","Fun-CIM"
"2472",0,0.032708689231774,0.032708689231774,"CIBERSORTx","Mast cells resting","Fun-CIM"
"2653",0.360934533794992,0.0344073334218751,-0.326527200373117,"CIBERSORTx","Mast cells resting","Fun-CIM"
"2661",0.110435694948965,0.113273373812969,0.00283767886400399,"CIBERSORTx","Mast cells resting","Fun-CIM"
"2677",0.145163174799662,0,-0.145163174799662,"CIBERSORTx","Mast cells resting","Fun-CIM"
"2739",0.0580999568944973,0.130646379098586,0.0725464222040887,"CIBERSORTx","Mast cells resting","Fun-CIM"
"2789",0.0225174549738055,0.098988356105636,0.0764709011318305,"CIBERSORTx","Mast cells resting","Fun-CIM"
"2817",0.0217313228674417,0.10732723661367,0.0855959137462283,"CIBERSORTx","Mast cells resting","Fun-CIM"
"2852",0.326303757783722,0.426808324766592,0.10050456698287,"CIBERSORTx","Mast cells resting","Fun-CIM"
"2976",0.0636122775927962,0.0425777357393452,-0.021034541853451,"CIBERSORTx","Mast cells resting","Fun-CIM"
"3001",0.0777175971549144,0.272362609883911,0.194645012728997,"CIBERSORTx","Mast cells resting","Fun-CIM"
"3036",0.161210368598647,0.247536395775213,0.086326027176566,"CIBERSORTx","Mast cells resting","Fun-CIM"
"3065",0.0458312864975529,0.112462718628531,0.0666314321309781,"CIBERSORTx","Mast cells resting","Fun-CIM"
"3067",0.063589733174428,0.115417787600137,0.051828054425709,"CIBERSORTx","Mast cells resting","Fun-CIM"
"3130",0.0507672769692607,0.228720918212417,0.177953641243156,"CIBERSORTx","Mast cells resting","Fun-CIM"
"3161",0.29309905505492,0.233586941655804,-0.059512113399116,"CIBERSORTx","Mast cells resting","Fun-CIM"
"97",0.0343070214148306,0.0806827184353474,0.0463756970205168,"CIBERSORTx","Mast cells resting","Fun-CIM"
"OB_0001",0.0464985692309912,0.0212813615671661,-0.0252172076638251,"CIBERSORTx","Mast cells resting","Fun-CIM"
"OB_0038",0.0587929015816928,0.0781984425894741,0.0194055410077813,"CIBERSORTx","Mast cells resting","Fun-CIM"
"OB_0080",0.146460370358014,0.178883446539118,0.032423076181104,"CIBERSORTx","Mast cells resting","Fun-CIM"
"OB_0139",0.004705370727323,0.0202002147654761,0.0154948440381531,"CIBERSORTx","Mast cells resting","Fun-CIM"
"OB_0163",0.0530686045193112,0.0764878827633848,0.0234192782440736,"CIBERSORTx","Mast cells resting","Fun-CIM"
"OB_0168",0.265870988177249,0.30308804310062,0.037217054923371,"CIBERSORTx","Mast cells resting","Fun-CIM"
"OB_0235",0.457457771537665,0.309759648213593,-0.147698123324072,"CIBERSORTx","Mast cells resting","Fun-CIM"
"OB_0315",0.124414662010822,0.223397195788127,0.098982533777305,"CIBERSORTx","Mast cells resting","Fun-CIM"
"2046",0,0.00837624568277089,0.00837624568277089,"CIBERSORTx","Mast cells resting","Dys-CIM"
"2492",0.0275356997777505,0.0921450634448208,0.0646093636670703,"CIBERSORTx","Mast cells resting","Dys-CIM"
"2691",0.012422828437885,0.151344532941595,0.13892170450371,"CIBERSORTx","Mast cells resting","Dys-CIM"
"OB_0095",0.0562393462430727,0,-0.0562393462430727,"CIBERSORTx","Mast cells resting","Dys-CIM"
"OB_0157",0.0281382308182203,0.0427639316791873,0.014625700860967,"CIBERSORTx","Mast cells resting","Dys-CIM"
"OB_0190",0.0882805869894902,0.126678108507519,0.0383975215180288,"CIBERSORTx","Mast cells resting","Dys-CIM"
"OB_0234",0.00902721158465873,0,-0.00902721158465873,"CIBERSORTx","Mast cells resting","Dys-CIM"
"OB_0237",0.0336034878820213,0,-0.0336034878820213,"CIBERSORTx","Mast cells resting","Dys-CIM"
"OB_0261",0.00430007681454348,0,-0.00430007681454348,"CIBERSORTx","Mast cells resting","Dys-CIM"
"OB_0273",0.00590053382820163,0.106891981211611,0.100991447383409,"CIBERSORTx","Mast cells resting","Dys-CIM"
"OB_0344",0.143132645543571,0.0859157651461214,-0.0572168803974496,"CIBERSORTx","Mast cells resting","Dys-CIM"
"2271",0.00582079263936602,0.0104743746261548,0.00465358198678878,"CIBERSORTx","Monocytes","Fun-CIM"
"2472",0.00800428154125403,0.0463259430124134,0.0383216614711594,"CIBERSORTx","Monocytes","Fun-CIM"
"2653",0.0279996317984845,0.020466877959565,-0.0075327538389195,"CIBERSORTx","Monocytes","Fun-CIM"
"2661",0.0347117792126342,0.0106358448874905,-0.0240759343251437,"CIBERSORTx","Monocytes","Fun-CIM"
"2677",0.0326585378512187,0.126781682830157,0.0941231449789383,"CIBERSORTx","Monocytes","Fun-CIM"
"2739",0.00722360475725409,0.00641886671870476,-0.00080473803854933,"CIBERSORTx","Monocytes","Fun-CIM"
"2789",0,0.00880590124669015,0.00880590124669015,"CIBERSORTx","Monocytes","Fun-CIM"
"2817",0.00151008531005381,0.0290149298700464,0.0275048445599926,"CIBERSORTx","Monocytes","Fun-CIM"
"2852",0.0144257961277968,0,-0.0144257961277968,"CIBERSORTx","Monocytes","Fun-CIM"
"2976",0.00291773564264727,0,-0.00291773564264727,"CIBERSORTx","Monocytes","Fun-CIM"
"3001",0,0.0066589132411177,0.0066589132411177,"CIBERSORTx","Monocytes","Fun-CIM"
"3036",0.013735586215883,0,-0.013735586215883,"CIBERSORTx","Monocytes","Fun-CIM"
"3065",0.136721573174821,0.0434676690932864,-0.0932539040815346,"CIBERSORTx","Monocytes","Fun-CIM"
"3067",0.0436621418773416,0.0442357533731675,0.000573611495825903,"CIBERSORTx","Monocytes","Fun-CIM"
"3130",0.0176324502719045,0.000605808947856525,-0.017026641324048,"CIBERSORTx","Monocytes","Fun-CIM"
"3161",0,0.0545864125345112,0.0545864125345112,"CIBERSORTx","Monocytes","Fun-CIM"
"97",0,0,0,"CIBERSORTx","Monocytes","Fun-CIM"
"OB_0001",0.021981369009222,0.0469295372385279,0.0249481682293059,"CIBERSORTx","Monocytes","Fun-CIM"
"OB_0038",0.00469136032790025,0.00498673433357996,0.00029537400567971,"CIBERSORTx","Monocytes","Fun-CIM"
"OB_0080",0,0,0,"CIBERSORTx","Monocytes","Fun-CIM"
"OB_0139",0.012955564836881,0.0278717413703221,0.0149161765334411,"CIBERSORTx","Monocytes","Fun-CIM"
"OB_0163",0,0.00336592947672705,0.00336592947672705,"CIBERSORTx","Monocytes","Fun-CIM"
"OB_0168",0.0210297422207717,0.00782962506332834,-0.0132001171574434,"CIBERSORTx","Monocytes","Fun-CIM"
"OB_0235",0.040729044810691,0.0315887279228697,-0.0091403168878213,"CIBERSORTx","Monocytes","Fun-CIM"
"OB_0315",0.0139544741217935,0.0614893298109804,0.0475348556891869,"CIBERSORTx","Monocytes","Fun-CIM"
"2046",0.037632236958727,0.00692016943905147,-0.0307120675196755,"CIBERSORTx","Monocytes","Dys-CIM"
"2492",0.00256057918939583,0.00566080200763362,0.00310022281823779,"CIBERSORTx","Monocytes","Dys-CIM"
"2691",0,0.00409174090741361,0.00409174090741361,"CIBERSORTx","Monocytes","Dys-CIM"
"OB_0095",0.020932128882967,0.00902826136137697,-0.01190386752159,"CIBERSORTx","Monocytes","Dys-CIM"
"OB_0157",0.000529338745002603,0.00679655903317883,0.00626722028817623,"CIBERSORTx","Monocytes","Dys-CIM"
"OB_0190",0.0337331519854015,0,-0.0337331519854015,"CIBERSORTx","Monocytes","Dys-CIM"
"OB_0234",0.0290781239926874,0.036465414602642,0.0073872906099546,"CIBERSORTx","Monocytes","Dys-CIM"
"OB_0237",0.0105496355011389,0.0436097219140025,0.0330600864128636,"CIBERSORTx","Monocytes","Dys-CIM"
"OB_0261",0,0,0,"CIBERSORTx","Monocytes","Dys-CIM"
"OB_0273",0.00266103246988546,0.00688741864143679,0.00422638617155133,"CIBERSORTx","Monocytes","Dys-CIM"
"OB_0344",0.0428290346006,0.062781369241533,0.019952334640933,"CIBERSORTx","Monocytes","Dys-CIM"
"2271",0.0483617776634829,0,-0.0483617776634829,"CIBERSORTx","NK cells activated","Fun-CIM"
"2472",0.0460158319227004,0.0294457523702619,-0.0165700795524385,"CIBERSORTx","NK cells activated","Fun-CIM"
"2653",0.0309373125959154,0.0124200502178186,-0.0185172623780968,"CIBERSORTx","NK cells activated","Fun-CIM"
"2661",0.0256105971070408,0.0336691113491394,0.0080585142420986,"CIBERSORTx","NK cells activated","Fun-CIM"
"2677",0.0418995752372172,0.00376459867089718,-0.03813497656632,"CIBERSORTx","NK cells activated","Fun-CIM"
"2739",0.0329937846663599,0.0675163181079784,0.0345225334416185,"CIBERSORTx","NK cells activated","Fun-CIM"
"2789",0.0270466675256071,0.0548485234313086,0.0278018559057015,"CIBERSORTx","NK cells activated","Fun-CIM"
"2817",0,0.0672109737630594,0.0672109737630594,"CIBERSORTx","NK cells activated","Fun-CIM"
"2852",0.0315922012249364,0.0269447071458329,-0.0046474940791035,"CIBERSORTx","NK cells activated","Fun-CIM"
"2976",0.0417489004869388,0.0155404268035835,-0.0262084736833553,"CIBERSORTx","NK cells activated","Fun-CIM"
"3001",0.00818313612330484,0.0664843603262302,0.0583012242029254,"CIBERSORTx","NK cells activated","Fun-CIM"
"3036",0,0.0243100754859993,0.0243100754859993,"CIBERSORTx","NK cells activated","Fun-CIM"
"3065",0.0157572164937822,0.0613386402988684,0.0455814238050862,"CIBERSORTx","NK cells activated","Fun-CIM"
"3067",0.000452341913253766,0.0584628093783676,0.0580104674651138,"CIBERSORTx","NK cells activated","Fun-CIM"
"3130",0.0533549514444861,0.000750003188826314,-0.0526049482556598,"CIBERSORTx","NK cells activated","Fun-CIM"
"3161",0.0279497420811191,0.0425368115315568,0.0145870694504377,"CIBERSORTx","NK cells activated","Fun-CIM"
"97",0,0,0,"CIBERSORTx","NK cells activated","Fun-CIM"
"OB_0001",0.0228383007850565,0.0130585538049551,-0.0097797469801014,"CIBERSORTx","NK cells activated","Fun-CIM"
"OB_0038",0.00866788040703111,0.00430766576944856,-0.00436021463758255,"CIBERSORTx","NK cells activated","Fun-CIM"
"OB_0080",0.00126092533627643,0.0190706591566892,0.0178097338204128,"CIBERSORTx","NK cells activated","Fun-CIM"
"OB_0139",0.0286833960075473,0.00361049528144099,-0.0250729007261063,"CIBERSORTx","NK cells activated","Fun-CIM"
"OB_0163",0,0.0368165261184258,0.0368165261184258,"CIBERSORTx","NK cells activated","Fun-CIM"
"OB_0168",0.0320297926872751,0.0231384834726251,-0.00889130921465,"CIBERSORTx","NK cells activated","Fun-CIM"
"OB_0235",0.0169872931786011,0.028714975671169,0.0117276824925679,"CIBERSORTx","NK cells activated","Fun-CIM"
"OB_0315",0.0112514949462344,0.0233627866181749,0.0121112916719405,"CIBERSORTx","NK cells activated","Fun-CIM"
"2046",0.0482161578419955,0.0526195003421384,0.0044033425001429,"CIBERSORTx","NK cells activated","Dys-CIM"
"2492",0.11820233042846,0.114224223061101,-0.003978107367359,"CIBERSORTx","NK cells activated","Dys-CIM"
"2691",0.0207692417558349,0.028085376952805,0.0073161351969701,"CIBERSORTx","NK cells activated","Dys-CIM"
"OB_0095",0.0291644991740618,0.0860652228162926,0.0569007236422308,"CIBERSORTx","NK cells activated","Dys-CIM"
"OB_0157",0.00837771081787547,0.0353435079314203,0.0269657971135448,"CIBERSORTx","NK cells activated","Dys-CIM"
"OB_0190",0.00991629796563892,0.0133419892616928,0.00342569129605388,"CIBERSORTx","NK cells activated","Dys-CIM"
"OB_0234",0.0188376588034514,0.0253273549799936,0.0064896961765422,"CIBERSORTx","NK cells activated","Dys-CIM"
"OB_0237",0.0389263388324139,0.0697809345463306,0.0308545957139167,"CIBERSORTx","NK cells activated","Dys-CIM"
"OB_0261",0.0637364509478525,0.0454686132726026,-0.0182678376752499,"CIBERSORTx","NK cells activated","Dys-CIM"
"OB_0273",0.0545291237959285,0.0100463026848247,-0.0444828211111038,"CIBERSORTx","NK cells activated","Dys-CIM"
"OB_0344",0.0314824444570454,0.0074884537372408,-0.0239939907198046,"CIBERSORTx","NK cells activated","Dys-CIM"
"2271",0,0,0,"CIBERSORTx","NK cells resting","Fun-CIM"
"2472",0,0,0,"CIBERSORTx","NK cells resting","Fun-CIM"
"2653",0,0.00637177299226221,0.00637177299226221,"CIBERSORTx","NK cells resting","Fun-CIM"
"2661",0.0348914225537658,0.0240367888019073,-0.0108546337518585,"CIBERSORTx","NK cells resting","Fun-CIM"
"2677",0,0,0,"CIBERSORTx","NK cells resting","Fun-CIM"
"2739",0,0,0,"CIBERSORTx","NK cells resting","Fun-CIM"
"2789",0,0,0,"CIBERSORTx","NK cells resting","Fun-CIM"
"2817",0.0148209607811051,0,-0.0148209607811051,"CIBERSORTx","NK cells resting","Fun-CIM"
"2852",0,0,0,"CIBERSORTx","NK cells resting","Fun-CIM"
"2976",0,0,0,"CIBERSORTx","NK cells resting","Fun-CIM"
"3001",0,0,0,"CIBERSORTx","NK cells resting","Fun-CIM"
"3036",0.00881402360446554,0,-0.00881402360446554,"CIBERSORTx","NK cells resting","Fun-CIM"
"3065",0.00386578038812648,0,-0.00386578038812648,"CIBERSORTx","NK cells resting","Fun-CIM"
"3067",0.00732649278023915,0,-0.00732649278023915,"CIBERSORTx","NK cells resting","Fun-CIM"
"3130",0,0.0129982843078859,0.0129982843078859,"CIBERSORTx","NK cells resting","Fun-CIM"
"3161",0,0.0171930572026168,0.0171930572026168,"CIBERSORTx","NK cells resting","Fun-CIM"
"97",0.0431284109238227,0.00224130955110436,-0.0408871013727183,"CIBERSORTx","NK cells resting","Fun-CIM"
"OB_0001",0,0,0,"CIBERSORTx","NK cells resting","Fun-CIM"
"OB_0038",0,0.00124832969384391,0.00124832969384391,"CIBERSORTx","NK cells resting","Fun-CIM"
"OB_0080",0.00316287847332348,0,-0.00316287847332348,"CIBERSORTx","NK cells resting","Fun-CIM"
"OB_0139",0,0,0,"CIBERSORTx","NK cells resting","Fun-CIM"
"OB_0163",0.0424136505125609,0,-0.0424136505125609,"CIBERSORTx","NK cells resting","Fun-CIM"
"OB_0168",0,0,0,"CIBERSORTx","NK cells resting","Fun-CIM"
"OB_0235",0,0,0,"CIBERSORTx","NK cells resting","Fun-CIM"
"OB_0315",0,0,0,"CIBERSORTx","NK cells resting","Fun-CIM"
"2046",0,0,0,"CIBERSORTx","NK cells resting","Dys-CIM"
"2492",0,0,0,"CIBERSORTx","NK cells resting","Dys-CIM"
"2691",0,0,0,"CIBERSORTx","NK cells resting","Dys-CIM"
"OB_0095",0,0,0,"CIBERSORTx","NK cells resting","Dys-CIM"
"OB_0157",0,0,0,"CIBERSORTx","NK cells resting","Dys-CIM"
"OB_0190",0,0,0,"CIBERSORTx","NK cells resting","Dys-CIM"
"OB_0234",0,0.00551174921185165,0.00551174921185165,"CIBERSORTx","NK cells resting","Dys-CIM"
"OB_0237",0,0,0,"CIBERSORTx","NK cells resting","Dys-CIM"
"OB_0261",0,0,0,"CIBERSORTx","NK cells resting","Dys-CIM"
"OB_0273",0,0,0,"CIBERSORTx","NK cells resting","Dys-CIM"
"OB_0344",0,0.0122295468142587,0.0122295468142587,"CIBERSORTx","NK cells resting","Dys-CIM"
"2271",0,0.00527585286573062,0.00527585286573062,"CIBERSORTx","Neutrophils","Fun-CIM"
"2472",0.00828175074391897,0.0278360571473934,0.0195543064034744,"CIBERSORTx","Neutrophils","Fun-CIM"
"2653",0,0,0,"CIBERSORTx","Neutrophils","Fun-CIM"
"2661",0.000352503753740454,0,-0.000352503753740454,"CIBERSORTx","Neutrophils","Fun-CIM"
"2677",0.00555600524360635,0.0297577581422426,0.0242017528986362,"CIBERSORTx","Neutrophils","Fun-CIM"
"2739",0,0.00436122349078012,0.00436122349078012,"CIBERSORTx","Neutrophils","Fun-CIM"
"2789",0,0,0,"CIBERSORTx","Neutrophils","Fun-CIM"
"2817",0.00845880113882148,0,-0.00845880113882148,"CIBERSORTx","Neutrophils","Fun-CIM"
"2852",0.00335577151619648,0,-0.00335577151619648,"CIBERSORTx","Neutrophils","Fun-CIM"
"2976",0.0040170004766473,0,-0.0040170004766473,"CIBERSORTx","Neutrophils","Fun-CIM"
"3001",0,0.00891800782221348,0.00891800782221348,"CIBERSORTx","Neutrophils","Fun-CIM"
"3036",0,0.00337729338446623,0.00337729338446623,"CIBERSORTx","Neutrophils","Fun-CIM"
"3065",0,0.00239521722654594,0.00239521722654594,"CIBERSORTx","Neutrophils","Fun-CIM"
"3067",0.00341451963962006,0.0047686828460371,0.00135416320641704,"CIBERSORTx","Neutrophils","Fun-CIM"
"3130",0,0.000297076329668511,0.000297076329668511,"CIBERSORTx","Neutrophils","Fun-CIM"
"3161",0.00315413598466762,0,-0.00315413598466762,"CIBERSORTx","Neutrophils","Fun-CIM"
"97",0.0241881728723549,0.0200829831418731,-0.0041051897304818,"CIBERSORTx","Neutrophils","Fun-CIM"
"OB_0001",0,0,0,"CIBERSORTx","Neutrophils","Fun-CIM"
"OB_0038",0,0.000344027564306617,0.000344027564306617,"CIBERSORTx","Neutrophils","Fun-CIM"
"OB_0080",0.00367569896737063,0.0488070356618406,0.04513133669447,"CIBERSORTx","Neutrophils","Fun-CIM"
"OB_0139",0,0,0,"CIBERSORTx","Neutrophils","Fun-CIM"
"OB_0163",0,0,0,"CIBERSORTx","Neutrophils","Fun-CIM"
"OB_0168",0.000138375339714428,0,-0.000138375339714428,"CIBERSORTx","Neutrophils","Fun-CIM"
"OB_0235",0,0,0,"CIBERSORTx","Neutrophils","Fun-CIM"
"OB_0315",0.00269253686652944,0.00357637854590096,0.00088384167937152,"CIBERSORTx","Neutrophils","Fun-CIM"
"2046",0,0.0094682490146163,0.0094682490146163,"CIBERSORTx","Neutrophils","Dys-CIM"
"2492",0,0.00759984528617282,0.00759984528617282,"CIBERSORTx","Neutrophils","Dys-CIM"
"2691",0,0,0,"CIBERSORTx","Neutrophils","Dys-CIM"
"OB_0095",0,0.00376000561903668,0.00376000561903668,"CIBERSORTx","Neutrophils","Dys-CIM"
"OB_0157",0.00165295140958019,0.000210837273808757,-0.00144211413577143,"CIBERSORTx","Neutrophils","Dys-CIM"
"OB_0190",0,0.00841896236782839,0.00841896236782839,"CIBERSORTx","Neutrophils","Dys-CIM"
"OB_0234",0.00457035344814019,0.00482084851488789,0.0002504950667477,"CIBERSORTx","Neutrophils","Dys-CIM"
"OB_0237",0,0,0,"CIBERSORTx","Neutrophils","Dys-CIM"
"OB_0261",0,0,0,"CIBERSORTx","Neutrophils","Dys-CIM"
"OB_0273",0,0.0448569284701211,0.0448569284701211,"CIBERSORTx","Neutrophils","Dys-CIM"
"OB_0344",0,0,0,"CIBERSORTx","Neutrophils","Dys-CIM"
"2271",0.0141640616450035,0.00139165179514171,-0.0127724098498618,"CIBERSORTx","Plasma cells","Fun-CIM"
"2472",0.0522216671596888,0.0222368765500948,-0.029984790609594,"CIBERSORTx","Plasma cells","Fun-CIM"
"2653",0.00929973542209095,0,-0.00929973542209095,"CIBERSORTx","Plasma cells","Fun-CIM"
"2661",0.00857101541501641,0,-0.00857101541501641,"CIBERSORTx","Plasma cells","Fun-CIM"
"2677",0.0156199359481406,0.00636268099092071,-0.00925725495721989,"CIBERSORTx","Plasma cells","Fun-CIM"
"2739",0.031270901763762,0.0795997923517015,0.0483288905879395,"CIBERSORTx","Plasma cells","Fun-CIM"
"2789",0.000359484875149399,0.00277945318006319,0.00241996830491379,"CIBERSORTx","Plasma cells","Fun-CIM"
"2817",0,0,0,"CIBERSORTx","Plasma cells","Fun-CIM"
"2852",0.00312533096616786,0.0577290169590357,0.0546036859928678,"CIBERSORTx","Plasma cells","Fun-CIM"
"2976",0.0204940740575377,0.0133303284872435,-0.0071637455702942,"CIBERSORTx","Plasma cells","Fun-CIM"
"3001",0,0.07125696528093,0.07125696528093,"CIBERSORTx","Plasma cells","Fun-CIM"
"3036",0,0.00810524123829285,0.00810524123829285,"CIBERSORTx","Plasma cells","Fun-CIM"
"3065",0.00226659375912246,0.0408060761710881,0.0385394824119656,"CIBERSORTx","Plasma cells","Fun-CIM"
"3067",0.023219871585603,0.0313461225380905,0.0081262509524875,"CIBERSORTx","Plasma cells","Fun-CIM"
"3130",0,0.0740843227448508,0.0740843227448508,"CIBERSORTx","Plasma cells","Fun-CIM"
"3161",0.00530377518378723,0,-0.00530377518378723,"CIBERSORTx","Plasma cells","Fun-CIM"
"97",0,0.0012455507009073,0.0012455507009073,"CIBERSORTx","Plasma cells","Fun-CIM"
"OB_0001",0,0.00971410572158225,0.00971410572158225,"CIBERSORTx","Plasma cells","Fun-CIM"
"OB_0038",0.00406474314197406,0.000316864563618162,-0.0037478785783559,"CIBERSORTx","Plasma cells","Fun-CIM"
"OB_0080",0,0,0,"CIBERSORTx","Plasma cells","Fun-CIM"
"OB_0139",0.0299494205147342,0.00035151871324635,-0.0295979018014879,"CIBERSORTx","Plasma cells","Fun-CIM"
"OB_0163",0,0.00444088695210817,0.00444088695210817,"CIBERSORTx","Plasma cells","Fun-CIM"
"OB_0168",0.0682048256245147,0.0415242230606648,-0.0266806025638499,"CIBERSORTx","Plasma cells","Fun-CIM"
"OB_0235",0,0,0,"CIBERSORTx","Plasma cells","Fun-CIM"
"OB_0315",0.000818286144191335,0.00243122248273855,0.00161293633854721,"CIBERSORTx","Plasma cells","Fun-CIM"
"2046",0.0316831295153418,0,-0.0316831295153418,"CIBERSORTx","Plasma cells","Dys-CIM"
"2492",0.0121412000395814,0,-0.0121412000395814,"CIBERSORTx","Plasma cells","Dys-CIM"
"2691",0,0.0087951999140747,0.0087951999140747,"CIBERSORTx","Plasma cells","Dys-CIM"
"OB_0095",0,0.0000248342733337263,0.0000248342733337263,"CIBERSORTx","Plasma cells","Dys-CIM"
"OB_0157",0.0328577468761567,0.00646557161554643,-0.0263921752606103,"CIBERSORTx","Plasma cells","Dys-CIM"
"OB_0190",0,0,0,"CIBERSORTx","Plasma cells","Dys-CIM"
"OB_0234",0.00166157502884468,0,-0.00166157502884468,"CIBERSORTx","Plasma cells","Dys-CIM"
"OB_0237",0,0,0,"CIBERSORTx","Plasma cells","Dys-CIM"
"OB_0261",0,0.00892452697491094,0.00892452697491094,"CIBERSORTx","Plasma cells","Dys-CIM"
"OB_0273",0,0,0,"CIBERSORTx","Plasma cells","Dys-CIM"
"OB_0344",0,0,0,"CIBERSORTx","Plasma cells","Dys-CIM"
"2271",0.0619452974465762,0.0638034549197787,0.00185815747320249,"CIBERSORTx","T cells CD4+ (general)","Fun-CIM"
"2472",0.190122302445524,0.0791231459406693,-0.110999156504855,"CIBERSORTx","T cells CD4+ (general)","Fun-CIM"
"2653",0.207959372522228,0.0602757588051792,-0.147683613717049,"CIBERSORTx","T cells CD4+ (general)","Fun-CIM"
"2661",0.1012071913596,0.101123122228627,-0.0000840691309730024,"CIBERSORTx","T cells CD4+ (general)","Fun-CIM"
"2677",0.22555592297684,0.114138631911196,-0.111417291065644,"CIBERSORTx","T cells CD4+ (general)","Fun-CIM"
"2739",0.155098898664851,0.0963912977191669,-0.0587076009456841,"CIBERSORTx","T cells CD4+ (general)","Fun-CIM"
"2789",0.224988895635563,0.222536530632367,-0.00245236500319601,"CIBERSORTx","T cells CD4+ (general)","Fun-CIM"
"2817",0.210761851339316,0.236398055819771,0.025636204480455,"CIBERSORTx","T cells CD4+ (general)","Fun-CIM"
"2852",0.0908245362217152,0.0842363578053469,-0.0065881784163683,"CIBERSORTx","T cells CD4+ (general)","Fun-CIM"
"2976",0.195747796757998,0.135298303539235,-0.060449493218763,"CIBERSORTx","T cells CD4+ (general)","Fun-CIM"
"3001",0.118913316283261,0.03745955534305,-0.081453760940211,"CIBERSORTx","T cells CD4+ (general)","Fun-CIM"
"3036",0.0846526679735681,0.139908540764242,0.0552558727906739,"CIBERSORTx","T cells CD4+ (general)","Fun-CIM"
"3065",0.218380328608428,0.178581953750886,-0.039798374857542,"CIBERSORTx","T cells CD4+ (general)","Fun-CIM"
"3067",0.160352584661238,0.0975899491439165,-0.0627626355173215,"CIBERSORTx","T cells CD4+ (general)","Fun-CIM"
"3130",0.288683594151511,0.104601652791049,-0.184081941360462,"CIBERSORTx","T cells CD4+ (general)","Fun-CIM"
"3161",0.0146579653631865,0.367204875409008,0.352546910045822,"CIBERSORTx","T cells CD4+ (general)","Fun-CIM"
"97",0.0302341038886888,0.0296488614530095,-0.000585242435679301,"CIBERSORTx","T cells CD4+ (general)","Fun-CIM"
"OB_0001",0.207976575441597,0.266296777621427,0.0583202021798299,"CIBERSORTx","T cells CD4+ (general)","Fun-CIM"
"OB_0038",0.185130463525023,0.155157998042848,-0.029972465482175,"CIBERSORTx","T cells CD4+ (general)","Fun-CIM"
"OB_0080",0.0490920243709838,0.00251046852471254,-0.0465815558462713,"CIBERSORTx","T cells CD4+ (general)","Fun-CIM"
"OB_0139",0.222648854525899,0.164089412256495,-0.0585594422694043,"CIBERSORTx","T cells CD4+ (general)","Fun-CIM"
"OB_0163",0,0.141728120355947,0.141728120355947,"CIBERSORTx","T cells CD4+ (general)","Fun-CIM"
"OB_0168",0.153599629195525,0.142382761129265,-0.01121686806626,"CIBERSORTx","T cells CD4+ (general)","Fun-CIM"
"OB_0235",0.0853180071482489,0.212725747986281,0.127407740838032,"CIBERSORTx","T cells CD4+ (general)","Fun-CIM"
"OB_0315",0.188133950554897,0.0889283967778461,-0.0992055537770509,"CIBERSORTx","T cells CD4+ (general)","Fun-CIM"
"2046",0.0514725208708261,0.0792218043563535,0.0277492834855274,"CIBERSORTx","T cells CD4+ (general)","Dys-CIM"
"2492",0.157244738951211,0.190531465228393,0.033286726277182,"CIBERSORTx","T cells CD4+ (general)","Dys-CIM"
"2691",0.0951039750058253,0.131189801823428,0.0360858268176027,"CIBERSORTx","T cells CD4+ (general)","Dys-CIM"
"OB_0095",0.0901100992514206,0.207471586278376,0.117361487026955,"CIBERSORTx","T cells CD4+ (general)","Dys-CIM"
"OB_0157",0.118474064792292,0.14554426410105,0.0270701993087578,"CIBERSORTx","T cells CD4+ (general)","Dys-CIM"
"OB_0190",0.150155513976056,0.0695421624101184,-0.0806133515659376,"CIBERSORTx","T cells CD4+ (general)","Dys-CIM"
"OB_0234",0.172453429867769,0.194577326925387,0.0221238970576179,"CIBERSORTx","T cells CD4+ (general)","Dys-CIM"
"OB_0237",0.197948454898502,0.205834522643568,0.00788606774506601,"CIBERSORTx","T cells CD4+ (general)","Dys-CIM"
"OB_0261",0.201900604550409,0.131157069890712,-0.0707435346596967,"CIBERSORTx","T cells CD4+ (general)","Dys-CIM"
"OB_0273",0.196353327893851,0.107520503818678,-0.088832824075173,"CIBERSORTx","T cells CD4+ (general)","Dys-CIM"
"OB_0344",0.272651397061394,0.167184226875595,-0.105467170185799,"CIBERSORTx","T cells CD4+ (general)","Dys-CIM"
"2271",0.0443830017654421,0.164371210606301,0.119988208840859,"CIBERSORTx","T cells CD8+ (total)","Fun-CIM"
"2472",0.0617116523264037,0.0354952286419318,-0.0262164236844719,"CIBERSORTx","T cells CD8+ (total)","Fun-CIM"
"2653",0.104136258983016,0.0633464415469385,-0.0407898174360775,"CIBERSORTx","T cells CD8+ (total)","Fun-CIM"
"2661",0.108196020532991,0,-0.108196020532991,"CIBERSORTx","T cells CD8+ (total)","Fun-CIM"
"2677",0.087523034391903,0.0202795286692201,-0.0672435057226829,"CIBERSORTx","T cells CD8+ (total)","Fun-CIM"
"2739",0.0439258557570429,0.0612239641603514,0.0172981084033085,"CIBERSORTx","T cells CD8+ (total)","Fun-CIM"
"2789",0.182067925398727,0.185633335899716,0.00356541050098902,"CIBERSORTx","T cells CD8+ (total)","Fun-CIM"
"2817",0.165606589125687,0.0997503740634117,-0.0658562150622753,"CIBERSORTx","T cells CD8+ (total)","Fun-CIM"
"2852",0.17144750830951,0.0301027635437761,-0.141344744765734,"CIBERSORTx","T cells CD8+ (total)","Fun-CIM"
"2976",0.0873031092477222,0.098347435208184,0.0110443259604618,"CIBERSORTx","T cells CD8+ (total)","Fun-CIM"
"3001",0.0917600041370714,0.104301874991799,0.0125418708547276,"CIBERSORTx","T cells CD8+ (total)","Fun-CIM"
"3036",0.119929589411175,0.0592874127467822,-0.0606421766643928,"CIBERSORTx","T cells CD8+ (total)","Fun-CIM"
"3065",0.0709208023265924,0.071017080884874,0.0000962785582816067,"CIBERSORTx","T cells CD8+ (total)","Fun-CIM"
"3067",0.0865844021706431,0.038501090188252,-0.0480833119823911,"CIBERSORTx","T cells CD8+ (total)","Fun-CIM"
"3130",0.118577195742006,0.047262007102457,-0.071315188639549,"CIBERSORTx","T cells CD8+ (total)","Fun-CIM"
"3161",0.014497672567395,0.0352975904831523,0.0207999179157573,"CIBERSORTx","T cells CD8+ (total)","Fun-CIM"
"97",0.0228656574107844,0.0126711836614703,-0.0101944737493141,"CIBERSORTx","T cells CD8+ (total)","Fun-CIM"
"OB_0001",0.199616663897301,0.115560481916412,-0.084056181980889,"CIBERSORTx","T cells CD8+ (total)","Fun-CIM"
"OB_0038",0.0455266690998419,0.0431781108565669,-0.002348558243275,"CIBERSORTx","T cells CD8+ (total)","Fun-CIM"
"OB_0080",0.0200415929755626,0.0119491058788585,-0.0080924870967041,"CIBERSORTx","T cells CD8+ (total)","Fun-CIM"
"OB_0139",0.126182515763988,0.12763749275127,0.001454976987282,"CIBERSORTx","T cells CD8+ (total)","Fun-CIM"
"OB_0163",0.0806194996015128,0.183156718825527,0.102537219224014,"CIBERSORTx","T cells CD8+ (total)","Fun-CIM"
"OB_0168",0.0565793244299563,0.0925477933613923,0.035968468931436,"CIBERSORTx","T cells CD8+ (total)","Fun-CIM"
"OB_0235",0.0274089032722801,0.120071439754551,0.0926625364822709,"CIBERSORTx","T cells CD8+ (total)","Fun-CIM"
"OB_0315",0.143906534729376,0.138841131841502,-0.00506540288787399,"CIBERSORTx","T cells CD8+ (total)","Fun-CIM"
"2046",0.11173358580913,0.0989960016737873,-0.0127375841353427,"CIBERSORTx","T cells CD8+ (total)","Dys-CIM"
"2492",0.0766706584824359,0.0617647892429048,-0.0149058692395311,"CIBERSORTx","T cells CD8+ (total)","Dys-CIM"
"2691",0.0827789352696031,0.165128488768799,0.0823495534991959,"CIBERSORTx","T cells CD8+ (total)","Dys-CIM"
"OB_0095",0.193158147769972,0.103482448523576,-0.089675699246396,"CIBERSORTx","T cells CD8+ (total)","Dys-CIM"
"OB_0157",0.164059516566522,0.165298661276824,0.00123914471030198,"CIBERSORTx","T cells CD8+ (total)","Dys-CIM"
"OB_0190",0.125084950032468,0.0327144086272009,-0.0923705414052671,"CIBERSORTx","T cells CD8+ (total)","Dys-CIM"
"OB_0234",0.126106439351372,0.0510842131356313,-0.0750222262157407,"CIBERSORTx","T cells CD8+ (total)","Dys-CIM"
"OB_0237",0.0863987052687068,0.135937460767645,0.0495387554989382,"CIBERSORTx","T cells CD8+ (total)","Dys-CIM"
"OB_0261",0.152309237223249,0.140570952015041,-0.011738285208208,"CIBERSORTx","T cells CD8+ (total)","Dys-CIM"
"OB_0273",0.168121220660991,0.0759810005661881,-0.0921402200948029,"CIBERSORTx","T cells CD8+ (total)","Dys-CIM"
"OB_0344",0.055429881167433,0.0682735726942078,0.0128436915267748,"CIBERSORTx","T cells CD8+ (total)","Dys-CIM"
"2271",0.0517315756862596,0.0473637179790852,-0.0043678577071744,"CIBERSORTx","T cells follicular helper","Fun-CIM"
"2472",0.190267033740513,0.0940479015624535,-0.0962191321780595,"CIBERSORTx","T cells follicular helper","Fun-CIM"
"2653",0.0164163932498192,0.0800748730806642,0.063658479830845,"CIBERSORTx","T cells follicular helper","Fun-CIM"
"2661",0.0726666880975243,0.0586092300105675,-0.0140574580869568,"CIBERSORTx","T cells follicular helper","Fun-CIM"
"2677",0.0600472196688321,0.0312826158122168,-0.0287646038566153,"CIBERSORTx","T cells follicular helper","Fun-CIM"
"2739",0.0584745582760772,0.0764846833744066,0.0180101250983294,"CIBERSORTx","T cells follicular helper","Fun-CIM"
"2789",0.136070598234755,0.0882011736527254,-0.0478694245820296,"CIBERSORTx","T cells follicular helper","Fun-CIM"
"2817",0.0470585762260129,0.0606733831272332,0.0136148069012203,"CIBERSORTx","T cells follicular helper","Fun-CIM"
"2852",0.0161501647396741,0.0340944226484358,0.0179442579087617,"CIBERSORTx","T cells follicular helper","Fun-CIM"
"2976",0.113390857641318,0.0723711412857534,-0.0410197163555646,"CIBERSORTx","T cells follicular helper","Fun-CIM"
"3001",0.104974185966994,0.105369020305528,0.000394834338534003,"CIBERSORTx","T cells follicular helper","Fun-CIM"
"3036",0.0413544445756149,0.0458274800297782,0.0044730354541633,"CIBERSORTx","T cells follicular helper","Fun-CIM"
"3065",0.0650831310114911,0.0511934585955692,-0.0138896724159219,"CIBERSORTx","T cells follicular helper","Fun-CIM"
"3067",0.0379924562862161,0.026353987799518,-0.0116384684866981,"CIBERSORTx","T cells follicular helper","Fun-CIM"
"3130",0.0580146207633343,0.0337262171242708,-0.0242884036390635,"CIBERSORTx","T cells follicular helper","Fun-CIM"
"3161",0.0307529128583655,0.0318166183841133,0.0010637055257478,"CIBERSORTx","T cells follicular helper","Fun-CIM"
"97",0.0588771464467299,0.130862939330172,0.0719857928834421,"CIBERSORTx","T cells follicular helper","Fun-CIM"
"OB_0001",0.0802073030335317,0.0239155821983463,-0.0562917208351854,"CIBERSORTx","T cells follicular helper","Fun-CIM"
"OB_0038",0.0326729368310465,0.0404376632216307,0.0077647263905842,"CIBERSORTx","T cells follicular helper","Fun-CIM"
"OB_0080",0.00787921897049097,0.0409419152263392,0.0330626962558482,"CIBERSORTx","T cells follicular helper","Fun-CIM"
"OB_0139",0.0580462784261414,0.0345523753486973,-0.0234939030774441,"CIBERSORTx","T cells follicular helper","Fun-CIM"
"OB_0163",0.0594924962327471,0.0340376078943578,-0.0254548883383893,"CIBERSORTx","T cells follicular helper","Fun-CIM"
"OB_0168",0.0292263242368868,0.0459052484901408,0.016678924253254,"CIBERSORTx","T cells follicular helper","Fun-CIM"
"OB_0235",0.0167252086887061,0,-0.0167252086887061,"CIBERSORTx","T cells follicular helper","Fun-CIM"
"OB_0315",0.0973093773882781,0.0637156365754511,-0.033593740812827,"CIBERSORTx","T cells follicular helper","Fun-CIM"
"2046",0.121421680705427,0.120058118006104,-0.001363562699323,"CIBERSORTx","T cells follicular helper","Dys-CIM"
"2492",0.14328805738027,0.0404173548958316,-0.102870702484438,"CIBERSORTx","T cells follicular helper","Dys-CIM"
"2691",0.0439166449643862,0.0310549725199006,-0.0128616724444856,"CIBERSORTx","T cells follicular helper","Dys-CIM"
"OB_0095",0.0994774006032026,0.099565095988052,0.0000876953848493872,"CIBERSORTx","T cells follicular helper","Dys-CIM"
"OB_0157",0.0551142452797792,0.0580432725133862,0.002929027233607,"CIBERSORTx","T cells follicular helper","Dys-CIM"
"OB_0190",0.0915872686641426,0.044180897922398,-0.0474063707417446,"CIBERSORTx","T cells follicular helper","Dys-CIM"
"OB_0234",0.0695848133604071,0.0918462963209846,0.0222614829605775,"CIBERSORTx","T cells follicular helper","Dys-CIM"
"OB_0237",0.060806843898892,0.127970916823341,0.067164072924449,"CIBERSORTx","T cells follicular helper","Dys-CIM"
"OB_0261",0.0598497981318889,0.0394542876749225,-0.0203955104569664,"CIBERSORTx","T cells follicular helper","Dys-CIM"
"OB_0273",0.0704997993644734,0.019416086306635,-0.0510837130578384,"CIBERSORTx","T cells follicular helper","Dys-CIM"
"OB_0344",0.0370771809284474,0.0701029714637966,0.0330257905353492,"CIBERSORTx","T cells follicular helper","Dys-CIM"
"2271",0,0,0,"CIBERSORTx","T cells gamma delta","Fun-CIM"
"2472",0,0,0,"CIBERSORTx","T cells gamma delta","Fun-CIM"
"2653",0,0,0,"CIBERSORTx","T cells gamma delta","Fun-CIM"
"2661",0,0,0,"CIBERSORTx","T cells gamma delta","Fun-CIM"
"2677",0,0,0,"CIBERSORTx","T cells gamma delta","Fun-CIM"
"2739",0,0,0,"CIBERSORTx","T cells gamma delta","Fun-CIM"
"2789",0,0,0,"CIBERSORTx","T cells gamma delta","Fun-CIM"
"2817",0,0,0,"CIBERSORTx","T cells gamma delta","Fun-CIM"
"2852",0,0,0,"CIBERSORTx","T cells gamma delta","Fun-CIM"
"2976",0,0,0,"CIBERSORTx","T cells gamma delta","Fun-CIM"
"3001",0,0,0,"CIBERSORTx","T cells gamma delta","Fun-CIM"
"3036",0,0,0,"CIBERSORTx","T cells gamma delta","Fun-CIM"
"3065",0,0,0,"CIBERSORTx","T cells gamma delta","Fun-CIM"
"3067",0,0,0,"CIBERSORTx","T cells gamma delta","Fun-CIM"
"3130",0,0,0,"CIBERSORTx","T cells gamma delta","Fun-CIM"
"3161",0,0,0,"CIBERSORTx","T cells gamma delta","Fun-CIM"
"97",0,0,0,"CIBERSORTx","T cells gamma delta","Fun-CIM"
"OB_0001",0,0,0,"CIBERSORTx","T cells gamma delta","Fun-CIM"
"OB_0038",0,0,0,"CIBERSORTx","T cells gamma delta","Fun-CIM"
"OB_0080",0,0,0,"CIBERSORTx","T cells gamma delta","Fun-CIM"
"OB_0139",0.00908887148416743,0.00403738409869989,-0.00505148738546754,"CIBERSORTx","T cells gamma delta","Fun-CIM"
"OB_0163",0,0.00145576894682067,0.00145576894682067,"CIBERSORTx","T cells gamma delta","Fun-CIM"
"OB_0168",0,0,0,"CIBERSORTx","T cells gamma delta","Fun-CIM"
"OB_0235",0.00414645884669282,0,-0.00414645884669282,"CIBERSORTx","T cells gamma delta","Fun-CIM"
"OB_0315",0,0.0516990309091044,0.0516990309091044,"CIBERSORTx","T cells gamma delta","Fun-CIM"
"2046",0,0,0,"CIBERSORTx","T cells gamma delta","Dys-CIM"
"2492",0,0,0,"CIBERSORTx","T cells gamma delta","Dys-CIM"
"2691",0,0,0,"CIBERSORTx","T cells gamma delta","Dys-CIM"
"OB_0095",0,0,0,"CIBERSORTx","T cells gamma delta","Dys-CIM"
"OB_0157",0.0233232332900508,0.0192457002702541,-0.0040775330197967,"CIBERSORTx","T cells gamma delta","Dys-CIM"
"OB_0190",0,0.0639917436188242,0.0639917436188242,"CIBERSORTx","T cells gamma delta","Dys-CIM"
"OB_0234",0.00917205679330894,0,-0.00917205679330894,"CIBERSORTx","T cells gamma delta","Dys-CIM"
"OB_0237",0,0,0,"CIBERSORTx","T cells gamma delta","Dys-CIM"
"OB_0261",0.0238443308181254,0,-0.0238443308181254,"CIBERSORTx","T cells gamma delta","Dys-CIM"
"OB_0273",0.0109578090917878,0,-0.0109578090917878,"CIBERSORTx","T cells gamma delta","Dys-CIM"
"OB_0344",0,0,0,"CIBERSORTx","T cells gamma delta","Dys-CIM"
"2271",0.0187181683292152,0.0134943178044196,-0.0052238505247956,"CIBERSORTx","T cells regulatory (Tregs)","Fun-CIM"
"2472",0,0,0,"CIBERSORTx","T cells regulatory (Tregs)","Fun-CIM"
"2653",0.0188851256518613,0.0151740847256859,-0.0037110409261754,"CIBERSORTx","T cells regulatory (Tregs)","Fun-CIM"
"2661",0.0331356075929845,0.0517803135056156,0.0186447059126311,"CIBERSORTx","T cells regulatory (Tregs)","Fun-CIM"
"2677",0.0421400669465313,0,-0.0421400669465313,"CIBERSORTx","T cells regulatory (Tregs)","Fun-CIM"
"2739",0.0177508755552299,0,-0.0177508755552299,"CIBERSORTx","T cells regulatory (Tregs)","Fun-CIM"
"2789",0.0174259051568918,0.0322382608818479,0.0148123557249561,"CIBERSORTx","T cells regulatory (Tregs)","Fun-CIM"
"2817",0.0409523565442105,0.0309363460577855,-0.010016010486425,"CIBERSORTx","T cells regulatory (Tregs)","Fun-CIM"
"2852",0.00813325423466035,0,-0.00813325423466035,"CIBERSORTx","T cells regulatory (Tregs)","Fun-CIM"
"2976",0.0673335086902129,0.0362748688011353,-0.0310586398890776,"CIBERSORTx","T cells regulatory (Tregs)","Fun-CIM"
"3001",0.00586383259499601,0,-0.00586383259499601,"CIBERSORTx","T cells regulatory (Tregs)","Fun-CIM"
"3036",0.0717304703487745,0.00655894699030363,-0.0651715233584709,"CIBERSORTx","T cells regulatory (Tregs)","Fun-CIM"
"3065",0.0133696665564999,0,-0.0133696665564999,"CIBERSORTx","T cells regulatory (Tregs)","Fun-CIM"
"3067",0.0363253278618448,0,-0.0363253278618448,"CIBERSORTx","T cells regulatory (Tregs)","Fun-CIM"
"3130",0.0420056118838021,0.0113731908925411,-0.030632420991261,"CIBERSORTx","T cells regulatory (Tregs)","Fun-CIM"
"3161",0.0134010287762706,0.0204717530424825,0.0070707242662119,"CIBERSORTx","T cells regulatory (Tregs)","Fun-CIM"
"97",0.00277535782859044,0,-0.00277535782859044,"CIBERSORTx","T cells regulatory (Tregs)","Fun-CIM"
"OB_0001",0.0332969824600699,0,-0.0332969824600699,"CIBERSORTx","T cells regulatory (Tregs)","Fun-CIM"
"OB_0038",0.00223553179610126,0,-0.00223553179610126,"CIBERSORTx","T cells regulatory (Tregs)","Fun-CIM"
"OB_0080",0.0016782379823607,0.00708830405225323,0.00541006606989253,"CIBERSORTx","T cells regulatory (Tregs)","Fun-CIM"
"OB_0139",0.00567381822999614,0.0112098420245243,0.00553602379452816,"CIBERSORTx","T cells regulatory (Tregs)","Fun-CIM"
"OB_0163",0.0203501829374268,0.00594604994408524,-0.0144041329933416,"CIBERSORTx","T cells regulatory (Tregs)","Fun-CIM"
"OB_0168",0,0,0,"CIBERSORTx","T cells regulatory (Tregs)","Fun-CIM"
"OB_0235",0,0,0,"CIBERSORTx","T cells regulatory (Tregs)","Fun-CIM"
"OB_0315",0.02029817183083,0,-0.02029817183083,"CIBERSORTx","T cells regulatory (Tregs)","Fun-CIM"
"2046",0.0324026642888941,0.0358570804967555,0.0034544162078614,"CIBERSORTx","T cells regulatory (Tregs)","Dys-CIM"
"2492",0.0112981215088865,0.0313919815832493,0.0200938600743628,"CIBERSORTx","T cells regulatory (Tregs)","Dys-CIM"
"2691",0.0155241846516191,0.0300059896335648,0.0144818049819457,"CIBERSORTx","T cells regulatory (Tregs)","Dys-CIM"
"OB_0095",0.0435278603177065,0,-0.0435278603177065,"CIBERSORTx","T cells regulatory (Tregs)","Dys-CIM"
"OB_0157",0.0124457098666768,0,-0.0124457098666768,"CIBERSORTx","T cells regulatory (Tregs)","Dys-CIM"
"OB_0190",0,0.0134370390593196,0.0134370390593196,"CIBERSORTx","T cells regulatory (Tregs)","Dys-CIM"
"OB_0234",0,0,0,"CIBERSORTx","T cells regulatory (Tregs)","Dys-CIM"
"OB_0237",0.0161908562916913,0,-0.0161908562916913,"CIBERSORTx","T cells regulatory (Tregs)","Dys-CIM"
"OB_0261",0.0137753748951777,0.0190875922115694,0.0053122173163917,"CIBERSORTx","T cells regulatory (Tregs)","Dys-CIM"
"OB_0273",0.0266622472321314,0.00352361741693557,-0.0231386298151958,"CIBERSORTx","T cells regulatory (Tregs)","Dys-CIM"
"OB_0344",0.0224421514777371,0.00248716299644869,-0.0199549884812884,"CIBERSORTx","T cells regulatory (Tregs)","Dys-CIM"
"2271",-0.137555668038789,-0.0807820353641456,0.0567736326746432,"consensus_tme","B cell","Fun-CIM"
"2472",0.00335482633415813,-0.0172038714118981,-0.0205586977460562,"consensus_tme","B cell","Fun-CIM"
"2653",-0.075745504385234,-0.0853889498454076,-0.00964344546017357,"consensus_tme","B cell","Fun-CIM"
"2661",-0.0682100384262583,-0.172685039662571,-0.104475001236313,"consensus_tme","B cell","Fun-CIM"
"2677",0.043433126573906,-0.0738919396265506,-0.117325066200457,"consensus_tme","B cell","Fun-CIM"
"2739",-0.219001722545952,-0.163411831537659,0.055589891008293,"consensus_tme","B cell","Fun-CIM"
"2789",-0.0885066612458923,0.0421111996780726,0.130617860923965,"consensus_tme","B cell","Fun-CIM"
"2817",-0.0256454456599771,-0.00552864374319082,0.0201168019167863,"consensus_tme","B cell","Fun-CIM"
"2852",-0.170303511352533,-0.166209337259351,0.00409417409318175,"consensus_tme","B cell","Fun-CIM"
"2976",-0.021948085075757,0.0778846682927178,0.0998327533684748,"consensus_tme","B cell","Fun-CIM"
"3001",0.048105129248394,-0.150510075410469,-0.198615204658863,"consensus_tme","B cell","Fun-CIM"
"3036",0.00679063576189962,0.0216663307448159,0.0148756949829163,"consensus_tme","B cell","Fun-CIM"
"3065",-0.0580603115803346,-0.111452692305104,-0.053392380724769,"consensus_tme","B cell","Fun-CIM"
"3067",-0.110308199170137,-0.0744898904897514,0.035818308680386,"consensus_tme","B cell","Fun-CIM"
"3130",-0.0769175472876917,-0.103932418692652,-0.0270148714049599,"consensus_tme","B cell","Fun-CIM"
"3161",-0.147538570572955,-0.183063800814229,-0.0355252302412741,"consensus_tme","B cell","Fun-CIM"
"97",-0.144252082773638,-0.145186881351542,-0.000934798577903767,"consensus_tme","B cell","Fun-CIM"
"OB_0001",0.0975093096631573,-0.0267105777239106,-0.124219887387068,"consensus_tme","B cell","Fun-CIM"
"OB_0038",-0.13371649636066,-0.0633305827743844,0.0703859135862754,"consensus_tme","B cell","Fun-CIM"
"OB_0080",-0.15568341274887,-0.171353562469879,-0.0156701497210089,"consensus_tme","B cell","Fun-CIM"
"OB_0139",0.107115843305754,0.238935935266476,0.131820091960722,"consensus_tme","B cell","Fun-CIM"
"OB_0163",-0.202927016256896,0.0861320108006116,0.289059027057508,"consensus_tme","B cell","Fun-CIM"
"OB_0168",-0.195581048268512,-0.148828768029654,0.0467522802388578,"consensus_tme","B cell","Fun-CIM"
"OB_0235",-0.141747120829768,-0.0646335123634991,0.0771136084662693,"consensus_tme","B cell","Fun-CIM"
"OB_0315",-0.081421406834434,-0.0659984244837308,0.0154229823507032,"consensus_tme","B cell","Fun-CIM"
"2046",0.108604644237714,-0.028216389001427,-0.136821033239141,"consensus_tme","B cell","Dys-CIM"
"2492",0.159199223192592,-0.0108486975435233,-0.170047920736115,"consensus_tme","B cell","Dys-CIM"
"2691",0.0650374463540239,-0.0628661916489488,-0.127903638002973,"consensus_tme","B cell","Dys-CIM"
"OB_0095",-0.0229148009898275,-0.092821276459008,-0.0699064754691805,"consensus_tme","B cell","Dys-CIM"
"OB_0157",-0.0273220388771379,-0.0725370945864692,-0.0452150557093313,"consensus_tme","B cell","Dys-CIM"
"OB_0190",-0.170985687386687,-0.18416360363779,-0.0131779162511031,"consensus_tme","B cell","Dys-CIM"
"OB_0234",-0.132358137625711,-0.142763533100633,-0.0104053954749217,"consensus_tme","B cell","Dys-CIM"
"OB_0237",0.211834215653521,-0.0881738447086483,-0.30000806036217,"consensus_tme","B cell","Dys-CIM"
"OB_0261",0.1140666025276,-0.0632918611081761,-0.177358463635776,"consensus_tme","B cell","Dys-CIM"
"OB_0273",0.109366777548587,-0.15735424693124,-0.266721024479826,"consensus_tme","B cell","Dys-CIM"
"OB_0344",0.0663319508387944,-0.0983955680826494,-0.164727518921444,"consensus_tme","B cell","Dys-CIM"
"2271",0.108328438742627,0.376814127860718,0.268485689118091,"consensus_tme","Cancer associated fibroblast","Fun-CIM"
"2472",0.179632530526445,0.319089545145997,0.139457014619552,"consensus_tme","Cancer associated fibroblast","Fun-CIM"
"2653",0.276355034035167,0.439848473977481,0.163493439942314,"consensus_tme","Cancer associated fibroblast","Fun-CIM"
"2661",-0.205915690162402,0.0772728286961803,0.283188518858583,"consensus_tme","Cancer associated fibroblast","Fun-CIM"
"2677",0.343551382084805,0.399479668061124,0.0559282859763187,"consensus_tme","Cancer associated fibroblast","Fun-CIM"
"2739",0.156362584464533,0.325679059056068,0.169316474591535,"consensus_tme","Cancer associated fibroblast","Fun-CIM"
"2789",0.337826419106158,0.342058497128236,0.0042320780220772,"consensus_tme","Cancer associated fibroblast","Fun-CIM"
"2817",0.262071504836013,0.302034889631185,0.0399633847951721,"consensus_tme","Cancer associated fibroblast","Fun-CIM"
"2852",0.292947033484953,0.3476824209467,0.0547353874617472,"consensus_tme","Cancer associated fibroblast","Fun-CIM"
"2976",0.329641107017745,0.385801741139362,0.0561606341216176,"consensus_tme","Cancer associated fibroblast","Fun-CIM"
"3001",0.331904227258868,0.342998436015098,0.0110942087562306,"consensus_tme","Cancer associated fibroblast","Fun-CIM"
"3036",0.394232779141272,0.419528712697666,0.0252959335563943,"consensus_tme","Cancer associated fibroblast","Fun-CIM"
"3065",0.296690236198987,0.418918345988116,0.122228109789129,"consensus_tme","Cancer associated fibroblast","Fun-CIM"
"3067",0.199635996712816,0.409370112112224,0.209734115399407,"consensus_tme","Cancer associated fibroblast","Fun-CIM"
"3130",0.408076617959144,0.461108912586027,0.0530322946268827,"consensus_tme","Cancer associated fibroblast","Fun-CIM"
"3161",0.489749151948691,0.40993135903387,-0.0798177929148209,"consensus_tme","Cancer associated fibroblast","Fun-CIM"
"97",0.234663145767537,0.353649863730282,0.118986717962746,"consensus_tme","Cancer associated fibroblast","Fun-CIM"
"OB_0001",0.137577526642569,0.221304569622997,0.0837270429804283,"consensus_tme","Cancer associated fibroblast","Fun-CIM"
"OB_0038",0.375046547304673,0.372936327409161,-0.00211021989551141,"consensus_tme","Cancer associated fibroblast","Fun-CIM"
"OB_0080",0.249322896860962,0.302006066519081,0.0526831696581182,"consensus_tme","Cancer associated fibroblast","Fun-CIM"
"OB_0139",0.235445620138058,0.219887317483481,-0.0155583026545768,"consensus_tme","Cancer associated fibroblast","Fun-CIM"
"OB_0163",0.236964352550394,0.406108750140307,0.169144397589913,"consensus_tme","Cancer associated fibroblast","Fun-CIM"
"OB_0168",0.378413799946762,0.387849046147052,0.00943524620029018,"consensus_tme","Cancer associated fibroblast","Fun-CIM"
"OB_0235",0.455278679118061,0.541932309232447,0.0866536301143855,"consensus_tme","Cancer associated fibroblast","Fun-CIM"
"OB_0315",0.306362953826356,0.325175535424811,0.0188125815984554,"consensus_tme","Cancer associated fibroblast","Fun-CIM"
"2046",0.108528707683373,0.0783553885361894,-0.0301733191471835,"consensus_tme","Cancer associated fibroblast","Dys-CIM"
"2492",0.184350160009645,0.349453298542848,0.165103138533202,"consensus_tme","Cancer associated fibroblast","Dys-CIM"
"2691",0.38366681227481,0.41995350507224,0.0362866927974306,"consensus_tme","Cancer associated fibroblast","Dys-CIM"
"OB_0095",0.26826621135237,-0.134686678552951,-0.402952889905321,"consensus_tme","Cancer associated fibroblast","Dys-CIM"
"OB_0157",0.283216955345274,0.300033106155088,0.0168161508098141,"consensus_tme","Cancer associated fibroblast","Dys-CIM"
"OB_0190",0.21070774144739,0.208448038500714,-0.0022597029466756,"consensus_tme","Cancer associated fibroblast","Dys-CIM"
"OB_0234",0.269017291315794,0.0887733776356677,-0.180243913680126,"consensus_tme","Cancer associated fibroblast","Dys-CIM"
"OB_0237",0.202921371563776,0.0559194189972776,-0.147001952566498,"consensus_tme","Cancer associated fibroblast","Dys-CIM"
"OB_0261",0.181369467646267,0.119197542533977,-0.06217192511229,"consensus_tme","Cancer associated fibroblast","Dys-CIM"
"OB_0273",0.180981075953484,0.264969154771408,0.083988078817924,"consensus_tme","Cancer associated fibroblast","Dys-CIM"
"OB_0344",0.320980468286268,0.301210564071065,-0.0197699042152031,"consensus_tme","Cancer associated fibroblast","Dys-CIM"
"2271",0.122535587877332,0.257922217586609,0.135386629709277,"consensus_tme","Endothelial cell","Fun-CIM"
"2472",0.0273182523983681,0.0346714660023308,0.00735321360396264,"consensus_tme","Endothelial cell","Fun-CIM"
"2653",0.276000592583981,0.150051182278967,-0.125949410305015,"consensus_tme","Endothelial cell","Fun-CIM"
"2661",-0.0404544949044753,0.127276012295401,0.167730507199876,"consensus_tme","Endothelial cell","Fun-CIM"
"2677",0.443368756886311,0.214911053263143,-0.228457703623168,"consensus_tme","Endothelial cell","Fun-CIM"
"2739",0.272316012219667,0.36490824861817,0.0925922363985031,"consensus_tme","Endothelial cell","Fun-CIM"
"2789",0.0169029875504484,0.171132790003826,0.154229802453378,"consensus_tme","Endothelial cell","Fun-CIM"
"2817",0.216615168609531,0.616449598565985,0.399834429956455,"consensus_tme","Endothelial cell","Fun-CIM"
"2852",0.298655225094357,0.284129075409438,-0.0145261496849183,"consensus_tme","Endothelial cell","Fun-CIM"
"2976",0.113750982843685,0.178774740512949,0.0650237576692648,"consensus_tme","Endothelial cell","Fun-CIM"
"3001",0.349686974007107,0.312364457522209,-0.0373225164848977,"consensus_tme","Endothelial cell","Fun-CIM"
"3036",0.326224389535884,0.301616443534475,-0.0246079460014093,"consensus_tme","Endothelial cell","Fun-CIM"
"3065",0.246633138416477,0.293399117362901,0.0467659789464247,"consensus_tme","Endothelial cell","Fun-CIM"
"3067",0.425817168117769,0.616883493058439,0.19106632494067,"consensus_tme","Endothelial cell","Fun-CIM"
"3130",0.272964258045895,0.150446225599363,-0.122518032446532,"consensus_tme","Endothelial cell","Fun-CIM"
"3161",0.189404676314544,0.183659524282641,-0.00574515203190268,"consensus_tme","Endothelial cell","Fun-CIM"
"97",0.0674579289662685,0.00260407246006478,-0.0648538565062037,"consensus_tme","Endothelial cell","Fun-CIM"
"OB_0001",0.18974374691809,0.267709679054037,0.0779659321359474,"consensus_tme","Endothelial cell","Fun-CIM"
"OB_0038",0.211427276131362,0.160497107125975,-0.0509301690053877,"consensus_tme","Endothelial cell","Fun-CIM"
"OB_0080",0.210449032084223,0.212502306472448,0.00205327438822467,"consensus_tme","Endothelial cell","Fun-CIM"
"OB_0139",0.199037382870124,0.285581739125364,0.08654435625524,"consensus_tme","Endothelial cell","Fun-CIM"
"OB_0163",0.151399092058256,0.395946338721498,0.244547246663242,"consensus_tme","Endothelial cell","Fun-CIM"
"OB_0168",-0.00140070000861642,0.203602579116546,0.205003279125163,"consensus_tme","Endothelial cell","Fun-CIM"
"OB_0235",0.183516143922112,0.469473491866133,0.285957347944021,"consensus_tme","Endothelial cell","Fun-CIM"
"OB_0315",0.221300504901301,0.22575050008682,0.00444999518551906,"consensus_tme","Endothelial cell","Fun-CIM"
"2046",0.125455156454746,-0.0747664841916163,-0.200221640646362,"consensus_tme","Endothelial cell","Dys-CIM"
"2492",0.165065046885154,0.0832448167030772,-0.0818202301820771,"consensus_tme","Endothelial cell","Dys-CIM"
"2691",0.268498442982916,0.251544668740615,-0.0169537742423013,"consensus_tme","Endothelial cell","Dys-CIM"
"OB_0095",0.278806660910299,0.021349739688243,-0.257456921222056,"consensus_tme","Endothelial cell","Dys-CIM"
"OB_0157",0.161611281062254,0.0321922606437964,-0.129419020418457,"consensus_tme","Endothelial cell","Dys-CIM"
"OB_0190",0.151947424276192,0.120765142317768,-0.0311822819584237,"consensus_tme","Endothelial cell","Dys-CIM"
"OB_0234",-0.019897523227809,-0.0840758609128911,-0.0641783376850821,"consensus_tme","Endothelial cell","Dys-CIM"
"OB_0237",0.0694360935684931,-0.0227786231113164,-0.0922147166798095,"consensus_tme","Endothelial cell","Dys-CIM"
"OB_0261",0.161081788607276,0.0429490124374762,-0.1181327761698,"consensus_tme","Endothelial cell","Dys-CIM"
"OB_0273",0.16578678984724,0.144139588621361,-0.021647201225879,"consensus_tme","Endothelial cell","Dys-CIM"
"OB_0344",0.445464243958777,0.335629033095238,-0.10983521086354,"consensus_tme","Endothelial cell","Dys-CIM"
"2271",-0.12732782103588,0.0801335831329776,0.207461404168857,"consensus_tme","Eosinophil","Fun-CIM"
"2472",0.0372318462960202,0.0471233416631614,0.00989149536714121,"consensus_tme","Eosinophil","Fun-CIM"
"2653",-0.0229453885181461,0.0893582689056275,0.112303657423774,"consensus_tme","Eosinophil","Fun-CIM"
"2661",-0.0699802482681161,-0.130412942953814,-0.0604326946856978,"consensus_tme","Eosinophil","Fun-CIM"
"2677",0.0988568115678355,0.0820160391198798,-0.0168407724479558,"consensus_tme","Eosinophil","Fun-CIM"
"2739",-0.163352111264348,-0.0881942220826288,0.0751578891817189,"consensus_tme","Eosinophil","Fun-CIM"
"2789",0.0409458570951593,0.15924522335381,0.118299366258651,"consensus_tme","Eosinophil","Fun-CIM"
"2817",0.0359595198216843,0.108050126200231,0.0720906063785464,"consensus_tme","Eosinophil","Fun-CIM"
"2852",-0.117705340776639,-0.0678412143993131,0.0498641263773263,"consensus_tme","Eosinophil","Fun-CIM"
"2976",0.0752392357346503,0.25480008120251,0.17956084546786,"consensus_tme","Eosinophil","Fun-CIM"
"3001",-0.198318644977816,-0.097086685234564,0.101231959743252,"consensus_tme","Eosinophil","Fun-CIM"
"3036",-0.0790532257439172,0.161517941735832,0.24057116747975,"consensus_tme","Eosinophil","Fun-CIM"
"3065",0.0620043607574773,0.0391829283116735,-0.0228214324458038,"consensus_tme","Eosinophil","Fun-CIM"
"3067",-0.094489145416457,0.0557630282662976,0.150252173682755,"consensus_tme","Eosinophil","Fun-CIM"
"3130",-0.118994110749434,-0.0631082417448649,0.0558858690045687,"consensus_tme","Eosinophil","Fun-CIM"
"3161",-0.165172152557702,-0.101261122418383,0.0639110301393182,"consensus_tme","Eosinophil","Fun-CIM"
"97",-0.0504586554313402,0.0433042683525897,0.0937629237839298,"consensus_tme","Eosinophil","Fun-CIM"
"OB_0001",0.155718942987987,0.181579927949405,0.025860984961418,"consensus_tme","Eosinophil","Fun-CIM"
"OB_0038",0.0275248284322197,0.185737616135756,0.158212787703536,"consensus_tme","Eosinophil","Fun-CIM"
"OB_0080",0.0627045235276154,-0.00938974592693456,-0.0720942694545499,"consensus_tme","Eosinophil","Fun-CIM"
"OB_0139",0.284606489596656,0.528519851586415,0.243913361989759,"consensus_tme","Eosinophil","Fun-CIM"
"OB_0163",-0.134633642016979,0.41591941967891,0.550553061695889,"consensus_tme","Eosinophil","Fun-CIM"
"OB_0168",-0.134105157735379,-0.0426392536724572,0.0914659040629223,"consensus_tme","Eosinophil","Fun-CIM"
"OB_0235",0.0112863906981622,0.135206767211049,0.123920376512887,"consensus_tme","Eosinophil","Fun-CIM"
"OB_0315",0.0696674088168044,0.243838615152351,0.174171206335547,"consensus_tme","Eosinophil","Fun-CIM"
"2046",0.183972064111532,0.0753703085526328,-0.1086017555589,"consensus_tme","Eosinophil","Dys-CIM"
"2492",0.253139966006519,0.119414049728192,-0.133725916278327,"consensus_tme","Eosinophil","Dys-CIM"
"2691",0.356090701536385,0.0489691293260738,-0.307121572210311,"consensus_tme","Eosinophil","Dys-CIM"
"OB_0095",0.202375015637175,0.144446889409365,-0.0579281262278103,"consensus_tme","Eosinophil","Dys-CIM"
"OB_0157",0.173883479655769,0.15220724694812,-0.0216762327076485,"consensus_tme","Eosinophil","Dys-CIM"
"OB_0190",-0.0836545530412225,-0.0402023751434858,0.0434521778977367,"consensus_tme","Eosinophil","Dys-CIM"
"OB_0234",0.0558054547477605,0.0733521598476757,0.0175467050999152,"consensus_tme","Eosinophil","Dys-CIM"
"OB_0237",0.243364911757401,0.0632463037797428,-0.180118607977658,"consensus_tme","Eosinophil","Dys-CIM"
"OB_0261",0.335514997572365,0.0545757235846526,-0.280939273987712,"consensus_tme","Eosinophil","Dys-CIM"
"OB_0273",0.326145360449891,0.00361327502625244,-0.322532085423639,"consensus_tme","Eosinophil","Dys-CIM"
"OB_0344",0.151788746411837,-0.00573386008369951,-0.157522606495536,"consensus_tme","Eosinophil","Dys-CIM"
"2271",0.0764625179711901,0.221498051167482,0.145035533196292,"consensus_tme","Macrophage","Fun-CIM"
"2472",0.179336744125782,0.211260585926292,0.0319238418005093,"consensus_tme","Macrophage","Fun-CIM"
"2653",0.0000835803625928925,0.251463862459767,0.251380282097174,"consensus_tme","Macrophage","Fun-CIM"
"2661",-0.00487128546951176,0.0155306149593856,0.0204019004288974,"consensus_tme","Macrophage","Fun-CIM"
"2677",0.177528427781423,0.265044619138265,0.0875161913568425,"consensus_tme","Macrophage","Fun-CIM"
"2739",-0.0644595954118707,0.00791475365907742,0.0723743490709481,"consensus_tme","Macrophage","Fun-CIM"
"2789",0.140599070650489,0.221576538970248,0.0809774683197593,"consensus_tme","Macrophage","Fun-CIM"
"2817",0.206297530657378,0.11245846874484,-0.0938390619125375,"consensus_tme","Macrophage","Fun-CIM"
"2852",0.0341291208256925,-0.0366428123630957,-0.0707719331887882,"consensus_tme","Macrophage","Fun-CIM"
"2976",0.219759306178312,0.385344361780613,0.165585055602301,"consensus_tme","Macrophage","Fun-CIM"
"3001",-0.0173039529136567,0.0252900421694268,0.0425939950830836,"consensus_tme","Macrophage","Fun-CIM"
"3036",0.076752872476155,0.251857835368898,0.175104962892743,"consensus_tme","Macrophage","Fun-CIM"
"3065",0.187008047425509,0.105321822745708,-0.0816862246798016,"consensus_tme","Macrophage","Fun-CIM"
"3067",0.110411484463799,0.167553357622133,0.0571418731583337,"consensus_tme","Macrophage","Fun-CIM"
"3130",0.0403083661237294,0.0686396173532753,0.0283312512295459,"consensus_tme","Macrophage","Fun-CIM"
"3161",0.061726598466923,-0.0211953598109632,-0.0829219582778862,"consensus_tme","Macrophage","Fun-CIM"
"97",0.136251708092375,0.168096629153804,0.0318449210614294,"consensus_tme","Macrophage","Fun-CIM"
"OB_0001",0.226602470163251,0.233555628595099,0.00695315843184724,"consensus_tme","Macrophage","Fun-CIM"
"OB_0038",0.113378988470756,0.246691777038358,0.133312788567603,"consensus_tme","Macrophage","Fun-CIM"
"OB_0080",0.154033036652384,0.0214467290555186,-0.132586307596866,"consensus_tme","Macrophage","Fun-CIM"
"OB_0139",0.366549591065875,0.607174938712975,0.2406253476471,"consensus_tme","Macrophage","Fun-CIM"
"OB_0163",-0.0188079180288474,0.437878695358202,0.456686613387049,"consensus_tme","Macrophage","Fun-CIM"
"OB_0168",-0.0437126609202043,-0.0064845588489317,0.0372281020712726,"consensus_tme","Macrophage","Fun-CIM"
"OB_0235",0.110526109567197,0.171460115315419,0.0609340057482218,"consensus_tme","Macrophage","Fun-CIM"
"OB_0315",0.168640742599567,0.198721700937821,0.0300809583382537,"consensus_tme","Macrophage","Fun-CIM"
"2046",0.317123364224265,0.18885784861057,-0.128265515613695,"consensus_tme","Macrophage","Dys-CIM"
"2492",0.361039364289322,0.270901334128914,-0.0901380301604074,"consensus_tme","Macrophage","Dys-CIM"
"2691",0.500967836784806,0.216955871379379,-0.284011965405427,"consensus_tme","Macrophage","Dys-CIM"
"OB_0095",0.275039291718563,0.168285239043553,-0.10675405267501,"consensus_tme","Macrophage","Dys-CIM"
"OB_0157",0.291187418794056,0.24360458992766,-0.0475828288663958,"consensus_tme","Macrophage","Dys-CIM"
"OB_0190",0.058550700328608,0.0761951350102129,0.0176444346816049,"consensus_tme","Macrophage","Dys-CIM"
"OB_0234",0.142427207519117,0.101973172249163,-0.0404540352699537,"consensus_tme","Macrophage","Dys-CIM"
"OB_0237",0.318004527176009,0.119515632345162,-0.198488894830847,"consensus_tme","Macrophage","Dys-CIM"
"OB_0261",0.348270980378805,0.106509699344785,-0.24176128103402,"consensus_tme","Macrophage","Dys-CIM"
"OB_0273",0.346888489859475,0.11216290025584,-0.234725589603635,"consensus_tme","Macrophage","Dys-CIM"
"OB_0344",0.229602545481748,0.0615983780623101,-0.168004167419438,"consensus_tme","Macrophage","Dys-CIM"
"2271",-0.0345819107211747,0.0829140604372302,0.117495971158405,"consensus_tme","Macrophage M1","Fun-CIM"
"2472",0.147572139863813,0.124248925619875,-0.0233232142439381,"consensus_tme","Macrophage M1","Fun-CIM"
"2653",-0.0778961626442343,0.13489926864582,0.212795431290054,"consensus_tme","Macrophage M1","Fun-CIM"
"2661",-0.0652103708057099,-0.0733893394189773,-0.00817896861326739,"consensus_tme","Macrophage M1","Fun-CIM"
"2677",0.110516425558399,0.17358527382629,0.0630688482678909,"consensus_tme","Macrophage M1","Fun-CIM"
"2739",-0.141470616704749,-0.10170901096819,0.0397616057365585,"consensus_tme","Macrophage M1","Fun-CIM"
"2789",0.137091285150175,0.21890502703259,0.0818137418824153,"consensus_tme","Macrophage M1","Fun-CIM"
"2817",0.162769274932482,0.0967693161584025,-0.065999958774079,"consensus_tme","Macrophage M1","Fun-CIM"
"2852",-0.0585844854264765,-0.141916606251569,-0.0833321208250925,"consensus_tme","Macrophage M1","Fun-CIM"
"2976",0.203843474716895,0.355687992442147,0.151844517725252,"consensus_tme","Macrophage M1","Fun-CIM"
"3001",-0.086527152545722,-0.033221725920845,0.053305426624877,"consensus_tme","Macrophage M1","Fun-CIM"
"3036",0.00582824636763269,0.15561063767273,0.149782391305098,"consensus_tme","Macrophage M1","Fun-CIM"
"3065",0.132510529911553,0.00613934928411834,-0.126371180627434,"consensus_tme","Macrophage M1","Fun-CIM"
"3067",0.0171870945948882,0.0876844422273161,0.0704973476324279,"consensus_tme","Macrophage M1","Fun-CIM"
"3130",0.0420726960065346,0.0143692247993041,-0.0277034712072305,"consensus_tme","Macrophage M1","Fun-CIM"
"3161",-0.0420097230015547,-0.122582928035335,-0.0805732050337808,"consensus_tme","Macrophage M1","Fun-CIM"
"97",0.0330572961909425,0.0412567571274997,0.00819946093655715,"consensus_tme","Macrophage M1","Fun-CIM"
"OB_0001",0.212022437789478,0.174856877157412,-0.0371655606320659,"consensus_tme","Macrophage M1","Fun-CIM"
"OB_0038",0.0716766266077881,0.147388359700665,0.0757117330928766,"consensus_tme","Macrophage M1","Fun-CIM"
"OB_0080",0.0704076460716111,-0.0229640268828618,-0.0933716729544729,"consensus_tme","Macrophage M1","Fun-CIM"
"OB_0139",0.374258071007361,0.553998003994678,0.179739932987317,"consensus_tme","Macrophage M1","Fun-CIM"
"OB_0163",-0.0780017480563325,0.354428767446984,0.432430515503317,"consensus_tme","Macrophage M1","Fun-CIM"
"OB_0168",-0.0889290623444269,-0.0775215483463377,0.0114075139980892,"consensus_tme","Macrophage M1","Fun-CIM"
"OB_0235",0.0562336684362301,0.105302774630932,0.0490691061947018,"consensus_tme","Macrophage M1","Fun-CIM"
"OB_0315",0.169564336924665,0.176983545410293,0.00741920848562755,"consensus_tme","Macrophage M1","Fun-CIM"
"2046",0.230980172190645,0.125201918093587,-0.105778254097058,"consensus_tme","Macrophage M1","Dys-CIM"
"2492",0.318634972237638,0.207906820211053,-0.110728152026586,"consensus_tme","Macrophage M1","Dys-CIM"
"2691",0.370135608186285,0.173725522458463,-0.196410085727822,"consensus_tme","Macrophage M1","Dys-CIM"
"OB_0095",0.278224899526835,0.160347627270365,-0.11787727225647,"consensus_tme","Macrophage M1","Dys-CIM"
"OB_0157",0.275894348281912,0.218007259151623,-0.0578870891302886,"consensus_tme","Macrophage M1","Dys-CIM"
"OB_0190",-0.0553485703480064,0.018529495932317,0.0738780662803234,"consensus_tme","Macrophage M1","Dys-CIM"
"OB_0234",0.118242773451972,0.0312292248851533,-0.0870135485668189,"consensus_tme","Macrophage M1","Dys-CIM"
"OB_0237",0.309560977866185,0.091123089641864,-0.218437888224321,"consensus_tme","Macrophage M1","Dys-CIM"
"OB_0261",0.365287949595033,0.0927808359451982,-0.272507113649835,"consensus_tme","Macrophage M1","Dys-CIM"
"OB_0273",0.363336768057863,0.0434570335816646,-0.319879734476199,"consensus_tme","Macrophage M1","Dys-CIM"
"OB_0344",0.200915960283539,0.00663501879668038,-0.194280941486859,"consensus_tme","Macrophage M1","Dys-CIM"
"2271",0.0473953310765322,0.23727957130123,0.189884240224698,"consensus_tme","Macrophage M2","Fun-CIM"
"2472",0.221440468165178,0.225448639909299,0.00400817174412052,"consensus_tme","Macrophage M2","Fun-CIM"
"2653",0.0954060016110485,0.309789988562189,0.214383986951141,"consensus_tme","Macrophage M2","Fun-CIM"
"2661",0.0588340926118301,0.0724777311934997,0.0136436385816696,"consensus_tme","Macrophage M2","Fun-CIM"
"2677",0.23353000244424,0.329244006677843,0.0957140042336028,"consensus_tme","Macrophage M2","Fun-CIM"
"2739",-0.0262622360522354,0.0427368544172991,0.0689990904695345,"consensus_tme","Macrophage M2","Fun-CIM"
"2789",0.177902918495044,0.289755122054826,0.111852203559782,"consensus_tme","Macrophage M2","Fun-CIM"
"2817",0.281243641912396,0.19340808771549,-0.087835554196906,"consensus_tme","Macrophage M2","Fun-CIM"
"2852",0.0778791287071474,0.0123325296678268,-0.0655465990393207,"consensus_tme","Macrophage M2","Fun-CIM"
"2976",0.286332015140724,0.422706007636788,0.136373992496064,"consensus_tme","Macrophage M2","Fun-CIM"
"3001",0.0300327989627371,0.048886486765992,0.018853687803255,"consensus_tme","Macrophage M2","Fun-CIM"
"3036",0.134142854395917,0.331610190416753,0.197467336020836,"consensus_tme","Macrophage M2","Fun-CIM"
"3065",0.256066852464137,0.213372870704022,-0.0426939817601159,"consensus_tme","Macrophage M2","Fun-CIM"
"3067",0.180497501467068,0.250795429063989,0.0702979275969216,"consensus_tme","Macrophage M2","Fun-CIM"
"3130",0.0911814055512478,0.129105156813878,0.0379237512626298,"consensus_tme","Macrophage M2","Fun-CIM"
"3161",0.145979687438771,0.0526797885588958,-0.0932998988798755,"consensus_tme","Macrophage M2","Fun-CIM"
"97",0.215820386748991,0.213918028576457,-0.00190235817253445,"consensus_tme","Macrophage M2","Fun-CIM"
"OB_0001",0.258014708959669,0.259092707420602,0.0010779984609337,"consensus_tme","Macrophage M2","Fun-CIM"
"OB_0038",0.188789839422235,0.299613721257012,0.110823881834777,"consensus_tme","Macrophage M2","Fun-CIM"
"OB_0080",0.251908242131411,0.10701778433714,-0.144890457794271,"consensus_tme","Macrophage M2","Fun-CIM"
"OB_0139",0.410338693458615,0.677933971879862,0.267595278421247,"consensus_tme","Macrophage M2","Fun-CIM"
"OB_0163",0.0355089364104952,0.518186358238753,0.482677421828258,"consensus_tme","Macrophage M2","Fun-CIM"
"OB_0168",0.0223504168362629,0.0680632141622572,0.0457127973259943,"consensus_tme","Macrophage M2","Fun-CIM"
"OB_0235",0.181041678562318,0.269466020261092,0.0884243416987738,"consensus_tme","Macrophage M2","Fun-CIM"
"OB_0315",0.188642878233142,0.238763017213839,0.0501201389806964,"consensus_tme","Macrophage M2","Fun-CIM"
"2046",0.359145123638017,0.184230409790998,-0.174914713847019,"consensus_tme","Macrophage M2","Dys-CIM"
"2492",0.357367782455453,0.245404487409466,-0.111963295045987,"consensus_tme","Macrophage M2","Dys-CIM"
"2691",0.55265585712904,0.277508626189335,-0.275147230939705,"consensus_tme","Macrophage M2","Dys-CIM"
"OB_0095",0.303009959448962,0.219890255803782,-0.0831197036451795,"consensus_tme","Macrophage M2","Dys-CIM"
"OB_0157",0.323936655522378,0.302707219308001,-0.021229436214377,"consensus_tme","Macrophage M2","Dys-CIM"
"OB_0190",0.0756778420173197,0.114036170430212,0.0383583284128923,"consensus_tme","Macrophage M2","Dys-CIM"
"OB_0234",0.171981575468286,0.143442632636337,-0.0285389428319489,"consensus_tme","Macrophage M2","Dys-CIM"
"OB_0237",0.352351023950255,0.155662944237529,-0.196688079712727,"consensus_tme","Macrophage M2","Dys-CIM"
"OB_0261",0.414613727081235,0.135336018825109,-0.279277708256126,"consensus_tme","Macrophage M2","Dys-CIM"
"OB_0273",0.417221601541402,0.162722045787316,-0.254499555754087,"consensus_tme","Macrophage M2","Dys-CIM"
"OB_0344",0.244011978226183,0.116037299466305,-0.127974678759878,"consensus_tme","Macrophage M2","Dys-CIM"
"2271",-0.162608179336883,-0.0379022806925012,0.124705898644381,"consensus_tme","Mast cell","Fun-CIM"
"2472",-0.0172317650190047,-0.0745072074709501,-0.0572754424519454,"consensus_tme","Mast cell","Fun-CIM"
"2653",-0.0999537829381518,0.0133250754014957,0.113278858339648,"consensus_tme","Mast cell","Fun-CIM"
"2661",-0.162518536564811,-0.180856918062083,-0.0183383814972723,"consensus_tme","Mast cell","Fun-CIM"
"2677",0.0391507384424939,0.0382866084475113,-0.000864129994982553,"consensus_tme","Mast cell","Fun-CIM"
"2739",-0.22558600801938,-0.183608783202952,0.0419772248164282,"consensus_tme","Mast cell","Fun-CIM"
"2789",-0.00275043414531298,0.0635500300427453,0.0663004641880583,"consensus_tme","Mast cell","Fun-CIM"
"2817",0.0138328956979531,-0.0250787315339961,-0.0389116272319491,"consensus_tme","Mast cell","Fun-CIM"
"2852",-0.131389583702432,-0.146294302731538,-0.0149047190291062,"consensus_tme","Mast cell","Fun-CIM"
"2976",0.0227841251810243,0.175305150840461,0.152521025659437,"consensus_tme","Mast cell","Fun-CIM"
"3001",-0.184317229232277,-0.126961894920645,0.0573553343116324,"consensus_tme","Mast cell","Fun-CIM"
"3036",-0.108066615193413,0.0358263014473529,0.143892916640766,"consensus_tme","Mast cell","Fun-CIM"
"3065",-0.0331949697035909,-0.054442423141924,-0.0212474534383331,"consensus_tme","Mast cell","Fun-CIM"
"3067",-0.136949991738506,0.0310164504081666,0.167966442146673,"consensus_tme","Mast cell","Fun-CIM"
"3130",-0.114426793671458,-0.196920040246031,-0.0824932465745729,"consensus_tme","Mast cell","Fun-CIM"
"3161",-0.139256396808454,-0.18678158394626,-0.0475251871378061,"consensus_tme","Mast cell","Fun-CIM"
"97",-0.0805101444524421,-0.00918054703171079,0.0713295974207313,"consensus_tme","Mast cell","Fun-CIM"
"OB_0001",0.0852148091639677,0.0663169727836333,-0.0188978363803345,"consensus_tme","Mast cell","Fun-CIM"
"OB_0038",-0.0892544421959304,0.0567283083938492,0.14598275058978,"consensus_tme","Mast cell","Fun-CIM"
"OB_0080",-0.0244342682258408,-0.0987289052184138,-0.074294636992573,"consensus_tme","Mast cell","Fun-CIM"
"OB_0139",0.230239259035715,0.373389264128348,0.143150005092633,"consensus_tme","Mast cell","Fun-CIM"
"OB_0163",-0.210474026330041,0.276657138703546,0.487131165033588,"consensus_tme","Mast cell","Fun-CIM"
"OB_0168",-0.185486876120211,-0.104545293479649,0.0809415826405614,"consensus_tme","Mast cell","Fun-CIM"
"OB_0235",-0.0337773093233601,0.0493881730928754,0.0831654824162355,"consensus_tme","Mast cell","Fun-CIM"
"OB_0315",0.00598908986935404,0.105951653225883,0.0999625633565285,"consensus_tme","Mast cell","Fun-CIM"
"2046",0.125956697457435,-0.0526815434746288,-0.178638240932064,"consensus_tme","Mast cell","Dys-CIM"
"2492",0.193262445461311,0.0505046228596472,-0.142757822601663,"consensus_tme","Mast cell","Dys-CIM"
"2691",0.268314513821425,0.00722852461007963,-0.261085989211346,"consensus_tme","Mast cell","Dys-CIM"
"OB_0095",0.125708357615409,0.104971892263987,-0.020736465351422,"consensus_tme","Mast cell","Dys-CIM"
"OB_0157",0.0915292613664454,0.010102533021035,-0.0814267283454104,"consensus_tme","Mast cell","Dys-CIM"
"OB_0190",-0.163146795759895,-0.0994741787514885,0.063672617008407,"consensus_tme","Mast cell","Dys-CIM"
"OB_0234",-0.0011461849592736,0.0154985304280758,0.0166447153873494,"consensus_tme","Mast cell","Dys-CIM"
"OB_0237",0.189840705777389,-0.0617767183973024,-0.251617424174691,"consensus_tme","Mast cell","Dys-CIM"
"OB_0261",0.19211817953498,-0.0394211873878825,-0.231539366922863,"consensus_tme","Mast cell","Dys-CIM"
"OB_0273",0.189429559998807,-0.117336554335298,-0.306766114334104,"consensus_tme","Mast cell","Dys-CIM"
"OB_0344",-0.00157597051835354,-0.16601149080975,-0.164435520291396,"consensus_tme","Mast cell","Dys-CIM"
"2271",-0.00990951836120283,0.142206047238929,0.152115565600132,"consensus_tme","Monocyte","Fun-CIM"
"2472",0.102313665642364,0.114576515981812,0.0122628503394476,"consensus_tme","Monocyte","Fun-CIM"
"2653",0.0329485783904809,0.15736039333713,0.124411814946649,"consensus_tme","Monocyte","Fun-CIM"
"2661",0.0225792678931225,-0.0163247844805865,-0.038904052373709,"consensus_tme","Monocyte","Fun-CIM"
"2677",0.167545541838645,0.23191965398646,0.0643741121478156,"consensus_tme","Monocyte","Fun-CIM"
"2739",-0.103662205703133,-0.0334287206664072,0.070233485036726,"consensus_tme","Monocyte","Fun-CIM"
"2789",0.0576847144984888,0.164792999499929,0.10710828500144,"consensus_tme","Monocyte","Fun-CIM"
"2817",0.198001343974819,0.0932211617340238,-0.104780182240796,"consensus_tme","Monocyte","Fun-CIM"
"2852",-0.010183136514786,-0.0549103030653463,-0.0447271665505604,"consensus_tme","Monocyte","Fun-CIM"
"2976",0.139081377132988,0.280026757599921,0.140945380466933,"consensus_tme","Monocyte","Fun-CIM"
"3001",-0.0214215388946346,-0.0246515405908143,-0.00323000169617966,"consensus_tme","Monocyte","Fun-CIM"
"3036",0.0707130943358738,0.241397932123907,0.170684837788033,"consensus_tme","Monocyte","Fun-CIM"
"3065",0.194862038844711,0.108094199092691,-0.0867678397520195,"consensus_tme","Monocyte","Fun-CIM"
"3067",0.10922314575183,0.169685482849585,0.0604623370977549,"consensus_tme","Monocyte","Fun-CIM"
"3130",-0.0100995133674937,0.00875917515287466,0.0188586885203683,"consensus_tme","Monocyte","Fun-CIM"
"3161",0.0289215552246039,-0.0474726465254493,-0.0763942017500532,"consensus_tme","Monocyte","Fun-CIM"
"97",0.119354857459822,0.0971838769187661,-0.0221709805410559,"consensus_tme","Monocyte","Fun-CIM"
"OB_0001",0.160928138370404,0.18944024482328,0.0285121064528763,"consensus_tme","Monocyte","Fun-CIM"
"OB_0038",0.0854192064623084,0.160500130980156,0.0750809245178472,"consensus_tme","Monocyte","Fun-CIM"
"OB_0080",0.0778138125076983,0.0220285292904092,-0.055785283217289,"consensus_tme","Monocyte","Fun-CIM"
"OB_0139",0.28794458153128,0.513030530348138,0.225085948816858,"consensus_tme","Monocyte","Fun-CIM"
"OB_0163",-0.0681711500675951,0.368403082672509,0.436574232740104,"consensus_tme","Monocyte","Fun-CIM"
"OB_0168",-0.078013174048785,-0.0222705322042168,0.0557426418445682,"consensus_tme","Monocyte","Fun-CIM"
"OB_0235",0.0396922720998861,0.170570108938398,0.130877836838512,"consensus_tme","Monocyte","Fun-CIM"
"OB_0315",0.0859851675291944,0.182118755069272,0.0961335875400772,"consensus_tme","Monocyte","Fun-CIM"
"2046",0.208098176447503,0.0654396807659947,-0.142658495681508,"consensus_tme","Monocyte","Dys-CIM"
"2492",0.301255003539911,0.195103792374028,-0.106151211165883,"consensus_tme","Monocyte","Dys-CIM"
"2691",0.36657637538873,0.11896673227856,-0.247609643110171,"consensus_tme","Monocyte","Dys-CIM"
"OB_0095",0.180417600945578,0.0920177780899779,-0.0883998228555998,"consensus_tme","Monocyte","Dys-CIM"
"OB_0157",0.15034977097202,0.129495496174422,-0.0208542747975989,"consensus_tme","Monocyte","Dys-CIM"
"OB_0190",-0.0258736407765593,-0.00352880367969486,0.0223448370968645,"consensus_tme","Monocyte","Dys-CIM"
"OB_0234",0.0387324942258043,0.0276509091776048,-0.0110815850481994,"consensus_tme","Monocyte","Dys-CIM"
"OB_0237",0.209354960558848,0.00807554240297107,-0.201279418155877,"consensus_tme","Monocyte","Dys-CIM"
"OB_0261",0.280122313344675,0.0311765252125733,-0.248945788132101,"consensus_tme","Monocyte","Dys-CIM"
"OB_0273",0.278202126513243,0.0372740058114074,-0.240928120701836,"consensus_tme","Monocyte","Dys-CIM"
"OB_0344",0.179543991889319,0.0287168546601691,-0.15082713722915,"consensus_tme","Monocyte","Dys-CIM"
"2271",-0.033967891672801,0.0650237240015055,0.0989916156743065,"consensus_tme","Myeloid dendritic cell","Fun-CIM"
"2472",0.109936313115732,0.107072512485157,-0.00286380063057466,"consensus_tme","Myeloid dendritic cell","Fun-CIM"
"2653",-0.0192247610714097,0.11923210665947,0.13845686773088,"consensus_tme","Myeloid dendritic cell","Fun-CIM"
"2661",-0.0305269830142046,-0.0489142272220881,-0.0183872442078836,"consensus_tme","Myeloid dendritic cell","Fun-CIM"
"2677",0.123931838400544,0.14175253687947,0.0178206984789257,"consensus_tme","Myeloid dendritic cell","Fun-CIM"
"2739",-0.12593336613795,-0.0684896048069756,0.0574437613309746,"consensus_tme","Myeloid dendritic cell","Fun-CIM"
"2789",0.0881126719828965,0.209691426605002,0.121578754622105,"consensus_tme","Myeloid dendritic cell","Fun-CIM"
"2817",0.139099493086597,0.0997844660584849,-0.0393150270281124,"consensus_tme","Myeloid dendritic cell","Fun-CIM"
"2852",-0.0436415291434083,-0.090610326562219,-0.0469687974188107,"consensus_tme","Myeloid dendritic cell","Fun-CIM"
"2976",0.158879171162925,0.302875125745441,0.143995954582516,"consensus_tme","Myeloid dendritic cell","Fun-CIM"
"3001",-0.0544084360190243,-0.0374649637410392,0.0169434722779851,"consensus_tme","Myeloid dendritic cell","Fun-CIM"
"3036",0.0473762956962263,0.184129010385313,0.136752714689087,"consensus_tme","Myeloid dendritic cell","Fun-CIM"
"3065",0.106592873500078,0.038583524186588,-0.0680093493134903,"consensus_tme","Myeloid dendritic cell","Fun-CIM"
"3067",0.0158733602839668,0.0868758637022895,0.0710025034183228,"consensus_tme","Myeloid dendritic cell","Fun-CIM"
"3130",0.0385137306994688,0.0257565851143193,-0.0127571455851495,"consensus_tme","Myeloid dendritic cell","Fun-CIM"
"3161",-0.0343387575753215,-0.0867104452542446,-0.052371687678923,"consensus_tme","Myeloid dendritic cell","Fun-CIM"
"97",0.0319615953201213,0.0415518426405762,0.00959024732045489,"consensus_tme","Myeloid dendritic cell","Fun-CIM"
"OB_0001",0.182525295900074,0.162946548836061,-0.0195787470640129,"consensus_tme","Myeloid dendritic cell","Fun-CIM"
"OB_0038",0.106173649304981,0.170333699631326,0.0641600503263453,"consensus_tme","Myeloid dendritic cell","Fun-CIM"
"OB_0080",0.0517765369676097,-0.0249481162545315,-0.0767246532221411,"consensus_tme","Myeloid dendritic cell","Fun-CIM"
"OB_0139",0.325438428741295,0.48877707169309,0.163338642951795,"consensus_tme","Myeloid dendritic cell","Fun-CIM"
"OB_0163",-0.0526254221584433,0.375332893791876,0.42795831595032,"consensus_tme","Myeloid dendritic cell","Fun-CIM"
"OB_0168",-0.0806518011284093,-0.0382342326179374,0.0424175685104719,"consensus_tme","Myeloid dendritic cell","Fun-CIM"
"OB_0235",0.0538306110135972,0.145648347870622,0.0918177368570247,"consensus_tme","Myeloid dendritic cell","Fun-CIM"
"OB_0315",0.127567663569596,0.180613545884704,0.0530458823151083,"consensus_tme","Myeloid dendritic cell","Fun-CIM"
"2046",0.222877914776661,0.114800252269033,-0.108077662507628,"consensus_tme","Myeloid dendritic cell","Dys-CIM"
"2492",0.309552674391695,0.191094087772038,-0.118458586619658,"consensus_tme","Myeloid dendritic cell","Dys-CIM"
"2691",0.316690553180353,0.137236964349001,-0.179453588831352,"consensus_tme","Myeloid dendritic cell","Dys-CIM"
"OB_0095",0.243081812710094,0.163309955458389,-0.0797718572517054,"consensus_tme","Myeloid dendritic cell","Dys-CIM"
"OB_0157",0.223973419268105,0.178201626647127,-0.0457717926209779,"consensus_tme","Myeloid dendritic cell","Dys-CIM"
"OB_0190",-0.0461472550740342,-0.0126644099488127,0.0334828451252215,"consensus_tme","Myeloid dendritic cell","Dys-CIM"
"OB_0234",0.114411494454269,0.0650509097036386,-0.0493605847506303,"consensus_tme","Myeloid dendritic cell","Dys-CIM"
"OB_0237",0.264282914448698,0.050966724825901,-0.213316189622797,"consensus_tme","Myeloid dendritic cell","Dys-CIM"
"OB_0261",0.352292237337516,0.0668132425751624,-0.285478994762353,"consensus_tme","Myeloid dendritic cell","Dys-CIM"
"OB_0273",0.350532043058766,0.0264470725088492,-0.324084970549917,"consensus_tme","Myeloid dendritic cell","Dys-CIM"
"OB_0344",0.196556023608696,0.04549180979094,-0.151064213817756,"consensus_tme","Myeloid dendritic cell","Dys-CIM"
"2271",-0.242209046239232,-0.208832440396832,0.0333766058424003,"consensus_tme","NK cell","Fun-CIM"
"2472",-0.125674620938386,-0.262869729553219,-0.137195108614833,"consensus_tme","NK cell","Fun-CIM"
"2653",-0.175492043751122,-0.174801664412026,0.000690379339096436,"consensus_tme","NK cell","Fun-CIM"
"2661",-0.180594843863043,-0.224589672670181,-0.0439948288071382,"consensus_tme","NK cell","Fun-CIM"
"2677",-0.0482876988790209,-0.222964721064158,-0.174677022185137,"consensus_tme","NK cell","Fun-CIM"
"2739",-0.322066028120138,-0.268228701348948,0.05383732677119,"consensus_tme","NK cell","Fun-CIM"
"2789",-0.0217121415392933,0.0830228595967605,0.104735001136054,"consensus_tme","NK cell","Fun-CIM"
"2817",-0.0134827332492503,-0.0544804274019483,-0.0409976941526979,"consensus_tme","NK cell","Fun-CIM"
"2852",-0.198634057699929,-0.303932165447917,-0.105298107747988,"consensus_tme","NK cell","Fun-CIM"
"2976",-0.0675256225955572,0.0458712236121492,0.113396846207706,"consensus_tme","NK cell","Fun-CIM"
"3001",-0.193420690824065,-0.236586376601541,-0.0431656857774757,"consensus_tme","NK cell","Fun-CIM"
"3036",-0.178088204464768,-0.131858562360082,0.0462296421046867,"consensus_tme","NK cell","Fun-CIM"
"3065",-0.0918423350605195,-0.187192719245809,-0.0953503841852897,"consensus_tme","NK cell","Fun-CIM"
"3067",-0.171877092582491,-0.159127911143899,0.0127491814385919,"consensus_tme","NK cell","Fun-CIM"
"3130",-0.117854904547303,-0.232833565323213,-0.114978660775909,"consensus_tme","NK cell","Fun-CIM"
"3161",-0.287579388036669,-0.30666750831975,-0.0190881202830811,"consensus_tme","NK cell","Fun-CIM"
"97",-0.258527522593045,-0.234835774692976,0.0236917479000694,"consensus_tme","NK cell","Fun-CIM"
"OB_0001",0.0336428825328224,-0.0410882942851983,-0.0747311768180208,"consensus_tme","NK cell","Fun-CIM"
"OB_0038",-0.187224595121223,-0.163947087234558,0.0232775078866646,"consensus_tme","NK cell","Fun-CIM"
"OB_0080",-0.233263337293188,-0.301310680158687,-0.0680473428654988,"consensus_tme","NK cell","Fun-CIM"
"OB_0139",0.127257374366495,0.350522808643166,0.223265434276672,"consensus_tme","NK cell","Fun-CIM"
"OB_0163",-0.273496096835141,0.219593367342137,0.493089464177278,"consensus_tme","NK cell","Fun-CIM"
"OB_0168",-0.293545746093391,-0.202022575232348,0.0915231708610432,"consensus_tme","NK cell","Fun-CIM"
"OB_0235",-0.248113501101928,-0.0417081731316077,0.206405327970321,"consensus_tme","NK cell","Fun-CIM"
"OB_0315",-0.0550457839599138,-0.0582784039489119,-0.00323261998899812,"consensus_tme","NK cell","Fun-CIM"
"2046",-0.0273175349348362,-0.151342646105428,-0.124025111170592,"consensus_tme","NK cell","Dys-CIM"
"2492",0.140211238445138,0.0425025457461576,-0.0977086926989804,"consensus_tme","NK cell","Dys-CIM"
"2691",0.0816062036774752,-0.043549847013561,-0.125156050691036,"consensus_tme","NK cell","Dys-CIM"
"OB_0095",0.0840647637931253,0.0305136710684648,-0.0535510927246605,"consensus_tme","NK cell","Dys-CIM"
"OB_0157",0.0265581201856793,-0.0407502952129371,-0.0673084153986164,"consensus_tme","NK cell","Dys-CIM"
"OB_0190",-0.208121212727337,-0.215783231955694,-0.00766201922835763,"consensus_tme","NK cell","Dys-CIM"
"OB_0234",-0.0488930715572965,-0.163467751579028,-0.114574680021732,"consensus_tme","NK cell","Dys-CIM"
"OB_0237",0.0440809603141153,-0.133241179577284,-0.177322139891399,"consensus_tme","NK cell","Dys-CIM"
"OB_0261",0.157844854342561,-0.131581885314356,-0.289426739656917,"consensus_tme","NK cell","Dys-CIM"
"OB_0273",0.155513440919731,-0.228900882822612,-0.384414323742343,"consensus_tme","NK cell","Dys-CIM"
"OB_0344",-0.0504831066074547,-0.183606045817272,-0.133122939209817,"consensus_tme","NK cell","Dys-CIM"
"2271",-0.0495384457987385,0.0756032433405142,0.125141689139253,"consensus_tme","Neutrophil","Fun-CIM"
"2472",0.0424818702988289,0.0505958664468729,0.00811399614804401,"consensus_tme","Neutrophil","Fun-CIM"
"2653",-0.0725069822624513,0.046638663100271,0.119145645362722,"consensus_tme","Neutrophil","Fun-CIM"
"2661",-0.0778220820404488,-0.0967026669200278,-0.018880584879579,"consensus_tme","Neutrophil","Fun-CIM"
"2677",-0.00745718440296001,0.105597373025314,0.113054557428274,"consensus_tme","Neutrophil","Fun-CIM"
"2739",-0.204342760114908,-0.148378724070527,0.0559640360443813,"consensus_tme","Neutrophil","Fun-CIM"
"2789",-0.0457727090402026,0.0030157344619583,0.0487884435021609,"consensus_tme","Neutrophil","Fun-CIM"
"2817",0.00997417882265451,-0.0218061028982184,-0.0317802817208729,"consensus_tme","Neutrophil","Fun-CIM"
"2852",-0.140625463176341,-0.191828924918806,-0.0512034617424651,"consensus_tme","Neutrophil","Fun-CIM"
"2976",0.0132161394231043,0.118491641105325,0.105275501682221,"consensus_tme","Neutrophil","Fun-CIM"
"3001",-0.152915238638495,-0.0943108051351042,0.0586044335033909,"consensus_tme","Neutrophil","Fun-CIM"
"3036",-0.0865192246291553,0.0576116546171018,0.144130879246257,"consensus_tme","Neutrophil","Fun-CIM"
"3065",0.0408326525600733,-0.0364697524327144,-0.0773024049927877,"consensus_tme","Neutrophil","Fun-CIM"
"3067",-0.0452212712142546,0.0474475282491458,0.0926687994634004,"consensus_tme","Neutrophil","Fun-CIM"
"3130",-0.126984760309539,-0.0971244644914746,0.0298602958180642,"consensus_tme","Neutrophil","Fun-CIM"
"3161",-0.0842719101371478,-0.0996788158884005,-0.0154069057512526,"consensus_tme","Neutrophil","Fun-CIM"
"97",-0.0696528923519657,-0.0230281047755029,0.0466247875764628,"consensus_tme","Neutrophil","Fun-CIM"
"OB_0001",0.00750644984111802,0.0173210647991912,0.00981461495807317,"consensus_tme","Neutrophil","Fun-CIM"
"OB_0038",0.0280124219396794,0.101476791506378,0.0734643695666988,"consensus_tme","Neutrophil","Fun-CIM"
"OB_0080",-0.0406221008059314,-0.0936608617058397,-0.0530387608999083,"consensus_tme","Neutrophil","Fun-CIM"
"OB_0139",0.165236906564615,0.38768573422672,0.222448827662105,"consensus_tme","Neutrophil","Fun-CIM"
"OB_0163",-0.139091263913547,0.196497865044978,0.335589128958525,"consensus_tme","Neutrophil","Fun-CIM"
"OB_0168",-0.148571153523497,-0.123045383624467,0.0255257698990299,"consensus_tme","Neutrophil","Fun-CIM"
"OB_0235",-0.0359221266999887,0.0403322440453991,0.0762543707453878,"consensus_tme","Neutrophil","Fun-CIM"
"OB_0315",-0.0124260631858163,0.0567189481150323,0.0691450113008486,"consensus_tme","Neutrophil","Fun-CIM"
"2046",0.106026852463546,0.0607678756242274,-0.0452589768393189,"consensus_tme","Neutrophil","Dys-CIM"
"2492",0.176576352391319,0.151555933983846,-0.0250204184074735,"consensus_tme","Neutrophil","Dys-CIM"
"2691",0.224064572167844,-0.0177672781531558,-0.241831850320999,"consensus_tme","Neutrophil","Dys-CIM"
"OB_0095",0.0588158821639099,0.0338082066212014,-0.0250076755427085,"consensus_tme","Neutrophil","Dys-CIM"
"OB_0157",0.0843123626321064,0.0558133906999385,-0.0284989719321679,"consensus_tme","Neutrophil","Dys-CIM"
"OB_0190",-0.0653948331406861,-0.0437973563348688,0.0215974768058173,"consensus_tme","Neutrophil","Dys-CIM"
"OB_0234",0.0588684069705853,0.072356935819576,0.0134885288489907,"consensus_tme","Neutrophil","Dys-CIM"
"OB_0237",0.124454634062526,-0.0148261316153456,-0.139280765677872,"consensus_tme","Neutrophil","Dys-CIM"
"OB_0261",0.160653669597698,-0.0191395715594808,-0.179793241157179,"consensus_tme","Neutrophil","Dys-CIM"
"OB_0273",0.159448355086107,-0.0419123756900629,-0.20136073077617,"consensus_tme","Neutrophil","Dys-CIM"
"OB_0344",0.0593840035074193,-0.0334051675180431,-0.0927891710254624,"consensus_tme","Neutrophil","Dys-CIM"
"2271",-0.117515623266447,-0.030593192564657,0.0869224307017898,"consensus_tme","T cell CD4+","Fun-CIM"
"2472",0.027094815344399,-0.0421709888922763,-0.0692658042366754,"consensus_tme","T cell CD4+","Fun-CIM"
"2653",-0.0167432856413076,0.00054809638724611,0.0172913820285537,"consensus_tme","T cell CD4+","Fun-CIM"
"2661",-0.078450989667052,-0.12659325169302,-0.0481422620259683,"consensus_tme","T cell CD4+","Fun-CIM"
"2677",0.138039387145197,-0.0187971434195626,-0.156836530564759,"consensus_tme","T cell CD4+","Fun-CIM"
"2739",-0.167075596768723,-0.107297401964579,0.0597781948041444,"consensus_tme","T cell CD4+","Fun-CIM"
"2789",0.0946816563793042,0.230791008899727,0.136109352520423,"consensus_tme","T cell CD4+","Fun-CIM"
"2817",0.112469628886434,0.114182970911373,0.00171334202493892,"consensus_tme","T cell CD4+","Fun-CIM"
"2852",-0.0567953500027089,-0.11454759855286,-0.0577522485501515,"consensus_tme","T cell CD4+","Fun-CIM"
"2976",0.0927406710198534,0.249378757652771,0.156638086632918,"consensus_tme","T cell CD4+","Fun-CIM"
"3001",-0.0291387423868974,-0.0989342357411684,-0.069795493354271,"consensus_tme","T cell CD4+","Fun-CIM"
"3036",0.0208090920977355,0.0791376755615361,0.0583285834638006,"consensus_tme","T cell CD4+","Fun-CIM"
"3065",0.054041030163898,-0.0079165913642762,-0.0619576215281742,"consensus_tme","T cell CD4+","Fun-CIM"
"3067",-0.0511237457600431,0.000889564195879093,0.0520133099559222,"consensus_tme","T cell CD4+","Fun-CIM"
"3130",0.0398779319423822,-0.0608774830869733,-0.100755415029356,"consensus_tme","T cell CD4+","Fun-CIM"
"3161",-0.127153958190035,-0.142296782500908,-0.0151428243108737,"consensus_tme","T cell CD4+","Fun-CIM"
"97",-0.0888092125906332,-0.0786971491627878,0.0101120634278454,"consensus_tme","T cell CD4+","Fun-CIM"
"OB_0001",0.188379473857326,0.101752496732026,-0.0866269771253002,"consensus_tme","T cell CD4+","Fun-CIM"
"OB_0038",-0.0314231817877362,0.0360571566121647,0.0674803383999009,"consensus_tme","T cell CD4+","Fun-CIM"
"OB_0080",-0.0736095817184201,-0.127253404429739,-0.0536438227113186,"consensus_tme","T cell CD4+","Fun-CIM"
"OB_0139",0.267373380523221,0.49214128802034,0.224767907497119,"consensus_tme","T cell CD4+","Fun-CIM"
"OB_0163",-0.150615538764932,0.341063409351082,0.491678948116014,"consensus_tme","T cell CD4+","Fun-CIM"
"OB_0168",-0.139388461761405,-0.0606352649997247,0.07875319676168,"consensus_tme","T cell CD4+","Fun-CIM"
"OB_0235",-0.0866028035627741,0.0967866559853329,0.183389459548107,"consensus_tme","T cell CD4+","Fun-CIM"
"OB_0315",0.0791001974872974,0.0699561001075854,-0.00914409737971207,"consensus_tme","T cell CD4+","Fun-CIM"
"2046",0.137343356835878,-0.0209859777642596,-0.158329334600138,"consensus_tme","T cell CD4+","Dys-CIM"
"2492",0.25867588437601,0.109123997496066,-0.149551886879944,"consensus_tme","T cell CD4+","Dys-CIM"
"2691",0.26158307618762,0.078062191850771,-0.183520884336849,"consensus_tme","T cell CD4+","Dys-CIM"
"OB_0095",0.177511233679447,0.0915814456153799,-0.085929788064067,"consensus_tme","T cell CD4+","Dys-CIM"
"OB_0157",0.134601503997875,0.0907332401187342,-0.0438682638791406,"consensus_tme","T cell CD4+","Dys-CIM"
"OB_0190",-0.0889289858758602,-0.0936682325562685,-0.00473924668040836,"consensus_tme","T cell CD4+","Dys-CIM"
"OB_0234",0.0528019415332983,-0.0351805635184081,-0.0879825050517064,"consensus_tme","T cell CD4+","Dys-CIM"
"OB_0237",0.243983821081266,-0.00367780640005334,-0.247661627481319,"consensus_tme","T cell CD4+","Dys-CIM"
"OB_0261",0.281620087728343,-0.000973184002523314,-0.282593271730867,"consensus_tme","T cell CD4+","Dys-CIM"
"OB_0273",0.277737877796609,-0.0815184870922443,-0.359256364888853,"consensus_tme","T cell CD4+","Dys-CIM"
"OB_0344",0.145154317614606,-0.0348877371903843,-0.18004205480499,"consensus_tme","T cell CD4+","Dys-CIM"
"2271",-0.123046138898856,-0.0333267879996957,0.0897193508991604,"consensus_tme","T cell CD8+","Fun-CIM"
"2472",0.00314890906990709,-0.0797139668861578,-0.0828628759560649,"consensus_tme","T cell CD8+","Fun-CIM"
"2653",-0.0302211048125655,-0.00919614964683996,0.0210249551657255,"consensus_tme","T cell CD8+","Fun-CIM"
"2661",-0.077599343001928,-0.132254554578781,-0.0546552115768529,"consensus_tme","T cell CD8+","Fun-CIM"
"2677",0.127766135628501,-0.0176310374797845,-0.145397173108286,"consensus_tme","T cell CD8+","Fun-CIM"
"2739",-0.185488048648859,-0.123441354908317,0.0620466937405423,"consensus_tme","T cell CD8+","Fun-CIM"
"2789",0.0899352923754621,0.228746733474644,0.138811441099182,"consensus_tme","T cell CD8+","Fun-CIM"
"2817",0.123529955188936,0.0893685383316378,-0.0341614168572981,"consensus_tme","T cell CD8+","Fun-CIM"
"2852",-0.0674769582544332,-0.145527724849152,-0.0780507665947192,"consensus_tme","T cell CD8+","Fun-CIM"
"2976",0.0770463475602244,0.231190877793198,0.154144530232973,"consensus_tme","T cell CD8+","Fun-CIM"
"3001",-0.0398198705825185,-0.100872226538245,-0.0610523559557267,"consensus_tme","T cell CD8+","Fun-CIM"
"3036",-0.00339556005754706,0.0607594066114492,0.0641549666689963,"consensus_tme","T cell CD8+","Fun-CIM"
"3065",0.0654673511036319,-0.0166548933725382,-0.0821222444761701,"consensus_tme","T cell CD8+","Fun-CIM"
"3067",-0.0331953664667918,0.00541138496164926,0.038606751428441,"consensus_tme","T cell CD8+","Fun-CIM"
"3130",0.0296579235711807,-0.0671873214759561,-0.0968452450471368,"consensus_tme","T cell CD8+","Fun-CIM"
"3161",-0.144537145728404,-0.159895815033579,-0.0153586693051751,"consensus_tme","T cell CD8+","Fun-CIM"
"97",-0.0837474995416128,-0.0790186528553986,0.00472884668621418,"consensus_tme","T cell CD8+","Fun-CIM"
"OB_0001",0.173059473582985,0.101246470715995,-0.0718130028669896,"consensus_tme","T cell CD8+","Fun-CIM"
"OB_0038",-0.0549572641774853,0.00336747419704139,0.0583247383745266,"consensus_tme","T cell CD8+","Fun-CIM"
"OB_0080",-0.070797380286117,-0.139392782470698,-0.068595402184581,"consensus_tme","T cell CD8+","Fun-CIM"
"OB_0139",0.239382825701759,0.496110756479081,0.256727930777323,"consensus_tme","T cell CD8+","Fun-CIM"
"OB_0163",-0.152033343597475,0.355651713958405,0.50768505755588,"consensus_tme","T cell CD8+","Fun-CIM"
"OB_0168",-0.163392748492483,-0.0778902592452101,0.0855024892472731,"consensus_tme","T cell CD8+","Fun-CIM"
"OB_0235",-0.106607601671983,0.0956909719626811,0.202298573634664,"consensus_tme","T cell CD8+","Fun-CIM"
"OB_0315",0.0679585812944541,0.0554622330064642,-0.01249634828799,"consensus_tme","T cell CD8+","Fun-CIM"
"2046",0.129665578815199,-0.0405448068321571,-0.170210385647356,"consensus_tme","T cell CD8+","Dys-CIM"
"2492",0.262090693669308,0.129631968159618,-0.13245872550969,"consensus_tme","T cell CD8+","Dys-CIM"
"2691",0.260392818975231,0.0831795853534131,-0.177213233621818,"consensus_tme","T cell CD8+","Dys-CIM"
"OB_0095",0.179534272111027,0.0893853114307175,-0.090148960680309,"consensus_tme","T cell CD8+","Dys-CIM"
"OB_0157",0.116224731924874,0.0711735496860293,-0.045051182238845,"consensus_tme","T cell CD8+","Dys-CIM"
"OB_0190",-0.0981111510870777,-0.112642241157115,-0.014531090070037,"consensus_tme","T cell CD8+","Dys-CIM"
"OB_0234",0.0402562557022907,-0.0770715068765947,-0.117327762578885,"consensus_tme","T cell CD8+","Dys-CIM"
"OB_0237",0.199675899574292,-0.0238974920989444,-0.223573391673236,"consensus_tme","T cell CD8+","Dys-CIM"
"OB_0261",0.265014069680443,-0.0104434631452955,-0.275457532825739,"consensus_tme","T cell CD8+","Dys-CIM"
"OB_0273",0.261296259251877,-0.0920497778149154,-0.353346037066792,"consensus_tme","T cell CD8+","Dys-CIM"
"OB_0344",0.105567085995405,-0.0518572471889574,-0.157424333184363,"consensus_tme","T cell CD8+","Dys-CIM"
"2271",-0.200792745437279,-0.165311911757861,0.0354808336794176,"consensus_tme","T cell gamma delta","Fun-CIM"
"2472",-0.0286803316016541,-0.160172927606358,-0.131492596004704,"consensus_tme","T cell gamma delta","Fun-CIM"
"2653",-0.134564734598104,-0.111541680793974,0.02302305380413,"consensus_tme","T cell gamma delta","Fun-CIM"
"2661",-0.147724940746185,-0.211354181050442,-0.063629240304257,"consensus_tme","T cell gamma delta","Fun-CIM"
"2677",0.0194214014829262,-0.134125569373449,-0.153546970856375,"consensus_tme","T cell gamma delta","Fun-CIM"
"2739",-0.284957492228959,-0.224458439027179,0.0604990532017797,"consensus_tme","T cell gamma delta","Fun-CIM"
"2789",0.0187581739736777,0.131177889106001,0.112419715132324,"consensus_tme","T cell gamma delta","Fun-CIM"
"2817",0.0348286763156406,-0.0116876394685983,-0.046516315784239,"consensus_tme","T cell gamma delta","Fun-CIM"
"2852",-0.1468378973368,-0.243488935850071,-0.0966510385132707,"consensus_tme","T cell gamma delta","Fun-CIM"
"2976",0.0090693390658474,0.13839286056594,0.129323521500093,"consensus_tme","T cell gamma delta","Fun-CIM"
"3001",-0.146280640551658,-0.201849165527097,-0.0555685249754392,"consensus_tme","T cell gamma delta","Fun-CIM"
"3036",-0.121157903943437,-0.0577139347691523,0.0634439691742849,"consensus_tme","T cell gamma delta","Fun-CIM"
"3065",-0.0459376001895847,-0.150510565261228,-0.104572965071643,"consensus_tme","T cell gamma delta","Fun-CIM"
"3067",-0.133365632191819,-0.127756180340428,0.00560945185139175,"consensus_tme","T cell gamma delta","Fun-CIM"
"3130",-0.0722841404686885,-0.177536732080481,-0.105252591611792,"consensus_tme","T cell gamma delta","Fun-CIM"
"3161",-0.254498671584662,-0.279125416271692,-0.0246267446870296,"consensus_tme","T cell gamma delta","Fun-CIM"
"97",-0.209989439142179,-0.176600455451897,0.0333889836902817,"consensus_tme","T cell gamma delta","Fun-CIM"
"OB_0001",0.103481317715381,0.0139925149542735,-0.0894888027611073,"consensus_tme","T cell gamma delta","Fun-CIM"
"OB_0038",-0.121614439102553,-0.0776815065926538,0.0439329325098989,"consensus_tme","T cell gamma delta","Fun-CIM"
"OB_0080",-0.150332627243812,-0.236906298407801,-0.0865736711639884,"consensus_tme","T cell gamma delta","Fun-CIM"
"OB_0139",0.216427993065381,0.451421256484703,0.234993263419322,"consensus_tme","T cell gamma delta","Fun-CIM"
"OB_0163",-0.221177827918228,0.276035741599434,0.497213569517662,"consensus_tme","T cell gamma delta","Fun-CIM"
"OB_0168",-0.252340615775867,-0.166279238641439,0.0860613771344285,"consensus_tme","T cell gamma delta","Fun-CIM"
"OB_0235",-0.214966798713332,-0.0107702826285398,0.204196516084793,"consensus_tme","T cell gamma delta","Fun-CIM"
"OB_0315",0.00679836172739211,-0.00510783357495831,-0.0119061953023504,"consensus_tme","T cell gamma delta","Fun-CIM"
"2046",0.0841040344888311,-0.088449741574221,-0.172553776063052,"consensus_tme","T cell gamma delta","Dys-CIM"
"2492",0.229541541502296,0.0836523341196689,-0.145889207382627,"consensus_tme","T cell gamma delta","Dys-CIM"
"2691",0.168554051350597,0.00305801064309402,-0.165496040707503,"consensus_tme","T cell gamma delta","Dys-CIM"
"OB_0095",0.13840282431404,0.0687470799228612,-0.069655744391179,"consensus_tme","T cell gamma delta","Dys-CIM"
"OB_0157",0.0760803310359878,0.0147985407566266,-0.0612817902793612,"consensus_tme","T cell gamma delta","Dys-CIM"
"OB_0190",-0.172023441013709,-0.162505407847221,0.0095180331664883,"consensus_tme","T cell gamma delta","Dys-CIM"
"OB_0234",0.0102941773757563,-0.11111818322031,-0.121412360596067,"consensus_tme","T cell gamma delta","Dys-CIM"
"OB_0237",0.153167025886043,-0.070999243742279,-0.224166269628322,"consensus_tme","T cell gamma delta","Dys-CIM"
"OB_0261",0.246601669671191,-0.0660608862601428,-0.312662555931334,"consensus_tme","T cell gamma delta","Dys-CIM"
"OB_0273",0.241442734746371,-0.167698398220713,-0.409141132967084,"consensus_tme","T cell gamma delta","Dys-CIM"
"OB_0344",0.0186813645218636,-0.137335705579194,-0.156017070101057,"consensus_tme","T cell gamma delta","Dys-CIM"
"2271",-0.173164748089508,-0.0424830785556072,0.130681669533901,"consensus_tme","T cell regulatory (Tregs)","Fun-CIM"
"2472",0.0287772597324434,-0.0579547532208123,-0.0867320129532557,"consensus_tme","T cell regulatory (Tregs)","Fun-CIM"
"2653",-0.0442297173783358,-0.0112773809127022,0.0329523364656336,"consensus_tme","T cell regulatory (Tregs)","Fun-CIM"
"2661",-0.0722785090838045,-0.166785628128305,-0.0945071190445008,"consensus_tme","T cell regulatory (Tregs)","Fun-CIM"
"2677",0.131842758957296,-0.0549589554838499,-0.186801714441146,"consensus_tme","T cell regulatory (Tregs)","Fun-CIM"
"2739",-0.224623221181786,-0.150358021462575,0.0742651997192104,"consensus_tme","T cell regulatory (Tregs)","Fun-CIM"
"2789",0.113601781842094,0.274870619568032,0.161268837725939,"consensus_tme","T cell regulatory (Tregs)","Fun-CIM"
"2817",0.112458771088788,0.072025282936403,-0.040433488152385,"consensus_tme","T cell regulatory (Tregs)","Fun-CIM"
"2852",-0.0769997591105026,-0.145714372876756,-0.0687146137662538,"consensus_tme","T cell regulatory (Tregs)","Fun-CIM"
"2976",0.128762998040921,0.278807606157312,0.15004460811639,"consensus_tme","T cell regulatory (Tregs)","Fun-CIM"
"3001",-0.0700560350712325,-0.142238182558858,-0.0721821474876253,"consensus_tme","T cell regulatory (Tregs)","Fun-CIM"
"3036",-0.00809532959075503,0.0513396080856284,0.0594349376763834,"consensus_tme","T cell regulatory (Tregs)","Fun-CIM"
"3065",0.0448969318642397,-0.00571817421633151,-0.0506151060805712,"consensus_tme","T cell regulatory (Tregs)","Fun-CIM"
"3067",-0.0962918926595445,-0.0634436386902941,0.0328482539692503,"consensus_tme","T cell regulatory (Tregs)","Fun-CIM"
"3130",0.0299148574539805,-0.0624827545629338,-0.0923976120169142,"consensus_tme","T cell regulatory (Tregs)","Fun-CIM"
"3161",-0.188187053000734,-0.168714600032326,0.0194724529684073,"consensus_tme","T cell regulatory (Tregs)","Fun-CIM"
"97",-0.117966775107157,-0.113151124904674,0.00481565020248285,"consensus_tme","T cell regulatory (Tregs)","Fun-CIM"
"OB_0001",0.163757899659472,0.0530525146877977,-0.110705384971674,"consensus_tme","T cell regulatory (Tregs)","Fun-CIM"
"OB_0038",-0.0777135495860225,0.0279288117055652,0.105642361291588,"consensus_tme","T cell regulatory (Tregs)","Fun-CIM"
"OB_0080",-0.106126331513037,-0.173622869350347,-0.0674965378373102,"consensus_tme","T cell regulatory (Tregs)","Fun-CIM"
"OB_0139",0.250841391635627,0.494897755233123,0.244056363597497,"consensus_tme","T cell regulatory (Tregs)","Fun-CIM"
"OB_0163",-0.196912680502391,0.327239839358197,0.524152519860588,"consensus_tme","T cell regulatory (Tregs)","Fun-CIM"
"OB_0168",-0.190553473253586,-0.11288756764199,0.0776659056115961,"consensus_tme","T cell regulatory (Tregs)","Fun-CIM"
"OB_0235",-0.167515722318715,0.0228082576026157,0.19032397992133,"consensus_tme","T cell regulatory (Tregs)","Fun-CIM"
"OB_0315",0.0797934365983494,0.00962570461844012,-0.0701677319799093,"consensus_tme","T cell regulatory (Tregs)","Fun-CIM"
"2046",0.130974543146059,-0.0276334833984584,-0.158608026544517,"consensus_tme","T cell regulatory (Tregs)","Dys-CIM"
"2492",0.283359328134054,0.109719033426344,-0.17364029470771,"consensus_tme","T cell regulatory (Tregs)","Dys-CIM"
"2691",0.255052558463502,0.0695590096964134,-0.185493548767089,"consensus_tme","T cell regulatory (Tregs)","Dys-CIM"
"OB_0095",0.157176978479783,0.0655923958168736,-0.0915845826629099,"consensus_tme","T cell regulatory (Tregs)","Dys-CIM"
"OB_0157",0.0854175237662931,0.0544436401826367,-0.0309738835836564,"consensus_tme","T cell regulatory (Tregs)","Dys-CIM"
"OB_0190",-0.169233937310094,-0.144796430217245,0.0244375070928488,"consensus_tme","T cell regulatory (Tregs)","Dys-CIM"
"OB_0234",0.0253025229413262,-0.0913062405022307,-0.116608763443557,"consensus_tme","T cell regulatory (Tregs)","Dys-CIM"
"OB_0237",0.214940984810283,-0.0359898490231419,-0.250930833833425,"consensus_tme","T cell regulatory (Tregs)","Dys-CIM"
"OB_0261",0.279343710398086,-0.0589015936950599,-0.338245304093146,"consensus_tme","T cell regulatory (Tregs)","Dys-CIM"
"OB_0273",0.272799204580926,-0.128921748394014,-0.401720952974941,"consensus_tme","T cell regulatory (Tregs)","Dys-CIM"
"OB_0344",0.121978557575958,-0.0693419500066245,-0.191320507582582,"consensus_tme","T cell regulatory (Tregs)","Dys-CIM"
"2271",-0.192748855867619,-0.154232708446791,0.038516147420828,"consensus_tme","cytotoxicity score","Fun-CIM"
"2472",-0.0281572767194173,-0.162505488012032,-0.134348211292615,"consensus_tme","cytotoxicity score","Fun-CIM"
"2653",-0.161255376010351,-0.170225636070134,-0.00897026005978319,"consensus_tme","cytotoxicity score","Fun-CIM"
"2661",-0.134771997765902,-0.240942198531224,-0.106170200765322,"consensus_tme","cytotoxicity score","Fun-CIM"
"2677",-0.0344084206328232,-0.225895037942468,-0.191486617309645,"consensus_tme","cytotoxicity score","Fun-CIM"
"2739",-0.279404753602336,-0.214135199754254,0.0652695538480815,"consensus_tme","cytotoxicity score","Fun-CIM"
"2789",0.00902354731042407,0.158498774454357,0.149475227143933,"consensus_tme","cytotoxicity score","Fun-CIM"
"2817",-0.034092856024567,0.0241489084345422,0.0582417644591093,"consensus_tme","cytotoxicity score","Fun-CIM"
"2852",-0.181686534237085,-0.273822202373239,-0.0921356681361539,"consensus_tme","cytotoxicity score","Fun-CIM"
"2976",-0.0646568145176603,0.103255046363124,0.167911860880784,"consensus_tme","cytotoxicity score","Fun-CIM"
"3001",-0.164194578076734,-0.209243389770437,-0.0450488116937033,"consensus_tme","cytotoxicity score","Fun-CIM"
"3036",-0.147429468869123,-0.111199962123231,0.0362295067458916,"consensus_tme","cytotoxicity score","Fun-CIM"
"3065",-0.104331067967858,-0.17534659463173,-0.0710155266638718,"consensus_tme","cytotoxicity score","Fun-CIM"
"3067",-0.172186978083007,-0.14646068781495,0.0257262902680576,"consensus_tme","cytotoxicity score","Fun-CIM"
"3130",-0.0824154481388419,-0.211138343481088,-0.128722895342247,"consensus_tme","cytotoxicity score","Fun-CIM"
"3161",-0.290213504002246,-0.295177716501137,-0.00496421249889056,"consensus_tme","cytotoxicity score","Fun-CIM"
"97",-0.252531468257137,-0.233505666631869,0.0190258016252686,"consensus_tme","cytotoxicity score","Fun-CIM"
"OB_0001",0.0776909547088237,0.0187923966471259,-0.0588985580616978,"consensus_tme","cytotoxicity score","Fun-CIM"
"OB_0038",-0.129889846211881,-0.127912559551516,0.00197728666036553,"consensus_tme","cytotoxicity score","Fun-CIM"
"OB_0080",-0.197581848552494,-0.301888878828043,-0.104307030275549,"consensus_tme","cytotoxicity score","Fun-CIM"
"OB_0139",0.18539385571435,0.408826027825719,0.223432172111369,"consensus_tme","cytotoxicity score","Fun-CIM"
"OB_0163",-0.254447422590572,0.259377927408805,0.513825349999378,"consensus_tme","cytotoxicity score","Fun-CIM"
"OB_0168",-0.267430097537203,-0.185716056781742,0.0817140407554615,"consensus_tme","cytotoxicity score","Fun-CIM"
"OB_0235",-0.244683356687096,0.00495028767733748,0.249633644364433,"consensus_tme","cytotoxicity score","Fun-CIM"
"OB_0315",-0.046334830782372,0.00575420617109973,0.0520890369534718,"consensus_tme","cytotoxicity score","Fun-CIM"
"2046",0.0446561044158905,-0.0817389207969916,-0.126395025212882,"consensus_tme","cytotoxicity score","Dys-CIM"
"2492",0.259749285613566,0.194286881558758,-0.0654624040548081,"consensus_tme","cytotoxicity score","Dys-CIM"
"2691",0.131063280699879,0.00385281094637443,-0.127210469753505,"consensus_tme","cytotoxicity score","Dys-CIM"
"OB_0095",0.141989281752666,0.121870723564663,-0.0201185581880026,"consensus_tme","cytotoxicity score","Dys-CIM"
"OB_0157",0.114608923617374,0.0899107372441189,-0.024698186373255,"consensus_tme","cytotoxicity score","Dys-CIM"
"OB_0190",-0.10986719184378,-0.137032734483728,-0.0271655426399482,"consensus_tme","cytotoxicity score","Dys-CIM"
"OB_0234",-0.0022992921712363,-0.0887754605057435,-0.0864761683345072,"consensus_tme","cytotoxicity score","Dys-CIM"
"OB_0237",0.0931980653372539,-0.067639662531358,-0.160837727868612,"consensus_tme","cytotoxicity score","Dys-CIM"
"OB_0261",0.233047076875962,-0.0508439942325517,-0.283891071108513,"consensus_tme","cytotoxicity score","Dys-CIM"
"OB_0273",0.231641766498997,-0.195987809274576,-0.427629575773573,"consensus_tme","cytotoxicity score","Dys-CIM"
"OB_0344",0.0112251828615755,-0.0915646731952497,-0.102789856056825,"consensus_tme","cytotoxicity score","Dys-CIM"
"2271",-0.0594351742463141,0.0303302779526879,0.0897654521990021,"consensus_tme","immune score","Fun-CIM"
"2472",0.0627840341601238,0.0345053631289407,-0.0282786710311831,"consensus_tme","immune score","Fun-CIM"
"2653",-0.0286118113470066,0.047979119769729,0.0765909311167356,"consensus_tme","immune score","Fun-CIM"
"2661",-0.0554166031155398,-0.0900595489580344,-0.0346429458424946,"consensus_tme","immune score","Fun-CIM"
"2677",0.110666674732942,0.0637066788731274,-0.0469599958598141,"consensus_tme","immune score","Fun-CIM"
"2739",-0.155421025314849,-0.093038432326856,0.0623825929879931,"consensus_tme","immune score","Fun-CIM"
"2789",0.0600235871793029,0.172785418990018,0.112761831810715,"consensus_tme","immune score","Fun-CIM"
"2817",0.101879120241546,0.0813542180497717,-0.0205249021917745,"consensus_tme","immune score","Fun-CIM"
"2852",-0.0627429445302354,-0.11698109980691,-0.0542381552766751,"consensus_tme","immune score","Fun-CIM"
"2976",0.097129750012946,0.231946166798532,0.134816416785586,"consensus_tme","immune score","Fun-CIM"
"3001",-0.0341305144752887,-0.0720980905531457,-0.037967576077857,"consensus_tme","immune score","Fun-CIM"
"3036",0.0165270222028979,0.112400997378445,0.0958739751755467,"consensus_tme","immune score","Fun-CIM"
"3065",0.0723883175765882,-0.0008350767485911,-0.0732233943251793,"consensus_tme","immune score","Fun-CIM"
"3067",-0.00924030849013103,0.0419204359596443,0.0511607444497754,"consensus_tme","immune score","Fun-CIM"
"3130",0.0102323375652349,-0.0298704462126408,-0.0401027837778757,"consensus_tme","immune score","Fun-CIM"
"3161",-0.0705536427649381,-0.109667667157739,-0.0391140243928006,"consensus_tme","immune score","Fun-CIM"
"97",-0.0305851340585989,-0.0238028647061171,0.00678226935248179,"consensus_tme","immune score","Fun-CIM"
"OB_0001",0.150705680349151,0.101056517077932,-0.0496491632712186,"consensus_tme","immune score","Fun-CIM"
"OB_0038",0.00661148537946765,0.0753368225304865,0.0687253371510189,"consensus_tme","immune score","Fun-CIM"
"OB_0080",-0.0269247652089939,-0.0883906828162877,-0.0614659176072938,"consensus_tme","immune score","Fun-CIM"
"OB_0139",0.245038473940046,0.446418154646189,0.201379680706143,"consensus_tme","immune score","Fun-CIM"
"OB_0163",-0.11643682880698,0.30292481868688,0.41936164749386,"consensus_tme","immune score","Fun-CIM"
"OB_0168",-0.124957713454003,-0.0657250518498752,0.0592326616041276,"consensus_tme","immune score","Fun-CIM"
"OB_0235",-0.0304784265057492,0.091185184306819,0.121663610812568,"consensus_tme","immune score","Fun-CIM"
"OB_0315",0.0690088764998503,0.0886327016462677,0.0196238251464174,"consensus_tme","immune score","Fun-CIM"
"2046",0.163075677206555,0.0278413666331519,-0.135234310573403,"consensus_tme","immune score","Dys-CIM"
"2492",0.265718707709317,0.147204305065638,-0.118514402643679,"consensus_tme","immune score","Dys-CIM"
"2691",0.262115691839908,0.0841940919514339,-0.177921599888474,"consensus_tme","immune score","Dys-CIM"
"OB_0095",0.161364519648639,0.0857825404703881,-0.0755819791782506,"consensus_tme","immune score","Dys-CIM"
"OB_0157",0.136713252929254,0.0952758431751287,-0.041437409754125,"consensus_tme","immune score","Dys-CIM"
"OB_0190",-0.0597844877718246,-0.0500764545230483,0.00970803324877627,"consensus_tme","immune score","Dys-CIM"
"OB_0234",0.0421371918474466,-0.00425049817908108,-0.0463876900265277,"consensus_tme","immune score","Dys-CIM"
"OB_0237",0.223503321797193,0.000927885379266134,-0.222575436417927,"consensus_tme","immune score","Dys-CIM"
"OB_0261",0.253374211227512,0.0156342081407287,-0.237740003086783,"consensus_tme","immune score","Dys-CIM"
"OB_0273",0.252113932013968,-0.0442333856458527,-0.296347317659821,"consensus_tme","immune score","Dys-CIM"
"OB_0344",0.135240892528967,-0.0154575457664055,-0.150698438295372,"consensus_tme","immune score","Dys-CIM"
"2271",0.00220455001749317,0.000000266640621790362,-0.00220428337687138,"epic","B cell","Fun-CIM"
"2472",0.0144256108597387,0.0122068871495317,-0.00221872371020708,"epic","B cell","Fun-CIM"
"2653",0.00580291747866463,0.00107431881702884,-0.00472859866163579,"epic","B cell","Fun-CIM"
"2661",0.00830643098726954,0.00332460873906583,-0.00498182224820371,"epic","B cell","Fun-CIM"
"2677",0.0200132964899165,0.000000335107215628437,-0.0200129613827008,"epic","B cell","Fun-CIM"
"2739",0.00193355979382066,0.00275668499234205,0.000823125198521389,"epic","B cell","Fun-CIM"
"2789",0.00122260691892055,0.0000000123876412758244,-0.00122259453127927,"epic","B cell","Fun-CIM"
"2817",0.00236256525151503,0.0105333814120275,0.00817081616051249,"epic","B cell","Fun-CIM"
"2852",0.00151167202605825,0.00193979230591041,0.000428120279852158,"epic","B cell","Fun-CIM"
"2976",0.013105052624457,0.00447190452822085,-0.00863314809623619,"epic","B cell","Fun-CIM"
"3001",0.0365978415217479,0.0022181331286906,-0.0343797083930573,"epic","B cell","Fun-CIM"
"3036",0.0191498846386288,0.0200060783249786,0.000856193686349788,"epic","B cell","Fun-CIM"
"3065",0.000000543185280095738,0.000000115309383408106,-0.000000427875896687632,"epic","B cell","Fun-CIM"
"3067",0.00220720444719339,0.000141136585522404,-0.00206606786167099,"epic","B cell","Fun-CIM"
"3130",0.000849383403550945,0.000045975304613204,-0.000803408098937741,"epic","B cell","Fun-CIM"
"3161",0.000000965258653451854,0.0000587094653115261,0.0000577442066580743,"epic","B cell","Fun-CIM"
"97",0.000000628764440270806,0.0000366443085154174,0.0000360155440751466,"epic","B cell","Fun-CIM"
"OB_0001",0.0205674508901863,0.00348038666801572,-0.0170870642221706,"epic","B cell","Fun-CIM"
"OB_0038",0.000929302360686602,0.0000374104014967871,-0.000891891959189815,"epic","B cell","Fun-CIM"
"OB_0080",0.0000220968877496386,0.000237639370144825,0.000215542482395187,"epic","B cell","Fun-CIM"
"OB_0139",0.0314768512974468,0.0343112356108704,0.00283438431342359,"epic","B cell","Fun-CIM"
"OB_0163",0.000444900862546504,0.0000244275046612129,-0.000420473357885291,"epic","B cell","Fun-CIM"
"OB_0168",0.00119306074637146,0.00377377680867038,0.00258071606229891,"epic","B cell","Fun-CIM"
"OB_0235",0.00000563882039099932,0.000659151007795853,0.000653512187404854,"epic","B cell","Fun-CIM"
"OB_0315",0.0020891252816815,0.00177040368428902,-0.000318721597392484,"epic","B cell","Fun-CIM"
"2046",0.0304217213265636,0.00391197147442103,-0.0265097498521426,"epic","B cell","Dys-CIM"
"2492",0.0463390935679348,0.0113996887705091,-0.0349394047974257,"epic","B cell","Dys-CIM"
"2691",0.0000856562366971371,0.000000143861862789808,-0.0000855123748343473,"epic","B cell","Dys-CIM"
"OB_0095",0.00530229048909168,0.000583571661137952,-0.00471871882795373,"epic","B cell","Dys-CIM"
"OB_0157",0.0064884446719876,0.00296129777029692,-0.00352714690169068,"epic","B cell","Dys-CIM"
"OB_0190",0.00258765040112683,0.000811044562371188,-0.00177660583875564,"epic","B cell","Dys-CIM"
"OB_0234",0.000420439423079259,0.00000016336516674759,-0.000420276057912511,"epic","B cell","Dys-CIM"
"OB_0237",0.0682535339318917,0.00239008509862179,-0.0658634488332699,"epic","B cell","Dys-CIM"
"OB_0261",0.0149275397988949,0.00642376944614285,-0.00850377035275204,"epic","B cell","Dys-CIM"
"OB_0273",0.0155332723207207,0.000561944765380017,-0.0149713275553407,"epic","B cell","Dys-CIM"
"OB_0344",0.0227895461032685,0.00202618954704398,-0.0207633565562246,"epic","B cell","Dys-CIM"
"2271",0.0682015446278129,0.987118408582868,0.918916863955056,"epic","Cancer associated fibroblast","Fun-CIM"
"2472",0.0600673582620503,0.275197352053835,0.215129993791785,"epic","Cancer associated fibroblast","Fun-CIM"
"2653",0.0882255989168503,0.984324724115665,0.896099125198814,"epic","Cancer associated fibroblast","Fun-CIM"
"2661",0.00278019365974682,0.0601136082462652,0.0573334145865184,"epic","Cancer associated fibroblast","Fun-CIM"
"2677",0.302282041978362,0.80865777482424,0.506375732845878,"epic","Cancer associated fibroblast","Fun-CIM"
"2739",0.0687073566953163,0.45160711074578,0.382899754050464,"epic","Cancer associated fibroblast","Fun-CIM"
"2789",0.511290039825629,0.999957408352492,0.488667368526864,"epic","Cancer associated fibroblast","Fun-CIM"
"2817",0.300347917897741,0.294832143855315,-0.00551577404242604,"epic","Cancer associated fibroblast","Fun-CIM"
"2852",0.211088135684121,0.362335529119375,0.151247393435255,"epic","Cancer associated fibroblast","Fun-CIM"
"2976",0.301715934883752,0.958172215965565,0.656456281081813,"epic","Cancer associated fibroblast","Fun-CIM"
"3001",0.187488889701089,0.499353288508095,0.311864398807007,"epic","Cancer associated fibroblast","Fun-CIM"
"3036",0.422847228668654,0.851628848571804,0.42878161990315,"epic","Cancer associated fibroblast","Fun-CIM"
"3065",0.420165209509895,0.999998513282763,0.579833303772869,"epic","Cancer associated fibroblast","Fun-CIM"
"3067",0.0654288985470178,0.59460625571561,0.529177357168592,"epic","Cancer associated fibroblast","Fun-CIM"
"3130",0.998677331923294,0.999246660475764,0.000569328552470272,"epic","Cancer associated fibroblast","Fun-CIM"
"3161",0.997618165877391,0.999389978187019,0.00177181230962786,"epic","Cancer associated fibroblast","Fun-CIM"
"97",0.224052569476192,0.415679589078421,0.191627019602229,"epic","Cancer associated fibroblast","Fun-CIM"
"OB_0001",0.0235117515929465,0.0359001442393452,0.0123883926463987,"epic","Cancer associated fibroblast","Fun-CIM"
"OB_0038",0.233886231897753,0.40684775957994,0.172961527682187,"epic","Cancer associated fibroblast","Fun-CIM"
"OB_0080",0.0688588180055642,0.155584765118126,0.0867259471125618,"epic","Cancer associated fibroblast","Fun-CIM"
"OB_0139",0.0340917473709413,0.360362141582526,0.326270394211584,"epic","Cancer associated fibroblast","Fun-CIM"
"OB_0163",0.210346063588768,0.97902792272962,0.768681859140852,"epic","Cancer associated fibroblast","Fun-CIM"
"OB_0168",0.22116627386892,0.332006663431175,0.110840389562255,"epic","Cancer associated fibroblast","Fun-CIM"
"OB_0235",0.382264045543843,0.430338280116519,0.0480742345726762,"epic","Cancer associated fibroblast","Fun-CIM"
"OB_0315",0.203665698031667,0.10697032202341,-0.0966953760082578,"epic","Cancer associated fibroblast","Fun-CIM"
"2046",0.0404133404022901,0.0243834181082995,-0.0160299222939905,"epic","Cancer associated fibroblast","Dys-CIM"
"2492",0.134174497876543,0.473209502069293,0.33903500419275,"epic","Cancer associated fibroblast","Dys-CIM"
"2691",0.506958818485867,0.999999059263448,0.493040240777581,"epic","Cancer associated fibroblast","Dys-CIM"
"OB_0095",0.0350291695216275,0.00388832792975562,-0.0311408415918719,"epic","Cancer associated fibroblast","Dys-CIM"
"OB_0157",0.0640839338341957,0.0292031336254,-0.0348808002087957,"epic","Cancer associated fibroblast","Dys-CIM"
"OB_0190",0.0510503691178952,0.00984434219048505,-0.0412060269274101,"epic","Cancer associated fibroblast","Dys-CIM"
"OB_0234",0.0898993435181127,0.011555295870053,-0.0783440476480597,"epic","Cancer associated fibroblast","Dys-CIM"
"OB_0237",0.0340466694146303,0.0147593195985675,-0.0192873498160629,"epic","Cancer associated fibroblast","Dys-CIM"
"OB_0261",0.0340429896184937,0.0246329249873213,-0.00941006463117243,"epic","Cancer associated fibroblast","Dys-CIM"
"OB_0273",0.0362193352898328,0.0956918673813595,0.0594725320915267,"epic","Cancer associated fibroblast","Dys-CIM"
"OB_0344",0.225139293287177,0.0487329396537338,-0.176406353633443,"epic","Cancer associated fibroblast","Dys-CIM"
"2271",0.0230125112872478,0.0000253156679793423,-0.0229871956192684,"epic","Endothelial cell","Fun-CIM"
"2472",0.0157870974968883,0.0180564678953619,0.0022693703984735,"epic","Endothelial cell","Fun-CIM"
"2653",0.0393324173596598,0.0141396936481413,-0.0251927237115185,"epic","Endothelial cell","Fun-CIM"
"2661",0.0245483882938642,0.0362091693984888,0.0116607811046246,"epic","Endothelial cell","Fun-CIM"
"2677",0.165382770289539,0.0379303785065144,-0.127452391783024,"epic","Endothelial cell","Fun-CIM"
"2739",0.0690369796091019,0.117243904393587,0.0482069247844848,"epic","Endothelial cell","Fun-CIM"
"2789",0.00521806221726561,0.0000036667766448529,-0.00521439544062075,"epic","Endothelial cell","Fun-CIM"
"2817",0.0404382693875895,0.438115574257539,0.39767730486995,"epic","Endothelial cell","Fun-CIM"
"2852",0.057411714921783,0.0511010094584766,-0.00631070546330634,"epic","Endothelial cell","Fun-CIM"
"2976",0.0277138537533414,0.0040862440442421,-0.0236276097090993,"epic","Endothelial cell","Fun-CIM"
"3001",0.0789533749139717,0.0943968847347674,0.0154435098207958,"epic","Endothelial cell","Fun-CIM"
"3036",0.070009813667008,0.0636899275622217,-0.0063198861047863,"epic","Endothelial cell","Fun-CIM"
"3065",0.02180257305242,0.0000000370284978603178,-0.0218025360239222,"epic","Endothelial cell","Fun-CIM"
"3067",0.083332698436024,0.379810918833321,0.296478220397297,"epic","Endothelial cell","Fun-CIM"
"3130",0.000334687127757469,0.0000192384202463319,-0.000315448707511137,"epic","Endothelial cell","Fun-CIM"
"3161",0.00140516200933684,0.000000111194457194482,-0.00140505081487965,"epic","Endothelial cell","Fun-CIM"
"97",0.0282535320368344,0.0164619155384919,-0.0117916164983425,"epic","Endothelial cell","Fun-CIM"
"OB_0001",0.0203473717214759,0.0503732085293224,0.0300258368078465,"epic","Endothelial cell","Fun-CIM"
"OB_0038",0.0194922672797982,0.0154828000960682,-0.00400946718373002,"epic","Endothelial cell","Fun-CIM"
"OB_0080",0.0195474953544379,0.0281092453400394,0.00856174998560153,"epic","Endothelial cell","Fun-CIM"
"OB_0139",0.0135428081141972,0.0000271639526721169,-0.0135156441615251,"epic","Endothelial cell","Fun-CIM"
"OB_0163",0.0191779335605491,0.0000204527339173981,-0.0191574808266317,"epic","Endothelial cell","Fun-CIM"
"OB_0168",0.00713447127228287,0.0295019731857932,0.0223675019135104,"epic","Endothelial cell","Fun-CIM"
"OB_0235",0.0150597231072954,0.0622731467805546,0.0472134236732592,"epic","Endothelial cell","Fun-CIM"
"OB_0315",0.0349512139386762,0.0229409062039713,-0.012010307734705,"epic","Endothelial cell","Fun-CIM"
"2046",0.0433056276052686,0.0113618975428018,-0.0319437300624668,"epic","Endothelial cell","Dys-CIM"
"2492",0.0252243001686479,0.0146258749981057,-0.0105984251705422,"epic","Endothelial cell","Dys-CIM"
"2691",0.00378455031503169,0.000000015122074675201,-0.00378453519295701,"epic","Endothelial cell","Dys-CIM"
"OB_0095",0.0296404923084556,0.00990400972300568,-0.0197364825854499,"epic","Endothelial cell","Dys-CIM"
"OB_0157",0.0164238053120252,0.00429193440728421,-0.012131870904741,"epic","Endothelial cell","Dys-CIM"
"OB_0190",0.0156738020089034,0.00812594590386102,-0.0075478561050424,"epic","Endothelial cell","Dys-CIM"
"OB_0234",0.00707083671483183,0.0071495438412725,0.0000787071264406703,"epic","Endothelial cell","Dys-CIM"
"OB_0237",0.00792589134173221,0.00619464996325073,-0.00173124137848148,"epic","Endothelial cell","Dys-CIM"
"OB_0261",0.0103730732659219,0.00985815743937663,-0.000514915826545299,"epic","Endothelial cell","Dys-CIM"
"OB_0273",0.0104749921929863,0.0190097786865342,0.0085347864935479,"epic","Endothelial cell","Dys-CIM"
"OB_0344",0.085766971318116,0.0339683711469824,-0.0517986001711336,"epic","Endothelial cell","Dys-CIM"
"2271",0.00771306635917635,0.0124751033222093,0.00476203696303292,"epic","Macrophage","Fun-CIM"
"2472",0.0112959630462053,0.0151480280969423,0.00385206505073696,"epic","Macrophage","Fun-CIM"
"2653",0.00584342025802639,0.00000151983715570009,-0.00584190042087069,"epic","Macrophage","Fun-CIM"
"2661",0.00634177379052531,0.010906963340667,0.00456518955014172,"epic","Macrophage","Fun-CIM"
"2677",0.0191478060787162,0.028283206281107,0.0091354002023908,"epic","Macrophage","Fun-CIM"
"2739",0.0061441647268489,0.0068724173985209,0.000728252671672007,"epic","Macrophage","Fun-CIM"
"2789",0.010998132875783,0.0000104031896653768,-0.0109877296861176,"epic","Macrophage","Fun-CIM"
"2817",0.023849435028416,0.00469383810835973,-0.0191555969200563,"epic","Macrophage","Fun-CIM"
"2852",0.00908195023875041,0.00438074629107093,-0.00470120394767948,"epic","Macrophage","Fun-CIM"
"2976",0.0153424149530029,0.0293606590510459,0.014018244098043,"epic","Macrophage","Fun-CIM"
"3001",0.00454585971921588,0.00761573472763837,0.0030698750084225,"epic","Macrophage","Fun-CIM"
"3036",0.00720453393189096,0.0230482485354483,0.0158437146035574,"epic","Macrophage","Fun-CIM"
"3065",0.0155686534739487,0.0000000367043090752146,-0.0155686167696396,"epic","Macrophage","Fun-CIM"
"3067",0.0144556388904814,0.0165806670775789,0.00212502818709744,"epic","Macrophage","Fun-CIM"
"3130",0.000130599320247756,0.0000000359254249715173,-0.000130563394822785,"epic","Macrophage","Fun-CIM"
"3161",0.00000000014401669111354,0.000452536679598564,0.000452536535581873,"epic","Macrophage","Fun-CIM"
"97",0.0176355516225437,0.00980619089427439,-0.00782936072826933,"epic","Macrophage","Fun-CIM"
"OB_0001",0.0217971724017504,0.0247827573897489,0.00298558498799851,"epic","Macrophage","Fun-CIM"
"OB_0038",0.00959347861359047,0.0228918398844787,0.0132983612708882,"epic","Macrophage","Fun-CIM"
"OB_0080",0.0324122951958501,0.0117227894961311,-0.020689505699719,"epic","Macrophage","Fun-CIM"
"OB_0139",0.031098610285905,0.446707727608086,0.415609117322181,"epic","Macrophage","Fun-CIM"
"OB_0163",0.00829325809538965,0.0209269666049608,0.0126337085095711,"epic","Macrophage","Fun-CIM"
"OB_0168",0.0052965257732522,0.0061744533690459,0.000877927595793701,"epic","Macrophage","Fun-CIM"
"OB_0235",0.0101663929132535,0.0106712398617433,0.000504846948489769,"epic","Macrophage","Fun-CIM"
"OB_0315",0.0139171944055873,0.0148726101822857,0.000955415776698431,"epic","Macrophage","Fun-CIM"
"2046",0.0312355643964574,0.00755413636011378,-0.0236814280363437,"epic","Macrophage","Dys-CIM"
"2492",0.0262055277092591,0.0123616833510159,-0.0138438443582432,"epic","Macrophage","Dys-CIM"
"2691",0.212325993057282,0.000000207906515983883,-0.212325785150766,"epic","Macrophage","Dys-CIM"
"OB_0095",0.0180919325735704,0.0142833811482319,-0.00380855142533848,"epic","Macrophage","Dys-CIM"
"OB_0157",0.0176952364100204,0.0127944574382788,-0.00490077897174169,"epic","Macrophage","Dys-CIM"
"OB_0190",0.00527348565619099,0.013912956396954,0.008639470740763,"epic","Macrophage","Dys-CIM"
"OB_0234",0.00654972693431997,0.00499159153604325,-0.00155813539827673,"epic","Macrophage","Dys-CIM"
"OB_0237",0.0284377421292074,0.00851572489421367,-0.0199220172349937,"epic","Macrophage","Dys-CIM"
"OB_0261",0.0217848408049714,0.00665466685666849,-0.0151301739483029,"epic","Macrophage","Dys-CIM"
"OB_0273",0.0213818641750679,0.0101462066451448,-0.011235657529923,"epic","Macrophage","Dys-CIM"
"OB_0344",0.0121982008007062,0.00417280565619134,-0.0080253951445149,"epic","Macrophage","Dys-CIM"
"2271",0.00000000300108520939395,0.000370753498879263,0.000370750497794053,"epic","NK cell","Fun-CIM"
"2472",0.000383721166492119,0.0000730280681110403,-0.000310693098381079,"epic","NK cell","Fun-CIM"
"2653",0.0000000038854405158825,0.00000611025088748579,0.00000610636544696991,"epic","NK cell","Fun-CIM"
"2661",0.000000000043822736956578,0.000000000228159438228348,0.00000000018433670127177,"epic","NK cell","Fun-CIM"
"2677",0.00000000568231732926872,0.00000358936668377766,0.00000358368436644839,"epic","NK cell","Fun-CIM"
"2739",0.000000012884827573571,0.000000140423557237797,0.000000127538729664226,"epic","NK cell","Fun-CIM"
"2789",0.000386805945546909,0.0000034884672466933,-0.000383317478300215,"epic","NK cell","Fun-CIM"
"2817",0.00000000807008493852267,0.000237777546699104,0.000237769476614165,"epic","NK cell","Fun-CIM"
"2852",0.0000000206174852255133,0.000000597415211374941,0.000000576797726149428,"epic","NK cell","Fun-CIM"
"2976",0.000050001176045901,0.00107886494537001,0.0010288637693241,"epic","NK cell","Fun-CIM"
"3001",0.00000000819403269580406,0.00000000570860666131259,-0.00000000248542603449147,"epic","NK cell","Fun-CIM"
"3036",0.0000310302366249285,0.000000469384206672201,-0.0000305608524182563,"epic","NK cell","Fun-CIM"
"3065",0.00000128856252499737,0.00000000403651835985084,-0.00000128452600663752,"epic","NK cell","Fun-CIM"
"3067",0.0000000021048019602709,0.000673545198487158,0.000673543093685198,"epic","NK cell","Fun-CIM"
"3130",0.00000153647458131154,0.0000855546779842406,0.0000840182034029291,"epic","NK cell","Fun-CIM"
"3161",0.000617838632797936,0.0000622499217909798,-0.000555588711006956,"epic","NK cell","Fun-CIM"
"97",0.000000120246910520422,0.0000000641507732819747,-0.000000056096137238447,"epic","NK cell","Fun-CIM"
"OB_0001",0.00000000335027632443383,0.000000000399166610575034,-0.0000000029511097138588,"epic","NK cell","Fun-CIM"
"OB_0038",0.000000302410537098054,0.000000637506429385954,0.0000003350958922879,"epic","NK cell","Fun-CIM"
"OB_0080",0.000000361483264479614,0.0000000633702833504425,-0.000000298112981129171,"epic","NK cell","Fun-CIM"
"OB_0139",0.000913989416037965,0.0175798253867539,0.016665835970716,"epic","NK cell","Fun-CIM"
"OB_0163",0.0000000789714558296506,0.0000000422022218694252,-0.0000000367692339602254,"epic","NK cell","Fun-CIM"
"OB_0168",0.000000017406845621977,0.0000000335104666637201,0.0000000161036210417431,"epic","NK cell","Fun-CIM"
"OB_0235",0.00000699468610155435,0.000000144911607011201,-0.00000684977449454315,"epic","NK cell","Fun-CIM"
"OB_0315",0.000589902413325573,0.000000209983518811429,-0.000589692429806761,"epic","NK cell","Fun-CIM"
"2046",0.0000000136616425634257,0.0000000392915651448777,0.000000025629922581452,"epic","NK cell","Dys-CIM"
"2492",0.021490984943633,0.015738587638012,-0.00575239730562095,"epic","NK cell","Dys-CIM"
"2691",0.00135698664158843,0.000000492901398338805,-0.00135649374019009,"epic","NK cell","Dys-CIM"
"OB_0095",0.000972977960903091,0.00318626890727475,0.00221329094637166,"epic","NK cell","Dys-CIM"
"OB_0157",0.0000000603579864095796,0.00010935614794896,0.00010929578996255,"epic","NK cell","Dys-CIM"
"OB_0190",0.0000000105858529244586,0.00000000114298835077767,-0.00000000944286457368094,"epic","NK cell","Dys-CIM"
"OB_0234",0.000250517364478007,0.0000000567894442987289,-0.000250460575033708,"epic","NK cell","Dys-CIM"
"OB_0237",0.000000132812286075401,0.00000000212511041835276,-0.000000130687175657048,"epic","NK cell","Dys-CIM"
"OB_0261",0.0000000228525648038987,0.000000000232647055020827,-0.0000000226199177488779,"epic","NK cell","Dys-CIM"
"OB_0273",0.00000000525678842928165,0.00000000338557018631916,-0.00000000187121824296249,"epic","NK cell","Dys-CIM"
"OB_0344",0.000000246665777944431,0.00000052059924804184,0.000000273933470097409,"epic","NK cell","Dys-CIM"
"2271",0.0377550256084648,0.000000150091736848154,-0.037754875516728,"epic","T cell CD4+","Fun-CIM"
"2472",0.0351763023931234,0.03248387959045,-0.00269242280267343,"epic","T cell CD4+","Fun-CIM"
"2653",0.0562825949364326,0.000444117891773305,-0.0558384770446593,"epic","T cell CD4+","Fun-CIM"
"2661",0.0836766574010988,0.0811847222556036,-0.00249193514549521,"epic","T cell CD4+","Fun-CIM"
"2677",0.0774407714001163,0.0217833263224999,-0.0556574450776163,"epic","T cell CD4+","Fun-CIM"
"2739",0.0520423677158244,0.0440522018994585,-0.00799016581636592,"epic","T cell CD4+","Fun-CIM"
"2789",0.0250052618490918,0.000000102122127314075,-0.0250051597269645,"epic","T cell CD4+","Fun-CIM"
"2817",0.0992882223639,0.0783342770543485,-0.0209539453095516,"epic","T cell CD4+","Fun-CIM"
"2852",0.049770986728812,0.0464678827651215,-0.0033031039636905,"epic","T cell CD4+","Fun-CIM"
"2976",0.0478959634632725,0.00282246932101495,-0.0450734941422576,"epic","T cell CD4+","Fun-CIM"
"3001",0.0344539441953594,0.0465718321405013,0.0121178879451419,"epic","T cell CD4+","Fun-CIM"
"3036",0.0580450795864177,0.0415858521856334,-0.0164592274007843,"epic","T cell CD4+","Fun-CIM"
"3065",0.0466831384123045,0.00000128907301527088,-0.0466818493392892,"epic","T cell CD4+","Fun-CIM"
"3067",0.0380630974173136,0.00777046541560437,-0.0302926320017092,"epic","T cell CD4+","Fun-CIM"
"3130",0.000000509989018144213,0.0000000918376726285857,-0.000000418151345515627,"epic","T cell CD4+","Fun-CIM"
"3161",0.0000000451429293905302,0.000000416264961987418,0.000000371122032596888,"epic","T cell CD4+","Fun-CIM"
"97",0.0692750719641407,0.0685689684854373,-0.00070610347870341,"epic","T cell CD4+","Fun-CIM"
"OB_0001",0.0302743032695943,0.0376070999144846,0.0073327966448903,"epic","T cell CD4+","Fun-CIM"
"OB_0038",0.0254470422519996,0.0458741715863718,0.0204271293343722,"epic","T cell CD4+","Fun-CIM"
"OB_0080",0.00662065135467291,0.0115761645616329,0.00495551320696,"epic","T cell CD4+","Fun-CIM"
"OB_0139",0.0521910689495311,0.120456964201421,0.0682658952518896,"epic","T cell CD4+","Fun-CIM"
"OB_0163",0.0150046980194569,0.0000000264871034419095,-0.0150046715323535,"epic","T cell CD4+","Fun-CIM"
"OB_0168",0.0190634029845708,0.0279192312216738,0.00885582823710298,"epic","T cell CD4+","Fun-CIM"
"OB_0235",0.00000459049138128392,0.025512165195978,0.0255075747045968,"epic","T cell CD4+","Fun-CIM"
"OB_0315",0.0153292239246231,0.0235921705890665,0.00826294666444333,"epic","T cell CD4+","Fun-CIM"
"2046",0.0437316885108685,0.0299295922800817,-0.0138020962307868,"epic","T cell CD4+","Dys-CIM"
"2492",0.0838596866314277,0.0316855354291922,-0.0521741512022356,"epic","T cell CD4+","Dys-CIM"
"2691",0.0721163061108402,0.000000078210414595151,-0.0721162279004256,"epic","T cell CD4+","Dys-CIM"
"OB_0095",0.0149094987937632,0.0120255156622774,-0.00288398313148586,"epic","T cell CD4+","Dys-CIM"
"OB_0157",0.0314362994563671,0.0111337937643703,-0.0203025056919968,"epic","T cell CD4+","Dys-CIM"
"OB_0190",0.0298062137035716,0.018847016657251,-0.0109591970463206,"epic","T cell CD4+","Dys-CIM"
"OB_0234",0.0387064556669672,0.0269798069852658,-0.0117266486817014,"epic","T cell CD4+","Dys-CIM"
"OB_0237",0.0311321363054731,0.0244547097554979,-0.00667742654997516,"epic","T cell CD4+","Dys-CIM"
"OB_0261",0.0401485204709807,0.0208167995519006,-0.0193317209190802,"epic","T cell CD4+","Dys-CIM"
"OB_0273",0.0429466250983524,0.02577364823482,-0.0171729768635324,"epic","T cell CD4+","Dys-CIM"
"OB_0344",0.0459854749905611,0.0190882037219121,-0.026897271268649,"epic","T cell CD4+","Dys-CIM"
"2271",0.0152472516115037,0.00000947927975704876,-0.0152377723317467,"epic","T cell CD8+","Fun-CIM"
"2472",0.00894252489570334,0.000263517425286047,-0.0086790074704173,"epic","T cell CD8+","Fun-CIM"
"2653",0.0178323230843515,0.00000644532910843544,-0.0178258777552431,"epic","T cell CD8+","Fun-CIM"
"2661",0.0268020661560626,0.0287063728331014,0.0019043066770388,"epic","T cell CD8+","Fun-CIM"
"2677",0.00527397284405036,0.0000207623633799371,-0.00525321048067043,"epic","T cell CD8+","Fun-CIM"
"2739",0.0180315267829183,0.0000216251032569755,-0.0180099016796613,"epic","T cell CD8+","Fun-CIM"
"2789",0.000000143489496575356,0.0000246980811347997,0.0000245545916382243,"epic","T cell CD8+","Fun-CIM"
"2817",0.0220707277808551,0.00000691925317439285,-0.0220638085276807,"epic","T cell CD8+","Fun-CIM"
"2852",0.00408251950335639,0.00000210982457894998,-0.00408040967877744,"epic","T cell CD8+","Fun-CIM"
"2976",0.00137718489636532,0.00000743432039447582,-0.00136975057597084,"epic","T cell CD8+","Fun-CIM"
"3001",0.00602654260631106,0.000031983226000694,-0.00599455938031037,"epic","T cell CD8+","Fun-CIM"
"3036",0.00000106821020333603,0.000025862736929691,0.000024794526726355,"epic","T cell CD8+","Fun-CIM"
"3065",0.0075294861623469,0.00000000363397819196775,-0.00752948252836871,"epic","T cell CD8+","Fun-CIM"
"3067",0.0243801087395811,0.000336796392949127,-0.0240433123466319,"epic","T cell CD8+","Fun-CIM"
"3130",0.00000584098790923827,0.000602443033549044,0.000596602045639806,"epic","T cell CD8+","Fun-CIM"
"3161",0.000355580439620841,0.0000359810817914636,-0.000319599357829377,"epic","T cell CD8+","Fun-CIM"
"97",0.0193413067189485,0.000000606348992897662,-0.0193407003699556,"epic","T cell CD8+","Fun-CIM"
"OB_0001",0.0222607754520698,0.0225067501464608,0.000245974694391055,"epic","T cell CD8+","Fun-CIM"
"OB_0038",0.00830002106400478,0.0000102421209952507,-0.00828977894300953,"epic","T cell CD8+","Fun-CIM"
"OB_0080",0.00858854948252017,0.00114574330628691,-0.00744280617623326,"epic","T cell CD8+","Fun-CIM"
"OB_0139",0.0159379505048004,0.0205215133586717,0.00458356285387137,"epic","T cell CD8+","Fun-CIM"
"OB_0163",0.00585597957842413,0.000000157764990685406,-0.00585582181343345,"epic","T cell CD8+","Fun-CIM"
"OB_0168",0.00377674860133048,0.00575470286539518,0.0019779542640647,"epic","T cell CD8+","Fun-CIM"
"OB_0235",0.00822622109717078,0.0123135774724497,0.0040873563752789,"epic","T cell CD8+","Fun-CIM"
"OB_0315",0.0424195850910096,0.0433485861646907,0.000929001073681088,"epic","T cell CD8+","Fun-CIM"
"2046",0.0252276089088528,0.0187203783737794,-0.00650723053507338,"epic","T cell CD8+","Dys-CIM"
"2492",0.0182963643842522,0.00000264894870247197,-0.0182937154355498,"epic","T cell CD8+","Dys-CIM"
"2691",0.011462609016582,0.000000000648554290687451,-0.0114626083680277,"epic","T cell CD8+","Dys-CIM"
"OB_0095",0.0369314904540003,0.0265813239675979,-0.0103501664864023,"epic","T cell CD8+","Dys-CIM"
"OB_0157",0.0252596816199172,0.0209612811936252,-0.00429840042629195,"epic","T cell CD8+","Dys-CIM"
"OB_0190",0.0174436085519626,0.0114594992490328,-0.00598410930292981,"epic","T cell CD8+","Dys-CIM"
"OB_0234",0.0121259999554554,0.0214677115508734,0.00934171159541797,"epic","T cell CD8+","Dys-CIM"
"OB_0237",0.0222064881037743,0.015885626626262,-0.00632086147751229,"epic","T cell CD8+","Dys-CIM"
"OB_0261",0.0387587777647242,0.0136759551567783,-0.0250828226079459,"epic","T cell CD8+","Dys-CIM"
"OB_0273",0.0348212703243532,0.0114421468267826,-0.0233791234975705,"epic","T cell CD8+","Dys-CIM"
"OB_0344",0.00907956575560153,0.0149364590760586,0.00585689332045706,"epic","T cell CD8+","Dys-CIM"
"2271",0.845866047487216,0.000000522915948035527,-0.845865524571268,"epic","uncharacterized cell","Fun-CIM"
"2472",0.853921421879798,0.646570839720482,-0.207350582159316,"epic","uncharacterized cell","Fun-CIM"
"2653",0.786680724080574,0.00000307011024033166,-0.786677653970334,"epic","uncharacterized cell","Fun-CIM"
"2661",0.84754448966761,0.779554554958649,-0.0679899347089612,"epic","uncharacterized cell","Fun-CIM"
"2677",0.410459335236983,0.103320627228359,-0.307138708008623,"epic","uncharacterized cell","Fun-CIM"
"2739",0.784104031791342,0.377445915043497,-0.406658116747845,"epic","uncharacterized cell","Fun-CIM"
"2789",0.445878946878267,0.000000220623047222081,-0.44587872625522,"epic","uncharacterized cell","Fun-CIM"
"2817",0.511642854219899,0.173246088512537,-0.338396765707362,"epic","uncharacterized cell","Fun-CIM"
"2852",0.667053000279634,0.533772332820255,-0.133280667459379,"epic","uncharacterized cell","Fun-CIM"
"2976",0.592799594249763,0.0000002078241466894,-0.592799386425616,"epic","uncharacterized cell","Fun-CIM"
"3001",0.651933539148273,0.349812137825699,-0.302121401322573,"epic","uncharacterized cell","Fun-CIM"
"3036",0.422711361060572,0.0000147126987777404,-0.422696648361794,"epic","uncharacterized cell","Fun-CIM"
"3065",0.48824910764128,0.000000000931534367651459,-0.488249106709746,"epic","uncharacterized cell","Fun-CIM"
"3067",0.772132351417587,0.0000802147809276227,-0.772052136636659,"epic","uncharacterized cell","Fun-CIM"
"3130",0.00000011077364102232,0.000000000324745167573331,-0.000000110448895854746,"epic","uncharacterized cell","Fun-CIM"
"3161",0.00000224249525376731,0.0000000172050694169615,-0.00000222529018435035,"epic","uncharacterized cell","Fun-CIM"
"97",0.64144121916999,0.489446021195094,-0.151995197974896,"epic","uncharacterized cell","Fun-CIM"
"OB_0001",0.8612411713217,0.825349652713456,-0.0358915186082447,"epic","uncharacterized cell","Fun-CIM"
"OB_0038",0.70235135412163,0.50885513882422,-0.19349621529741,"epic","uncharacterized cell","Fun-CIM"
"OB_0080",0.863949732235941,0.791623589437355,-0.0723261427985853,"epic","uncharacterized cell","Fun-CIM"
"OB_0139",0.82074697406114,0.0000334282989995333,-0.820713545762141,"epic","uncharacterized cell","Fun-CIM"
"OB_0163",0.74087708732341,0.00000000397252489813971,-0.740877083350885,"epic","uncharacterized cell","Fun-CIM"
"OB_0168",0.742369499346426,0.59486916560778,-0.147500333738647,"epic","uncharacterized cell","Fun-CIM"
"OB_0235",0.584266393340563,0.458232294653352,-0.126034098687211,"epic","uncharacterized cell","Fun-CIM"
"OB_0315",0.687038056913429,0.786504791168768,0.0994667342553393,"epic","uncharacterized cell","Fun-CIM"
"2046",0.785664435188057,0.904138566568938,0.118474131380881,"epic","uncharacterized cell","Dys-CIM"
"2492",0.644409544718302,0.44097647879517,-0.203433065923133,"epic","uncharacterized cell","Dys-CIM"
"2691",0.191909080136112,0.00000000208573168356425,-0.191909078050381,"epic","uncharacterized cell","Dys-CIM"
"OB_0095",0.859122147898588,0.929547601000719,0.0704254531021304,"epic","uncharacterized cell","Dys-CIM"
"OB_0157",0.8386125383375,0.918544745652796,0.0799322073152953,"epic","uncharacterized cell","Dys-CIM"
"OB_0190",0.878164859974496,0.936999193897057,0.0588343339225602,"epic","uncharacterized cell","Dys-CIM"
"OB_0234",0.844976680422756,0.927855830061881,0.0828791496391255,"epic","uncharacterized cell","Dys-CIM"
"OB_0237",0.807997405961005,0.927799881938476,0.119802475977471,"epic","uncharacterized cell","Dys-CIM"
"OB_0261",0.839964235423448,0.917937726329165,0.0779734909057166,"epic","uncharacterized cell","Dys-CIM"
"OB_0273",0.838622635341898,0.837374404074409,-0.00124823126748974,"epic","uncharacterized cell","Dys-CIM"
"OB_0344",0.599040701078792,0.87707451059883,0.278033809520038,"epic","uncharacterized cell","Dys-CIM"
"2271",-323.419900688037,2160.45211907485,2483.87201976289,"estimate","ESTIMATEScore","Fun-CIM"
"2472",648.709894070524,1125.16044655531,476.450552484787,"estimate","ESTIMATEScore","Fun-CIM"
"2653",658.4622390068,2455.80542570773,1797.34318670093,"estimate","ESTIMATEScore","Fun-CIM"
"2661",-1420.82768291906,-347.075775493144,1073.75190742591,"estimate","ESTIMATEScore","Fun-CIM"
"2677",2542.67886165566,2717.81862602257,175.139764366906,"estimate","ESTIMATEScore","Fun-CIM"
"2739",-844.66064761133,613.737625069213,1458.39827268054,"estimate","ESTIMATEScore","Fun-CIM"
"2789",1840.84237330472,2941.18351402207,1100.34114071735,"estimate","ESTIMATEScore","Fun-CIM"
"2817",2189.71637621348,2170.36652816442,-19.349848049053,"estimate","ESTIMATEScore","Fun-CIM"
"2852",446.103585086088,151.090170683517,-295.013414402572,"estimate","ESTIMATEScore","Fun-CIM"
"2976",2188.79677881516,3793.172664702,1604.37588588683,"estimate","ESTIMATEScore","Fun-CIM"
"3001",901.364591395933,934.394231784648,33.0296403887153,"estimate","ESTIMATEScore","Fun-CIM"
"3036",1815.47180142999,2956.00652230703,1140.53472087704,"estimate","ESTIMATEScore","Fun-CIM"
"3065",2366.73730771473,2325.37102292768,-41.3662847870537,"estimate","ESTIMATEScore","Fun-CIM"
"3067",1243.09162953691,2767.95869569414,1524.86706615723,"estimate","ESTIMATEScore","Fun-CIM"
"3130",1701.29661493147,1683.98393824677,-17.3126766846965,"estimate","ESTIMATEScore","Fun-CIM"
"3161",1765.3611219577,878.052527341897,-887.308594615807,"estimate","ESTIMATEScore","Fun-CIM"
"97",977.656162483994,957.056464002818,-20.5996984811758,"estimate","ESTIMATEScore","Fun-CIM"
"OB_0001",1784.2380536235,1822.45781854711,38.2197649236041,"estimate","ESTIMATEScore","Fun-CIM"
"OB_0038",1639.96185446458,2388.12312165886,748.161267194274,"estimate","ESTIMATEScore","Fun-CIM"
"OB_0080",1115.12434476459,652.487561904305,-462.636782860282,"estimate","ESTIMATEScore","Fun-CIM"
"OB_0139",2972.69964297282,5064.83806346066,2092.13842048784,"estimate","ESTIMATEScore","Fun-CIM"
"OB_0163",-32.762919137645,4872.95127993396,4905.7141990716,"estimate","ESTIMATEScore","Fun-CIM"
"OB_0168",194.127060129623,902.768677859641,708.641617730018,"estimate","ESTIMATEScore","Fun-CIM"
"OB_0235",1965.29883886723,3630.01152015997,1664.71268129274,"estimate","ESTIMATEScore","Fun-CIM"
"OB_0315",1855.45803808386,2016.38966969139,160.931631607526,"estimate","ESTIMATEScore","Fun-CIM"
"2046",1607.71067211564,-127.124163952546,-1734.83483606819,"estimate","ESTIMATEScore","Dys-CIM"
"2492",3000.89123175774,2412.89674721905,-587.994484538689,"estimate","ESTIMATEScore","Dys-CIM"
"2691",4395.03086910018,2730.98517229959,-1664.04569680059,"estimate","ESTIMATEScore","Dys-CIM"
"OB_0095",2387.35710831182,138.052650487119,-2249.3044578247,"estimate","ESTIMATEScore","Dys-CIM"
"OB_0157",2421.43345424553,1830.01680958513,-591.416644660402,"estimate","ESTIMATEScore","Dys-CIM"
"OB_0190",-34.1066044699538,149.921091516269,184.027695986223,"estimate","ESTIMATEScore","Dys-CIM"
"OB_0234",938.659467841197,-464.721856079008,-1403.38132392021,"estimate","ESTIMATEScore","Dys-CIM"
"OB_0237",2498.46106177148,-392.49319741437,-2890.95425918585,"estimate","ESTIMATEScore","Dys-CIM"
"OB_0261",2665.86490612863,-48.8360924286785,-2714.70099855731,"estimate","ESTIMATEScore","Dys-CIM"
"OB_0273",2668.10298546181,580.791917776843,-2087.31106768496,"estimate","ESTIMATEScore","Dys-CIM"
"OB_0344",2950.84590369218,817.039914268439,-2133.80598942374,"estimate","ESTIMATEScore","Dys-CIM"
"2271",75.6216469039656,833.649850288119,758.028203384153,"estimate","ImmuneScore","Fun-CIM"
"2472",959.948761217723,787.17292170155,-172.775839516174,"estimate","ImmuneScore","Fun-CIM"
"2653",494.942652049355,1086.56188927583,591.619237226477,"estimate","ImmuneScore","Fun-CIM"
"2661",119.921238994092,21.417883232989,-98.5033557611028,"estimate","ImmuneScore","Fun-CIM"
"2677",1594.13827835213,1350.48458463909,-243.653693713043,"estimate","ImmuneScore","Fun-CIM"
"2739",-516.150183826663,25.7855773017602,541.935761128423,"estimate","ImmuneScore","Fun-CIM"
"2789",1072.74544122459,1858.89100280837,786.145561583772,"estimate","ImmuneScore","Fun-CIM"
"2817",1472.83759281526,1388.91464424867,-83.9229485665912,"estimate","ImmuneScore","Fun-CIM"
"2852",214.195173100685,-261.053091674117,-475.248264774802,"estimate","ImmuneScore","Fun-CIM"
"2976",1363.89310052513,2335.21650732986,971.323406804732,"estimate","ImmuneScore","Fun-CIM"
"3001",347.505020248768,100.414545945905,-247.090474302863,"estimate","ImmuneScore","Fun-CIM"
"3036",757.485528515439,1441.7490546611,684.263526145665,"estimate","ImmuneScore","Fun-CIM"
"3065",1360.64844629981,766.138267993211,-594.510178306604,"estimate","ImmuneScore","Fun-CIM"
"3067",768.488869312381,1144.79715175909,376.308282446712,"estimate","ImmuneScore","Fun-CIM"
"3130",666.111157829347,379.913001537221,-286.198156292126,"estimate","ImmuneScore","Fun-CIM"
"3161",348.921259160014,-120.715190499465,-469.636449659479,"estimate","ImmuneScore","Fun-CIM"
"97",634.008120236503,574.329694121187,-59.6784261153164,"estimate","ImmuneScore","Fun-CIM"
"OB_0001",1675.43666281739,1404.92052932712,-270.516133490266,"estimate","ImmuneScore","Fun-CIM"
"OB_0038",764.784004454904,1332.87639344004,568.092388985136,"estimate","ImmuneScore","Fun-CIM"
"OB_0080",815.836667575247,275.411619043339,-540.425048531908,"estimate","ImmuneScore","Fun-CIM"
"OB_0139",2329.80899079587,3701.17650301519,1371.36751221932,"estimate","ImmuneScore","Fun-CIM"
"OB_0163",-118.963972071598,2854.51824192109,2973.48221399269,"estimate","ImmuneScore","Fun-CIM"
"OB_0168",-200.428282280501,245.952794511905,446.381076792405,"estimate","ImmuneScore","Fun-CIM"
"OB_0235",655.963263733456,1576.70088022399,920.737616490532,"estimate","ImmuneScore","Fun-CIM"
"OB_0315",1265.43578789357,1310.4570910457,45.0213031521314,"estimate","ImmuneScore","Fun-CIM"
"2046",1687.71729808863,591.776325912564,-1095.94097217607,"estimate","ImmuneScore","Dys-CIM"
"2492",2382.04943956388,1504.85885994177,-877.190579622111,"estimate","ImmuneScore","Dys-CIM"
"2691",2786.03223427448,1304.55585301912,-1481.47638125536,"estimate","ImmuneScore","Dys-CIM"
"OB_0095",1800.07331339038,1098.49804273328,-701.575270657106,"estimate","ImmuneScore","Dys-CIM"
"OB_0157",1660.43850731091,1340.38316961532,-320.055337695584,"estimate","ImmuneScore","Dys-CIM"
"OB_0190",34.8962032366948,302.248652009565,267.35244877287,"estimate","ImmuneScore","Dys-CIM"
"OB_0234",923.932776221607,458.7096503131,-465.223125908506,"estimate","ImmuneScore","Dys-CIM"
"OB_0237",2138.26180644087,518.594911019795,-1619.66689542108,"estimate","ImmuneScore","Dys-CIM"
"OB_0261",2208.56687676468,444.329535214926,-1764.23734154975,"estimate","ImmuneScore","Dys-CIM"
"OB_0273",2187.46279342529,375.894625235802,-1811.56816818948,"estimate","ImmuneScore","Dys-CIM"
"OB_0344",1632.72399719956,477.759261716376,-1154.96473548318,"estimate","ImmuneScore","Dys-CIM"
"2271",-399.041547592003,1326.80226878673,1725.84381637874,"estimate","StromalScore","Fun-CIM"
"2472",-311.238867147199,337.987524853762,649.226392000961,"estimate","StromalScore","Fun-CIM"
"2653",163.519586957445,1369.24353643189,1205.72394947445,"estimate","StromalScore","Fun-CIM"
"2661",-1540.74892191315,-368.493658726133,1172.25526318702,"estimate","StromalScore","Fun-CIM"
"2677",948.540583303533,1367.33404138348,418.793458079949,"estimate","StromalScore","Fun-CIM"
"2739",-328.510463784667,587.952047767453,916.46251155212,"estimate","StromalScore","Fun-CIM"
"2789",768.096932080131,1082.29251121371,314.195579133576,"estimate","StromalScore","Fun-CIM"
"2817",716.878783398217,781.451883915755,64.573100517538,"estimate","StromalScore","Fun-CIM"
"2852",231.908411985403,412.143262357633,180.23485037223,"estimate","StromalScore","Fun-CIM"
"2976",824.903678290029,1457.95615737213,633.052479082102,"estimate","StromalScore","Fun-CIM"
"3001",553.859571147165,833.979685838743,280.120114691578,"estimate","StromalScore","Fun-CIM"
"3036",1057.98627291456,1514.25746764593,456.271194731375,"estimate","StromalScore","Fun-CIM"
"3065",1006.08886141492,1559.23275493447,553.14389351955,"estimate","StromalScore","Fun-CIM"
"3067",474.602760224527,1623.16154393504,1148.55878371052,"estimate","StromalScore","Fun-CIM"
"3130",1035.18545710212,1304.07093670955,268.88547960743,"estimate","StromalScore","Fun-CIM"
"3161",1416.43986279769,998.767717841361,-417.672144956328,"estimate","StromalScore","Fun-CIM"
"97",343.64804224749,382.726769881631,39.0787276341406,"estimate","StromalScore","Fun-CIM"
"OB_0001",108.801390806118,417.537289219989,308.73589841387,"estimate","StromalScore","Fun-CIM"
"OB_0038",875.177850009678,1055.24672821882,180.068878209137,"estimate","StromalScore","Fun-CIM"
"OB_0080",299.28767718934,377.075942860966,77.7882656716256,"estimate","StromalScore","Fun-CIM"
"OB_0139",642.890652176944,1363.66156044546,720.77090826852,"estimate","StromalScore","Fun-CIM"
"OB_0163",86.2010529339531,2018.43303801287,1932.23198507891,"estimate","StromalScore","Fun-CIM"
"OB_0168",394.555342410123,656.815883347736,262.260540937613,"estimate","StromalScore","Fun-CIM"
"OB_0235",1309.33557513378,2053.31063993598,743.975064802204,"estimate","StromalScore","Fun-CIM"
"OB_0315",590.022250190294,705.932578645688,115.910328455394,"estimate","StromalScore","Fun-CIM"
"2046",-80.0066259729874,-718.90048986511,-638.893863892122,"estimate","StromalScore","Dys-CIM"
"2492",618.84179219386,908.037887277281,289.196095083421,"estimate","StromalScore","Dys-CIM"
"2691",1608.9986348257,1426.42931928046,-182.569315545232,"estimate","StromalScore","Dys-CIM"
"OB_0095",587.283794921441,-960.445392246157,-1547.7291871676,"estimate","StromalScore","Dys-CIM"
"OB_0157",760.994946934623,489.633639969806,-271.361306964818,"estimate","StromalScore","Dys-CIM"
"OB_0190",-69.0028077066486,-152.327560493296,-83.3247527866474,"estimate","StromalScore","Dys-CIM"
"OB_0234",14.7266916195906,-923.431506392109,-938.158198011699,"estimate","StromalScore","Dys-CIM"
"OB_0237",360.199255330602,-911.088108434165,-1271.28736376477,"estimate","StromalScore","Dys-CIM"
"OB_0261",457.298029363951,-493.165627643605,-950.463657007556,"estimate","StromalScore","Dys-CIM"
"OB_0273",480.64019203652,204.89729254104,-275.74289949548,"estimate","StromalScore","Dys-CIM"
"OB_0344",1318.12190649262,339.280652552063,-978.841253940554,"estimate","StromalScore","Dys-CIM"
"2271",0.848573596051582,0.60413490089256,-0.244438695159023,"estimate","TumorPurity","Fun-CIM"
"2472",0.764706698342634,0.717807840173789,-0.0468988581688449,"estimate","TumorPurity","Fun-CIM"
"2653",0.763783467223419,0.569029668461077,-0.194753798762342,"estimate","TumorPurity","Fun-CIM"
"2661",0.92244682029829,0.850405648938782,-0.0720411713595078,"estimate","TumorPurity","Fun-CIM"
"2677",0.558497490534537,0.536989938258092,-0.0215075522764449,"estimate","TumorPurity","Fun-CIM"
"2739",0.886532322280144,0.768004539826101,-0.118527782454043,"estimate","TumorPurity","Fun-CIM"
"2789",0.640842178664538,0.509047227258014,-0.131794951406524,"estimate","TumorPurity","Fun-CIM"
"2817",0.600706208280235,0.602974542935987,0.00226833465575216,"estimate","TumorPurity","Fun-CIM"
"2852",0.78352969522029,0.809694198982878,0.0261645037625879,"estimate","TumorPurity","Fun-CIM"
"2976",0.6008141202296,0.397706118138012,-0.203108002091588,"estimate","TumorPurity","Fun-CIM"
"3001",0.740288413326779,0.737020218697455,-0.00326819462932459,"estimate","TumorPurity","Fun-CIM"
"3036",0.643696622219234,0.507173189410376,-0.136523432808858,"estimate","TumorPurity","Fun-CIM"
"3065",0.579731838961376,0.584668705246423,0.0049368662850473,"estimate","TumorPurity","Fun-CIM"
"3067",0.705648309057843,0.530766654106973,-0.174881654950869,"estimate","TumorPurity","Fun-CIM"
"3130",0.656431416102401,0.658346414837391,0.00191499873498957,"estimate","TumorPurity","Fun-CIM"
"3161",0.649308307768675,0.742584609024135,0.09327630125546,"estimate","TumorPurity","Fun-CIM"
"97",0.732713371515805,0.73476782537182,0.00205445385601477,"estimate","TumorPurity","Fun-CIM"
"OB_0001",0.647198467147446,0.642911514285595,-0.00428695286185132,"estimate","TumorPurity","Fun-CIM"
"OB_0038",0.663196629015512,0.577171152116293,-0.0860254768992187,"estimate","TumorPurity","Fun-CIM"
"OB_0080",0.718832751911797,0.764349261425809,0.0455165095140113,"estimate","TumorPurity","Fun-CIM"
"OB_0139",0.50505984351157,0.220522035421167,-0.284537808090403,"estimate","TumorPurity","Fun-CIM"
"OB_0163",0.825235103765828,0.247904275850701,-0.577330827915127,"estimate","TumorPurity","Fun-CIM"
"OB_0168",0.805970737064606,0.740149836331006,-0.0658209007335997,"estimate","TumorPurity","Fun-CIM"
"OB_0235",0.626711590260519,0.419564541486173,-0.207147048774346,"estimate","TumorPurity","Fun-CIM"
"OB_0315",0.639193732476345,0.62084999372868,-0.0183437387476646,"estimate","TumorPurity","Fun-CIM"
"2046",0.666732398170664,0.832978666921831,0.166246268751167,"estimate","TumorPurity","Dys-CIM"
"2492",0.501483915200697,0.574197707753647,0.0727137925529495,"estimate","TumorPurity","Dys-CIM"
"2691",0.315202075088639,0.535358535734858,0.22015646064622,"estimate","TumorPurity","Dys-CIM"
"OB_0095",0.577262971110802,0.810815807579614,0.233552836468812,"estimate","TumorPurity","Dys-CIM"
"OB_0157",0.573171331888432,0.642061252460789,0.0688899205723569,"estimate","TumorPurity","Dys-CIM"
"OB_0190",0.825346485309848,0.809794895129026,-0.0155515901808229,"estimate","TumorPurity","Dys-CIM"
"OB_0234",0.73659692029919,0.859364135305344,0.122767215006154,"estimate","TumorPurity","Dys-CIM"
"OB_0237",0.563869731253903,0.853894286068165,0.290024554814263,"estimate","TumorPurity","Dys-CIM"
"OB_0261",0.54340763920744,0.826565344496945,0.283157705289505,"estimate","TumorPurity","Dys-CIM"
"OB_0273",0.543131824115916,0.771092766604869,0.227960942488952,"estimate","TumorPurity","Dys-CIM"
"OB_0344",0.507825907113714,0.748553011773054,0.24072710465934,"estimate","TumorPurity","Dys-CIM"
"2271",0.665625,1.015625,0.35,"mcp_counter","B cell","Fun-CIM"
"2472",3.996875,4.565,0.568124999999999,"mcp_counter","B cell","Fun-CIM"
"2653",1.769375,1.35875,-0.410625,"mcp_counter","B cell","Fun-CIM"
"2661",2.930625,0.489375,-2.44125,"mcp_counter","B cell","Fun-CIM"
"2677",8.77125,2.805625,-5.965625,"mcp_counter","B cell","Fun-CIM"
"2739",0.905625,1.301875,0.39625,"mcp_counter","B cell","Fun-CIM"
"2789",1.484375,3.673125,2.18875,"mcp_counter","B cell","Fun-CIM"
"2817",3.095625,3.421875,0.32625,"mcp_counter","B cell","Fun-CIM"
"2852",1.555625,2.03375,0.478125,"mcp_counter","B cell","Fun-CIM"
"2976",5.3525,5.206875,-0.145625,"mcp_counter","B cell","Fun-CIM"
"3001",16.3375,1.22375,-15.11375,"mcp_counter","B cell","Fun-CIM"
"3036",9.676875,9.743125,0.0662499999999984,"mcp_counter","B cell","Fun-CIM"
"3065",1.7625,0.984375,-0.778125,"mcp_counter","B cell","Fun-CIM"
"3067",2.728125,1.388125,-1.34,"mcp_counter","B cell","Fun-CIM"
"3130",2.786875,1.379375,-1.4075,"mcp_counter","B cell","Fun-CIM"
"3161",0.69,0.505,-0.185,"mcp_counter","B cell","Fun-CIM"
"97",1.45,0.453125,-0.996875,"mcp_counter","B cell","Fun-CIM"
"OB_0001",10.45,1.16375,-9.28625,"mcp_counter","B cell","Fun-CIM"
"OB_0038",0.26125,0.87,0.60875,"mcp_counter","B cell","Fun-CIM"
"OB_0080",0.62875,0.24,-0.38875,"mcp_counter","B cell","Fun-CIM"
"OB_0139",10.635,11.8775,1.2425,"mcp_counter","B cell","Fun-CIM"
"OB_0163",1.1325,2.82125,1.68875,"mcp_counter","B cell","Fun-CIM"
"OB_0168",0.725,1.82125,1.09625,"mcp_counter","B cell","Fun-CIM"
"OB_0235",0.78625,0.93125,0.145,"mcp_counter","B cell","Fun-CIM"
"OB_0315",1.97875,1.5575,-0.42125,"mcp_counter","B cell","Fun-CIM"
"2046",6.37375,0.810625,-5.563125,"mcp_counter","B cell","Dys-CIM"
"2492",9.84125,4.39,-5.45125,"mcp_counter","B cell","Dys-CIM"
"2691",5.031875,3.718125,-1.31375,"mcp_counter","B cell","Dys-CIM"
"OB_0095",1.84375,0.2,-1.64375,"mcp_counter","B cell","Dys-CIM"
"OB_0157",2.71625,1.51625,-1.2,"mcp_counter","B cell","Dys-CIM"
"OB_0190",0.76875,9.33625,8.5675,"mcp_counter","B cell","Dys-CIM"
"OB_0234",0.38375,0.16875,-0.215,"mcp_counter","B cell","Dys-CIM"
"OB_0237",26.1875,0.45125,-25.73625,"mcp_counter","B cell","Dys-CIM"
"OB_0261",6.91,2.31,-4.6,"mcp_counter","B cell","Dys-CIM"
"OB_0273",7.23875,0.71875,-6.52,"mcp_counter","B cell","Dys-CIM"
"OB_0344",10.29625,0.62875,-9.6675,"mcp_counter","B cell","Dys-CIM"
"2271",176.17,2814.043125,2637.873125,"mcp_counter","Cancer associated fibroblast","Fun-CIM"
"2472",151.105,702.3975,551.2925,"mcp_counter","Cancer associated fibroblast","Fun-CIM"
"2653",253.9725,2925.2075,2671.235,"mcp_counter","Cancer associated fibroblast","Fun-CIM"
"2661",11.566875,216.1575,204.590625,"mcp_counter","Cancer associated fibroblast","Fun-CIM"
"2677",685.161875,2115.395,1430.233125,"mcp_counter","Cancer associated fibroblast","Fun-CIM"
"2739",236.886875,1210.29125,973.404375,"mcp_counter","Cancer associated fibroblast","Fun-CIM"
"2789",1487.960625,3559.161875,2071.20125,"mcp_counter","Cancer associated fibroblast","Fun-CIM"
"2817",851.26125,691.979375,-159.281875,"mcp_counter","Cancer associated fibroblast","Fun-CIM"
"2852",642.8225,1099.54875,456.72625,"mcp_counter","Cancer associated fibroblast","Fun-CIM"
"2976",897.91875,2098.956875,1201.038125,"mcp_counter","Cancer associated fibroblast","Fun-CIM"
"3001",592.46125,1431.89125,839.43,"mcp_counter","Cancer associated fibroblast","Fun-CIM"
"3036",1131.020625,2136.3025,1005.281875,"mcp_counter","Cancer associated fibroblast","Fun-CIM"
"3065",1177.756875,4652.974375,3475.2175,"mcp_counter","Cancer associated fibroblast","Fun-CIM"
"3067",244.70875,1576.429375,1331.720625,"mcp_counter","Cancer associated fibroblast","Fun-CIM"
"3130",3070.06875,7720.181875,4650.113125,"mcp_counter","Cancer associated fibroblast","Fun-CIM"
"3161",3822.0875,2619.2175,-1202.87,"mcp_counter","Cancer associated fibroblast","Fun-CIM"
"97",597.10875,1071.721875,474.613125,"mcp_counter","Cancer associated fibroblast","Fun-CIM"
"OB_0001",96.205,208.18,111.975,"mcp_counter","Cancer associated fibroblast","Fun-CIM"
"OB_0038",937.1275,1313.445,376.3175,"mcp_counter","Cancer associated fibroblast","Fun-CIM"
"OB_0080",262.235,549.205,286.97,"mcp_counter","Cancer associated fibroblast","Fun-CIM"
"OB_0139",243.88875,542.7275,298.83875,"mcp_counter","Cancer associated fibroblast","Fun-CIM"
"OB_0163",616.185,2881.33375,2265.14875,"mcp_counter","Cancer associated fibroblast","Fun-CIM"
"OB_0168",835.72,1070.50125,234.78125,"mcp_counter","Cancer associated fibroblast","Fun-CIM"
"OB_0235",1276.255,1578.685,302.43,"mcp_counter","Cancer associated fibroblast","Fun-CIM"
"OB_0315",554.25125,470.895,-83.35625,"mcp_counter","Cancer associated fibroblast","Fun-CIM"
"2046",91.524375,120.39375,28.869375,"mcp_counter","Cancer associated fibroblast","Dys-CIM"
"2492",282.0075,1230.2025,948.195,"mcp_counter","Cancer associated fibroblast","Dys-CIM"
"2691",812.148125,3400.16875,2588.020625,"mcp_counter","Cancer associated fibroblast","Dys-CIM"
"OB_0095",263.385,30.19,-233.195,"mcp_counter","Cancer associated fibroblast","Dys-CIM"
"OB_0157",298.40125,249.22625,-49.175,"mcp_counter","Cancer associated fibroblast","Dys-CIM"
"OB_0190",198.74375,70.14375,-128.6,"mcp_counter","Cancer associated fibroblast","Dys-CIM"
"OB_0234",331.72875,89.355,-242.37375,"mcp_counter","Cancer associated fibroblast","Dys-CIM"
"OB_0237",132.0775,78.2125,-53.865,"mcp_counter","Cancer associated fibroblast","Dys-CIM"
"OB_0261",334.8475,347.585,12.7375,"mcp_counter","Cancer associated fibroblast","Dys-CIM"
"OB_0273",336.32625,398.91375,62.5875,"mcp_counter","Cancer associated fibroblast","Dys-CIM"
"OB_0344",881.775,331.8225,-549.9525,"mcp_counter","Cancer associated fibroblast","Dys-CIM"
"2271",5.394375,10.526875,5.1325,"mcp_counter","Endothelial cell","Fun-CIM"
"2472",3.62078125,5.2059375,1.58515625,"mcp_counter","Endothelial cell","Fun-CIM"
"2653",4.99484375,7.6503125,2.65546875,"mcp_counter","Endothelial cell","Fun-CIM"
"2661",6.04171875,9.86328125,3.8215625,"mcp_counter","Endothelial cell","Fun-CIM"
"2677",20.1121875,10.35953125,-9.75265625,"mcp_counter","Endothelial cell","Fun-CIM"
"2739",13.47875,20.5978125,7.1190625,"mcp_counter","Endothelial cell","Fun-CIM"
"2789",3.840625,6.87875,3.038125,"mcp_counter","Endothelial cell","Fun-CIM"
"2817",9.24359375,56.17609375,46.9325,"mcp_counter","Endothelial cell","Fun-CIM"
"2852",11.0115625,11.290625,0.2790625,"mcp_counter","Endothelial cell","Fun-CIM"
"2976",6.2765625,7.2765625,1,"mcp_counter","Endothelial cell","Fun-CIM"
"3001",15.00203125,17.81078125,2.80875,"mcp_counter","Endothelial cell","Fun-CIM"
"3036",11.8421875,13.05984375,1.21765625,"mcp_counter","Endothelial cell","Fun-CIM"
"3065",6.41234375,14.72703125,8.3146875,"mcp_counter","Endothelial cell","Fun-CIM"
"3067",15.659375,55.16609375,39.50671875,"mcp_counter","Endothelial cell","Fun-CIM"
"3130",11.05953125,8.60203125,-2.4575,"mcp_counter","Endothelial cell","Fun-CIM"
"3161",8.84625,9.630625,0.784375000000001,"mcp_counter","Endothelial cell","Fun-CIM"
"97",5.77,4.059375,-1.710625,"mcp_counter","Endothelial cell","Fun-CIM"
"OB_0001",6.186875,10.2621875,4.0753125,"mcp_counter","Endothelial cell","Fun-CIM"
"OB_0038",7.78875,6.67875,-1.11,"mcp_counter","Endothelial cell","Fun-CIM"
"OB_0080",6.54375,8.9,2.35625,"mcp_counter","Endothelial cell","Fun-CIM"
"OB_0139",5.47,6.434375,0.964375,"mcp_counter","Endothelial cell","Fun-CIM"
"OB_0163",5.8540625,12.5721875,6.718125,"mcp_counter","Endothelial cell","Fun-CIM"
"OB_0168",4.0821875,8.973125,4.8909375,"mcp_counter","Endothelial cell","Fun-CIM"
"OB_0235",6.1325,16.081875,9.949375,"mcp_counter","Endothelial cell","Fun-CIM"
"OB_0315",6.998125,7.53375,0.535625,"mcp_counter","Endothelial cell","Fun-CIM"
"2046",6.325,3.15890625,-3.16609375,"mcp_counter","Endothelial cell","Dys-CIM"
"2492",4.8375,5.62484375,0.78734375,"mcp_counter","Endothelial cell","Dys-CIM"
"2691",6.0184375,8.74828125,2.72984375,"mcp_counter","Endothelial cell","Dys-CIM"
"OB_0095",7.9284375,5.1571875,-2.77125,"mcp_counter","Endothelial cell","Dys-CIM"
"OB_0157",7.663125,3.6453125,-4.0178125,"mcp_counter","Endothelial cell","Dys-CIM"
"OB_0190",4.9815625,5.59875,0.6171875,"mcp_counter","Endothelial cell","Dys-CIM"
"OB_0234",2.7015625,2.5815625,-0.12,"mcp_counter","Endothelial cell","Dys-CIM"
"OB_0237",3.6528125,2.400625,-1.2521875,"mcp_counter","Endothelial cell","Dys-CIM"
"OB_0261",5.0140625,4.1484375,-0.865625,"mcp_counter","Endothelial cell","Dys-CIM"
"OB_0273",4.889375,6.3959375,1.5065625,"mcp_counter","Endothelial cell","Dys-CIM"
"OB_0344",19.77375,13.35625,-6.4175,"mcp_counter","Endothelial cell","Dys-CIM"
"2271",8.55785714285714,21.0957142857143,12.5378571428571,"mcp_counter","Macrophage/Monocyte","Fun-CIM"
"2472",10.11,21.9157142857143,11.8057142857143,"mcp_counter","Macrophage/Monocyte","Fun-CIM"
"2653",3.43928571428571,18.6692857142857,15.23,"mcp_counter","Macrophage/Monocyte","Fun-CIM"
"2661",6.12857142857143,10.275,4.14642857142857,"mcp_counter","Macrophage/Monocyte","Fun-CIM"
"2677",14.205,28.6028571428571,14.3978571428571,"mcp_counter","Macrophage/Monocyte","Fun-CIM"
"2739",4.22142857142857,6.73428571428571,2.51285714285714,"mcp_counter","Macrophage/Monocyte","Fun-CIM"
"2789",10.7664285714286,13.2007142857143,2.43428571428571,"mcp_counter","Macrophage/Monocyte","Fun-CIM"
"2817",23.7214285714286,5.32071428571429,-18.4007142857143,"mcp_counter","Macrophage/Monocyte","Fun-CIM"
"2852",5.99857142857143,5.26642857142857,-0.732142857142857,"mcp_counter","Macrophage/Monocyte","Fun-CIM"
"2976",14.2842857142857,32.965,18.6807142857143,"mcp_counter","Macrophage/Monocyte","Fun-CIM"
"3001",5.375,9.02571428571429,3.65071428571429,"mcp_counter","Macrophage/Monocyte","Fun-CIM"
"3036",8.79071428571429,24.3992857142857,15.6085714285714,"mcp_counter","Macrophage/Monocyte","Fun-CIM"
"3065",18.1064285714286,13.8771428571429,-4.22928571428572,"mcp_counter","Macrophage/Monocyte","Fun-CIM"
"3067",13.18,16.9992857142857,3.81928571428572,"mcp_counter","Macrophage/Monocyte","Fun-CIM"
"3130",6.48714285714286,8.49142857142857,2.00428571428571,"mcp_counter","Macrophage/Monocyte","Fun-CIM"
"3161",7.55928571428571,6.14571428571429,-1.41357142857143,"mcp_counter","Macrophage/Monocyte","Fun-CIM"
"97",21.9564285714286,15.3092857142857,-6.64714285714286,"mcp_counter","Macrophage/Monocyte","Fun-CIM"
"OB_0001",13.41,20.0328571428571,6.62285714285714,"mcp_counter","Macrophage/Monocyte","Fun-CIM"
"OB_0038",18.6142857142857,30.8157142857143,12.2014285714286,"mcp_counter","Macrophage/Monocyte","Fun-CIM"
"OB_0080",15.52,9.11714285714286,-6.40285714285714,"mcp_counter","Macrophage/Monocyte","Fun-CIM"
"OB_0139",29.9114285714286,119.642857142857,89.7314285714286,"mcp_counter","Macrophage/Monocyte","Fun-CIM"
"OB_0163",10.16,39.51,29.35,"mcp_counter","Macrophage/Monocyte","Fun-CIM"
"OB_0168",3.55714285714286,5.82857142857143,2.27142857142857,"mcp_counter","Macrophage/Monocyte","Fun-CIM"
"OB_0235",11.1371428571429,15.2285714285714,4.09142857142857,"mcp_counter","Macrophage/Monocyte","Fun-CIM"
"OB_0315",18.0128571428571,27.5571428571429,9.54428571428571,"mcp_counter","Macrophage/Monocyte","Fun-CIM"
"2046",18.8007142857143,25.8664285714286,7.06571428571429,"mcp_counter","Macrophage/Monocyte","Dys-CIM"
"2492",26.7264285714286,25.6928571428571,-1.03357142857143,"mcp_counter","Macrophage/Monocyte","Dys-CIM"
"2691",51.5864285714286,16.7064285714286,-34.88,"mcp_counter","Macrophage/Monocyte","Dys-CIM"
"OB_0095",22.0042857142857,33.5142857142857,11.51,"mcp_counter","Macrophage/Monocyte","Dys-CIM"
"OB_0157",17.1785714285714,12.22,-4.95857142857143,"mcp_counter","Macrophage/Monocyte","Dys-CIM"
"OB_0190",4.68714285714286,7.08,2.39285714285714,"mcp_counter","Macrophage/Monocyte","Dys-CIM"
"OB_0234",65.7985714285714,17.31,-48.4885714285714,"mcp_counter","Macrophage/Monocyte","Dys-CIM"
"OB_0237",19.3885714285714,9.01714285714286,-10.3714285714286,"mcp_counter","Macrophage/Monocyte","Dys-CIM"
"OB_0261",29.3785714285714,8.91857142857143,-20.46,"mcp_counter","Macrophage/Monocyte","Dys-CIM"
"OB_0273",29.0814285714286,13.0642857142857,-16.0171428571429,"mcp_counter","Macrophage/Monocyte","Dys-CIM"
"OB_0344",19.6057142857143,8.62714285714286,-10.9785714285714,"mcp_counter","Macrophage/Monocyte","Dys-CIM"
"2271",8.55785714285714,21.0957142857143,12.5378571428571,"mcp_counter","Monocyte","Fun-CIM"
"2472",10.11,21.9157142857143,11.8057142857143,"mcp_counter","Monocyte","Fun-CIM"
"2653",3.43928571428571,18.6692857142857,15.23,"mcp_counter","Monocyte","Fun-CIM"
"2661",6.12857142857143,10.275,4.14642857142857,"mcp_counter","Monocyte","Fun-CIM"
"2677",14.205,28.6028571428571,14.3978571428571,"mcp_counter","Monocyte","Fun-CIM"
"2739",4.22142857142857,6.73428571428571,2.51285714285714,"mcp_counter","Monocyte","Fun-CIM"
"2789",10.7664285714286,13.2007142857143,2.43428571428571,"mcp_counter","Monocyte","Fun-CIM"
"2817",23.7214285714286,5.32071428571429,-18.4007142857143,"mcp_counter","Monocyte","Fun-CIM"
"2852",5.99857142857143,5.26642857142857,-0.732142857142857,"mcp_counter","Monocyte","Fun-CIM"
"2976",14.2842857142857,32.965,18.6807142857143,"mcp_counter","Monocyte","Fun-CIM"
"3001",5.375,9.02571428571429,3.65071428571429,"mcp_counter","Monocyte","Fun-CIM"
"3036",8.79071428571429,24.3992857142857,15.6085714285714,"mcp_counter","Monocyte","Fun-CIM"
"3065",18.1064285714286,13.8771428571429,-4.22928571428572,"mcp_counter","Monocyte","Fun-CIM"
"3067",13.18,16.9992857142857,3.81928571428572,"mcp_counter","Monocyte","Fun-CIM"
"3130",6.48714285714286,8.49142857142857,2.00428571428571,"mcp_counter","Monocyte","Fun-CIM"
"3161",7.55928571428571,6.14571428571429,-1.41357142857143,"mcp_counter","Monocyte","Fun-CIM"
"97",21.9564285714286,15.3092857142857,-6.64714285714286,"mcp_counter","Monocyte","Fun-CIM"
"OB_0001",13.41,20.0328571428571,6.62285714285714,"mcp_counter","Monocyte","Fun-CIM"
"OB_0038",18.6142857142857,30.8157142857143,12.2014285714286,"mcp_counter","Monocyte","Fun-CIM"
"OB_0080",15.52,9.11714285714286,-6.40285714285714,"mcp_counter","Monocyte","Fun-CIM"
"OB_0139",29.9114285714286,119.642857142857,89.7314285714286,"mcp_counter","Monocyte","Fun-CIM"
"OB_0163",10.16,39.51,29.35,"mcp_counter","Monocyte","Fun-CIM"
"OB_0168",3.55714285714286,5.82857142857143,2.27142857142857,"mcp_counter","Monocyte","Fun-CIM"
"OB_0235",11.1371428571429,15.2285714285714,4.09142857142857,"mcp_counter","Monocyte","Fun-CIM"
"OB_0315",18.0128571428571,27.5571428571429,9.54428571428571,"mcp_counter","Monocyte","Fun-CIM"
"2046",18.8007142857143,25.8664285714286,7.06571428571429,"mcp_counter","Monocyte","Dys-CIM"
"2492",26.7264285714286,25.6928571428571,-1.03357142857143,"mcp_counter","Monocyte","Dys-CIM"
"2691",51.5864285714286,16.7064285714286,-34.88,"mcp_counter","Monocyte","Dys-CIM"
"OB_0095",22.0042857142857,33.5142857142857,11.51,"mcp_counter","Monocyte","Dys-CIM"
"OB_0157",17.1785714285714,12.22,-4.95857142857143,"mcp_counter","Monocyte","Dys-CIM"
"OB_0190",4.68714285714286,7.08,2.39285714285714,"mcp_counter","Monocyte","Dys-CIM"
"OB_0234",65.7985714285714,17.31,-48.4885714285714,"mcp_counter","Monocyte","Dys-CIM"
"OB_0237",19.3885714285714,9.01714285714286,-10.3714285714286,"mcp_counter","Monocyte","Dys-CIM"
"OB_0261",29.3785714285714,8.91857142857143,-20.46,"mcp_counter","Monocyte","Dys-CIM"
"OB_0273",29.0814285714286,13.0642857142857,-16.0171428571429,"mcp_counter","Monocyte","Dys-CIM"
"OB_0344",19.6057142857143,8.62714285714286,-10.9785714285714,"mcp_counter","Monocyte","Dys-CIM"
"2271",1.09083333333333,2.0225,0.931666666666667,"mcp_counter","Myeloid dendritic cell","Fun-CIM"
"2472",1.88083333333333,3.12166666666667,1.24083333333333,"mcp_counter","Myeloid dendritic cell","Fun-CIM"
"2653",1.59083333333333,2.50166666666667,0.910833333333333,"mcp_counter","Myeloid dendritic cell","Fun-CIM"
"2661",1.72416666666667,1.51333333333333,-0.210833333333333,"mcp_counter","Myeloid dendritic cell","Fun-CIM"
"2677",5.26416666666667,2.235,-3.02916666666667,"mcp_counter","Myeloid dendritic cell","Fun-CIM"
"2739",1.39,3.03583333333333,1.64583333333333,"mcp_counter","Myeloid dendritic cell","Fun-CIM"
"2789",1.1025,8.34333333333333,7.24083333333333,"mcp_counter","Myeloid dendritic cell","Fun-CIM"
"2817",2.89666666666667,8.2425,5.34583333333333,"mcp_counter","Myeloid dendritic cell","Fun-CIM"
"2852",1.62583333333333,2.71583333333333,1.09,"mcp_counter","Myeloid dendritic cell","Fun-CIM"
"2976",2.27083333333333,8.205,5.93416666666667,"mcp_counter","Myeloid dendritic cell","Fun-CIM"
"3001",3.0075,3.88416666666667,0.876666666666666,"mcp_counter","Myeloid dendritic cell","Fun-CIM"
"3036",3.73916666666667,9.27166666666667,5.5325,"mcp_counter","Myeloid dendritic cell","Fun-CIM"
"3065",1.28583333333333,3.70666666666667,2.42083333333333,"mcp_counter","Myeloid dendritic cell","Fun-CIM"
"3067",1.91833333333333,5.95833333333333,4.04,"mcp_counter","Myeloid dendritic cell","Fun-CIM"
"3130",4.555,4.60583333333333,0.0508333333333333,"mcp_counter","Myeloid dendritic cell","Fun-CIM"
"3161",1.34583333333333,1.85666666666667,0.510833333333334,"mcp_counter","Myeloid dendritic cell","Fun-CIM"
"97",1.505,5.01916666666667,3.51416666666667,"mcp_counter","Myeloid dendritic cell","Fun-CIM"
"OB_0001",4.23,4.66,0.430000000000001,"mcp_counter","Myeloid dendritic cell","Fun-CIM"
"OB_0038",2.08333333333333,5.95166666666667,3.86833333333333,"mcp_counter","Myeloid dendritic cell","Fun-CIM"
"OB_0080",1.14,0.683333333333333,-0.456666666666667,"mcp_counter","Myeloid dendritic cell","Fun-CIM"
"OB_0139",8.81833333333333,11.1116666666667,2.29333333333333,"mcp_counter","Myeloid dendritic cell","Fun-CIM"
"OB_0163",0.773333333333333,16.48,15.7066666666667,"mcp_counter","Myeloid dendritic cell","Fun-CIM"
"OB_0168",0.87,3.065,2.195,"mcp_counter","Myeloid dendritic cell","Fun-CIM"
"OB_0235",1.98,7.96333333333333,5.98333333333333,"mcp_counter","Myeloid dendritic cell","Fun-CIM"
"OB_0315",2.28,5.315,3.035,"mcp_counter","Myeloid dendritic cell","Fun-CIM"
"2046",1.9275,5.72333333333333,3.79583333333333,"mcp_counter","Myeloid dendritic cell","Dys-CIM"
"2492",9.26583333333333,13.8466666666667,4.58083333333333,"mcp_counter","Myeloid dendritic cell","Dys-CIM"
"2691",6.36583333333333,3.54416666666667,-2.82166666666667,"mcp_counter","Myeloid dendritic cell","Dys-CIM"
"OB_0095",18.33,6.11333333333333,-12.2166666666667,"mcp_counter","Myeloid dendritic cell","Dys-CIM"
"OB_0157",3.27833333333333,1.59,-1.68833333333333,"mcp_counter","Myeloid dendritic cell","Dys-CIM"
"OB_0190",1.48333333333333,0.733333333333333,-0.75,"mcp_counter","Myeloid dendritic cell","Dys-CIM"
"OB_0234",1.13166666666667,4.28,3.14833333333333,"mcp_counter","Myeloid dendritic cell","Dys-CIM"
"OB_0237",2.505,0.693333333333333,-1.81166666666667,"mcp_counter","Myeloid dendritic cell","Dys-CIM"
"OB_0261",20.955,3.59666666666667,-17.3583333333333,"mcp_counter","Myeloid dendritic cell","Dys-CIM"
"OB_0273",20.945,0.89,-20.055,"mcp_counter","Myeloid dendritic cell","Dys-CIM"
"OB_0344",6.20666666666667,5.32833333333333,-0.878333333333334,"mcp_counter","Myeloid dendritic cell","Dys-CIM"
"2271",0.3775,0.225,-0.1525,"mcp_counter","NK cell","Fun-CIM"
"2472",0.278125,0.21375,-0.064375,"mcp_counter","NK cell","Fun-CIM"
"2653",0.19125,0.24,0.04875,"mcp_counter","NK cell","Fun-CIM"
"2661",0.244375,0.159375,-0.085,"mcp_counter","NK cell","Fun-CIM"
"2677",0.368125,0.180625,-0.1875,"mcp_counter","NK cell","Fun-CIM"
"2739",0.23125,0.24,0.00875000000000001,"mcp_counter","NK cell","Fun-CIM"
"2789",0.284375,0.67875,0.394375,"mcp_counter","NK cell","Fun-CIM"
"2817",0.253125,0.55125,0.298125,"mcp_counter","NK cell","Fun-CIM"
"2852",0.12625,0.206875,0.080625,"mcp_counter","NK cell","Fun-CIM"
"2976",0.25625,0.435625,0.179375,"mcp_counter","NK cell","Fun-CIM"
"3001",0.19375,0.298125,0.104375,"mcp_counter","NK cell","Fun-CIM"
"3036",0.224375,0.23125,0.00687499999999999,"mcp_counter","NK cell","Fun-CIM"
"3065",0.280625,0.259375,-0.02125,"mcp_counter","NK cell","Fun-CIM"
"3067",0.253125,0.635625,0.3825,"mcp_counter","NK cell","Fun-CIM"
"3130",0.44875,0.374375,-0.074375,"mcp_counter","NK cell","Fun-CIM"
"3161",0.35125,0.170625,-0.180625,"mcp_counter","NK cell","Fun-CIM"
"97",0.52125,0.686875,0.165625,"mcp_counter","NK cell","Fun-CIM"
"OB_0001",0.395,0.34125,-0.05375,"mcp_counter","NK cell","Fun-CIM"
"OB_0038",0.165,0.185,0.02,"mcp_counter","NK cell","Fun-CIM"
"OB_0080",0.15625,0.0475,-0.10875,"mcp_counter","NK cell","Fun-CIM"
"OB_0139",0.295,1,0.705,"mcp_counter","NK cell","Fun-CIM"
"OB_0163",0.07875,0.78125,0.7025,"mcp_counter","NK cell","Fun-CIM"
"OB_0168",0.03875,0.05125,0.0125,"mcp_counter","NK cell","Fun-CIM"
"OB_0235",0.105,0.21875,0.11375,"mcp_counter","NK cell","Fun-CIM"
"OB_0315",0.19375,0.27375,0.08,"mcp_counter","NK cell","Fun-CIM"
"2046",0.224375,0.115,-0.109375,"mcp_counter","NK cell","Dys-CIM"
"2492",1.189375,1.41125,0.221875,"mcp_counter","NK cell","Dys-CIM"
"2691",0.4475,0.475,0.0275,"mcp_counter","NK cell","Dys-CIM"
"OB_0095",0.325,0.3,-0.025,"mcp_counter","NK cell","Dys-CIM"
"OB_0157",0.3525,0.12875,-0.22375,"mcp_counter","NK cell","Dys-CIM"
"OB_0190",0.20625,0.15875,-0.0475,"mcp_counter","NK cell","Dys-CIM"
"OB_0234",0.1675,0.05,-0.1175,"mcp_counter","NK cell","Dys-CIM"
"OB_0237",0.25625,0.05625,-0.2,"mcp_counter","NK cell","Dys-CIM"
"OB_0261",0.35125,0.08875,-0.2625,"mcp_counter","NK cell","Dys-CIM"
"OB_0273",0.315,0.07875,-0.23625,"mcp_counter","NK cell","Dys-CIM"
"OB_0344",0.3,0.14125,-0.15875,"mcp_counter","NK cell","Dys-CIM"
"2271",9.87392857142857,11.0025,1.12857142857143,"mcp_counter","Neutrophil","Fun-CIM"
"2472",6.67642857142857,6.83071428571429,0.154285714285714,"mcp_counter","Neutrophil","Fun-CIM"
"2653",5.08642857142857,12.6882142857143,7.60178571428571,"mcp_counter","Neutrophil","Fun-CIM"
"2661",15.4242857142857,18.4714285714286,3.04714285714286,"mcp_counter","Neutrophil","Fun-CIM"
"2677",8.75678571428571,11.4096428571429,2.65285714285714,"mcp_counter","Neutrophil","Fun-CIM"
"2739",19.9160714285714,19.7214285714286,-0.194642857142856,"mcp_counter","Neutrophil","Fun-CIM"
"2789",4.42464285714286,5.62071428571429,1.19607142857143,"mcp_counter","Neutrophil","Fun-CIM"
"2817",15.9889285714286,11.7075,-4.28142857142857,"mcp_counter","Neutrophil","Fun-CIM"
"2852",9.11285714285714,13.2289285714286,4.11607142857143,"mcp_counter","Neutrophil","Fun-CIM"
"2976",4.97178571428571,8.34892857142857,3.37714285714286,"mcp_counter","Neutrophil","Fun-CIM"
"3001",7.05428571428571,13.4132142857143,6.35892857142857,"mcp_counter","Neutrophil","Fun-CIM"
"3036",6.96,10.1910714285714,3.23107142857143,"mcp_counter","Neutrophil","Fun-CIM"
"3065",8.39892857142857,12.0139285714286,3.615,"mcp_counter","Neutrophil","Fun-CIM"
"3067",10.5575,13.945,3.3875,"mcp_counter","Neutrophil","Fun-CIM"
"3130",8.41821428571429,9.52071428571429,1.1025,"mcp_counter","Neutrophil","Fun-CIM"
"3161",7.30642857142857,10.8935714285714,3.58714285714286,"mcp_counter","Neutrophil","Fun-CIM"
"97",14.08,18.2692857142857,4.18928571428571,"mcp_counter","Neutrophil","Fun-CIM"
"OB_0001",2.71214285714286,5.19285714285714,2.48071428571429,"mcp_counter","Neutrophil","Fun-CIM"
"OB_0038",5.4,8.71285714285714,3.31285714285714,"mcp_counter","Neutrophil","Fun-CIM"
"OB_0080",4.76642857142857,12.685,7.91857142857143,"mcp_counter","Neutrophil","Fun-CIM"
"OB_0139",3.79642857142857,5.03714285714286,1.24071428571429,"mcp_counter","Neutrophil","Fun-CIM"
"OB_0163",5.18214285714286,6.20071428571429,1.01857142857143,"mcp_counter","Neutrophil","Fun-CIM"
"OB_0168",3.97571428571429,7.095,3.11928571428571,"mcp_counter","Neutrophil","Fun-CIM"
"OB_0235",6.28142857142857,7.34571428571429,1.06428571428571,"mcp_counter","Neutrophil","Fun-CIM"
"OB_0315",5.69428571428571,6.63571428571429,0.94142857142857,"mcp_counter","Neutrophil","Fun-CIM"
"2046",8.33714285714286,7.205,-1.13214285714286,"mcp_counter","Neutrophil","Dys-CIM"
"2492",11.9964285714286,15.5221428571429,3.52571428571428,"mcp_counter","Neutrophil","Dys-CIM"
"2691",5.54928571428571,5.28464285714286,-0.264642857142857,"mcp_counter","Neutrophil","Dys-CIM"
"OB_0095",4.54142857142857,3.11071428571429,-1.43071428571429,"mcp_counter","Neutrophil","Dys-CIM"
"OB_0157",4.51785714285714,2.07357142857143,-2.44428571428571,"mcp_counter","Neutrophil","Dys-CIM"
"OB_0190",4.965,2.86714285714286,-2.09785714285714,"mcp_counter","Neutrophil","Dys-CIM"
"OB_0234",6.46642857142857,8.27,1.80357142857143,"mcp_counter","Neutrophil","Dys-CIM"
"OB_0237",3.09428571428571,1.985,-1.10928571428571,"mcp_counter","Neutrophil","Dys-CIM"
"OB_0261",4.30642857142857,3.89642857142857,-0.41,"mcp_counter","Neutrophil","Dys-CIM"
"OB_0273",4.37071428571429,5.65142857142857,1.28071428571429,"mcp_counter","Neutrophil","Dys-CIM"
"OB_0344",7.32357142857143,3.39785714285714,-3.92571428571429,"mcp_counter","Neutrophil","Dys-CIM"
"2271",1.0625,1.76785714285714,0.705357142857143,"mcp_counter","T cell","Fun-CIM"
"2472",2.31892857142857,1.7125,-0.606428571428572,"mcp_counter","T cell","Fun-CIM"
"2653",1.53964285714286,3.10714285714286,1.5675,"mcp_counter","T cell","Fun-CIM"
"2661",1.4275,1.88178571428571,0.454285714285714,"mcp_counter","T cell","Fun-CIM"
"2677",5.99571428571429,2.6,-3.39571428571429,"mcp_counter","T cell","Fun-CIM"
"2739",1.26035714285714,1.60321428571429,0.342857142857143,"mcp_counter","T cell","Fun-CIM"
"2789",4.76607142857143,9.06642857142857,4.30035714285714,"mcp_counter","T cell","Fun-CIM"
"2817",6.61464285714286,4.435,-2.17964285714286,"mcp_counter","T cell","Fun-CIM"
"2852",2.14107142857143,1.41535714285714,-0.725714285714286,"mcp_counter","T cell","Fun-CIM"
"2976",4.83714285714286,9.07178571428571,4.23464285714286,"mcp_counter","T cell","Fun-CIM"
"3001",2.79035714285714,2.62357142857143,-0.166785714285714,"mcp_counter","T cell","Fun-CIM"
"3036",3.67678571428571,4.42107142857143,0.744285714285714,"mcp_counter","T cell","Fun-CIM"
"3065",4.66285714285714,3.36178571428571,-1.30107142857143,"mcp_counter","T cell","Fun-CIM"
"3067",4.265,2.98607142857143,-1.27892857142857,"mcp_counter","T cell","Fun-CIM"
"3130",5.79392857142857,2.59142857142857,-3.2025,"mcp_counter","T cell","Fun-CIM"
"3161",1.78571428571429,1.67428571428571,-0.111428571428571,"mcp_counter","T cell","Fun-CIM"
"97",2.98392857142857,3.21214285714286,0.228214285714286,"mcp_counter","T cell","Fun-CIM"
"OB_0001",6.59357142857143,4.01142857142857,-2.58214285714286,"mcp_counter","T cell","Fun-CIM"
"OB_0038",2.13,4.43428571428571,2.30428571428571,"mcp_counter","T cell","Fun-CIM"
"OB_0080",1.07142857142857,0.647142857142857,-0.424285714285714,"mcp_counter","T cell","Fun-CIM"
"OB_0139",6.98,20.355,13.375,"mcp_counter","T cell","Fun-CIM"
"OB_0163",0.910714285714286,11.3442857142857,10.4335714285714,"mcp_counter","T cell","Fun-CIM"
"OB_0168",1.01285714285714,2.21857142857143,1.20571428571429,"mcp_counter","T cell","Fun-CIM"
"OB_0235",1.42571428571429,4.50785714285714,3.08214285714286,"mcp_counter","T cell","Fun-CIM"
"OB_0315",4.345,3.78285714285714,-0.562142857142857,"mcp_counter","T cell","Fun-CIM"
"2046",3.48357142857143,1.85357142857143,-1.63,"mcp_counter","T cell","Dys-CIM"
"2492",6.65142857142857,3.66071428571429,-2.99071428571429,"mcp_counter","T cell","Dys-CIM"
"2691",7.06678571428571,3.76678571428571,-3.3,"mcp_counter","T cell","Dys-CIM"
"OB_0095",7.21714285714286,4.885,-2.33214285714286,"mcp_counter","T cell","Dys-CIM"
"OB_0157",6.225,3.16928571428571,-3.05571428571429,"mcp_counter","T cell","Dys-CIM"
"OB_0190",1.28142857142857,1.09571428571429,-0.185714285714286,"mcp_counter","T cell","Dys-CIM"
"OB_0234",3.05142857142857,2.66928571428571,-0.382142857142858,"mcp_counter","T cell","Dys-CIM"
"OB_0237",5.79642857142857,1.84928571428571,-3.94714285714286,"mcp_counter","T cell","Dys-CIM"
"OB_0261",10.9564285714286,1.62642857142857,-9.33,"mcp_counter","T cell","Dys-CIM"
"OB_0273",10.805,1.74071428571429,-9.06428571428571,"mcp_counter","T cell","Dys-CIM"
"OB_0344",5.11071428571429,2.11428571428571,-2.99642857142857,"mcp_counter","T cell","Dys-CIM"
"2271",0.42,2.815,2.395,"mcp_counter","T cell CD8+","Fun-CIM"
"2472",0.52,0.99,0.47,"mcp_counter","T cell CD8+","Fun-CIM"
"2653",2.015,4.075,2.06,"mcp_counter","T cell CD8+","Fun-CIM"
"2661",0.745,0.925,0.18,"mcp_counter","T cell CD8+","Fun-CIM"
"2677",3.51,1.58,-1.93,"mcp_counter","T cell CD8+","Fun-CIM"
"2739",1.19,1.15,-0.04,"mcp_counter","T cell CD8+","Fun-CIM"
"2789",8.14,16.43,8.29,"mcp_counter","T cell CD8+","Fun-CIM"
"2817",6.76,4.4,-2.36,"mcp_counter","T cell CD8+","Fun-CIM"
"2852",1.875,0.87,-1.005,"mcp_counter","T cell CD8+","Fun-CIM"
"2976",3.565,8.62,5.055,"mcp_counter","T cell CD8+","Fun-CIM"
"3001",2.8,2.57,-0.23,"mcp_counter","T cell CD8+","Fun-CIM"
"3036",1.595,2.965,1.37,"mcp_counter","T cell CD8+","Fun-CIM"
"3065",5.7,3.39,-2.31,"mcp_counter","T cell CD8+","Fun-CIM"
"3067",2.55,1.17,-1.38,"mcp_counter","T cell CD8+","Fun-CIM"
"3130",3.73,2.015,-1.715,"mcp_counter","T cell CD8+","Fun-CIM"
"3161",0.255,0.845,0.59,"mcp_counter","T cell CD8+","Fun-CIM"
"97",1.23,0.73,-0.5,"mcp_counter","T cell CD8+","Fun-CIM"
"OB_0001",9.45,6.84,-2.61,"mcp_counter","T cell CD8+","Fun-CIM"
"OB_0038",0.83,1.1,0.27,"mcp_counter","T cell CD8+","Fun-CIM"
"OB_0080",1,0.18,-0.82,"mcp_counter","T cell CD8+","Fun-CIM"
"OB_0139",8.87,29.59,20.72,"mcp_counter","T cell CD8+","Fun-CIM"
"OB_0163",0.64,20.99,20.35,"mcp_counter","T cell CD8+","Fun-CIM"
"OB_0168",0.83,2.38,1.55,"mcp_counter","T cell CD8+","Fun-CIM"
"OB_0235",1.3,6.98,5.68,"mcp_counter","T cell CD8+","Fun-CIM"
"OB_0315",11.17,14.72,3.55,"mcp_counter","T cell CD8+","Fun-CIM"
"2046",2.615,2.21,-0.405,"mcp_counter","T cell CD8+","Dys-CIM"
"2492",4.545,3.89,-0.655,"mcp_counter","T cell CD8+","Dys-CIM"
"2691",5.455,5.63,0.175,"mcp_counter","T cell CD8+","Dys-CIM"
"OB_0095",12.65,4.64,-8.01,"mcp_counter","T cell CD8+","Dys-CIM"
"OB_0157",8.33,6.94,-1.39,"mcp_counter","T cell CD8+","Dys-CIM"
"OB_0190",1.56,0.7,-0.86,"mcp_counter","T cell CD8+","Dys-CIM"
"OB_0234",2.76,1.24,-1.52,"mcp_counter","T cell CD8+","Dys-CIM"
"OB_0237",6.45,2.22,-4.23,"mcp_counter","T cell CD8+","Dys-CIM"
"OB_0261",19.3,5.84,-13.46,"mcp_counter","T cell CD8+","Dys-CIM"
"OB_0273",16.97,1.64,-15.33,"mcp_counter","T cell CD8+","Dys-CIM"
"OB_0344",2.92,1.9,-1.02,"mcp_counter","T cell CD8+","Dys-CIM"
"2271",1.22357142857143,3.17285714285714,1.94928571428571,"mcp_counter","cytotoxicity score","Fun-CIM"
"2472",2.30285714285714,1.62285714285714,-0.68,"mcp_counter","cytotoxicity score","Fun-CIM"
"2653",0.929285714285714,2.64857142857143,1.71928571428571,"mcp_counter","cytotoxicity score","Fun-CIM"
"2661",1.90928571428571,1.46071428571429,-0.448571428571428,"mcp_counter","cytotoxicity score","Fun-CIM"
"2677",4.07714285714286,1.42214285714286,-2.655,"mcp_counter","cytotoxicity score","Fun-CIM"
"2739",0.446428571428571,1.66714285714286,1.22071428571429,"mcp_counter","cytotoxicity score","Fun-CIM"
"2789",6.08642857142857,11.7528571428571,5.66642857142857,"mcp_counter","cytotoxicity score","Fun-CIM"
"2817",7.07857142857143,5.845,-1.23357142857143,"mcp_counter","cytotoxicity score","Fun-CIM"
"2852",2.17071428571429,0.838571428571429,-1.33214285714286,"mcp_counter","cytotoxicity score","Fun-CIM"
"2976",4.19571428571429,7.87714285714286,3.68142857142857,"mcp_counter","cytotoxicity score","Fun-CIM"
"3001",1.92642857142857,1.49214285714286,-0.434285714285714,"mcp_counter","cytotoxicity score","Fun-CIM"
"3036",2.12428571428571,2.96857142857143,0.844285714285714,"mcp_counter","cytotoxicity score","Fun-CIM"
"3065",4.89857142857143,2.80071428571429,-2.09785714285714,"mcp_counter","cytotoxicity score","Fun-CIM"
"3067",2.595,3.11,0.515,"mcp_counter","cytotoxicity score","Fun-CIM"
"3130",5.19142857142857,1.33571428571429,-3.85571428571429,"mcp_counter","cytotoxicity score","Fun-CIM"
"3161",0.543571428571429,0.916428571428571,0.372857142857143,"mcp_counter","cytotoxicity score","Fun-CIM"
"97",1.03642857142857,1.04142857142857,0.00499999999999989,"mcp_counter","cytotoxicity score","Fun-CIM"
"OB_0001",4.42714285714286,3.62428571428571,-0.802857142857142,"mcp_counter","cytotoxicity score","Fun-CIM"
"OB_0038",1.19428571428571,1.75857142857143,0.564285714285715,"mcp_counter","cytotoxicity score","Fun-CIM"
"OB_0080",0.908571428571429,0.528571428571429,-0.38,"mcp_counter","cytotoxicity score","Fun-CIM"
"OB_0139",8.40285714285714,28.1214285714286,19.7185714285714,"mcp_counter","cytotoxicity score","Fun-CIM"
"OB_0163",0.942857142857143,13.3928571428571,12.45,"mcp_counter","cytotoxicity score","Fun-CIM"
"OB_0168",0.642857142857143,1.77428571428571,1.13142857142857,"mcp_counter","cytotoxicity score","Fun-CIM"
"OB_0235",1.33857142857143,3.77714285714286,2.43857142857143,"mcp_counter","cytotoxicity score","Fun-CIM"
"OB_0315",4.38428571428571,4.63571428571429,0.251428571428571,"mcp_counter","cytotoxicity score","Fun-CIM"
"2046",3.38642857142857,2.41571428571429,-0.970714285714285,"mcp_counter","cytotoxicity score","Dys-CIM"
"2492",25.7678571428571,29.0085714285714,3.24071428571428,"mcp_counter","cytotoxicity score","Dys-CIM"
"2691",7.36642857142857,6.86285714285714,-0.503571428571428,"mcp_counter","cytotoxicity score","Dys-CIM"
"OB_0095",6.44,8.45285714285714,2.01285714285714,"mcp_counter","cytotoxicity score","Dys-CIM"
"OB_0157",4.49,2.90285714285714,-1.58714285714286,"mcp_counter","cytotoxicity score","Dys-CIM"
"OB_0190",0.978571428571429,1.38428571428571,0.405714285714286,"mcp_counter","cytotoxicity score","Dys-CIM"
"OB_0234",3.63,1.52714285714286,-2.10285714285714,"mcp_counter","cytotoxicity score","Dys-CIM"
"OB_0237",3.63714285714286,2.03142857142857,-1.60571428571429,"mcp_counter","cytotoxicity score","Dys-CIM"
"OB_0261",8.77,2.18142857142857,-6.58857142857143,"mcp_counter","cytotoxicity score","Dys-CIM"
"OB_0273",9.05142857142857,1.27142857142857,-7.78,"mcp_counter","cytotoxicity score","Dys-CIM"
"OB_0344",4.12428571428571,1.33571428571429,-2.78857142857143,"mcp_counter","cytotoxicity score","Dys-CIM"
"2271",0.0119794089583893,0.0100213436857346,-0.00195806527265479,"quantiseq","B cell","Fun-CIM"
"2472",0.0234186070190423,0.0210711161332114,-0.00234749088583096,"quantiseq","B cell","Fun-CIM"
"2653",0.014507210294227,0.0136515358603942,-0.00085567443383279,"quantiseq","B cell","Fun-CIM"
"2661",0.0255008384296287,0.0282067305163351,0.0027058920867064,"quantiseq","B cell","Fun-CIM"
"2677",0.0355863126548305,0.0203625812460603,-0.0152237314087702,"quantiseq","B cell","Fun-CIM"
"2739",0.0180767324933054,0.018281766480106,0.000205033986800593,"quantiseq","B cell","Fun-CIM"
"2789",0.0101596597916653,0.0181895046871461,0.00802984489548073,"quantiseq","B cell","Fun-CIM"
"2817",0.0236794599418436,0.0247809545832596,0.00110149464141597,"quantiseq","B cell","Fun-CIM"
"2852",0.0158431196984408,0.017504502277879,0.00166138257943822,"quantiseq","B cell","Fun-CIM"
"2976",0.0199936262007924,0.0385671344359605,0.0185735082351681,"quantiseq","B cell","Fun-CIM"
"3001",0.0568581989229373,0.0289717863884009,-0.0278864125345364,"quantiseq","B cell","Fun-CIM"
"3036",0.0314485821545129,0.0301713601040877,-0.00127722205042514,"quantiseq","B cell","Fun-CIM"
"3065",0.0249684173895565,0.0223490952887321,-0.00261932210082436,"quantiseq","B cell","Fun-CIM"
"3067",0.0171273219172138,0.0192541219226712,0.00212680000545739,"quantiseq","B cell","Fun-CIM"
"3130",0.024286852721143,0.017888643432016,-0.006398209289127,"quantiseq","B cell","Fun-CIM"
"3161",0.0147598704849084,0.012876319251844,-0.0018835512330644,"quantiseq","B cell","Fun-CIM"
"97",0.0256241407326795,0.0111119616236941,-0.0145121791089854,"quantiseq","B cell","Fun-CIM"
"OB_0001",0.0209228603124931,0.0130961891034909,-0.00782667120900227,"quantiseq","B cell","Fun-CIM"
"OB_0038",0.00233008969785896,0.00518743670709697,0.00285734700923801,"quantiseq","B cell","Fun-CIM"
"OB_0080",0.0103274321099159,0.00991074551309265,-0.000416686596823279,"quantiseq","B cell","Fun-CIM"
"OB_0139",0.0248944562941113,0.029214188702724,0.00431973240861268,"quantiseq","B cell","Fun-CIM"
"OB_0163",0.0140751651177894,0.011176424489548,-0.00289874062824138,"quantiseq","B cell","Fun-CIM"
"OB_0168",0.007998708211055,0.0181160341633347,0.0101173259522796,"quantiseq","B cell","Fun-CIM"
"OB_0235",0.0155995936804632,0.0123167552844029,-0.00328283839606025,"quantiseq","B cell","Fun-CIM"
"OB_0315",0.0121246563921005,0.0168042086983615,0.00467955230626098,"quantiseq","B cell","Fun-CIM"
"2046",0.0472500141813644,0.0512290416545687,0.00397902747320425,"quantiseq","B cell","Dys-CIM"
"2492",0.0649213477345271,0.0190088229846281,-0.045912524749899,"quantiseq","B cell","Dys-CIM"
"2691",0.0265776970292868,0.0199802020167596,-0.00659749501252716,"quantiseq","B cell","Dys-CIM"
"OB_0095",0.0071783712252064,0,-0.0071783712252064,"quantiseq","B cell","Dys-CIM"
"OB_0157",0.0130828343179541,0.00571227818184872,-0.0073705561361054,"quantiseq","B cell","Dys-CIM"
"OB_0190",0.00511947915687359,0.00671990210637964,0.00160042294950606,"quantiseq","B cell","Dys-CIM"
"OB_0234",0.00337644618095442,0.0017880899127948,-0.00158835626815962,"quantiseq","B cell","Dys-CIM"
"OB_0237",0.0636276355279154,0.00715623478839729,-0.0564714007395181,"quantiseq","B cell","Dys-CIM"
"OB_0261",0.0146357452772711,0.00822466111426806,-0.00641108416300308,"quantiseq","B cell","Dys-CIM"
"OB_0273",0.0153431173857507,0.00922537177665103,-0.00611774560909968,"quantiseq","B cell","Dys-CIM"
"OB_0344",0.025362563878006,0.0075426307537833,-0.0178199331242227,"quantiseq","B cell","Dys-CIM"
"2271",0.00871831040252372,0.0421237512432592,0.0334054408407355,"quantiseq","Macrophage M1","Fun-CIM"
"2472",0.0422963115696054,0.0843211669576608,0.0420248553880554,"quantiseq","Macrophage M1","Fun-CIM"
"2653",0.0221887437558856,0.080175796087256,0.0579870523313704,"quantiseq","Macrophage M1","Fun-CIM"
"2661",0.0227079553365428,0.0254475271480488,0.00273957181150593,"quantiseq","Macrophage M1","Fun-CIM"
"2677",0.0265194628870263,0.0819362704418178,0.0554168075547915,"quantiseq","Macrophage M1","Fun-CIM"
"2739",0.0249755777279246,0.0347886012495613,0.00981302352163666,"quantiseq","Macrophage M1","Fun-CIM"
"2789",0.0287767875244353,0.023919001025826,-0.00485778649860933,"quantiseq","Macrophage M1","Fun-CIM"
"2817",0.0310213118968901,0.0338868474906576,0.00286553559376743,"quantiseq","Macrophage M1","Fun-CIM"
"2852",0.0291346833363297,0.0183202680456077,-0.0108144152907219,"quantiseq","Macrophage M1","Fun-CIM"
"2976",0.0421508866162366,0.053327118002406,0.0111762313861694,"quantiseq","Macrophage M1","Fun-CIM"
"3001",0.0130890866235178,0.0222223907200011,0.00913330409648333,"quantiseq","Macrophage M1","Fun-CIM"
"3036",0.0350279843919952,0.0404318013246317,0.00540381693263652,"quantiseq","Macrophage M1","Fun-CIM"
"3065",0.0365077821825456,0.0375683393700647,0.00106055718751914,"quantiseq","Macrophage M1","Fun-CIM"
"3067",0.0220517432439931,0.0198523839784763,-0.00219935926551679,"quantiseq","Macrophage M1","Fun-CIM"
"3130",0.0304984944088197,0.0295192708982145,-0.000979223510605188,"quantiseq","Macrophage M1","Fun-CIM"
"3161",0.0901694056456326,0.0410860737492185,-0.0490833318964141,"quantiseq","Macrophage M1","Fun-CIM"
"97",0.0407779093287707,0.0809411526039034,0.0401632432751327,"quantiseq","Macrophage M1","Fun-CIM"
"OB_0001",0.0177435985526849,0.0269472964113651,0.00920369785868019,"quantiseq","Macrophage M1","Fun-CIM"
"OB_0038",0.0280882683768127,0.0386050710956068,0.0105168027187941,"quantiseq","Macrophage M1","Fun-CIM"
"OB_0080",0.0154544126622028,0.0231747194015923,0.00772030673938947,"quantiseq","Macrophage M1","Fun-CIM"
"OB_0139",0.0541811173981336,0.134726399747483,0.0805452823493494,"quantiseq","Macrophage M1","Fun-CIM"
"OB_0163",0.0123945294849115,0.0287636287736918,0.0163690992887803,"quantiseq","Macrophage M1","Fun-CIM"
"OB_0168",0.0185670738768347,0.0157492565579016,-0.00281781731893308,"quantiseq","Macrophage M1","Fun-CIM"
"OB_0235",0.0263991240912359,0.0191734705310137,-0.00722565356022229,"quantiseq","Macrophage M1","Fun-CIM"
"OB_0315",0.0174959299967359,0.0239584053859886,0.0064624753892527,"quantiseq","Macrophage M1","Fun-CIM"
"2046",0.0361829411122929,0.0339879548211221,-0.00219498629117087,"quantiseq","Macrophage M1","Dys-CIM"
"2492",0.101448274388576,0.0805051818515921,-0.0209430925369842,"quantiseq","Macrophage M1","Dys-CIM"
"2691",0.0960322344894493,0.0323440854629321,-0.0636881490265172,"quantiseq","Macrophage M1","Dys-CIM"
"OB_0095",0.0452497259524551,0.110367328786066,0.0651176028336106,"quantiseq","Macrophage M1","Dys-CIM"
"OB_0157",0.0384414512847816,0.0216803629200053,-0.0167610883647763,"quantiseq","Macrophage M1","Dys-CIM"
"OB_0190",0.00336208195296395,0.0105405033841755,0.0071784214312116,"quantiseq","Macrophage M1","Dys-CIM"
"OB_0234",0.0383661903371632,0.0381023667413278,-0.00026382359583537,"quantiseq","Macrophage M1","Dys-CIM"
"OB_0237",0.0233485261318182,0.0111748888953053,-0.0121736372365129,"quantiseq","Macrophage M1","Dys-CIM"
"OB_0261",0.0300271200315823,0.0157907086205242,-0.0142364114110581,"quantiseq","Macrophage M1","Dys-CIM"
"OB_0273",0.0297919994653406,0.0271554434431751,-0.00263655602216552,"quantiseq","Macrophage M1","Dys-CIM"
"OB_0344",0.0303289275471894,0.0151066452472841,-0.0152222822999053,"quantiseq","Macrophage M1","Dys-CIM"
"2271",0.019816063627442,0.0470629516008802,0.0272468879734381,"quantiseq","Macrophage M2","Fun-CIM"
"2472",0.0138997264201731,0.0176397148170254,0.00373998839685234,"quantiseq","Macrophage M2","Fun-CIM"
"2653",0.0448449543424045,0.0550984453616357,0.0102534910192312,"quantiseq","Macrophage M2","Fun-CIM"
"2661",0.0382873028318495,0.0640393477130458,0.0257520448811963,"quantiseq","Macrophage M2","Fun-CIM"
"2677",0.0735796085622177,0.0662503892207459,-0.00732921934147182,"quantiseq","Macrophage M2","Fun-CIM"
"2739",0.0416028584602726,0.045256361662814,0.00365350320254134,"quantiseq","Macrophage M2","Fun-CIM"
"2789",0.0393580366424682,0.0706503097388221,0.0312922730963539,"quantiseq","Macrophage M2","Fun-CIM"
"2817",0.0816706972787248,0.0619899552994418,-0.019680741979283,"quantiseq","Macrophage M2","Fun-CIM"
"2852",0.0358787767576275,0.0440299071071005,0.00815113034947295,"quantiseq","Macrophage M2","Fun-CIM"
"2976",0.0813938424047651,0.126452791714789,0.0450589493100243,"quantiseq","Macrophage M2","Fun-CIM"
"3001",0.0253302048959954,0.0706414628219606,0.0453112579259652,"quantiseq","Macrophage M2","Fun-CIM"
"3036",0.0530603403031294,0.0869175449812555,0.033857204678126,"quantiseq","Macrophage M2","Fun-CIM"
"3065",0.0572770734948121,0.0594449160270167,0.00216784253220457,"quantiseq","Macrophage M2","Fun-CIM"
"3067",0.0610714157918689,0.0756045749578354,0.0145331591659665,"quantiseq","Macrophage M2","Fun-CIM"
"3130",0.0402407172931878,0.0585889862924812,0.0183482689992934,"quantiseq","Macrophage M2","Fun-CIM"
"3161",0.0288273542167848,0.0706044504143522,0.0417770961975674,"quantiseq","Macrophage M2","Fun-CIM"
"97",0.0585048991424197,0.0299335920187841,-0.0285713071236356,"quantiseq","Macrophage M2","Fun-CIM"
"OB_0001",0.0471022591467436,0.0604816979043236,0.01337943875758,"quantiseq","Macrophage M2","Fun-CIM"
"OB_0038",0.0415836745000423,0.0871458863690617,0.0455622118690194,"quantiseq","Macrophage M2","Fun-CIM"
"OB_0080",0.0547915516841795,0.0421504767333242,-0.0126410749508553,"quantiseq","Macrophage M2","Fun-CIM"
"OB_0139",0.0406295456772785,0.252270781137079,0.211641235459801,"quantiseq","Macrophage M2","Fun-CIM"
"OB_0163",0.0295488887502401,0.139913717640064,0.110364828889824,"quantiseq","Macrophage M2","Fun-CIM"
"OB_0168",0.0299145952511808,0.0549176993422184,0.0250031040910376,"quantiseq","Macrophage M2","Fun-CIM"
"OB_0235",0.0528510577523845,0.0875356262903123,0.0346845685379278,"quantiseq","Macrophage M2","Fun-CIM"
"OB_0315",0.0490247792133959,0.0654846532518987,0.0164598740385028,"quantiseq","Macrophage M2","Fun-CIM"
"2046",0.0416855117487552,0.0105894836892044,-0.0310960280595508,"quantiseq","Macrophage M2","Dys-CIM"
"2492",0.0374444583697576,0.0355383793120102,-0.00190607905774733,"quantiseq","Macrophage M2","Dys-CIM"
"2691",0.126062253049188,0.0913305993567278,-0.0347316536924599,"quantiseq","Macrophage M2","Dys-CIM"
"OB_0095",0.0404221726662318,0.0233324693571607,-0.0170897033090711,"quantiseq","Macrophage M2","Dys-CIM"
"OB_0157",0.0286325787578565,0.0293429519539074,0.000710373196050922,"quantiseq","Macrophage M2","Dys-CIM"
"OB_0190",0.0205392632394195,0.0197058866849199,-0.000833376554499596,"quantiseq","Macrophage M2","Dys-CIM"
"OB_0234",0.0203122909407072,0.00740853937124456,-0.0129037515694626,"quantiseq","Macrophage M2","Dys-CIM"
"OB_0237",0.0359735318721739,0.0141083464636188,-0.0218651854085551,"quantiseq","Macrophage M2","Dys-CIM"
"OB_0261",0.068086018219767,0.0111424253016307,-0.0569435929181363,"quantiseq","Macrophage M2","Dys-CIM"
"OB_0273",0.0642350788524838,0.075826599959236,0.0115915211067522,"quantiseq","Macrophage M2","Dys-CIM"
"OB_0344",0.0647374129758718,0.0210292985346872,-0.0437081144411846,"quantiseq","Macrophage M2","Dys-CIM"
"2271",0.00135940866357163,0,-0.00135940866357163,"quantiseq","Monocyte","Fun-CIM"
"2472",0.00875537855184515,0.000385391844109913,-0.00836998670773524,"quantiseq","Monocyte","Fun-CIM"
"2653",0.0115698683983183,0,-0.0115698683983183,"quantiseq","Monocyte","Fun-CIM"
"2661",0,0,0,"quantiseq","Monocyte","Fun-CIM"
"2677",0,0,0,"quantiseq","Monocyte","Fun-CIM"
"2739",0,0,0,"quantiseq","Monocyte","Fun-CIM"
"2789",0,0,0,"quantiseq","Monocyte","Fun-CIM"
"2817",0.0180402898486842,0,-0.0180402898486842,"quantiseq","Monocyte","Fun-CIM"
"2852",0.0170441975588125,0.0355061945586191,0.0184619969998065,"quantiseq","Monocyte","Fun-CIM"
"2976",0,0,0,"quantiseq","Monocyte","Fun-CIM"
"3001",0.0248912335025512,0.00966701236309328,-0.0152242211394579,"quantiseq","Monocyte","Fun-CIM"
"3036",0,0.0235986489446681,0.0235986489446681,"quantiseq","Monocyte","Fun-CIM"
"3065",0.00341997769322135,0,-0.00341997769322135,"quantiseq","Monocyte","Fun-CIM"
"3067",0.0158249279055905,0,-0.0158249279055905,"quantiseq","Monocyte","Fun-CIM"
"3130",0,0,0,"quantiseq","Monocyte","Fun-CIM"
"3161",0,0,0,"quantiseq","Monocyte","Fun-CIM"
"97",0.0842541695142363,0.131363173469257,0.0471090039550202,"quantiseq","Monocyte","Fun-CIM"
"OB_0001",0,0,0,"quantiseq","Monocyte","Fun-CIM"
"OB_0038",0,0,0,"quantiseq","Monocyte","Fun-CIM"
"OB_0080",0,0,0,"quantiseq","Monocyte","Fun-CIM"
"OB_0139",0,0,0,"quantiseq","Monocyte","Fun-CIM"
"OB_0163",0,0,0,"quantiseq","Monocyte","Fun-CIM"
"OB_0168",0,0,0,"quantiseq","Monocyte","Fun-CIM"
"OB_0235",0,0,0,"quantiseq","Monocyte","Fun-CIM"
"OB_0315",0,0,0,"quantiseq","Monocyte","Fun-CIM"
"2046",0.0136523024255104,0,-0.0136523024255104,"quantiseq","Monocyte","Dys-CIM"
"2492",0.024037735278158,0.000631925237055003,-0.023405810041103,"quantiseq","Monocyte","Dys-CIM"
"2691",0.00303834155972044,0,-0.00303834155972044,"quantiseq","Monocyte","Dys-CIM"
"OB_0095",0,0.0175980964567559,0.0175980964567559,"quantiseq","Monocyte","Dys-CIM"
"OB_0157",0,0,0,"quantiseq","Monocyte","Dys-CIM"
"OB_0190",0,0.00846858205046656,0.00846858205046656,"quantiseq","Monocyte","Dys-CIM"
"OB_0234",0,0,0,"quantiseq","Monocyte","Dys-CIM"
"OB_0237",0.039958098254865,0,-0.039958098254865,"quantiseq","Monocyte","Dys-CIM"
"OB_0261",0.0360580465466413,0.0333424080700482,-0.00271563847659311,"quantiseq","Monocyte","Dys-CIM"
"OB_0273",0.0336022563942907,0,-0.0336022563942907,"quantiseq","Monocyte","Dys-CIM"
"OB_0344",0,0,0,"quantiseq","Monocyte","Dys-CIM"
"2271",0.0276444954021265,0.00892545732281887,-0.0187190380793076,"quantiseq","Myeloid dendritic cell","Fun-CIM"
"2472",0.00611695424438133,0,-0.00611695424438133,"quantiseq","Myeloid dendritic cell","Fun-CIM"
"2653",0.0103052158960594,0,-0.0103052158960594,"quantiseq","Myeloid dendritic cell","Fun-CIM"
"2661",0.00393843659042041,0.0154962256738905,0.0115577890834701,"quantiseq","Myeloid dendritic cell","Fun-CIM"
"2677",0.0245885422009285,0.0106397948371662,-0.0139487473637622,"quantiseq","Myeloid dendritic cell","Fun-CIM"
"2739",0.00425502160421869,0.0113707667959135,0.00711574519169482,"quantiseq","Myeloid dendritic cell","Fun-CIM"
"2789",0,0.00238507098893636,0.00238507098893636,"quantiseq","Myeloid dendritic cell","Fun-CIM"
"2817",0.00608618592052052,0.0620426110808856,0.055956425160365,"quantiseq","Myeloid dendritic cell","Fun-CIM"
"2852",0.00482158708430775,0,-0.00482158708430775,"quantiseq","Myeloid dendritic cell","Fun-CIM"
"2976",0,0.00458059652767511,0.00458059652767511,"quantiseq","Myeloid dendritic cell","Fun-CIM"
"3001",0,0.00297345730787239,0.00297345730787239,"quantiseq","Myeloid dendritic cell","Fun-CIM"
"3036",0.00410132212450746,0.00327474261006571,-0.000826579514441749,"quantiseq","Myeloid dendritic cell","Fun-CIM"
"3065",0.0231381134224211,0.00429658185640164,-0.0188415315660195,"quantiseq","Myeloid dendritic cell","Fun-CIM"
"3067",0.00564079271638871,0.0368813027176857,0.0312405100012969,"quantiseq","Myeloid dendritic cell","Fun-CIM"
"3130",0.00825519670378745,0.00347889664022091,-0.00477630006356654,"quantiseq","Myeloid dendritic cell","Fun-CIM"
"3161",0,0,0,"quantiseq","Myeloid dendritic cell","Fun-CIM"
"97",0,0,0,"quantiseq","Myeloid dendritic cell","Fun-CIM"
"OB_0001",0.00318678538157393,0.00970397278949472,0.00651718740792079,"quantiseq","Myeloid dendritic cell","Fun-CIM"
"OB_0038",0.0121439637672415,0.00115733777868482,-0.0109866259885567,"quantiseq","Myeloid dendritic cell","Fun-CIM"
"OB_0080",0.0130387379847088,0.0162677268049485,0.00322898882023973,"quantiseq","Myeloid dendritic cell","Fun-CIM"
"OB_0139",0.00886502215319572,0.0441679364271352,0.0353029142739395,"quantiseq","Myeloid dendritic cell","Fun-CIM"
"OB_0163",0.00466848353996682,0.0104479420190045,0.00577945847903772,"quantiseq","Myeloid dendritic cell","Fun-CIM"
"OB_0168",0.00491008906661698,0.0118057736475144,0.0068956845808974,"quantiseq","Myeloid dendritic cell","Fun-CIM"
"OB_0235",0.0096299595249494,0.0272897308760451,0.0176597713510957,"quantiseq","Myeloid dendritic cell","Fun-CIM"
"OB_0315",0.0146464579986784,0.0124826206869345,-0.00216383731174393,"quantiseq","Myeloid dendritic cell","Fun-CIM"
"2046",0.0216770484413813,0.0129740252531127,-0.00870302318826855,"quantiseq","Myeloid dendritic cell","Dys-CIM"
"2492",0,0,0,"quantiseq","Myeloid dendritic cell","Dys-CIM"
"2691",0.0477967925036785,0,-0.0477967925036785,"quantiseq","Myeloid dendritic cell","Dys-CIM"
"OB_0095",0,0,0,"quantiseq","Myeloid dendritic cell","Dys-CIM"
"OB_0157",0.00555761949290467,0.00277265740132109,-0.00278496209158358,"quantiseq","Myeloid dendritic cell","Dys-CIM"
"OB_0190",0.0169212127750629,0.0220022884155957,0.00508107564053287,"quantiseq","Myeloid dendritic cell","Dys-CIM"
"OB_0234",0.00280280141745264,0.00284085690309184,0.0000380554856391998,"quantiseq","Myeloid dendritic cell","Dys-CIM"
"OB_0237",0,0.00900075422933412,0.00900075422933412,"quantiseq","Myeloid dendritic cell","Dys-CIM"
"OB_0261",0,0,0,"quantiseq","Myeloid dendritic cell","Dys-CIM"
"OB_0273",0,0.00831998831224684,0.00831998831224684,"quantiseq","Myeloid dendritic cell","Dys-CIM"
"OB_0344",0.00572623945493887,0.0249360000515193,0.0192097605965804,"quantiseq","Myeloid dendritic cell","Dys-CIM"
"2271",0.0157377302389073,0.0131227474014941,-0.00261498283741321,"quantiseq","NK cell","Fun-CIM"
"2472",0.0117190005078062,0.0132657394324696,0.00154673892466341,"quantiseq","NK cell","Fun-CIM"
"2653",0.0128482464612178,0.0175080331994446,0.00465978673822682,"quantiseq","NK cell","Fun-CIM"
"2661",0.0132284601760817,0.0248173537511794,0.0115888935750977,"quantiseq","NK cell","Fun-CIM"
"2677",0.0122351286290362,0.010894951221642,-0.00134017740739423,"quantiseq","NK cell","Fun-CIM"
"2739",0.0146627721839429,0.0156621227247098,0.000999350540766945,"quantiseq","NK cell","Fun-CIM"
"2789",0.00547465940906226,0.0176001667570547,0.0121255073479925,"quantiseq","NK cell","Fun-CIM"
"2817",0.0161511460467853,0.0173254942988803,0.00117434825209495,"quantiseq","NK cell","Fun-CIM"
"2852",0.0146180066306405,0.0181966382850714,0.00357863165443095,"quantiseq","NK cell","Fun-CIM"
"2976",0.0051931536129617,0.0168840522084486,0.0116908985954869,"quantiseq","NK cell","Fun-CIM"
"3001",0.0089989196170491,0.019302752432564,0.0103038328155149,"quantiseq","NK cell","Fun-CIM"
"3036",0.0122708874352199,0.0215879190999384,0.00931703166471855,"quantiseq","NK cell","Fun-CIM"
"3065",0.0110948518224604,0.0202554712545083,0.00916061943204786,"quantiseq","NK cell","Fun-CIM"
"3067",0.0119040955988467,0.0197165661634622,0.00781247056461548,"quantiseq","NK cell","Fun-CIM"
"3130",0.0145586293875823,0.0167087177412986,0.00215008835371627,"quantiseq","NK cell","Fun-CIM"
"3161",0.0120131274677209,0.0159484181983453,0.00393529073062439,"quantiseq","NK cell","Fun-CIM"
"97",0.0427391740906558,0.0408961166582684,-0.00184305743238732,"quantiseq","NK cell","Fun-CIM"
"OB_0001",0.00539392135273178,0.0102503547342026,0.00485643338147078,"quantiseq","NK cell","Fun-CIM"
"OB_0038",0.00530342580973515,0.00585199410810046,0.000548568298365316,"quantiseq","NK cell","Fun-CIM"
"OB_0080",0.00899635068043454,0.00975259380041717,0.000756243119982632,"quantiseq","NK cell","Fun-CIM"
"OB_0139",0.00878989439291317,0,-0.00878989439291317,"quantiseq","NK cell","Fun-CIM"
"OB_0163",0.00753732777501559,0.0168099549705923,0.00927262719557671,"quantiseq","NK cell","Fun-CIM"
"OB_0168",0.0075800345532938,0.0132390929558451,0.0056590584025513,"quantiseq","NK cell","Fun-CIM"
"OB_0235",0.00992224318612161,0.0161450958171379,0.00622285263101627,"quantiseq","NK cell","Fun-CIM"
"OB_0315",0.00572369477007158,0.00707478801447263,0.00135109324440105,"quantiseq","NK cell","Fun-CIM"
"2046",0.0162154188568218,0.0102392724022977,-0.00597614645452413,"quantiseq","NK cell","Dys-CIM"
"2492",0.0155075355135735,0.0213296940020619,0.00582215848848841,"quantiseq","NK cell","Dys-CIM"
"2691",0.00885368356511076,0.0134097387243629,0.0045560551592521,"quantiseq","NK cell","Dys-CIM"
"OB_0095",0.00903830336701034,0.00183395546003228,-0.00720434790697806,"quantiseq","NK cell","Dys-CIM"
"OB_0157",0.00569146412649089,0.00361559507240756,-0.00207586905408333,"quantiseq","NK cell","Dys-CIM"
"OB_0190",0.0112078299271523,0.01416257029842,0.00295474037126776,"quantiseq","NK cell","Dys-CIM"
"OB_0234",0.00315095097821007,0.00375761031398943,0.000606659335779355,"quantiseq","NK cell","Dys-CIM"
"OB_0237",0.00839174578655754,0.00898177918280589,0.000590033396248347,"quantiseq","NK cell","Dys-CIM"
"OB_0261",0.00512073636061708,0.00883300909864801,0.00371227273803093,"quantiseq","NK cell","Dys-CIM"
"OB_0273",0.0054012661032412,0.00221140334354067,-0.00318986275970053,"quantiseq","NK cell","Dys-CIM"
"OB_0344",0.0119272629473164,0.0104106082028494,-0.00151665474446691,"quantiseq","NK cell","Dys-CIM"
"2271",0.0393026461634386,0.0500089107724985,0.0107062646090599,"quantiseq","Neutrophil","Fun-CIM"
"2472",0.0318632468555771,0.0663763955692292,0.0345131487136521,"quantiseq","Neutrophil","Fun-CIM"
"2653",0.0296082395001602,0.0302516662161809,0.000643426716020658,"quantiseq","Neutrophil","Fun-CIM"
"2661",0.0375822735290116,0.0419054004816945,0.00432312695268298,"quantiseq","Neutrophil","Fun-CIM"
"2677",0.0471881816333297,0.0599930996761261,0.0128049180427963,"quantiseq","Neutrophil","Fun-CIM"
"2739",0.040461752236916,0.0492570442412883,0.00879529200437229,"quantiseq","Neutrophil","Fun-CIM"
"2789",0.0226001642569439,0.0354193769035488,0.012819212646605,"quantiseq","Neutrophil","Fun-CIM"
"2817",0.0180134767289841,0.0459157109804854,0.0279022342515013,"quantiseq","Neutrophil","Fun-CIM"
"2852",0.00860107499164032,0.00556559970591415,-0.00303547528572617,"quantiseq","Neutrophil","Fun-CIM"
"2976",0.0307877515615618,0.0371387769397481,0.00635102537818628,"quantiseq","Neutrophil","Fun-CIM"
"3001",0.0472020644177042,0.0592610529771392,0.012058988559435,"quantiseq","Neutrophil","Fun-CIM"
"3036",0.022365194081691,0.0311859813432316,0.0088207872615406,"quantiseq","Neutrophil","Fun-CIM"
"3065",0.0383452633828114,0.0607292459041409,0.0223839825213295,"quantiseq","Neutrophil","Fun-CIM"
"3067",0.0452488572449223,0.107225151313705,0.0619762940687826,"quantiseq","Neutrophil","Fun-CIM"
"3130",0.020891360135458,0.0326418352919349,0.0117504751564769,"quantiseq","Neutrophil","Fun-CIM"
"3161",0.0139124983747058,0.0388366756788428,0.0249241773041371,"quantiseq","Neutrophil","Fun-CIM"
"97",0,0.0191231770116098,0.0191231770116098,"quantiseq","Neutrophil","Fun-CIM"
"OB_0001",0.0628920728531367,0.0585190230189069,-0.00437304983422982,"quantiseq","Neutrophil","Fun-CIM"
"OB_0038",0.0378277441595948,0.0506303216061574,0.0128025774465625,"quantiseq","Neutrophil","Fun-CIM"
"OB_0080",0.0123847934527355,0.00747585042159597,-0.00490894303113948,"quantiseq","Neutrophil","Fun-CIM"
"OB_0139",0.0562478604417093,0.0249291120481621,-0.0313187483935472,"quantiseq","Neutrophil","Fun-CIM"
"OB_0163",0.0232205140358613,0.0229215024275441,-0.000299011608317207,"quantiseq","Neutrophil","Fun-CIM"
"OB_0168",0.0180644056351992,0.0304975078119256,0.0124331021767264,"quantiseq","Neutrophil","Fun-CIM"
"OB_0235",0.0389819214931773,0.0252000775882916,-0.0137818439048857,"quantiseq","Neutrophil","Fun-CIM"
"OB_0315",0.0226091207796124,0.0259137342786015,0.00330461349898909,"quantiseq","Neutrophil","Fun-CIM"
"2046",0.0327125124771967,0.0631088570892209,0.0303963446120242,"quantiseq","Neutrophil","Dys-CIM"
"2492",0.0268641949334306,0.0626637054812512,0.0357995105478206,"quantiseq","Neutrophil","Dys-CIM"
"2691",0.0236800110670723,0.0316022192210001,0.00792220815392779,"quantiseq","Neutrophil","Dys-CIM"
"OB_0095",0.0721872707173366,0.0746880172964057,0.00250074657906912,"quantiseq","Neutrophil","Dys-CIM"
"OB_0157",0.0552884395335633,0.0260688329439951,-0.0292196065895682,"quantiseq","Neutrophil","Dys-CIM"
"OB_0190",0.0365613838726435,0.0210873882324472,-0.0154739956401963,"quantiseq","Neutrophil","Dys-CIM"
"OB_0234",0.0399948980692931,0.0423192281757559,0.00232433010646282,"quantiseq","Neutrophil","Dys-CIM"
"OB_0237",0.0127522613749811,0.0417311413007754,0.0289788799257944,"quantiseq","Neutrophil","Dys-CIM"
"OB_0261",0.0202495459653538,0.0294646491767661,0.00921510321141234,"quantiseq","Neutrophil","Dys-CIM"
"OB_0273",0.0225147350383485,0.0189076399456654,-0.00360709509268309,"quantiseq","Neutrophil","Dys-CIM"
"OB_0344",0.0748355618977755,0.0544368732335784,-0.0203986886641971,"quantiseq","Neutrophil","Dys-CIM"
"2271",0.0225445526444174,0.0352279782037762,0.0126834255593588,"quantiseq","T cell CD4+ (non-regulatory)","Fun-CIM"
"2472",0,0,0,"quantiseq","T cell CD4+ (non-regulatory)","Fun-CIM"
"2653",0.0472171460870825,0.019151968657243,-0.0280651774298395,"quantiseq","T cell CD4+ (non-regulatory)","Fun-CIM"
"2661",0.0350006726806996,0.0441872302206271,0.00918655753992754,"quantiseq","T cell CD4+ (non-regulatory)","Fun-CIM"
"2677",0.0601333630849816,0.0076747340787844,-0.0524586290061972,"quantiseq","T cell CD4+ (non-regulatory)","Fun-CIM"
"2739",0.0272102621605332,0.0345120927394258,0.00730183057889268,"quantiseq","T cell CD4+ (non-regulatory)","Fun-CIM"
"2789",0.0500951897699829,0.0524868462799508,0.00239165650996787,"quantiseq","T cell CD4+ (non-regulatory)","Fun-CIM"
"2817",0.0605442462699913,0.0269803254316398,-0.0335639208383516,"quantiseq","T cell CD4+ (non-regulatory)","Fun-CIM"
"2852",0,0,0,"quantiseq","T cell CD4+ (non-regulatory)","Fun-CIM"
"2976",0.0428058363246362,0.0377983729849573,-0.00500746333967887,"quantiseq","T cell CD4+ (non-regulatory)","Fun-CIM"
"3001",0.109498396577879,0.0448764258772886,-0.0646219707005908,"quantiseq","T cell CD4+ (non-regulatory)","Fun-CIM"
"3036",0.056208204098519,0,-0.056208204098519,"quantiseq","T cell CD4+ (non-regulatory)","Fun-CIM"
"3065",0.0391115974598807,0.00366575388802573,-0.035445843571855,"quantiseq","T cell CD4+ (non-regulatory)","Fun-CIM"
"3067",0.0785796167673085,0.0285335060255043,-0.0500461107418042,"quantiseq","T cell CD4+ (non-regulatory)","Fun-CIM"
"3130",0.0234979253572194,0,-0.0234979253572194,"quantiseq","T cell CD4+ (non-regulatory)","Fun-CIM"
"3161",0.0219395477817532,0.0505960563725494,0.0286565085907962,"quantiseq","T cell CD4+ (non-regulatory)","Fun-CIM"
"97",0.0424865174824696,0.0520802373125747,0.00959371983010511,"quantiseq","T cell CD4+ (non-regulatory)","Fun-CIM"
"OB_0001",0.0207423149852128,0.0250168925613251,0.00427457757611227,"quantiseq","T cell CD4+ (non-regulatory)","Fun-CIM"
"OB_0038",0.00687634211913445,0.0161435340035589,0.00926719188442448,"quantiseq","T cell CD4+ (non-regulatory)","Fun-CIM"
"OB_0080",0.00755062099203631,0.0182608716392471,0.0107102506472108,"quantiseq","T cell CD4+ (non-regulatory)","Fun-CIM"
"OB_0139",0,0,0,"quantiseq","T cell CD4+ (non-regulatory)","Fun-CIM"
"OB_0163",0.0287487393485553,0.01109385056565,-0.0176548887829053,"quantiseq","T cell CD4+ (non-regulatory)","Fun-CIM"
"OB_0168",0.0317476075957446,0.0291328804909367,-0.00261472710480795,"quantiseq","T cell CD4+ (non-regulatory)","Fun-CIM"
"OB_0235",0.00361657202807523,0,-0.00361657202807523,"quantiseq","T cell CD4+ (non-regulatory)","Fun-CIM"
"OB_0315",0.00645226754995277,0,-0.00645226754995277,"quantiseq","T cell CD4+ (non-regulatory)","Fun-CIM"
"2046",0,0,0,"quantiseq","T cell CD4+ (non-regulatory)","Dys-CIM"
"2492",0,0,0,"quantiseq","T cell CD4+ (non-regulatory)","Dys-CIM"
"2691",0.0750132944302767,0.0518382658019061,-0.0231750286283706,"quantiseq","T cell CD4+ (non-regulatory)","Dys-CIM"
"OB_0095",0,0.0834278344289367,0.0834278344289367,"quantiseq","T cell CD4+ (non-regulatory)","Dys-CIM"
"OB_0157",0,0,0,"quantiseq","T cell CD4+ (non-regulatory)","Dys-CIM"
"OB_0190",0,0,0,"quantiseq","T cell CD4+ (non-regulatory)","Dys-CIM"
"OB_0234",0.0191516534940342,0.0130601998147393,-0.00609145367929484,"quantiseq","T cell CD4+ (non-regulatory)","Dys-CIM"
"OB_0237",0,0,0,"quantiseq","T cell CD4+ (non-regulatory)","Dys-CIM"
"OB_0261",0,0,0,"quantiseq","T cell CD4+ (non-regulatory)","Dys-CIM"
"OB_0273",0,0.0658119469626536,0.0658119469626536,"quantiseq","T cell CD4+ (non-regulatory)","Dys-CIM"
"OB_0344",0.00775180158932601,0,-0.00775180158932601,"quantiseq","T cell CD4+ (non-regulatory)","Dys-CIM"
"2271",0.000165531991158818,0.0096585824186042,0.00949305042744539,"quantiseq","T cell CD8+","Fun-CIM"
"2472",0.00532959778620146,0.00439210156540449,-0.000937496220796971,"quantiseq","T cell CD8+","Fun-CIM"
"2653",0.0092906014158198,0.0207602154891038,0.0114696140732841,"quantiseq","T cell CD8+","Fun-CIM"
"2661",0.0000593870579559384,0,-0.0000593870579559384,"quantiseq","T cell CD8+","Fun-CIM"
"2677",0.0238380624255342,0.00511214326158228,-0.0187259191639519,"quantiseq","T cell CD8+","Fun-CIM"
"2739",0,0.000682348968950543,0.000682348968950543,"quantiseq","T cell CD8+","Fun-CIM"
"2789",0.0311338097504021,0.0691935039577537,0.0380596942073516,"quantiseq","T cell CD8+","Fun-CIM"
"2817",0.0349243411683008,0.0223972219116155,-0.0125271192566852,"quantiseq","T cell CD8+","Fun-CIM"
"2852",0.011320812546776,0.00245662021028717,-0.0088641923364888,"quantiseq","T cell CD8+","Fun-CIM"
"2976",0.0159351554640095,0.0484212739946583,0.0324861185306488,"quantiseq","T cell CD8+","Fun-CIM"
"3001",0.0115188182729644,0.00943888890431306,-0.00207992936865133,"quantiseq","T cell CD8+","Fun-CIM"
"3036",0.00739153548354957,0.0142323561331548,0.00684082064960525,"quantiseq","T cell CD8+","Fun-CIM"
"3065",0.0215718313754076,0.0102516835327128,-0.0113201478426948,"quantiseq","T cell CD8+","Fun-CIM"
"3067",0.00856156633951896,0.00364528668222524,-0.00491627965729371,"quantiseq","T cell CD8+","Fun-CIM"
"3130",0.0228782556574235,0.00418379287797716,-0.0186944627794463,"quantiseq","T cell CD8+","Fun-CIM"
"3161",0,0,0,"quantiseq","T cell CD8+","Fun-CIM"
"97",0.000212411553548567,0.00801845416973187,0.00780604261618331,"quantiseq","T cell CD8+","Fun-CIM"
"OB_0001",0.0298943535363709,0.0252118927403979,-0.00468246079597306,"quantiseq","T cell CD8+","Fun-CIM"
"OB_0038",0.00149064127859212,0.00412195621728871,0.00263131493869659,"quantiseq","T cell CD8+","Fun-CIM"
"OB_0080",0.00228706283428996,0,-0.00228706283428996,"quantiseq","T cell CD8+","Fun-CIM"
"OB_0139",0.0344403811027739,0.122024567306252,0.0875841862034785,"quantiseq","T cell CD8+","Fun-CIM"
"OB_0163",0.0014082630647022,0.0873353774774197,0.0859271144127175,"quantiseq","T cell CD8+","Fun-CIM"
"OB_0168",0.000433343587554142,0.00711923380919306,0.00668589022163891,"quantiseq","T cell CD8+","Fun-CIM"
"OB_0235",0.00277390102831823,0.0250196729222998,0.0222457718939815,"quantiseq","T cell CD8+","Fun-CIM"
"OB_0315",0.0328608919640561,0.0341740500203155,0.0013131580562594,"quantiseq","T cell CD8+","Fun-CIM"
"2046",0.0171139211647598,0.00339101142074695,-0.0137229097440128,"quantiseq","T cell CD8+","Dys-CIM"
"2492",0.0272620539691169,0.0212579284172159,-0.00600412555190095,"quantiseq","T cell CD8+","Dys-CIM"
"2691",0.0398088761691602,0.0344546807330429,-0.00535419543611736,"quantiseq","T cell CD8+","Dys-CIM"
"OB_0095",0.0342222932081806,0.0165409321626031,-0.0176813610455775,"quantiseq","T cell CD8+","Dys-CIM"
"OB_0157",0.0247813760249416,0.0137251014663658,-0.0110562745585758,"quantiseq","T cell CD8+","Dys-CIM"
"OB_0190",0.00161412986312376,0.00101718184437206,-0.000596948018751702,"quantiseq","T cell CD8+","Dys-CIM"
"OB_0234",0.00917637976479241,0.00324171847127785,-0.00593466129351456,"quantiseq","T cell CD8+","Dys-CIM"
"OB_0237",0.0268675479417444,0.0109941472957178,-0.0158734006460265,"quantiseq","T cell CD8+","Dys-CIM"
"OB_0261",0.0576578021419379,0.0144019494736886,-0.0432558526682493,"quantiseq","T cell CD8+","Dys-CIM"
"OB_0273",0.0541540027997196,0.00503615942079055,-0.049117843378929,"quantiseq","T cell CD8+","Dys-CIM"
"OB_0344",0.0107048736752243,0.00258675600089833,-0.00811811767432597,"quantiseq","T cell CD8+","Dys-CIM"
"2271",0.00292649443749144,0.00538302533182356,0.00245653089433212,"quantiseq","T cell regulatory (Tregs)","Fun-CIM"
"2472",0.0183790145071647,0.0198842582325951,0.00150524372543046,"quantiseq","T cell regulatory (Tregs)","Fun-CIM"
"2653",0.00726981232537668,0.00955757718010914,0.00228776485473247,"quantiseq","T cell regulatory (Tregs)","Fun-CIM"
"2661",0.00609315702688351,0.00539877182700784,-0.000694385199875675,"quantiseq","T cell regulatory (Tregs)","Fun-CIM"
"2677",0.0284805607320737,0.0148892257845698,-0.0135913349475039,"quantiseq","T cell regulatory (Tregs)","Fun-CIM"
"2739",0.00601264706285477,0.00886283823867687,0.0028501911758221,"quantiseq","T cell regulatory (Tregs)","Fun-CIM"
"2789",0.0128159980717712,0.0204604903186979,0.00764449224692671,"quantiseq","T cell regulatory (Tregs)","Fun-CIM"
"2817",0.0205323045873712,0.0168074414132908,-0.00372486317408047,"quantiseq","T cell regulatory (Tregs)","Fun-CIM"
"2852",0.0145732369379626,0.0139666904503239,-0.000606546487638653,"quantiseq","T cell regulatory (Tregs)","Fun-CIM"
"2976",0.0297213846967013,0.0449440501841285,0.0152226654874273,"quantiseq","T cell regulatory (Tregs)","Fun-CIM"
"3001",0.0135250611019734,0.00941472120921791,-0.00411033989275549,"quantiseq","T cell regulatory (Tregs)","Fun-CIM"
"3036",0.0125816275570109,0.0202708517896351,0.0076892242326242,"quantiseq","T cell regulatory (Tregs)","Fun-CIM"
"3065",0.0126424765655059,0.0132106933929753,0.000568216827469409,"quantiseq","T cell regulatory (Tregs)","Fun-CIM"
"3067",0.0119184046460521,0.0135487963456907,0.00163039169963863,"quantiseq","T cell regulatory (Tregs)","Fun-CIM"
"3130",0.0208095744169198,0.0199137502004094,-0.000895824216510355,"quantiseq","T cell regulatory (Tregs)","Fun-CIM"
"3161",0.0144530470504334,0.00768299594047128,-0.00677005110996207,"quantiseq","T cell regulatory (Tregs)","Fun-CIM"
"97",0.0200017120866292,0.0198697663441263,-0.000131945742502915,"quantiseq","T cell regulatory (Tregs)","Fun-CIM"
"OB_0001",0.0117703093579777,0.00713378346192108,-0.00463652589605664,"quantiseq","T cell regulatory (Tregs)","Fun-CIM"
"OB_0038",0.0140997811160683,0.0225355235729457,0.00843574245687748,"quantiseq","T cell regulatory (Tregs)","Fun-CIM"
"OB_0080",0.00386685332860172,0.0032471395647547,-0.000619713763847011,"quantiseq","T cell regulatory (Tregs)","Fun-CIM"
"OB_0139",0.0180535665697916,0.0681517376125088,0.0500981710427172,"quantiseq","T cell regulatory (Tregs)","Fun-CIM"
"OB_0163",0.00596154480514458,0.0251344855665095,0.0191729407613649,"quantiseq","T cell regulatory (Tregs)","Fun-CIM"
"OB_0168",0.0049369543265138,0.00644260059441446,0.00150564626790066,"quantiseq","T cell regulatory (Tregs)","Fun-CIM"
"OB_0235",0.0109627514902403,0.0195772404553745,0.00861448896513419,"quantiseq","T cell regulatory (Tregs)","Fun-CIM"
"OB_0315",0.0202583724668427,0.0129820687769468,-0.00727630368989592,"quantiseq","T cell regulatory (Tregs)","Fun-CIM"
"2046",0.0152372513808063,0.000708637906302308,-0.014528613474504,"quantiseq","T cell regulatory (Tregs)","Dys-CIM"
"2492",0.0397696360567894,0.0198900477212905,-0.019879588335499,"quantiseq","T cell regulatory (Tregs)","Dys-CIM"
"2691",0.0203617063440975,0.0163465040148855,-0.00401520232921206,"quantiseq","T cell regulatory (Tregs)","Dys-CIM"
"OB_0095",0.019142928296058,0.0151326307565682,-0.00401029753948983,"quantiseq","T cell regulatory (Tregs)","Dys-CIM"
"OB_0157",0.0164895244518453,0.00762007077419166,-0.00886945367765365,"quantiseq","T cell regulatory (Tregs)","Dys-CIM"
"OB_0190",0.00932344663894459,0.0124882903971521,0.00316484375820746,"quantiseq","T cell regulatory (Tregs)","Dys-CIM"
"OB_0234",0.0103773355774546,0.00732858756897103,-0.00304874800848354,"quantiseq","T cell regulatory (Tregs)","Dys-CIM"
"OB_0237",0.0256757959056818,0.0112726938266171,-0.0144031020790647,"quantiseq","T cell regulatory (Tregs)","Dys-CIM"
"OB_0261",0.0451386134853582,0.00449371833468352,-0.0406448951506747,"quantiseq","T cell regulatory (Tregs)","Dys-CIM"
"OB_0273",0.0412676505799055,0.00754680644550517,-0.0337208441344003,"quantiseq","T cell regulatory (Tregs)","Dys-CIM"
"OB_0344",0.0265055692992266,0.0125671050534911,-0.0139384642457355,"quantiseq","T cell regulatory (Tregs)","Dys-CIM"
"2271",0.849805357470533,0.778465252019111,-0.0713401054514227,"quantiseq","uncharacterized cell","Fun-CIM"
"2472",0.838222162538203,0.772664115448294,-0.0655580470899093,"quantiseq","uncharacterized cell","Fun-CIM"
"2653",0.790349961523448,0.753844761948633,-0.0365051995748156,"quantiseq","uncharacterized cell","Fun-CIM"
"2661",0.817601516340926,0.750501412668171,-0.0671001036727554,"quantiseq","uncharacterized cell","Fun-CIM"
"2677",0.667850777190041,0.722246810231505,0.0543960330414637,"quantiseq","uncharacterized cell","Fun-CIM"
"2739",0.822742376070032,0.781326056898554,-0.041416319171478,"quantiseq","uncharacterized cell","Fun-CIM"
"2789",0.799585694783269,0.689695729342264,-0.109889965441005,"quantiseq","uncharacterized cell","Fun-CIM"
"2817",0.689336540311904,0.687873437509844,-0.0014631028020603,"quantiseq","uncharacterized cell","Fun-CIM"
"2852",0.848164504457462,0.844453579359197,-0.00371092509826532,"quantiseq","uncharacterized cell","Fun-CIM"
"2976",0.732018363118335,0.591885833007228,-0.140132530111107,"quantiseq","uncharacterized cell","Fun-CIM"
"3001",0.689088016067428,0.723230048998149,0.034142032930721,"quantiseq","uncharacterized cell","Fun-CIM"
"3036",0.765544322369865,0.728328793669331,-0.0372155287005335,"quantiseq","uncharacterized cell","Fun-CIM"
"3065",0.731922615211377,0.768228219485422,0.0363056042740445,"quantiseq","uncharacterized cell","Fun-CIM"
"3067",0.722071257828296,0.675738309892744,-0.0463329479355523,"quantiseq","uncharacterized cell","Fun-CIM"
"3130",0.794082993918459,0.817076106625447,0.0229931127069881,"quantiseq","uncharacterized cell","Fun-CIM"
"3161",0.803925148978061,0.762369010394376,-0.0415561385836846,"quantiseq","uncharacterized cell","Fun-CIM"
"97",0.685399066068591,0.606662368788051,-0.0787366972805399,"quantiseq","uncharacterized cell","Fun-CIM"
"OB_0001",0.780351524521075,0.763638897274572,-0.0167126272465024,"quantiseq","uncharacterized cell","Fun-CIM"
"OB_0038",0.85025606917492,0.768620938541498,-0.0816351306334213,"quantiseq","uncharacterized cell","Fun-CIM"
"OB_0080",0.871302184270895,0.869759876121027,-0.00154230814986756,"quantiseq","uncharacterized cell","Fun-CIM"
"OB_0139",0.753898155970093,0.324515277018655,-0.429382878951438,"quantiseq","uncharacterized cell","Fun-CIM"
"OB_0163",0.872436544077813,0.646403116069976,-0.226033428007837,"quantiseq","uncharacterized cell","Fun-CIM"
"OB_0168",0.875847187896007,0.812979920626716,-0.062867267269291,"quantiseq","uncharacterized cell","Fun-CIM"
"OB_0235",0.829262875725034,0.767742330235122,-0.061520545489912,"quantiseq","uncharacterized cell","Fun-CIM"
"OB_0315",0.818803828868554,0.80112547088648,-0.0176783579820735,"quantiseq","uncharacterized cell","Fun-CIM"
"2046",0.758273078211111,0.813771715763424,0.055498637552313,"quantiseq","uncharacterized cell","Dys-CIM"
"2492",0.662744763756071,0.739174314992895,0.0764295512368244,"quantiseq","uncharacterized cell","Dys-CIM"
"2691",0.53277510979296,0.708693704668383,0.175918594875423,"quantiseq","uncharacterized cell","Dys-CIM"
"OB_0095",0.772558934567521,0.657078735295472,-0.115480199272049,"quantiseq","uncharacterized cell","Dys-CIM"
"OB_0157",0.812034712009662,0.889462149285957,0.0774274372762954,"quantiseq","uncharacterized cell","Dys-CIM"
"OB_0190",0.895351172573816,0.883807406586071,-0.0115437659877446,"quantiseq","uncharacterized cell","Dys-CIM"
"OB_0234",0.853291053239938,0.880152802726808,0.0268617494868693,"quantiseq","uncharacterized cell","Dys-CIM"
"OB_0237",0.763404857204263,0.885580014017428,0.122175156813165,"quantiseq","uncharacterized cell","Dys-CIM"
"OB_0261",0.723026371971471,0.874306470809743,0.151280098838271,"quantiseq","uncharacterized cell","Dys-CIM"
"OB_0273",0.73368989338092,0.779958640390536,0.046268747009616,"quantiseq","uncharacterized cell","Dys-CIM"
"OB_0344",0.742119786735125,0.851384082921909,0.109264296186784,"quantiseq","uncharacterized cell","Dys-CIM"
"2271",0.0647040007077673,0.0560510354139768,-0.00865296529379053,"timer","B cell","Fun-CIM"
"2472",0.0973974988272207,0.0781027266175342,-0.0192947722096865,"timer","B cell","Fun-CIM"
"2653",0.0840528692893628,0.125092168742147,0.0410392994527839,"timer","B cell","Fun-CIM"
"2661",0.102971322954424,0.0771115433657083,-0.0258597795887158,"timer","B cell","Fun-CIM"
"2677",0.115012371042982,0.123262541890545,0.00825017084756331,"timer","B cell","Fun-CIM"
"2739",0.0834586341859381,0.0769882628360821,-0.00647037134985592,"timer","B cell","Fun-CIM"
"2789",0.12428618645042,0.140383528144869,0.0160973416944487,"timer","B cell","Fun-CIM"
"2817",0.129811444360063,0.0715968413340594,-0.0582146030260034,"timer","B cell","Fun-CIM"
"2852",0.0902120726480458,0.0738929686062352,-0.0163191040418107,"timer","B cell","Fun-CIM"
"2976",0.134569242270781,0.195103100678369,0.0605338584075876,"timer","B cell","Fun-CIM"
"3001",0.13009033819467,0.081491185665006,-0.0485991525296637,"timer","B cell","Fun-CIM"
"3036",0.102061792530311,0.128197951171601,0.02613615864129,"timer","B cell","Fun-CIM"
"3065",0.102589088797826,0.0506742822052593,-0.0519148065925668,"timer","B cell","Fun-CIM"
"3067",0.108000169988028,0.0606120261924474,-0.0473881437955802,"timer","B cell","Fun-CIM"
"3130",0.0932634063361027,0.0823440033049003,-0.0109194030312024,"timer","B cell","Fun-CIM"
"3161",0.0638129944209938,0.0699611710802449,0.00614817665925109,"timer","B cell","Fun-CIM"
"97",0.0908282833672412,0.0847530359638375,-0.00607524740340375,"timer","B cell","Fun-CIM"
"OB_0001",0.0838370433373791,0.0668875805157133,-0.0169494628216657,"timer","B cell","Fun-CIM"
"OB_0038",0.067082819604782,0.0806639249546489,0.0135811053498668,"timer","B cell","Fun-CIM"
"OB_0080",0.0601388364727845,0.0600143404495002,-0.000124496023284293,"timer","B cell","Fun-CIM"
"OB_0139",0.14353459210789,0.267302561188391,0.123767969080501,"timer","B cell","Fun-CIM"
"OB_0163",0.116465888249801,0.102505319668765,-0.0139605685810366,"timer","B cell","Fun-CIM"
"OB_0168",0.0802636139011614,0.0758187597166028,-0.00444485418455856,"timer","B cell","Fun-CIM"
"OB_0235",0.0812888926120611,0.0752120931131904,-0.00607679949887069,"timer","B cell","Fun-CIM"
"OB_0315",0.119281477976626,0.114606828372082,-0.00467464960454458,"timer","B cell","Fun-CIM"
"2046",0.123733471761029,0.090266454646312,-0.0334670171147169,"timer","B cell","Dys-CIM"
"2492",0.125469334000995,0.0805243233434212,-0.0449450106575738,"timer","B cell","Dys-CIM"
"2691",0.239681365719171,0.091164450403949,-0.148516915315222,"timer","B cell","Dys-CIM"
"OB_0095",0.0758429303667261,0.0534755711471667,-0.0223673592195594,"timer","B cell","Dys-CIM"
"OB_0157",0.0710374330303575,0.0681067420162063,-0.00293069101415125,"timer","B cell","Dys-CIM"
"OB_0190",0.084154869395319,0.0768968554669397,-0.00725801392837937,"timer","B cell","Dys-CIM"
"OB_0234",0.110467273553515,0.0753266308614732,-0.0351406426920418,"timer","B cell","Dys-CIM"
"OB_0237",0.160750071784325,0.0850778720409049,-0.07567219974342,"timer","B cell","Dys-CIM"
"OB_0261",0.147990823718634,0.0965873380068776,-0.0514034857117562,"timer","B cell","Dys-CIM"
"OB_0273",0.146389551877973,0.0916630162195362,-0.0547265356584368,"timer","B cell","Dys-CIM"
"OB_0344",0.0929283233384998,0.0760622530577953,-0.0168660702807044,"timer","B cell","Dys-CIM"
"2271",0.0273743976431961,0.153168442268643,0.125794044625447,"timer","Macrophage","Fun-CIM"
"2472",0,0.0393115699054075,0.0393115699054075,"timer","Macrophage","Fun-CIM"
"2653",0.0389587798531662,0.109244944772059,0.0702861649188931,"timer","Macrophage","Fun-CIM"
"2661",0.0483181297293035,0.0921269249799202,0.0438087952506167,"timer","Macrophage","Fun-CIM"
"2677",0.0698058545781748,0.144541780769703,0.0747359261915282,"timer","Macrophage","Fun-CIM"
"2739",0.0365798085094301,0.0798547488905792,0.0432749403811491,"timer","Macrophage","Fun-CIM"
"2789",0.0350105530658237,0.0540691989104645,0.0190586458446408,"timer","Macrophage","Fun-CIM"
"2817",0.114993777785612,0.0308065031646225,-0.0841872746209895,"timer","Macrophage","Fun-CIM"
"2852",0.0459602361398799,0.06834559611004,0.0223853599701601,"timer","Macrophage","Fun-CIM"
"2976",0.0258065947244265,0.118234831552417,0.0924282368279901,"timer","Macrophage","Fun-CIM"
"3001",0.022492092960452,0.0590335626281533,0.0365414696677013,"timer","Macrophage","Fun-CIM"
"3036",0.0584388385853519,0.14048760961825,0.0820487710328981,"timer","Macrophage","Fun-CIM"
"3065",0.0829039553272475,0.142153004836644,0.0592490495093969,"timer","Macrophage","Fun-CIM"
"3067",0.0643406007997162,0.102489697265891,0.0381490964661747,"timer","Macrophage","Fun-CIM"
"3130",0.0590866692026062,0.119213142218386,0.0601264730157799,"timer","Macrophage","Fun-CIM"
"3161",0.0954054933917962,0.103284155173482,0.00787866178168568,"timer","Macrophage","Fun-CIM"
"97",0.0950066724514259,0.0482383121102759,-0.04676836034115,"timer","Macrophage","Fun-CIM"
"OB_0001",0,0.00841525994994206,0.00841525994994206,"timer","Macrophage","Fun-CIM"
"OB_0038",0.0473939261931733,0.0980687085957557,0.0506747824025823,"timer","Macrophage","Fun-CIM"
"OB_0080",0.029476116572623,0.0259259445825391,-0.00355017199008388,"timer","Macrophage","Fun-CIM"
"OB_0139",0,0.30928675798366,0.30928675798366,"timer","Macrophage","Fun-CIM"
"OB_0163",0.0055830555467077,0.170523608449597,0.164940552902889,"timer","Macrophage","Fun-CIM"
"OB_0168",0.0739501013462428,0.0794874758379665,0.00553737449172376,"timer","Macrophage","Fun-CIM"
"OB_0235",0.0592126481805133,0.0868716982606331,0.0276590500801199,"timer","Macrophage","Fun-CIM"
"OB_0315",0.0287116040570503,0.0493021776829167,0.0205905736258664,"timer","Macrophage","Fun-CIM"
"2046",0.0370860259060925,0.0200345395350102,-0.0170514863710823,"timer","Macrophage","Dys-CIM"
"2492",0,0.0215349549262475,0.0215349549262475,"timer","Macrophage","Dys-CIM"
"2691",0.268053826601493,0.105722912588749,-0.162330914012744,"timer","Macrophage","Dys-CIM"
"OB_0095",0,0,0,"timer","Macrophage","Dys-CIM"
"OB_0157",0.0334794935259665,0.015262602708892,-0.0182168908170746,"timer","Macrophage","Dys-CIM"
"OB_0190",0.0115816687212825,0.0186519614608716,0.00707029273958907,"timer","Macrophage","Dys-CIM"
"OB_0234",0,0,0,"timer","Macrophage","Dys-CIM"
"OB_0237",0,0,0,"timer","Macrophage","Dys-CIM"
"OB_0261",0,0,0,"timer","Macrophage","Dys-CIM"
"OB_0273",0,0.0236809185605629,0.0236809185605629,"timer","Macrophage","Dys-CIM"
"OB_0344",0.0690102570356078,0.030786008189857,-0.0382242488457507,"timer","Macrophage","Dys-CIM"
"2271",0.408895952545422,0.465825812421837,0.0569298598764147,"timer","Myeloid dendritic cell","Fun-CIM"
"2472",0.475399235239234,0.519863728425913,0.0444644931866795,"timer","Myeloid dendritic cell","Fun-CIM"
"2653",0.384584656993531,0.517559648966549,0.132974991973018,"timer","Myeloid dendritic cell","Fun-CIM"
"2661",0.403042002309986,0.382819039597932,-0.0202229627120541,"timer","Myeloid dendritic cell","Fun-CIM"
"2677",0.45188423322602,0.529358100024615,0.0774738667985955,"timer","Myeloid dendritic cell","Fun-CIM"
"2739",0.457475632372103,0.437826130192691,-0.0196495021794115,"timer","Myeloid dendritic cell","Fun-CIM"
"2789",0.481954900745757,0.504286506313987,0.0223316055682301,"timer","Myeloid dendritic cell","Fun-CIM"
"2817",0.507807478568394,0.484857880868822,-0.0229495976995712,"timer","Myeloid dendritic cell","Fun-CIM"
"2852",0.438545662144796,0.411009758205537,-0.0275359039392584,"timer","Myeloid dendritic cell","Fun-CIM"
"2976",0.488576962804188,0.574268490354685,0.0856915275504974,"timer","Myeloid dendritic cell","Fun-CIM"
"3001",0.434274195598308,0.464410979015597,0.0301367834172888,"timer","Myeloid dendritic cell","Fun-CIM"
"3036",0.430885366608111,0.485581688096581,0.0546963214884704,"timer","Myeloid dendritic cell","Fun-CIM"
"3065",0.480417445365082,0.463321132520293,-0.0170963128447887,"timer","Myeloid dendritic cell","Fun-CIM"
"3067",0.465276057915611,0.546487265909241,0.08121120799363,"timer","Myeloid dendritic cell","Fun-CIM"
"3130",0.450475183444287,0.45073046909572,0.00025528565143329,"timer","Myeloid dendritic cell","Fun-CIM"
"3161",0.430777901869012,0.41038241097257,-0.0203954908964423,"timer","Myeloid dendritic cell","Fun-CIM"
"97",0.436467423145225,0.469240212926174,0.0327727897809493,"timer","Myeloid dendritic cell","Fun-CIM"
"OB_0001",0.673064077700332,0.634970849637381,-0.0380932280629509,"timer","Myeloid dendritic cell","Fun-CIM"
"OB_0038",0.455685427011944,0.492402667344332,0.0367172403323872,"timer","Myeloid dendritic cell","Fun-CIM"
"OB_0080",0.485344707358531,0.448823156931637,-0.0365215504268937,"timer","Myeloid dendritic cell","Fun-CIM"
"OB_0139",0.603445530880765,0.905979853169392,0.302534322288627,"timer","Myeloid dendritic cell","Fun-CIM"
"OB_0163",0.46360360448126,0.5739788045111,0.11037520002984,"timer","Myeloid dendritic cell","Fun-CIM"
"OB_0168",0.369298812414859,0.403089895721715,0.0337910833068561,"timer","Myeloid dendritic cell","Fun-CIM"
"OB_0235",0.436978055398322,0.487022490247987,0.0500444348496655,"timer","Myeloid dendritic cell","Fun-CIM"
"OB_0315",0.483898790287368,0.490044701289162,0.00614591100179446,"timer","Myeloid dendritic cell","Fun-CIM"
"2046",0.464364000082801,0.535596504982608,0.0712325048998074,"timer","Myeloid dendritic cell","Dys-CIM"
"2492",0.474044215657226,0.511947607381007,0.0379033917237803,"timer","Myeloid dendritic cell","Dys-CIM"
"2691",0.625703030488872,0.48998621060689,-0.135716819881982,"timer","Myeloid dendritic cell","Dys-CIM"
"OB_0095",0.530934389840563,0.557355741763684,0.0264213519231213,"timer","Myeloid dendritic cell","Dys-CIM"
"OB_0157",0.477292699504247,0.479750824303138,0.00245812479889157,"timer","Myeloid dendritic cell","Dys-CIM"
"OB_0190",0.441819164865093,0.473273012598635,0.0314538477335414,"timer","Myeloid dendritic cell","Dys-CIM"
"OB_0234",0.476337089652555,0.473246735750952,-0.00309035390160289,"timer","Myeloid dendritic cell","Dys-CIM"
"OB_0237",0.527351197701598,0.459895952011689,-0.0674552456899089,"timer","Myeloid dendritic cell","Dys-CIM"
"OB_0261",0.634800925329728,0.509306101384313,-0.125494823945415,"timer","Myeloid dendritic cell","Dys-CIM"
"OB_0273",0.631579813228096,0.460973107570565,-0.170606705657531,"timer","Myeloid dendritic cell","Dys-CIM"
"OB_0344",0.505612782782649,0.44749075379638,-0.0581220289862695,"timer","Myeloid dendritic cell","Dys-CIM"
"2271",0.136876940321014,0.135974615963195,-0.000902324357819284,"timer","Neutrophil","Fun-CIM"
"2472",0.123265265841666,0.129623628793365,0.00635836295169871,"timer","Neutrophil","Fun-CIM"
"2653",0.105987830661758,0.111768807999941,0.00578097733818263,"timer","Neutrophil","Fun-CIM"
"2661",0.11344332425471,0.119166785535665,0.0057234612809549,"timer","Neutrophil","Fun-CIM"
"2677",0.121046167418153,0.129766608421728,0.00872044100357523,"timer","Neutrophil","Fun-CIM"
"2739",0.111134018764432,0.116020691341881,0.00488667257744865,"timer","Neutrophil","Fun-CIM"
"2789",0.110966097545751,0.111875073710366,0.000908976164614717,"timer","Neutrophil","Fun-CIM"
"2817",0.117464292828146,0.122322368734176,0.00485807590603006,"timer","Neutrophil","Fun-CIM"
"2852",0.112074917914826,0.115960448702964,0.00388553078813801,"timer","Neutrophil","Fun-CIM"
"2976",0.118950840692133,0.116016940733877,-0.00293389995825616,"timer","Neutrophil","Fun-CIM"
"3001",0.105399990840512,0.113326396234625,0.00792640539411381,"timer","Neutrophil","Fun-CIM"
"3036",0.113176597777061,0.116354182702464,0.00317758492540231,"timer","Neutrophil","Fun-CIM"
"3065",0.129937728880739,0.115638616038832,-0.0142991128419072,"timer","Neutrophil","Fun-CIM"
"3067",0.106785141712374,0.10556602955534,-0.00121911215703444,"timer","Neutrophil","Fun-CIM"
"3130",0.124387993262184,0.120510679759459,-0.00387731350272523,"timer","Neutrophil","Fun-CIM"
"3161",0.116661776246918,0.112883109371518,-0.00377866687540018,"timer","Neutrophil","Fun-CIM"
"97",0.11886308245606,0.130175516235608,0.0113124337795475,"timer","Neutrophil","Fun-CIM"
"OB_0001",0.06559371401218,0.0911908404058793,0.0255971263936993,"timer","Neutrophil","Fun-CIM"
"OB_0038",0.133295885594952,0.144314655730489,0.011018770135537,"timer","Neutrophil","Fun-CIM"
"OB_0080",0.12661291665469,0.141638880055218,0.0150259634005281,"timer","Neutrophil","Fun-CIM"
"OB_0139",0.149441594820356,0.130856986207947,-0.0185846086124087,"timer","Neutrophil","Fun-CIM"
"OB_0163",0.111547985574811,0.117460586257236,0.00591260068242458,"timer","Neutrophil","Fun-CIM"
"OB_0168",0.116614975814179,0.121160064363528,0.00454508854934889,"timer","Neutrophil","Fun-CIM"
"OB_0235",0.124043203441271,0.119626120828669,-0.00441708261260169,"timer","Neutrophil","Fun-CIM"
"OB_0315",0.121599302685517,0.141363304720185,0.0197640020346677,"timer","Neutrophil","Fun-CIM"
"2046",0.123245315134857,0.125176618958142,0.00193130382328442,"timer","Neutrophil","Dys-CIM"
"2492",0.174804123869355,0.168884926125496,-0.00591919774385877,"timer","Neutrophil","Dys-CIM"
"2691",0.0811545501601812,0.113968321326508,0.0328137711663271,"timer","Neutrophil","Dys-CIM"
"OB_0095",0.145591582103016,0.158141456644882,0.0125498745418663,"timer","Neutrophil","Dys-CIM"
"OB_0157",0.140008950242235,0.120516847645895,-0.0194921025963394,"timer","Neutrophil","Dys-CIM"
"OB_0190",0.117741287287495,0.127878712394378,0.0101374251068829,"timer","Neutrophil","Dys-CIM"
"OB_0234",0.131778410204039,0.181601022070336,0.0498226118662972,"timer","Neutrophil","Dys-CIM"
"OB_0237",0.11709260412754,0.109249828001382,-0.00784277612615779,"timer","Neutrophil","Dys-CIM"
"OB_0261",0.143188260537873,0.122086727343614,-0.0211015331942589,"timer","Neutrophil","Dys-CIM"
"OB_0273",0.143210492102264,0.127793535888156,-0.0154169562141085,"timer","Neutrophil","Dys-CIM"
"OB_0344",0.12787829353605,0.122553549791945,-0.00532474374410488,"timer","Neutrophil","Dys-CIM"
"2271",0.106314811198266,0.133116880736989,0.0268020695387238,"timer","T cell CD4+","Fun-CIM"
"2472",0.140751367359533,0.169493486184702,0.0287421188251687,"timer","T cell CD4+","Fun-CIM"
"2653",0.0980762767769593,0.106073166655741,0.00799688987878151,"timer","T cell CD4+","Fun-CIM"
"2661",0.113625956175415,0.130797331315696,0.0171713751402812,"timer","T cell CD4+","Fun-CIM"
"2677",0.148824559686864,0.106079468023638,-0.0427450916632263,"timer","T cell CD4+","Fun-CIM"
"2739",0.0961684486947328,0.109605262181774,0.0134368134870409,"timer","T cell CD4+","Fun-CIM"
"2789",0.100967094001448,0.154683515568471,0.0537164215670235,"timer","T cell CD4+","Fun-CIM"
"2817",0.150797832977109,0.168440678801858,0.0176428458247488,"timer","T cell CD4+","Fun-CIM"
"2852",0.11774625071876,0.106835225470781,-0.0109110252479786,"timer","T cell CD4+","Fun-CIM"
"2976",0.106576237299694,0.130735824721191,0.0241595874214977,"timer","T cell CD4+","Fun-CIM"
"3001",0.114677823175209,0.123211650223585,0.00853382704837648,"timer","T cell CD4+","Fun-CIM"
"3036",0.1270496766802,0.127714962178416,0.0006652854982164,"timer","T cell CD4+","Fun-CIM"
"3065",0.1485814282756,0.14633403140251,-0.00224739687309022,"timer","T cell CD4+","Fun-CIM"
"3067",0.109379479490855,0.137700709059589,0.0283212295687346,"timer","T cell CD4+","Fun-CIM"
"3130",0.144485320044487,0.125932655331962,-0.0185526647125245,"timer","T cell CD4+","Fun-CIM"
"3161",0.108008832822715,0.115465042847764,0.00745621002504851,"timer","T cell CD4+","Fun-CIM"
"97",0.127810754731137,0.128228731299099,0.000417976567962025,"timer","T cell CD4+","Fun-CIM"
"OB_0001",0.0975185559788584,0.0985478113957367,0.00102925541687826,"timer","T cell CD4+","Fun-CIM"
"OB_0038",0.0872951947134131,0.0937162682536949,0.00642107354028179,"timer","T cell CD4+","Fun-CIM"
"OB_0080",0.0649835470469061,0.0761017737402649,0.0111182266933588,"timer","T cell CD4+","Fun-CIM"
"OB_0139",0.131033148483602,0.106822677354615,-0.0242104711289873,"timer","T cell CD4+","Fun-CIM"
"OB_0163",0.118753713640507,0.113329294598492,-0.00542441904201559,"timer","T cell CD4+","Fun-CIM"
"OB_0168",0.0791853925502712,0.101275849013735,0.0220904564634635,"timer","T cell CD4+","Fun-CIM"
"OB_0235",0.085165856592813,0.103232763066101,0.0180669064732875,"timer","T cell CD4+","Fun-CIM"
"OB_0315",0.13100350525384,0.0965038935475962,-0.0344996117062435,"timer","T cell CD4+","Fun-CIM"
"2046",0.116911640125329,0.133591262703213,0.0166796225778834,"timer","T cell CD4+","Dys-CIM"
"2492",0.158050503716173,0.166773998765492,0.00872349504931913,"timer","T cell CD4+","Dys-CIM"
"2691",0.0915700442704325,0.136272194182818,0.0447021499123854,"timer","T cell CD4+","Dys-CIM"
"OB_0095",0.148266746176206,0.116911193516793,-0.0313555526594133,"timer","T cell CD4+","Dys-CIM"
"OB_0157",0.113099653495342,0.0986139990642202,-0.0144856544311214,"timer","T cell CD4+","Dys-CIM"
"OB_0190",0.0810625389734462,0.0639832703849457,-0.0170792685885005,"timer","T cell CD4+","Dys-CIM"
"OB_0234",0.0718360066149509,0.0969131072737534,0.0250771006588025,"timer","T cell CD4+","Dys-CIM"
"OB_0237",0.115292660900237,0.115148796271181,-0.000143864629055898,"timer","T cell CD4+","Dys-CIM"
"OB_0261",0.163425135188411,0.168410343009695,0.00498520782128337,"timer","T cell CD4+","Dys-CIM"
"OB_0273",0.17210439737435,0.120719866301227,-0.0513845310731233,"timer","T cell CD4+","Dys-CIM"
"OB_0344",0.156407309484172,0.0997966248218062,-0.0566106846623661,"timer","T cell CD4+","Dys-CIM"
"2271",0.193795064495001,0.228432650383428,0.034637585888427,"timer","T cell CD8+","Fun-CIM"
"2472",0.152247425595231,0.163804451532355,0.0115570259371237,"timer","T cell CD8+","Fun-CIM"
"2653",0.206927914555156,0.212006606448762,0.00507869189360619,"timer","T cell CD8+","Fun-CIM"
"2661",0.216221981176189,0.215903958699939,-0.000318022476249735,"timer","T cell CD8+","Fun-CIM"
"2677",0.218286507431407,0.218497445360991,0.000210937929584182,"timer","T cell CD8+","Fun-CIM"
"2739",0.215992423389395,0.214242031278631,-0.00175039211076447,"timer","T cell CD8+","Fun-CIM"
"2789",0.221066167092758,0.219894567757703,-0.00117159933505512,"timer","T cell CD8+","Fun-CIM"
"2817",0.197717330479062,0.219807920422672,0.0220905899436101,"timer","T cell CD8+","Fun-CIM"
"2852",0.184636608337504,0.20134875587212,0.0167121475346155,"timer","T cell CD8+","Fun-CIM"
"2976",0.19797425391219,0.231869084437462,0.0338948305252711,"timer","T cell CD8+","Fun-CIM"
"3001",0.206997972383186,0.227924594000162,0.0209266216169761,"timer","T cell CD8+","Fun-CIM"
"3036",0.20012036613618,0.214985684184127,0.0148653180479476,"timer","T cell CD8+","Fun-CIM"
"3065",0.179769029396047,0.222585515434544,0.0428164860384973,"timer","T cell CD8+","Fun-CIM"
"3067",0.206157512631551,0.241115631143104,0.0349581185115524,"timer","T cell CD8+","Fun-CIM"
"3130",0.196832532958405,0.209071895561851,0.0122393626034454,"timer","T cell CD8+","Fun-CIM"
"3161",0.198544592454585,0.228784501841908,0.030239909387323,"timer","T cell CD8+","Fun-CIM"
"97",0.189115899364295,0.193855696858512,0.00473979749421694,"timer","T cell CD8+","Fun-CIM"
"OB_0001",0.257763144511378,0.257359176975669,-0.000403967535708649,"timer","T cell CD8+","Fun-CIM"
"OB_0038",0.210248617172384,0.227415835185628,0.0171672180132445,"timer","T cell CD8+","Fun-CIM"
"OB_0080",0.218410257989521,0.207967840614282,-0.0104424173752391,"timer","T cell CD8+","Fun-CIM"
"OB_0139",0.205636928917252,0.315209072860884,0.109572143943632,"timer","T cell CD8+","Fun-CIM"
"OB_0163",0.153643578888361,0.305705655807797,0.152062076919436,"timer","T cell CD8+","Fun-CIM"
"OB_0168",0.21598333891463,0.22671558282075,0.01073224390612,"timer","T cell CD8+","Fun-CIM"
"OB_0235",0.212452711120203,0.243948999689747,0.0314962885695447,"timer","T cell CD8+","Fun-CIM"
"OB_0315",0.205522185866263,0.24880768969534,0.0432855038290776,"timer","T cell CD8+","Fun-CIM"
"2046",0.167723503764133,0.141846858077759,-0.0258766456863737,"timer","T cell CD8+","Dys-CIM"
"2492",0.173987710337112,0.182122057648152,0.00813434731104004,"timer","T cell CD8+","Dys-CIM"
"2691",0.17352610246117,0.201494371123095,0.0279682686619252,"timer","T cell CD8+","Dys-CIM"
"OB_0095",0.197871983135148,0.208376806351296,0.0105048232161478,"timer","T cell CD8+","Dys-CIM"
"OB_0157",0.219636719224491,0.201044090627727,-0.0185926285967646,"timer","T cell CD8+","Dys-CIM"
"OB_0190",0.21285645252491,0.229654157861687,0.0167977053367769,"timer","T cell CD8+","Dys-CIM"
"OB_0234",0.225743372102047,0.157851540513674,-0.0678918315883734,"timer","T cell CD8+","Dys-CIM"
"OB_0237",0.198245059704658,0.169393859487407,-0.0288512002172511,"timer","T cell CD8+","Dys-CIM"
"OB_0261",0.213582006597426,0.151848494432523,-0.0617335121649022,"timer","T cell CD8+","Dys-CIM"
"OB_0273",0.200604817643135,0.188603040483217,-0.0120017771599173,"timer","T cell CD8+","Dys-CIM"
"OB_0344",0.233714458559902,0.236480415734038,0.00276595717413675,"timer","T cell CD8+","Dys-CIM"
"2271",0.00000000000000000512344610342911,0.00000000000000000584366417143058,0.000000000000000000720218068001469,"xcell","B cell","Fun-CIM"
"2472",0.0757218817104409,0.0409114092014326,-0.0348104725090084,"xcell","B cell","Fun-CIM"
"2653",0,0.000000000000000000226769688252199,0.000000000000000000226769688252199,"xcell","B cell","Fun-CIM"
"2661",0.0264312195863414,0,-0.0264312195863414,"xcell","B cell","Fun-CIM"
"2677",0.0330924520194754,0.00586633517660065,-0.0272261168428748,"xcell","B cell","Fun-CIM"
"2739",0.00000000000000000342896457642329,0,-0.00000000000000000342896457642329,"xcell","B cell","Fun-CIM"
"2789",0.00109151502091527,0.0293922648817618,0.0283007498608466,"xcell","B cell","Fun-CIM"
"2817",0.0307859924284367,0.00000000000000000073828664034332,-0.0307859924284367,"xcell","B cell","Fun-CIM"
"2852",0,0,0,"xcell","B cell","Fun-CIM"
"2976",0.043267860177235,0.0607486378727058,0.0174807776954709,"xcell","B cell","Fun-CIM"
"3001",0.0912186791831954,0,-0.0912186791831954,"xcell","B cell","Fun-CIM"
"3036",0.0335369669410156,0.0166325138975246,-0.0169044530434911,"xcell","B cell","Fun-CIM"
"3065",0.0189578359533607,0,-0.0189578359533607,"xcell","B cell","Fun-CIM"
"3067",0,0,0,"xcell","B cell","Fun-CIM"
"3130",0,0.00000000000000000205122406646749,0.00000000000000000205122406646749,"xcell","B cell","Fun-CIM"
"3161",0.00000000000000000283530196904474,0,-0.00000000000000000283530196904474,"xcell","B cell","Fun-CIM"
"97",0.0208047359621148,0.0000000000000000000632045073827933,-0.0208047359621148,"xcell","B cell","Fun-CIM"
"OB_0001",0.140381430091839,0,-0.140381430091839,"xcell","B cell","Fun-CIM"
"OB_0038",0.00000000000000000121955912535986,0.000000000000000000570577861238374,-0.000000000000000000648981264121488,"xcell","B cell","Fun-CIM"
"OB_0080",0.000000000000000000112291810382907,0,-0.000000000000000000112291810382907,"xcell","B cell","Fun-CIM"
"OB_0139",0.122218555439664,0.269775623598191,0.147557068158527,"xcell","B cell","Fun-CIM"
"OB_0163",0,0,0,"xcell","B cell","Fun-CIM"
"OB_0168",0,0,0,"xcell","B cell","Fun-CIM"
"OB_0235",0.000000000000000000800143618369856,0,-0.000000000000000000800143618369856,"xcell","B cell","Fun-CIM"
"OB_0315",0,0.0000000000000000000792679036430077,0.0000000000000000000792679036430077,"xcell","B cell","Fun-CIM"
"2046",0.17990334621157,0.0441863509642201,-0.13571699524735,"xcell","B cell","Dys-CIM"
"2492",0.160158235283557,0.0103987882944578,-0.149759446989099,"xcell","B cell","Dys-CIM"
"2691",0.127417616637746,0,-0.127417616637746,"xcell","B cell","Dys-CIM"
"OB_0095",0,0.0019533786118794,0.0019533786118794,"xcell","B cell","Dys-CIM"
"OB_0157",0.0110193008754689,0,-0.0110193008754689,"xcell","B cell","Dys-CIM"
"OB_0190",0,0.000958733461419296,0.000958733461419296,"xcell","B cell","Dys-CIM"
"OB_0234",0.000000000000000000678525130742059,0.00000000000000000114404728414544,0.000000000000000000465522153403378,"xcell","B cell","Dys-CIM"
"OB_0237",0.437684200384595,0.000000000000000000355566521247078,-0.437684200384595,"xcell","B cell","Dys-CIM"
"OB_0261",0.0807102413648003,0.000000000000000000323731491472915,-0.0807102413648003,"xcell","B cell","Dys-CIM"
"OB_0273",0.0819925952413051,0,-0.0819925952413051,"xcell","B cell","Dys-CIM"
"OB_0344",0.0380090417747878,0,-0.0380090417747878,"xcell","B cell","Dys-CIM"
"2271",0,0,0,"xcell","B cell memory","Fun-CIM"
"2472",0.00402969850828893,0,-0.00402969850828893,"xcell","B cell memory","Fun-CIM"
"2653",0.00000000000000000576968867842018,0.00000000000000000425591779479857,-0.00000000000000000151377088362161,"xcell","B cell memory","Fun-CIM"
"2661",0,0,0,"xcell","B cell memory","Fun-CIM"
"2677",0.00000000000000000207410168729042,0.0000000000000000024766852287053,0.000000000000000000402583541414878,"xcell","B cell memory","Fun-CIM"
"2739",0.00000000000000000654697424354762,0,-0.00000000000000000654697424354762,"xcell","B cell memory","Fun-CIM"
"2789",0.00000000000000000338882668236817,0.00000000000000000338667520675247,-0.00000000000000000000215147561570397,"xcell","B cell memory","Fun-CIM"
"2817",0.00000000000000000155262079518551,0,-0.00000000000000000155262079518551,"xcell","B cell memory","Fun-CIM"
"2852",0,0,0,"xcell","B cell memory","Fun-CIM"
"2976",0.00000000000000000383859729868532,0,-0.00000000000000000383859729868532,"xcell","B cell memory","Fun-CIM"
"3001",0.0309154723911911,0,-0.0309154723911911,"xcell","B cell memory","Fun-CIM"
"3036",0,0.0000000000000000018178478615425,0.0000000000000000018178478615425,"xcell","B cell memory","Fun-CIM"
"3065",0,0.00000000000000000822183945340526,0.00000000000000000822183945340526,"xcell","B cell memory","Fun-CIM"
"3067",0.00000000000000000279077496318617,0,-0.00000000000000000279077496318617,"xcell","B cell memory","Fun-CIM"
"3130",0,0.00000000000000000807012782041798,0.00000000000000000807012782041798,"xcell","B cell memory","Fun-CIM"
"3161",0.00000000000000000278584917496371,0.00000000000000000780725618630071,0.000000000000000005021407011337,"xcell","B cell memory","Fun-CIM"
"97",0.00000000000000000170151284475608,0.000000000000000000189967846680879,-0.0000000000000000015115449980752,"xcell","B cell memory","Fun-CIM"
"OB_0001",0.074744094893175,0.00000000000000000878882268979908,-0.074744094893175,"xcell","B cell memory","Fun-CIM"
"OB_0038",0,0.0000000000000000000395335486714842,0.0000000000000000000395335486714842,"xcell","B cell memory","Fun-CIM"
"OB_0080",0.000000000000000000246898707898648,0.00000000000000000298765253412728,0.00000000000000000274075382622863,"xcell","B cell memory","Fun-CIM"
"OB_0139",0.0457797054737463,0.0753989795246852,0.0296192740509389,"xcell","B cell memory","Fun-CIM"
"OB_0163",0.00000000000000000157074612034565,0,-0.00000000000000000157074612034565,"xcell","B cell memory","Fun-CIM"
"OB_0168",0,0,0,"xcell","B cell memory","Fun-CIM"
"OB_0235",0,0,0,"xcell","B cell memory","Fun-CIM"
"OB_0315",0.000000000000000000593391671795277,0.000000000000000000409357123460462,-0.000000000000000000184034548334815,"xcell","B cell memory","Fun-CIM"
"2046",0.0284583249304569,0.00388534241579279,-0.0245729825146641,"xcell","B cell memory","Dys-CIM"
"2492",0.0210115134428499,0.00000000000000000208892972471837,-0.0210115134428499,"xcell","B cell memory","Dys-CIM"
"2691",0,0.000000000000000000304392983052274,0.000000000000000000304392983052274,"xcell","B cell memory","Dys-CIM"
"OB_0095",0,0,0,"xcell","B cell memory","Dys-CIM"
"OB_0157",0,0.000000000000000000831144778528587,0.000000000000000000831144778528587,"xcell","B cell memory","Dys-CIM"
"OB_0190",0,0.00521794898425403,0.00521794898425403,"xcell","B cell memory","Dys-CIM"
"OB_0234",0.000000000000000000881456539952649,0.000000000000000000518689220822169,-0.00000000000000000036276731913048,"xcell","B cell memory","Dys-CIM"
"OB_0237",0.187052621869466,0.0107216966057479,-0.176330925263718,"xcell","B cell memory","Dys-CIM"
"OB_0261",0.034763988865856,0,-0.034763988865856,"xcell","B cell memory","Dys-CIM"
"OB_0273",0.0335930363370813,0,-0.0335930363370813,"xcell","B cell memory","Dys-CIM"
"OB_0344",0.0378116512368068,0.00000000000000000336342942102913,-0.0378116512368068,"xcell","B cell memory","Dys-CIM"
"2271",0,0,0,"xcell","B cell naive","Fun-CIM"
"2472",0,0.00172330892938408,0.00172330892938408,"xcell","B cell naive","Fun-CIM"
"2653",0,0.000000000000000000732054173764138,0.000000000000000000732054173764138,"xcell","B cell naive","Fun-CIM"
"2661",0.00384541295831729,0.00000000000000000151390885097018,-0.00384541295831729,"xcell","B cell naive","Fun-CIM"
"2677",0,0.0000000000000000000357051522864453,0.0000000000000000000357051522864453,"xcell","B cell naive","Fun-CIM"
"2739",0.00000000000000000138341822438942,0,-0.00000000000000000138341822438942,"xcell","B cell naive","Fun-CIM"
"2789",0,0,0,"xcell","B cell naive","Fun-CIM"
"2817",0,0.000000000000000016745789679675,0.000000000000000016745789679675,"xcell","B cell naive","Fun-CIM"
"2852",0.00000000000000000225805431972595,0,-0.00000000000000000225805431972595,"xcell","B cell naive","Fun-CIM"
"2976",0.00000000000000000115266480450456,0.000000000000000000142290669997272,-0.00000000000000000101037413450729,"xcell","B cell naive","Fun-CIM"
"3001",0.0260192568170606,0,-0.0260192568170606,"xcell","B cell naive","Fun-CIM"
"3036",0.0000000000000000000384268785607885,0,-0.0000000000000000000384268785607885,"xcell","B cell naive","Fun-CIM"
"3065",0.000000000000000000924928376673169,0,-0.000000000000000000924928376673169,"xcell","B cell naive","Fun-CIM"
"3067",0,0,0,"xcell","B cell naive","Fun-CIM"
"3130",0.00000000000000000246873373225081,0,-0.00000000000000000246873373225081,"xcell","B cell naive","Fun-CIM"
"3161",0.00000000000000000288275129008032,0.00000000000000000487650308113008,0.00000000000000000199375179104977,"xcell","B cell naive","Fun-CIM"
"97",0,0.00000000000000000012652831472519,0.00000000000000000012652831472519,"xcell","B cell naive","Fun-CIM"
"OB_0001",0.00712459043424318,0,-0.00712459043424318,"xcell","B cell naive","Fun-CIM"
"OB_0038",0,0,0,"xcell","B cell naive","Fun-CIM"
"OB_0080",0.000000000000000000452118143362796,0,-0.000000000000000000452118143362796,"xcell","B cell naive","Fun-CIM"
"OB_0139",0.00000000000000000590021299264442,0.00666376678221052,0.00666376678221051,"xcell","B cell naive","Fun-CIM"
"OB_0163",0,0,0,"xcell","B cell naive","Fun-CIM"
"OB_0168",0,0.000000000000000000322700455443577,0.000000000000000000322700455443577,"xcell","B cell naive","Fun-CIM"
"OB_0235",0,0,0,"xcell","B cell naive","Fun-CIM"
"OB_0315",0.0010871369756788,0.000000000000000000416480176422126,-0.0010871369756788,"xcell","B cell naive","Fun-CIM"
"2046",0.00079772580400574,0.00465308791185932,0.00385536210785358,"xcell","B cell naive","Dys-CIM"
"2492",0.0000000000000000000216998057466431,0.000000000000000000366306993619365,0.000000000000000000344607187872722,"xcell","B cell naive","Dys-CIM"
"2691",0,0,0,"xcell","B cell naive","Dys-CIM"
"OB_0095",0.0000000000000000025944713616706,0,-0.0000000000000000025944713616706,"xcell","B cell naive","Dys-CIM"
"OB_0157",0,0,0,"xcell","B cell naive","Dys-CIM"
"OB_0190",0.000000000000000000838419700498416,0,-0.000000000000000000838419700498416,"xcell","B cell naive","Dys-CIM"
"OB_0234",0.000000000000000000338053856291981,0,-0.000000000000000000338053856291981,"xcell","B cell naive","Dys-CIM"
"OB_0237",0.0377286970585869,0.00000000000000000324899279410011,-0.0377286970585869,"xcell","B cell naive","Dys-CIM"
"OB_0261",0,0.000000000000000000229478439629697,0.000000000000000000229478439629697,"xcell","B cell naive","Dys-CIM"
"OB_0273",0,0.00000000000000000202142815801523,0.00000000000000000202142815801523,"xcell","B cell naive","Dys-CIM"
"OB_0344",0,0.00000000000000000184570712481274,0.00000000000000000184570712481274,"xcell","B cell naive","Dys-CIM"
"2271",0.00655380208590444,0.000000000000000000227818470093724,-0.00655380208590444,"xcell","B cell plasma","Fun-CIM"
"2472",0.0413938683263232,0.0180639565472688,-0.0233299117790544,"xcell","B cell plasma","Fun-CIM"
"2653",0.0119495962139057,0.00000000000000000136266972790042,-0.0119495962139057,"xcell","B cell plasma","Fun-CIM"
"2661",0.0141568503594854,0.0036418934815229,-0.0105149568779625,"xcell","B cell plasma","Fun-CIM"
"2677",0.00187132445107065,0.000000000000000000183910835769278,-0.00187132445107065,"xcell","B cell plasma","Fun-CIM"
"2739",0.00754526728436412,0.000529976995033136,-0.00701529028933098,"xcell","B cell plasma","Fun-CIM"
"2789",0.00700643387923164,0,-0.00700643387923164,"xcell","B cell plasma","Fun-CIM"
"2817",0.0012811136049586,0.00000000000000000179728162786903,-0.0012811136049586,"xcell","B cell plasma","Fun-CIM"
"2852",0,0.000471676431475479,0.000471676431475479,"xcell","B cell plasma","Fun-CIM"
"2976",0.0356251870475686,0.0235874474433249,-0.0120377396042437,"xcell","B cell plasma","Fun-CIM"
"3001",0.000875964300297063,0,-0.000875964300297063,"xcell","B cell plasma","Fun-CIM"
"3036",0.00806985541156535,0.00732024838206834,-0.000749607029497014,"xcell","B cell plasma","Fun-CIM"
"3065",0,0,0,"xcell","B cell plasma","Fun-CIM"
"3067",0,0.00000000000000000269907272339848,0.00000000000000000269907272339848,"xcell","B cell plasma","Fun-CIM"
"3130",0.00442263257625836,0.00127517950330801,-0.00314745307295035,"xcell","B cell plasma","Fun-CIM"
"3161",0,0.00000000000000000132710392963953,0.00000000000000000132710392963953,"xcell","B cell plasma","Fun-CIM"
"97",0.00550293770559999,0.00427390224617316,-0.00122903545942683,"xcell","B cell plasma","Fun-CIM"
"OB_0001",0.00176119729823835,0.00000000000000000000318112033915093,-0.00176119729823835,"xcell","B cell plasma","Fun-CIM"
"OB_0038",0.000000000000000000128786325849336,0,-0.000000000000000000128786325849336,"xcell","B cell plasma","Fun-CIM"
"OB_0080",0,0,0,"xcell","B cell plasma","Fun-CIM"
"OB_0139",0.0597744227859285,0.0336145592107301,-0.0261598635751984,"xcell","B cell plasma","Fun-CIM"
"OB_0163",0.00407642813801706,0.000000000000000000265269246245026,-0.00407642813801706,"xcell","B cell plasma","Fun-CIM"
"OB_0168",0.000590445071118081,0.000000000000000000184443114340069,-0.000590445071118081,"xcell","B cell plasma","Fun-CIM"
"OB_0235",0,0.00000000000000000269104303472725,0.00000000000000000269104303472725,"xcell","B cell plasma","Fun-CIM"
"OB_0315",0.0000000000000000000816958642193193,0,-0.0000000000000000000816958642193193,"xcell","B cell plasma","Fun-CIM"
"2046",0.0802777937338766,0.00485100113419831,-0.0754267925996783,"xcell","B cell plasma","Dys-CIM"
"2492",0.126801592246177,0.0116365241917447,-0.115165068054432,"xcell","B cell plasma","Dys-CIM"
"2691",0.000000000000000000306227936674839,0.000411857816826975,0.000411857816826975,"xcell","B cell plasma","Dys-CIM"
"OB_0095",0.001393448981073,0.00797113684638633,0.00657768786531333,"xcell","B cell plasma","Dys-CIM"
"OB_0157",0.0194043408153289,0.00850743727815962,-0.0108969035371693,"xcell","B cell plasma","Dys-CIM"
"OB_0190",0.00553013453222859,0.00620286856221272,0.00067273402998413,"xcell","B cell plasma","Dys-CIM"
"OB_0234",0.0088254953220146,0.00178358009350357,-0.00704191522851103,"xcell","B cell plasma","Dys-CIM"
"OB_0237",0.062581845300837,0.00247703499028069,-0.0601048103105563,"xcell","B cell plasma","Dys-CIM"
"OB_0261",0.029362424475172,0.0213855287144483,-0.00797689576072377,"xcell","B cell plasma","Dys-CIM"
"OB_0273",0.0317072616445831,0,-0.0317072616445831,"xcell","B cell plasma","Dys-CIM"
"OB_0344",0.00545269000508608,0,-0.00545269000508608,"xcell","B cell plasma","Dys-CIM"
"2271",0.0291500105877684,0.172816957174202,0.143666946586434,"xcell","Cancer associated fibroblast","Fun-CIM"
"2472",0.00179738758594025,0.0314783505521415,0.0296809629662013,"xcell","Cancer associated fibroblast","Fun-CIM"
"2653",0.118671119755955,0.207194679966816,0.0885235602108612,"xcell","Cancer associated fibroblast","Fun-CIM"
"2661",0,0.000000000000000000091028496384276,0.000000000000000000091028496384276,"xcell","Cancer associated fibroblast","Fun-CIM"
"2677",0.103388414651533,0.15244500366072,0.0490565890091868,"xcell","Cancer associated fibroblast","Fun-CIM"
"2739",0.0182053707385081,0.1819705010572,0.163765130318692,"xcell","Cancer associated fibroblast","Fun-CIM"
"2789",0.0848327880249974,0.105289201673497,0.0204564136484993,"xcell","Cancer associated fibroblast","Fun-CIM"
"2817",0.106747420199749,0.113727361021311,0.00697994082156195,"xcell","Cancer associated fibroblast","Fun-CIM"
"2852",0.00000000000000000610142770914482,0.0305454048713978,0.0305454048713978,"xcell","Cancer associated fibroblast","Fun-CIM"
"2976",0.0923606103353013,0.182608163036841,0.0902475527015398,"xcell","Cancer associated fibroblast","Fun-CIM"
"3001",0.147120996553276,0.20116424101565,0.0540432444623736,"xcell","Cancer associated fibroblast","Fun-CIM"
"3036",0.143488928874562,0.239269480231653,0.0957805513570904,"xcell","Cancer associated fibroblast","Fun-CIM"
"3065",0.0675995331064863,0.31500458875837,0.247405055651884,"xcell","Cancer associated fibroblast","Fun-CIM"
"3067",0.0432750261284622,0.280662652990475,0.237387626862012,"xcell","Cancer associated fibroblast","Fun-CIM"
"3130",0.126319615508711,0.277781513628843,0.151461898120131,"xcell","Cancer associated fibroblast","Fun-CIM"
"3161",0.22061492069068,0.19052760576806,-0.0300873149226203,"xcell","Cancer associated fibroblast","Fun-CIM"
"97",0.0948182547280576,0.190370729702967,0.0955524749749096,"xcell","Cancer associated fibroblast","Fun-CIM"
"OB_0001",0.000000000000000000707570979860099,0.0584876415589571,0.0584876415589571,"xcell","Cancer associated fibroblast","Fun-CIM"
"OB_0038",0.0312261880932002,0.0184766798453078,-0.0127495082478923,"xcell","Cancer associated fibroblast","Fun-CIM"
"OB_0080",0.00969479446937989,0.0190444051265875,0.00934961065720758,"xcell","Cancer associated fibroblast","Fun-CIM"
"OB_0139",0.0000960992201580035,0.0292321110059409,0.0291360117857829,"xcell","Cancer associated fibroblast","Fun-CIM"
"OB_0163",0.047606674758438,0.240292824836882,0.192686150078444,"xcell","Cancer associated fibroblast","Fun-CIM"
"OB_0168",0.0901874161097932,0.107998146178276,0.0178107300684832,"xcell","Cancer associated fibroblast","Fun-CIM"
"OB_0235",0.153997235233628,0.326314064571465,0.172316829337836,"xcell","Cancer associated fibroblast","Fun-CIM"
"OB_0315",0.00518877377757883,0.0856657742686552,0.0804770004910764,"xcell","Cancer associated fibroblast","Fun-CIM"
"2046",0.0269086774328814,0.0620632587609907,0.0351545813281093,"xcell","Cancer associated fibroblast","Dys-CIM"
"2492",0.0134664070241721,0.115152239231019,0.101685832206847,"xcell","Cancer associated fibroblast","Dys-CIM"
"2691",0.0402908370127739,0.228765510472831,0.188474673460057,"xcell","Cancer associated fibroblast","Dys-CIM"
"OB_0095",0.0586768149901237,0,-0.0586768149901237,"xcell","Cancer associated fibroblast","Dys-CIM"
"OB_0157",0.0300367262761494,0.0667656775495022,0.0367289512733528,"xcell","Cancer associated fibroblast","Dys-CIM"
"OB_0190",0.0684404738117679,0.0555522532947037,-0.0128882205170642,"xcell","Cancer associated fibroblast","Dys-CIM"
"OB_0234",0.0463072522073763,0.0000000000000000228666695324346,-0.0463072522073763,"xcell","Cancer associated fibroblast","Dys-CIM"
"OB_0237",0.00474601571722839,0.00000000000000000123608543959501,-0.00474601571722839,"xcell","Cancer associated fibroblast","Dys-CIM"
"OB_0261",0.00386859710415536,0.00000000000000000126095283384733,-0.00386859710415535,"xcell","Cancer associated fibroblast","Dys-CIM"
"OB_0273",0.00000000000000000330386156277598,0.0341293083491962,0.0341293083491962,"xcell","Cancer associated fibroblast","Dys-CIM"
"OB_0344",0.082524671523724,0.0306707531024507,-0.0518539184212733,"xcell","Cancer associated fibroblast","Dys-CIM"
"2271",0.000189970802185587,0.0041018756687177,0.00391190486653211,"xcell","Class-switched memory B cell","Fun-CIM"
"2472",0.021237863956761,0.0116119470752033,-0.0096259168815577,"xcell","Class-switched memory B cell","Fun-CIM"
"2653",0.0189492355818843,0.0271113152867409,0.00816207970485667,"xcell","Class-switched memory B cell","Fun-CIM"
"2661",0.0498474992145645,0.0295845911481761,-0.0202629080663884,"xcell","Class-switched memory B cell","Fun-CIM"
"2677",0.0648361531483313,0.048773084589728,-0.0160630685586034,"xcell","Class-switched memory B cell","Fun-CIM"
"2739",0.000000000000000000374111239203147,0.00000000000000000143356388716415,0.000000000000000001059452647961,"xcell","Class-switched memory B cell","Fun-CIM"
"2789",0.0293290073415402,0.0780000320491229,0.0486710247075826,"xcell","Class-switched memory B cell","Fun-CIM"
"2817",0.0352447807852203,0,-0.0352447807852203,"xcell","Class-switched memory B cell","Fun-CIM"
"2852",0.0377996695750907,0.0200760470700237,-0.017723622505067,"xcell","Class-switched memory B cell","Fun-CIM"
"2976",0.0746710309348568,0.0597545393417272,-0.0149164915931296,"xcell","Class-switched memory B cell","Fun-CIM"
"3001",0.0541919497023601,0,-0.0541919497023601,"xcell","Class-switched memory B cell","Fun-CIM"
"3036",0.042765355523427,0.0142827626117948,-0.0284825929116322,"xcell","Class-switched memory B cell","Fun-CIM"
"3065",0.0183096965345327,0.00000000000000000132573918536353,-0.0183096965345327,"xcell","Class-switched memory B cell","Fun-CIM"
"3067",0.0128478246824968,0.00000000000000000379717138234857,-0.0128478246824968,"xcell","Class-switched memory B cell","Fun-CIM"
"3130",0.0114115545289463,0.0094554822283628,-0.00195607230058347,"xcell","Class-switched memory B cell","Fun-CIM"
"3161",0.0232484059329693,0.0137646783643828,-0.00948372756858648,"xcell","Class-switched memory B cell","Fun-CIM"
"97",0.0139234563994015,0.0309959185250694,0.0170724621256679,"xcell","Class-switched memory B cell","Fun-CIM"
"OB_0001",0.00782306025410358,0,-0.00782306025410358,"xcell","Class-switched memory B cell","Fun-CIM"
"OB_0038",0,0.00235610760261451,0.00235610760261451,"xcell","Class-switched memory B cell","Fun-CIM"
"OB_0080",0.000000000000000000269805553043591,0,-0.000000000000000000269805553043591,"xcell","Class-switched memory B cell","Fun-CIM"
"OB_0139",0.0394150231347302,0.0972182655642806,0.0578032424295504,"xcell","Class-switched memory B cell","Fun-CIM"
"OB_0163",0,0.00589381847259725,0.00589381847259725,"xcell","Class-switched memory B cell","Fun-CIM"
"OB_0168",0.00172889706823571,0.000000000000000000525893328241113,-0.00172889706823571,"xcell","Class-switched memory B cell","Fun-CIM"
"OB_0235",0,0,0,"xcell","Class-switched memory B cell","Fun-CIM"
"OB_0315",0.0000000000000000001012900009517,0.000000000000000000155022421373183,0.0000000000000000000537324204214829,"xcell","Class-switched memory B cell","Fun-CIM"
"2046",0.0847070334585844,0.0675248960656593,-0.0171821373929251,"xcell","Class-switched memory B cell","Dys-CIM"
"2492",0.0894550129245186,0.0326078302368707,-0.0568471826876479,"xcell","Class-switched memory B cell","Dys-CIM"
"2691",0.0824763293526528,0.0220742879017639,-0.0604020414508889,"xcell","Class-switched memory B cell","Dys-CIM"
"OB_0095",0,0.0058283772344374,0.0058283772344374,"xcell","Class-switched memory B cell","Dys-CIM"
"OB_0157",0.00694431920230392,0,-0.00694431920230392,"xcell","Class-switched memory B cell","Dys-CIM"
"OB_0190",0.00000000000000000515803786934436,0,-0.00000000000000000515803786934436,"xcell","Class-switched memory B cell","Dys-CIM"
"OB_0234",0,0,0,"xcell","Class-switched memory B cell","Dys-CIM"
"OB_0237",0.0972736137118515,0.00547621297475244,-0.0917974007370991,"xcell","Class-switched memory B cell","Dys-CIM"
"OB_0261",0.0550867611815611,0.00753703747322976,-0.0475497237083313,"xcell","Class-switched memory B cell","Dys-CIM"
"OB_0273",0.0535059808685109,0.0000000000000000029113641883145,-0.0535059808685109,"xcell","Class-switched memory B cell","Dys-CIM"
"OB_0344",0.000000000000000000656500033827583,0,-0.000000000000000000656500033827583,"xcell","Class-switched memory B cell","Dys-CIM"
"2271",0.00426062880364232,0.000000000000000000102111996805501,-0.00426062880364232,"xcell","Common lymphoid progenitor","Fun-CIM"
"2472",0.00338361506176188,0.000000000000000000377445080985745,-0.00338361506176188,"xcell","Common lymphoid progenitor","Fun-CIM"
"2653",0.00211573943469545,0.00229881114847998,0.000183071713784529,"xcell","Common lymphoid progenitor","Fun-CIM"
"2661",0.0135918992320487,0.00603240515662384,-0.00755949407542487,"xcell","Common lymphoid progenitor","Fun-CIM"
"2677",0.0000599271914899986,0.000000000000000000141353761735215,-0.0000599271914899984,"xcell","Common lymphoid progenitor","Fun-CIM"
"2739",0.00631076483632684,0.000422763512038782,-0.00588800132428806,"xcell","Common lymphoid progenitor","Fun-CIM"
"2789",0.00204236066053805,0.000000000000000000169357946595943,-0.00204236066053805,"xcell","Common lymphoid progenitor","Fun-CIM"
"2817",0.00767385029699946,0.00539982443249239,-0.00227402586450706,"xcell","Common lymphoid progenitor","Fun-CIM"
"2852",0.0074222733716121,0.00712131876686994,-0.00030095460474216,"xcell","Common lymphoid progenitor","Fun-CIM"
"2976",0.0169896179223924,0.00144467130443186,-0.0155449466179605,"xcell","Common lymphoid progenitor","Fun-CIM"
"3001",0.0112535103864482,0.000158191164584442,-0.0110953192218638,"xcell","Common lymphoid progenitor","Fun-CIM"
"3036",0.0000000000000000000181004033692853,0.000000000000000000238250849295426,0.000000000000000000220150445926141,"xcell","Common lymphoid progenitor","Fun-CIM"
"3065",0.00787389912380477,0,-0.00787389912380477,"xcell","Common lymphoid progenitor","Fun-CIM"
"3067",0.00378670846178453,0,-0.00378670846178453,"xcell","Common lymphoid progenitor","Fun-CIM"
"3130",0.00393559572543435,0.000000000000000000158439395975676,-0.00393559572543435,"xcell","Common lymphoid progenitor","Fun-CIM"
"3161",0.000185889854742997,0.000265772110745553,0.0000798822560025558,"xcell","Common lymphoid progenitor","Fun-CIM"
"97",0.00524180996309035,0.00926895743428652,0.00402714747119617,"xcell","Common lymphoid progenitor","Fun-CIM"
"OB_0001",0.010126353963738,0.0075383753800521,-0.00258797858368587,"xcell","Common lymphoid progenitor","Fun-CIM"
"OB_0038",0.00868517047236464,0,-0.00868517047236464,"xcell","Common lymphoid progenitor","Fun-CIM"
"OB_0080",0.0368460185123582,0.0194162373419735,-0.0174297811703847,"xcell","Common lymphoid progenitor","Fun-CIM"
"OB_0139",0.0118307997732006,0,-0.0118307997732006,"xcell","Common lymphoid progenitor","Fun-CIM"
"OB_0163",0.0212716037991185,0,-0.0212716037991185,"xcell","Common lymphoid progenitor","Fun-CIM"
"OB_0168",0.00879974491825454,0.00909888186607838,0.000299136947823842,"xcell","Common lymphoid progenitor","Fun-CIM"
"OB_0235",0.0246572075752917,0.00655707794875186,-0.0181001296265398,"xcell","Common lymphoid progenitor","Fun-CIM"
"OB_0315",0.035521479829028,0.0283392448306168,-0.00718223499841123,"xcell","Common lymphoid progenitor","Fun-CIM"
"2046",0.00197233809835364,0.014224105696529,0.0122517675981754,"xcell","Common lymphoid progenitor","Dys-CIM"
"2492",0.000556295719612736,0,-0.000556295719612736,"xcell","Common lymphoid progenitor","Dys-CIM"
"2691",0.000231035117691973,0,-0.000231035117691973,"xcell","Common lymphoid progenitor","Dys-CIM"
"OB_0095",0.00140796985801795,0.00558922489641353,0.00418125503839558,"xcell","Common lymphoid progenitor","Dys-CIM"
"OB_0157",0.0152695547989956,0.0136421936250626,-0.00162736117393294,"xcell","Common lymphoid progenitor","Dys-CIM"
"OB_0190",0.0256333979137427,0.0264672404055238,0.000833842491781114,"xcell","Common lymphoid progenitor","Dys-CIM"
"OB_0234",0.0112915364228151,0.0131772483281232,0.00188571190530805,"xcell","Common lymphoid progenitor","Dys-CIM"
"OB_0237",0.0164224449441335,0.0189231910324358,0.00250074608830235,"xcell","Common lymphoid progenitor","Dys-CIM"
"OB_0261",0.00409242902239943,0.00173713439166665,-0.00235529463073278,"xcell","Common lymphoid progenitor","Dys-CIM"
"OB_0273",0.00918528955597838,0.0143546118909879,0.00516932233500954,"xcell","Common lymphoid progenitor","Dys-CIM"
"OB_0344",0.00469500979290193,0.0127605778738715,0.00806556808096958,"xcell","Common lymphoid progenitor","Dys-CIM"
"2271",0,0.00110095453740486,0.00110095453740486,"xcell","Common myeloid progenitor","Fun-CIM"
"2472",0,0,0,"xcell","Common myeloid progenitor","Fun-CIM"
"2653",0.0295722060260724,0.00311297873137247,-0.0264592272946999,"xcell","Common myeloid progenitor","Fun-CIM"
"2661",0.00000000000000000125556716718596,0.00000000000000000136436463743314,0.000000000000000000108797470247173,"xcell","Common myeloid progenitor","Fun-CIM"
"2677",0.0159623566864107,0.000000000000000000110762061619494,-0.0159623566864107,"xcell","Common myeloid progenitor","Fun-CIM"
"2739",0.00260120948245846,0.00646375710728211,0.00386254762482365,"xcell","Common myeloid progenitor","Fun-CIM"
"2789",0.000928407515340397,0.0108904346344921,0.00996202711915172,"xcell","Common myeloid progenitor","Fun-CIM"
"2817",0.00781860244029614,0.0134594179307152,0.00564081549041906,"xcell","Common myeloid progenitor","Fun-CIM"
"2852",0.0335722611348272,0.0331982582997685,-0.000374002835058673,"xcell","Common myeloid progenitor","Fun-CIM"
"2976",0.00244990160765619,0.0021017745770456,-0.000348127030610591,"xcell","Common myeloid progenitor","Fun-CIM"
"3001",0.0044967736791621,0.0174409774640713,0.0129442037849092,"xcell","Common myeloid progenitor","Fun-CIM"
"3036",0.0130250613026013,0.0254293969197764,0.0124043356171751,"xcell","Common myeloid progenitor","Fun-CIM"
"3065",0.0000813898640604668,0.00850981425932957,0.0084284243952691,"xcell","Common myeloid progenitor","Fun-CIM"
"3067",0.00799762687435406,0.0208678352602159,0.0128702083858618,"xcell","Common myeloid progenitor","Fun-CIM"
"3130",0.00367389412528251,0.0133121213010837,0.00963822717580116,"xcell","Common myeloid progenitor","Fun-CIM"
"3161",0.0271979492402701,0.0143790251293931,-0.012818924110877,"xcell","Common myeloid progenitor","Fun-CIM"
"97",0.00269818007875857,0.00656962227169002,0.00387144219293144,"xcell","Common myeloid progenitor","Fun-CIM"
"OB_0001",0,0.00000000000000000012658882184866,0.00000000000000000012658882184866,"xcell","Common myeloid progenitor","Fun-CIM"
"OB_0038",0,0.0000000000000000000905915107458314,0.0000000000000000000905915107458314,"xcell","Common myeloid progenitor","Fun-CIM"
"OB_0080",0.0133120214039559,0.0115157805181537,-0.00179624088580215,"xcell","Common myeloid progenitor","Fun-CIM"
"OB_0139",0,0.00000000000000000000478863082108704,0.00000000000000000000478863082108704,"xcell","Common myeloid progenitor","Fun-CIM"
"OB_0163",0,0.0207046282853283,0.0207046282853283,"xcell","Common myeloid progenitor","Fun-CIM"
"OB_0168",0.00562655311081604,0.0182482065700195,0.0126216534592035,"xcell","Common myeloid progenitor","Fun-CIM"
"OB_0235",0.0309721122628517,0.0368000269087925,0.00582791464594081,"xcell","Common myeloid progenitor","Fun-CIM"
"OB_0315",0.0000000000000000000912407928783542,0.0201893962391292,0.0201893962391292,"xcell","Common myeloid progenitor","Fun-CIM"
"2046",0,0,0,"xcell","Common myeloid progenitor","Dys-CIM"
"2492",0.000000000000000000134861774709552,0.00857089291104609,0.00857089291104609,"xcell","Common myeloid progenitor","Dys-CIM"
"2691",0.00594889187303232,0.0110779384918885,0.0051290466188562,"xcell","Common myeloid progenitor","Dys-CIM"
"OB_0095",0,0,0,"xcell","Common myeloid progenitor","Dys-CIM"
"OB_0157",0.00000000000000000079885718599184,0.00000000000000000329793993270847,0.00000000000000000249908274671663,"xcell","Common myeloid progenitor","Dys-CIM"
"OB_0190",0.000000000000000005083970183915,0,-0.000000000000000005083970183915,"xcell","Common myeloid progenitor","Dys-CIM"
"OB_0234",0.00000000000000000643813367933867,0,-0.00000000000000000643813367933867,"xcell","Common myeloid progenitor","Dys-CIM"
"OB_0237",0,0.00000000000000000344782131443593,0.00000000000000000344782131443593,"xcell","Common myeloid progenitor","Dys-CIM"
"OB_0261",0,0.00000000000000000173721878671877,0.00000000000000000173721878671877,"xcell","Common myeloid progenitor","Dys-CIM"
"OB_0273",0,0.000000000000000000402598487310142,0.000000000000000000402598487310142,"xcell","Common myeloid progenitor","Dys-CIM"
"OB_0344",0.00370200375311972,0.000000000000000000101046729463058,-0.00370200375311972,"xcell","Common myeloid progenitor","Dys-CIM"
"2271",0.0119099259881366,0.0290430920185936,0.0171331660304569,"xcell","Endothelial cell","Fun-CIM"
"2472",0,0.00000000000000000169222556548416,0.00000000000000000169222556548416,"xcell","Endothelial cell","Fun-CIM"
"2653",0.0297135547363539,0.00838962220684956,-0.0213239325295043,"xcell","Endothelial cell","Fun-CIM"
"2661",0.00477288170199436,0.0114515379495457,0.00667865624755133,"xcell","Endothelial cell","Fun-CIM"
"2677",0.152177498639568,0.0248482895711846,-0.127329209068383,"xcell","Endothelial cell","Fun-CIM"
"2739",0.0397504814048019,0.0920685344559942,0.0523180530511923,"xcell","Endothelial cell","Fun-CIM"
"2789",0.000000000000000000046796500327172,0.00086678306063155,0.00086678306063155,"xcell","Endothelial cell","Fun-CIM"
"2817",0.0125941850359551,0.403039074158097,0.390444889122142,"xcell","Endothelial cell","Fun-CIM"
"2852",0.0566962421779509,0.0443631532379438,-0.0123330889400071,"xcell","Endothelial cell","Fun-CIM"
"2976",0.0123115720535787,0.00793437984641852,-0.00437719220716016,"xcell","Endothelial cell","Fun-CIM"
"3001",0.0876116198068663,0.0880610560701183,0.00044943626325207,"xcell","Endothelial cell","Fun-CIM"
"3036",0.0602525941644047,0.0492100829484127,-0.0110425112159919,"xcell","Endothelial cell","Fun-CIM"
"3065",0,0.0583840578672331,0.0583840578672331,"xcell","Endothelial cell","Fun-CIM"
"3067",0.0919076820452762,0.338458678412965,0.246550996367689,"xcell","Endothelial cell","Fun-CIM"
"3130",0.039059076069602,0.0149019960419166,-0.0241570800276854,"xcell","Endothelial cell","Fun-CIM"
"3161",0.0322438403205406,0.0242864782524668,-0.00795736206807379,"xcell","Endothelial cell","Fun-CIM"
"97",0,0,0,"xcell","Endothelial cell","Fun-CIM"
"OB_0001",0.0207746658965091,0.0554897529754042,0.0347150870788952,"xcell","Endothelial cell","Fun-CIM"
"OB_0038",0.0377272935231906,0.0101669154644293,-0.0275603780587612,"xcell","Endothelial cell","Fun-CIM"
"OB_0080",0.0264438569127269,0.0316245159228978,0.00518065901017094,"xcell","Endothelial cell","Fun-CIM"
"OB_0139",0.0048784553529487,0.0144718796642802,0.00959342431133153,"xcell","Endothelial cell","Fun-CIM"
"OB_0163",0.00871189924022065,0.0753845136046144,0.0666726143643937,"xcell","Endothelial cell","Fun-CIM"
"OB_0168",0.000000000000000000458877543782519,0.013749865929414,0.013749865929414,"xcell","Endothelial cell","Fun-CIM"
"OB_0235",0.0082590163518084,0.113353874558901,0.105094858207092,"xcell","Endothelial cell","Fun-CIM"
"OB_0315",0.0222189727045146,0.00682756253329456,-0.0153914101712201,"xcell","Endothelial cell","Fun-CIM"
"2046",0.0256966726099373,0,-0.0256966726099373,"xcell","Endothelial cell","Dys-CIM"
"2492",0.00291442568630321,0,-0.00291442568630321,"xcell","Endothelial cell","Dys-CIM"
"2691",0.00265482171225478,0.0278622756104827,0.0252074538982279,"xcell","Endothelial cell","Dys-CIM"
"OB_0095",0.0302018759938219,0.00000000000000000000032125160753035,-0.0302018759938219,"xcell","Endothelial cell","Dys-CIM"
"OB_0157",0.00458258944769995,0,-0.00458258944769995,"xcell","Endothelial cell","Dys-CIM"
"OB_0190",0.00676005336774743,0.00416124680344114,-0.00259880656430628,"xcell","Endothelial cell","Dys-CIM"
"OB_0234",0.000000000000000000578551991403872,0,-0.000000000000000000578551991403872,"xcell","Endothelial cell","Dys-CIM"
"OB_0237",0.000239052824504902,0.000000000000000000110805505763532,-0.000239052824504902,"xcell","Endothelial cell","Dys-CIM"
"OB_0261",0.00439044897178064,0,-0.00439044897178064,"xcell","Endothelial cell","Dys-CIM"
"OB_0273",0.00388227590838189,0.00876766724230038,0.0048853913339185,"xcell","Endothelial cell","Dys-CIM"
"OB_0344",0.129696489897766,0.0592737940447497,-0.0704226958530165,"xcell","Endothelial cell","Dys-CIM"
"2271",0,0.00590524931263553,0.00590524931263553,"xcell","Eosinophil","Fun-CIM"
"2472",0.00225161825145543,0.0166503201439804,0.0143987018925249,"xcell","Eosinophil","Fun-CIM"
"2653",0.00150937227826841,0.00852753883261572,0.00701816655434731,"xcell","Eosinophil","Fun-CIM"
"2661",0,0,0,"xcell","Eosinophil","Fun-CIM"
"2677",0.0108841685894854,0.0160180932856793,0.00513392469619393,"xcell","Eosinophil","Fun-CIM"
"2739",0,0,0,"xcell","Eosinophil","Fun-CIM"
"2789",0,0,0,"xcell","Eosinophil","Fun-CIM"
"2817",0.00626011938206814,0.000000000000000000952333545868811,-0.00626011938206814,"xcell","Eosinophil","Fun-CIM"
"2852",0.010281504886718,0.0108259030995546,0.000544398212836628,"xcell","Eosinophil","Fun-CIM"
"2976",0.003960019900303,0.014933741194394,0.010973721294091,"xcell","Eosinophil","Fun-CIM"
"3001",0.00111389956015766,0.00638536007585704,0.00527146051569939,"xcell","Eosinophil","Fun-CIM"
"3036",0.0049140942892503,0.00839386098747853,0.00347976669822824,"xcell","Eosinophil","Fun-CIM"
"3065",0.000110636558019439,0.00311271497470489,0.00300207841668545,"xcell","Eosinophil","Fun-CIM"
"3067",0.00628861221871668,0,-0.00628861221871668,"xcell","Eosinophil","Fun-CIM"
"3130",0,0.00218937332636358,0.00218937332636358,"xcell","Eosinophil","Fun-CIM"
"3161",0.00539802449566459,0.00000000000000000000499125894399207,-0.00539802449566459,"xcell","Eosinophil","Fun-CIM"
"97",0.0213394161492169,0.0219241331709687,0.00058471702175188,"xcell","Eosinophil","Fun-CIM"
"OB_0001",0,0,0,"xcell","Eosinophil","Fun-CIM"
"OB_0038",0.000000000000000000770119318210743,0.0000000000000000015224321536173,0.000000000000000000752312835406561,"xcell","Eosinophil","Fun-CIM"
"OB_0080",0.00323473761445119,0.000535266095822165,-0.00269947151862902,"xcell","Eosinophil","Fun-CIM"
"OB_0139",0.00000000000000000181756362133024,0.00742315731456821,0.00742315731456821,"xcell","Eosinophil","Fun-CIM"
"OB_0163",0.00117929941210642,0.0013686465435646,0.000189347131458176,"xcell","Eosinophil","Fun-CIM"
"OB_0168",0.00000000000000000103331952730496,0,-0.00000000000000000103331952730496,"xcell","Eosinophil","Fun-CIM"
"OB_0235",0.000000000000000000757612274363761,0.0000000000000000000614328191016684,-0.000000000000000000696179455262093,"xcell","Eosinophil","Fun-CIM"
"OB_0315",0.000000000000000000516070068471197,0,-0.000000000000000000516070068471197,"xcell","Eosinophil","Fun-CIM"
"2046",0.00390254240721944,0.0000000000000000000495985232232213,-0.00390254240721944,"xcell","Eosinophil","Dys-CIM"
"2492",0.00774964769265394,0.0104718944534696,0.00272224676081561,"xcell","Eosinophil","Dys-CIM"
"2691",0.0348455280104403,0.00968888348014922,-0.0251566445302911,"xcell","Eosinophil","Dys-CIM"
"OB_0095",0,0.000000000000000000238164914745743,0.000000000000000000238164914745743,"xcell","Eosinophil","Dys-CIM"
"OB_0157",0.00000000000000000158639264642369,0,-0.00000000000000000158639264642369,"xcell","Eosinophil","Dys-CIM"
"OB_0190",0,0.000000000000000000306007965733314,0.000000000000000000306007965733314,"xcell","Eosinophil","Dys-CIM"
"OB_0234",0,0,0,"xcell","Eosinophil","Dys-CIM"
"OB_0237",0.00000000000000000108699252426669,0,-0.00000000000000000108699252426669,"xcell","Eosinophil","Dys-CIM"
"OB_0261",0.00000000000000000100733694277669,0.00157133248969214,0.00157133248969214,"xcell","Eosinophil","Dys-CIM"
"OB_0273",0,0.000000000000000000731441154992005,0.000000000000000000731441154992005,"xcell","Eosinophil","Dys-CIM"
"OB_0344",0.000000000000000000617288826179414,0,-0.000000000000000000617288826179414,"xcell","Eosinophil","Dys-CIM"
"2271",0.000000000000000000547581561565992,0.00000000000000000135999711558139,0.000000000000000000812415554015401,"xcell","Granulocyte-monocyte progenitor","Fun-CIM"
"2472",0.00000000000000000301160149353573,0.00000000000000000174099819403286,-0.00000000000000000127060329950287,"xcell","Granulocyte-monocyte progenitor","Fun-CIM"
"2653",0,0,0,"xcell","Granulocyte-monocyte progenitor","Fun-CIM"
"2661",0.00000000000000000224142171773257,0,-0.00000000000000000224142171773257,"xcell","Granulocyte-monocyte progenitor","Fun-CIM"
"2677",0.00492986032294506,0,-0.00492986032294506,"xcell","Granulocyte-monocyte progenitor","Fun-CIM"
"2739",0,0.00000000000000000124017721096541,0.00000000000000000124017721096541,"xcell","Granulocyte-monocyte progenitor","Fun-CIM"
"2789",0,0,0,"xcell","Granulocyte-monocyte progenitor","Fun-CIM"
"2817",0.0000000000000000013355864628429,0.000000000000000000806433970854895,-0.000000000000000000529152491988004,"xcell","Granulocyte-monocyte progenitor","Fun-CIM"
"2852",0,0.0000377530262982772,0.0000377530262982772,"xcell","Granulocyte-monocyte progenitor","Fun-CIM"
"2976",0.000000000000000000320081262714104,0.000724022973500058,0.000724022973500058,"xcell","Granulocyte-monocyte progenitor","Fun-CIM"
"3001",0.00000000000000000579109734001944,0.00543753785850277,0.00543753785850276,"xcell","Granulocyte-monocyte progenitor","Fun-CIM"
"3036",0.000000000000000000601388975045141,0.00442751040346187,0.00442751040346187,"xcell","Granulocyte-monocyte progenitor","Fun-CIM"
"3065",0,0,0,"xcell","Granulocyte-monocyte progenitor","Fun-CIM"
"3067",0.00000000000000000636587651192143,0.00375191574034585,0.00375191574034585,"xcell","Granulocyte-monocyte progenitor","Fun-CIM"
"3130",0.00000000000000000020854138014551,0.000705259425961145,0.000705259425961145,"xcell","Granulocyte-monocyte progenitor","Fun-CIM"
"3161",0.00221032541729401,0,-0.00221032541729401,"xcell","Granulocyte-monocyte progenitor","Fun-CIM"
"97",0,0,0,"xcell","Granulocyte-monocyte progenitor","Fun-CIM"
"OB_0001",0.00000000000000000382201614384754,0,-0.00000000000000000382201614384754,"xcell","Granulocyte-monocyte progenitor","Fun-CIM"
"OB_0038",0,0.00000000000000000163952976511653,0.00000000000000000163952976511653,"xcell","Granulocyte-monocyte progenitor","Fun-CIM"
"OB_0080",0.0289748944201281,0.00344803826648244,-0.0255268561536456,"xcell","Granulocyte-monocyte progenitor","Fun-CIM"
"OB_0139",0.00000000000000000519939584796292,0,-0.00000000000000000519939584796292,"xcell","Granulocyte-monocyte progenitor","Fun-CIM"
"OB_0163",0,0,0,"xcell","Granulocyte-monocyte progenitor","Fun-CIM"
"OB_0168",0.0000000000000000168909484921119,0,-0.0000000000000000168909484921119,"xcell","Granulocyte-monocyte progenitor","Fun-CIM"
"OB_0235",0.0247293129563297,0.030521331770144,0.00579201881381435,"xcell","Granulocyte-monocyte progenitor","Fun-CIM"
"OB_0315",0,0.023910525625595,0.023910525625595,"xcell","Granulocyte-monocyte progenitor","Fun-CIM"
"2046",0.0000000000000000018533834372634,0.00000000000000000730533268093385,0.00000000000000000545194924367045,"xcell","Granulocyte-monocyte progenitor","Dys-CIM"
"2492",0,0.00181730653336187,0.00181730653336187,"xcell","Granulocyte-monocyte progenitor","Dys-CIM"
"2691",0.0000000000000000000504343589533659,0.000000000000000000428981477118199,0.000000000000000000378547118164834,"xcell","Granulocyte-monocyte progenitor","Dys-CIM"
"OB_0095",0.00000000000000000421712034956497,0.0000000000000000063886245925207,0.00000000000000000217150424295573,"xcell","Granulocyte-monocyte progenitor","Dys-CIM"
"OB_0157",0.00000000000000000648900969421654,0,-0.00000000000000000648900969421654,"xcell","Granulocyte-monocyte progenitor","Dys-CIM"
"OB_0190",0,0,0,"xcell","Granulocyte-monocyte progenitor","Dys-CIM"
"OB_0234",0,0,0,"xcell","Granulocyte-monocyte progenitor","Dys-CIM"
"OB_0237",0,0.00000000000000000796435582047116,0.00000000000000000796435582047116,"xcell","Granulocyte-monocyte progenitor","Dys-CIM"
"OB_0261",0,0.00000000000000000226595306221465,0.00000000000000000226595306221465,"xcell","Granulocyte-monocyte progenitor","Dys-CIM"
"OB_0273",0,0,0,"xcell","Granulocyte-monocyte progenitor","Dys-CIM"
"OB_0344",0.0120809562419263,0,-0.0120809562419263,"xcell","Granulocyte-monocyte progenitor","Dys-CIM"
"2271",0.204794119081739,0.242481082294727,0.0376869632129888,"xcell","Hematopoietic stem cell","Fun-CIM"
"2472",0.0124161111633223,0.00668399016257846,-0.00573212100074383,"xcell","Hematopoietic stem cell","Fun-CIM"
"2653",0.298688034171782,0.133876600593089,-0.164811433578693,"xcell","Hematopoietic stem cell","Fun-CIM"
"2661",0,0.0404576079067104,0.0404576079067104,"xcell","Hematopoietic stem cell","Fun-CIM"
"2677",0.364985293114343,0.14213214871019,-0.222853144404153,"xcell","Hematopoietic stem cell","Fun-CIM"
"2739",0.131854179380443,0.295593516868056,0.163739337487613,"xcell","Hematopoietic stem cell","Fun-CIM"
"2789",0.101248462227869,0.156894331443454,0.0556458692155845,"xcell","Hematopoietic stem cell","Fun-CIM"
"2817",0.132404388372837,0.628875584824239,0.496471196451402,"xcell","Hematopoietic stem cell","Fun-CIM"
"2852",0.174547376486786,0.238741649566661,0.0641942730798759,"xcell","Hematopoietic stem cell","Fun-CIM"
"2976",0.0544598576011541,0.172906994954059,0.118447137352905,"xcell","Hematopoietic stem cell","Fun-CIM"
"3001",0.362858274970865,0.343488646962147,-0.0193696280087181,"xcell","Hematopoietic stem cell","Fun-CIM"
"3036",0.292026611077948,0.322016034424219,0.029989423346271,"xcell","Hematopoietic stem cell","Fun-CIM"
"3065",0.113052936794599,0.302427214334239,0.189374277539639,"xcell","Hematopoietic stem cell","Fun-CIM"
"3067",0.242888095713765,0.556931419750218,0.314043324036453,"xcell","Hematopoietic stem cell","Fun-CIM"
"3130",0.257394725451688,0.241479737346949,-0.015914988104739,"xcell","Hematopoietic stem cell","Fun-CIM"
"3161",0.179917003986211,0.223068732677556,0.0431517286913455,"xcell","Hematopoietic stem cell","Fun-CIM"
"97",0.0354784553519537,0.0671364839389215,0.0316580285869677,"xcell","Hematopoietic stem cell","Fun-CIM"
"OB_0001",0.125527387717556,0.17584679591782,0.0503194082002641,"xcell","Hematopoietic stem cell","Fun-CIM"
"OB_0038",0.0777176318165346,0.0750685727793506,-0.00264905903718408,"xcell","Hematopoietic stem cell","Fun-CIM"
"OB_0080",0.0809109564470694,0.124923861655487,0.0440129052084176,"xcell","Hematopoietic stem cell","Fun-CIM"
"OB_0139",0.0200213129872676,0.104541015531538,0.0845197025442708,"xcell","Hematopoietic stem cell","Fun-CIM"
"OB_0163",0.0425526905015671,0.333716127591511,0.291163437089944,"xcell","Hematopoietic stem cell","Fun-CIM"
"OB_0168",0.14595131736204,0.293567232027151,0.147615914665111,"xcell","Hematopoietic stem cell","Fun-CIM"
"OB_0235",0.174299963233308,0.528313961226886,0.354013997993579,"xcell","Hematopoietic stem cell","Fun-CIM"
"OB_0315",0.100686210324433,0.157384651362696,0.0566984410382626,"xcell","Hematopoietic stem cell","Fun-CIM"
"2046",0,0.00000000000000000071847048359628,0.00000000000000000071847048359628,"xcell","Hematopoietic stem cell","Dys-CIM"
"2492",0.00000000000000000026925147206294,0.0343389921731741,0.0343389921731741,"xcell","Hematopoietic stem cell","Dys-CIM"
"2691",0.0780273281451395,0.232495696516024,0.154468368370885,"xcell","Hematopoietic stem cell","Dys-CIM"
"OB_0095",0.188076137705852,0.0130663168813457,-0.175009820824506,"xcell","Hematopoietic stem cell","Dys-CIM"
"OB_0157",0.137386484324365,0.152275219886769,0.014888735562404,"xcell","Hematopoietic stem cell","Dys-CIM"
"OB_0190",0.098788135549464,0.067243982794861,-0.031544152754603,"xcell","Hematopoietic stem cell","Dys-CIM"
"OB_0234",0.0406982065608827,0.0194320396015256,-0.0212661669593571,"xcell","Hematopoietic stem cell","Dys-CIM"
"OB_0237",0.0250379666759663,0.012581078347471,-0.0124568883284953,"xcell","Hematopoietic stem cell","Dys-CIM"
"OB_0261",0.0542578830836221,0.0721849959696927,0.0179271128860707,"xcell","Hematopoietic stem cell","Dys-CIM"
"OB_0273",0.0588685923399084,0.0984219658318032,0.0395533734918948,"xcell","Hematopoietic stem cell","Dys-CIM"
"OB_0344",0.311813500279259,0.279140675320762,-0.032672824958497,"xcell","Hematopoietic stem cell","Dys-CIM"
"2271",0,0.0291872264821365,0.0291872264821365,"xcell","Macrophage","Fun-CIM"
"2472",0.0217036399403122,0.0382816557053587,0.0165780157650465,"xcell","Macrophage","Fun-CIM"
"2653",0.00000000000000000258067177894242,0.0569117871313084,0.0569117871313084,"xcell","Macrophage","Fun-CIM"
"2661",0.0000000000000000000555699518488424,0,-0.0000000000000000000555699518488424,"xcell","Macrophage","Fun-CIM"
"2677",0.0156149840599973,0.0629618460634843,0.047346862003487,"xcell","Macrophage","Fun-CIM"
"2739",0.00000000000000000166472577047956,0,-0.00000000000000000166472577047956,"xcell","Macrophage","Fun-CIM"
"2789",0.0112156978919156,0.00569593604494115,-0.00551976184697449,"xcell","Macrophage","Fun-CIM"
"2817",0.0399848450175684,0,-0.0399848450175684,"xcell","Macrophage","Fun-CIM"
"2852",0.00000000000000000000803721515391743,0.000000000000000000763031552305161,0.000000000000000000754994337151244,"xcell","Macrophage","Fun-CIM"
"2976",0.0423478090667978,0.0805563320024418,0.038208522935644,"xcell","Macrophage","Fun-CIM"
"3001",0.00000000000000000203121500303973,0,-0.00000000000000000203121500303973,"xcell","Macrophage","Fun-CIM"
"3036",0,0.0396860323696987,0.0396860323696987,"xcell","Macrophage","Fun-CIM"
"3065",0.0356345824940176,0.00000000000000000000960024128230994,-0.0356345824940176,"xcell","Macrophage","Fun-CIM"
"3067",0.0129239312800307,0.00000000000000000136958691859788,-0.0129239312800307,"xcell","Macrophage","Fun-CIM"
"3130",0.000000000000000000431678522151571,0.000146994185690105,0.000146994185690105,"xcell","Macrophage","Fun-CIM"
"3161",0.00364408522235616,0,-0.00364408522235616,"xcell","Macrophage","Fun-CIM"
"97",0.0220494840839814,0.0254482507090063,0.00339876662502488,"xcell","Macrophage","Fun-CIM"
"OB_0001",0.0490762080533964,0.0382386037364906,-0.0108376043169058,"xcell","Macrophage","Fun-CIM"
"OB_0038",0.00153025483245443,0.0355108331621185,0.0339805783296641,"xcell","Macrophage","Fun-CIM"
"OB_0080",0.0439008773444441,0.017542097820266,-0.0263587795241781,"xcell","Macrophage","Fun-CIM"
"OB_0139",0.0895200467888514,0.335163267036042,0.245643220247191,"xcell","Macrophage","Fun-CIM"
"OB_0163",0.00281069119372096,0.118975794559759,0.116165103366038,"xcell","Macrophage","Fun-CIM"
"OB_0168",0,0.0000000000000000000634753192947803,0.0000000000000000000634753192947803,"xcell","Macrophage","Fun-CIM"
"OB_0235",0.0111624520526142,0.00582315160619685,-0.00533930044641737,"xcell","Macrophage","Fun-CIM"
"OB_0315",0.0201056991501551,0.0268625977248457,0.00675689857469063,"xcell","Macrophage","Fun-CIM"
"2046",0.0479975069220329,0.0136596202304006,-0.0343378866916324,"xcell","Macrophage","Dys-CIM"
"2492",0.0455466912396105,0.0134617325836819,-0.0320849586559286,"xcell","Macrophage","Dys-CIM"
"2691",0.210936725260745,0.0241555980083531,-0.186781127252392,"xcell","Macrophage","Dys-CIM"
"OB_0095",0.0577287288430994,0.0588225769904464,0.00109384814734694,"xcell","Macrophage","Dys-CIM"
"OB_0157",0.0339248728264677,0.0258226035347472,-0.00810226929172053,"xcell","Macrophage","Dys-CIM"
"OB_0190",0.000000000000000000369392730884962,0.0138625564198204,0.0138625564198204,"xcell","Macrophage","Dys-CIM"
"OB_0234",0.0119652795251875,0,-0.0119652795251875,"xcell","Macrophage","Dys-CIM"
"OB_0237",0.0582780111554468,0.0101883155438332,-0.0480896956116136,"xcell","Macrophage","Dys-CIM"
"OB_0261",0.053350867225373,0.00423212049661599,-0.049118746728757,"xcell","Macrophage","Dys-CIM"
"OB_0273",0.0549230523150664,0.0230214895422212,-0.0319015627728452,"xcell","Macrophage","Dys-CIM"
"OB_0344",0.0056044925763169,0.00000000000000000118251484880282,-0.0056044925763169,"xcell","Macrophage","Dys-CIM"
"2271",0.00414023549800451,0.0149276261499587,0.0107873906519541,"xcell","Macrophage M1","Fun-CIM"
"2472",0.0324574356246062,0.041104407139183,0.00864697151457676,"xcell","Macrophage M1","Fun-CIM"
"2653",0,0.0240019317588241,0.0240019317588241,"xcell","Macrophage M1","Fun-CIM"
"2661",0,0.00153007232248477,0.00153007232248477,"xcell","Macrophage M1","Fun-CIM"
"2677",0.0166563636014313,0.0276829121334126,0.0110265485319813,"xcell","Macrophage M1","Fun-CIM"
"2739",0.000000000000000000800363805175056,0.0015928433541582,0.0015928433541582,"xcell","Macrophage M1","Fun-CIM"
"2789",0.0136659921962972,0.00974640897201414,-0.0039195832242831,"xcell","Macrophage M1","Fun-CIM"
"2817",0.0261505130504239,0.0006614092594066,-0.0254891037910173,"xcell","Macrophage M1","Fun-CIM"
"2852",0,0.00000000000000000109663242194153,0.00000000000000000109663242194153,"xcell","Macrophage M1","Fun-CIM"
"2976",0.0392374983342562,0.0515373822324063,0.0122998838981501,"xcell","Macrophage M1","Fun-CIM"
"3001",0,0.000000000000000000357647636109877,0.000000000000000000357647636109877,"xcell","Macrophage M1","Fun-CIM"
"3036",0.00381050208428235,0.0240835237381728,0.0202730216538905,"xcell","Macrophage M1","Fun-CIM"
"3065",0.0171976253970068,0.00183690390126221,-0.0153607214957446,"xcell","Macrophage M1","Fun-CIM"
"3067",0.0120930850225198,0.00135652641201723,-0.0107365586105026,"xcell","Macrophage M1","Fun-CIM"
"3130",0.000000000000000000100511145115711,0.00372147167271452,0.00372147167271452,"xcell","Macrophage M1","Fun-CIM"
"3161",0.00738734676663913,0.000805006856760766,-0.00658233990987837,"xcell","Macrophage M1","Fun-CIM"
"97",0.0127189530690053,0.0116303510123096,-0.00108860205669571,"xcell","Macrophage M1","Fun-CIM"
"OB_0001",0.0618778016923245,0.0550919281593732,-0.00678587353295129,"xcell","Macrophage M1","Fun-CIM"
"OB_0038",0.00512659916464042,0.0201047559390055,0.014978156774365,"xcell","Macrophage M1","Fun-CIM"
"OB_0080",0.0299402868084259,0.0143089181017389,-0.015631368706687,"xcell","Macrophage M1","Fun-CIM"
"OB_0139",0.100394827035768,0.234143602508687,0.13374877547292,"xcell","Macrophage M1","Fun-CIM"
"OB_0163",0.00398561878569729,0.0607354757528243,0.056749856967127,"xcell","Macrophage M1","Fun-CIM"
"OB_0168",0.00172243466376988,0.000775724545947361,-0.000946710117822518,"xcell","Macrophage M1","Fun-CIM"
"OB_0235",0.00411974271166563,0.00664792551802678,0.00252818280636115,"xcell","Macrophage M1","Fun-CIM"
"OB_0315",0.041580299258234,0.0317565580364234,-0.00982374122181062,"xcell","Macrophage M1","Fun-CIM"
"2046",0.0542909958226703,0.0237873636933361,-0.0305036321293342,"xcell","Macrophage M1","Dys-CIM"
"2492",0.035114104382851,0.0201177203628456,-0.0149963840200055,"xcell","Macrophage M1","Dys-CIM"
"2691",0.130257975022519,0.0257608666805743,-0.104497108341944,"xcell","Macrophage M1","Dys-CIM"
"OB_0095",0.0764472637121524,0.063182372452216,-0.0132648912599363,"xcell","Macrophage M1","Dys-CIM"
"OB_0157",0.0473486591362946,0.0322243107069463,-0.0151243484293483,"xcell","Macrophage M1","Dys-CIM"
"OB_0190",0.00114346680787107,0.0142832820355531,0.013139815227682,"xcell","Macrophage M1","Dys-CIM"
"OB_0234",0.011101786911234,0.0026888027264471,-0.00841298418478686,"xcell","Macrophage M1","Dys-CIM"
"OB_0237",0.0676423994242665,0.0231756692611976,-0.0444667301630689,"xcell","Macrophage M1","Dys-CIM"
"OB_0261",0.064953069778383,0.0187377799373356,-0.0462152898410473,"xcell","Macrophage M1","Dys-CIM"
"OB_0273",0.0676422280667099,0.0323612508000319,-0.035280977266678,"xcell","Macrophage M1","Dys-CIM"
"OB_0344",0.0193987836210113,0,-0.0193987836210113,"xcell","Macrophage M1","Dys-CIM"
"2271",0.000620257872095611,0.0302324135779528,0.0296121557058572,"xcell","Macrophage M2","Fun-CIM"
"2472",0.000749916378913906,0.0111821091491368,0.0104321927702229,"xcell","Macrophage M2","Fun-CIM"
"2653",0,0.0338511763683266,0.0338511763683266,"xcell","Macrophage M2","Fun-CIM"
"2661",0.010542932743162,0.00164684364791979,-0.00889608909524218,"xcell","Macrophage M2","Fun-CIM"
"2677",0.00790140004361891,0.0175328042870652,0.00963140424344629,"xcell","Macrophage M2","Fun-CIM"
"2739",0,0.00189763750703329,0.00189763750703329,"xcell","Macrophage M2","Fun-CIM"
"2789",0.00158813683703161,0.0010308725718502,-0.000557264265181409,"xcell","Macrophage M2","Fun-CIM"
"2817",0.0119506892892865,0.000488550308696234,-0.0114621389805902,"xcell","Macrophage M2","Fun-CIM"
"2852",0.00245398295836312,0,-0.00245398295836312,"xcell","Macrophage M2","Fun-CIM"
"2976",0.000650266949311017,0.026284734935315,0.0256344679860039,"xcell","Macrophage M2","Fun-CIM"
"3001",0.0000000000000000000807224439664665,0.00000000000000000105832509583983,0.000000000000000000977602651873365,"xcell","Macrophage M2","Fun-CIM"
"3036",0.00063799055739662,0.0128332298774179,0.0121952393200213,"xcell","Macrophage M2","Fun-CIM"
"3065",0.0131132783868771,0.00949920277124932,-0.00361407561562777,"xcell","Macrophage M2","Fun-CIM"
"3067",0.00574176129617995,0.0248248950875927,0.0190831337914128,"xcell","Macrophage M2","Fun-CIM"
"3130",0,0.00142920594240417,0.00142920594240417,"xcell","Macrophage M2","Fun-CIM"
"3161",0.000789885253863005,0,-0.000789885253863005,"xcell","Macrophage M2","Fun-CIM"
"97",0.00213520204427727,0.0090355729492347,0.00690037090495743,"xcell","Macrophage M2","Fun-CIM"
"OB_0001",0.0104512309368358,0.00859757668616355,-0.00185365425067226,"xcell","Macrophage M2","Fun-CIM"
"OB_0038",0.00107831372549539,0.0280837807239163,0.0270054669984209,"xcell","Macrophage M2","Fun-CIM"
"OB_0080",0.033482300399437,0.00988568959323435,-0.0235966108062027,"xcell","Macrophage M2","Fun-CIM"
"OB_0139",0.00219892043313121,0.161093451835196,0.158894531402064,"xcell","Macrophage M2","Fun-CIM"
"OB_0163",0.00432832596921055,0.0955429634672612,0.0912146374980507,"xcell","Macrophage M2","Fun-CIM"
"OB_0168",0.000000000000000000156840454279899,0.00325574961507267,0.00325574961507267,"xcell","Macrophage M2","Fun-CIM"
"OB_0235",0.013986387900247,0.016696842967394,0.00271045506714693,"xcell","Macrophage M2","Fun-CIM"
"OB_0315",0.00156857463837499,0.00704314173419019,0.0054745670958152,"xcell","Macrophage M2","Fun-CIM"
"2046",0.0106430843474634,0.0000000000000000000286390249937347,-0.0106430843474634,"xcell","Macrophage M2","Dys-CIM"
"2492",0.000000000000000000296852045999328,0,-0.000000000000000000296852045999328,"xcell","Macrophage M2","Dys-CIM"
"2691",0.148947457404992,0.0238343903666291,-0.125113067038363,"xcell","Macrophage M2","Dys-CIM"
"OB_0095",0.0129149284688966,0.0121450237508482,-0.000769904718048331,"xcell","Macrophage M2","Dys-CIM"
"OB_0157",0,0.00150586552469529,0.00150586552469529,"xcell","Macrophage M2","Dys-CIM"
"OB_0190",0.000173838506945362,0.00204902156573535,0.00187518305878999,"xcell","Macrophage M2","Dys-CIM"
"OB_0234",0.0000000000000000000765018340847862,0,-0.0000000000000000000765018340847862,"xcell","Macrophage M2","Dys-CIM"
"OB_0237",0.00872293023478237,0.00115554137472183,-0.00756738886006054,"xcell","Macrophage M2","Dys-CIM"
"OB_0261",0.00000000000000000235806269822309,0.0000000000000000013534788286226,-0.00000000000000000100458386960049,"xcell","Macrophage M2","Dys-CIM"
"OB_0273",0,0.00596579795786106,0.00596579795786106,"xcell","Macrophage M2","Dys-CIM"
"OB_0344",0.000786558058689658,0.00000000000000000000873051328628557,-0.000786558058689658,"xcell","Macrophage M2","Dys-CIM"
"2271",0.00000000000000000098506165729751,0.000000000000000000176287771584039,-0.000000000000000000808773885713471,"xcell","Mast cell","Fun-CIM"
"2472",0.00409012194597334,0.00372818629109953,-0.000361935654873812,"xcell","Mast cell","Fun-CIM"
"2653",0.0294113401589097,0.0114527796321174,-0.0179585605267923,"xcell","Mast cell","Fun-CIM"
"2661",0.00921187600993685,0.0132285638527727,0.00401668784283585,"xcell","Mast cell","Fun-CIM"
"2677",0.0230162320330695,0.0173808454233551,-0.00563538660971441,"xcell","Mast cell","Fun-CIM"
"2739",0.0136202756780802,0.0114308214525221,-0.00218945422555802,"xcell","Mast cell","Fun-CIM"
"2789",0.0163522124757406,0.0245745660364974,0.00822235356075687,"xcell","Mast cell","Fun-CIM"
"2817",0.0307667244063958,0.00336167314929582,-0.0274050512571,"xcell","Mast cell","Fun-CIM"
"2852",0.0308151730100177,0.0350803143027576,0.00426514129273989,"xcell","Mast cell","Fun-CIM"
"2976",0.0208784244094384,0.0241615322404994,0.00328310783106097,"xcell","Mast cell","Fun-CIM"
"3001",0.0117928152847523,0.0159149624152473,0.00412214713049503,"xcell","Mast cell","Fun-CIM"
"3036",0.0204100021096699,0.0347695263101989,0.014359524200529,"xcell","Mast cell","Fun-CIM"
"3065",0.0186244881855071,0.0169948007518245,-0.00162968743368264,"xcell","Mast cell","Fun-CIM"
"3067",0.0166726944320142,0,-0.0166726944320142,"xcell","Mast cell","Fun-CIM"
"3130",0.0044088307696921,0.015530510146493,0.0111216793768009,"xcell","Mast cell","Fun-CIM"
"3161",0.021489827412438,0.00953032105868948,-0.0119595063537485,"xcell","Mast cell","Fun-CIM"
"97",0.00864067827858038,0.0136250248072519,0.00498434652867155,"xcell","Mast cell","Fun-CIM"
"OB_0001",0.0114006176447726,0.014577524505238,0.00317690686046544,"xcell","Mast cell","Fun-CIM"
"OB_0038",0.000330211886029208,0.0129052892435403,0.0125750773575111,"xcell","Mast cell","Fun-CIM"
"OB_0080",0.0298317202769597,0.0248514607074801,-0.00498025956947961,"xcell","Mast cell","Fun-CIM"
"OB_0139",0.0172467480999659,0.0624618555529336,0.0452151074529678,"xcell","Mast cell","Fun-CIM"
"OB_0163",0.0141167859763715,0.0550134603000989,0.0408966743237274,"xcell","Mast cell","Fun-CIM"
"OB_0168",0.0222909649167248,0.0459265032474388,0.0236355383307141,"xcell","Mast cell","Fun-CIM"
"OB_0235",0.0495216302980026,0.0452275374774789,-0.00429409282052366,"xcell","Mast cell","Fun-CIM"
"OB_0315",0.0208671557931176,0.0246126947632393,0.00374553897012167,"xcell","Mast cell","Fun-CIM"
"2046",0.0167106943899576,0.00820423671362761,-0.00850645767632999,"xcell","Mast cell","Dys-CIM"
"2492",0.0177652975068474,0.0113603978090149,-0.00640489969783247,"xcell","Mast cell","Dys-CIM"
"2691",0.0547239529610027,0.0409607738750672,-0.0137631790859355,"xcell","Mast cell","Dys-CIM"
"OB_0095",0.00493799615802854,0.0000000000000000000144324241548374,-0.00493799615802854,"xcell","Mast cell","Dys-CIM"
"OB_0157",0.00216849442305876,0.0000000000000000000456555323238768,-0.00216849442305876,"xcell","Mast cell","Dys-CIM"
"OB_0190",0.00466582114477134,0.00568466645994915,0.00101884531517781,"xcell","Mast cell","Dys-CIM"
"OB_0234",0,0,0,"xcell","Mast cell","Dys-CIM"
"OB_0237",0.0146309966553029,0,-0.0146309966553029,"xcell","Mast cell","Dys-CIM"
"OB_0261",0.00393924586505077,0,-0.00393924586505077,"xcell","Mast cell","Dys-CIM"
"OB_0273",0.00370009586349764,0.0198741173555369,0.0161740214920392,"xcell","Mast cell","Dys-CIM"
"OB_0344",0.00802232271566476,0.000000000000000000193998075085156,-0.00802232271566476,"xcell","Mast cell","Dys-CIM"
"2271",0.0000000000000000087860650831141,0,-0.0000000000000000087860650831141,"xcell","Monocyte","Fun-CIM"
"2472",0,0.00310303053420464,0.00310303053420464,"xcell","Monocyte","Fun-CIM"
"2653",0.000000000000000000419130384119636,0.0000000000000000000278285773091917,-0.000000000000000000391301806810445,"xcell","Monocyte","Fun-CIM"
"2661",0.0000000000000000165342642017519,0.0000000000000000120636500285084,-0.00000000000000000447061417324344,"xcell","Monocyte","Fun-CIM"
"2677",0.000000000000000000788416886892898,0.0145859137860831,0.0145859137860831,"xcell","Monocyte","Fun-CIM"
"2739",0.0000000000000000175158966089707,0,-0.0000000000000000175158966089707,"xcell","Monocyte","Fun-CIM"
"2789",0,0,0,"xcell","Monocyte","Fun-CIM"
"2817",0,0.0000000000000000127926108141232,0.0000000000000000127926108141232,"xcell","Monocyte","Fun-CIM"
"2852",0.00000000000000000157964412558145,0,-0.00000000000000000157964412558145,"xcell","Monocyte","Fun-CIM"
"2976",0.00169909847574304,0.0079832298286879,0.00628413135294487,"xcell","Monocyte","Fun-CIM"
"3001",0.0000000000000000204434451871009,0,-0.0000000000000000204434451871009,"xcell","Monocyte","Fun-CIM"
"3036",0,0.000000000000000000973573068207113,0.000000000000000000973573068207113,"xcell","Monocyte","Fun-CIM"
"3065",0.000000000000000000775010942295699,0.00000000000000000810508961473338,0.00000000000000000733007867243768,"xcell","Monocyte","Fun-CIM"
"3067",0,0,0,"xcell","Monocyte","Fun-CIM"
"3130",0,0.0000000000000000136174807856555,0.0000000000000000136174807856555,"xcell","Monocyte","Fun-CIM"
"3161",0.0000000000000000025213160036892,0,-0.0000000000000000025213160036892,"xcell","Monocyte","Fun-CIM"
"97",0.00331627473207528,0.00927669227328579,0.00596041754121051,"xcell","Monocyte","Fun-CIM"
"OB_0001",0,0.0000000000000000000684475251855244,0.0000000000000000000684475251855244,"xcell","Monocyte","Fun-CIM"
"OB_0038",0,0,0,"xcell","Monocyte","Fun-CIM"
"OB_0080",0.0032277447344649,0,-0.0032277447344649,"xcell","Monocyte","Fun-CIM"
"OB_0139",0.0118938647965586,0.0527004418416473,0.0408065770450887,"xcell","Monocyte","Fun-CIM"
"OB_0163",0.000000000000000000121241059324694,0.0232928842344907,0.0232928842344907,"xcell","Monocyte","Fun-CIM"
"OB_0168",0,0,0,"xcell","Monocyte","Fun-CIM"
"OB_0235",0,0.000000000000000000972641056410573,0.000000000000000000972641056410573,"xcell","Monocyte","Fun-CIM"
"OB_0315",0,0.00979819396989112,0.00979819396989112,"xcell","Monocyte","Fun-CIM"
"2046",0.00885554248161997,0.000000000000000000254539338171336,-0.00885554248161997,"xcell","Monocyte","Dys-CIM"
"2492",0.0224691709508509,0.00576638668277651,-0.0167027842680744,"xcell","Monocyte","Dys-CIM"
"2691",0.0255596608501224,0,-0.0255596608501224,"xcell","Monocyte","Dys-CIM"
"OB_0095",0,0,0,"xcell","Monocyte","Dys-CIM"
"OB_0157",0.00000000000000000103832274148973,0.000000000000000000906854789617682,-0.000000000000000000131467951872045,"xcell","Monocyte","Dys-CIM"
"OB_0190",0.00000000000000000117929769703706,0.00000000000000000157521602781825,0.000000000000000000395918330781186,"xcell","Monocyte","Dys-CIM"
"OB_0234",0.00000000000000000047861619234301,0.00000000000000000481717235918193,0.00000000000000000433855616683892,"xcell","Monocyte","Dys-CIM"
"OB_0237",0,0,0,"xcell","Monocyte","Dys-CIM"
"OB_0261",0.000658374854198995,0,-0.000658374854198995,"xcell","Monocyte","Dys-CIM"
"OB_0273",0.000688269008806563,0.00000000000000000334233125240207,-0.00068826900880656,"xcell","Monocyte","Dys-CIM"
"OB_0344",0,0,0,"xcell","Monocyte","Dys-CIM"
"2271",0.000000000000000000282724674425757,0.000632350552640957,0.000632350552640957,"xcell","Myeloid dendritic cell","Fun-CIM"
"2472",0.0110838352911488,0.000956294550412452,-0.0101275407407364,"xcell","Myeloid dendritic cell","Fun-CIM"
"2653",0.0000000000000000000713776894321625,0.00381778056781134,0.00381778056781134,"xcell","Myeloid dendritic cell","Fun-CIM"
"2661",0,0,0,"xcell","Myeloid dendritic cell","Fun-CIM"
"2677",0.00683764208289142,0,-0.00683764208289142,"xcell","Myeloid dendritic cell","Fun-CIM"
"2739",0.000000000000000000359504465367874,0.00000000000000000124902324093688,0.000000000000000000889518775569008,"xcell","Myeloid dendritic cell","Fun-CIM"
"2789",0.00295533565745951,0.0221193662517805,0.019164030594321,"xcell","Myeloid dendritic cell","Fun-CIM"
"2817",0,0.00473450221661862,0.00473450221661862,"xcell","Myeloid dendritic cell","Fun-CIM"
"2852",0,0.000000000000000000566223011720332,0.000000000000000000566223011720332,"xcell","Myeloid dendritic cell","Fun-CIM"
"2976",0.011831562786153,0.0293729457333264,0.0175413829471733,"xcell","Myeloid dendritic cell","Fun-CIM"
"3001",0,0.000000000000000000541972596954402,0.000000000000000000541972596954402,"xcell","Myeloid dendritic cell","Fun-CIM"
"3036",0.00421813649109535,0.0119855104431356,0.00776737395204027,"xcell","Myeloid dendritic cell","Fun-CIM"
"3065",0.000000000000000000165473036704872,0.000000000000000000129002821561008,-0.0000000000000000000364702151438643,"xcell","Myeloid dendritic cell","Fun-CIM"
"3067",0,0.00000000000000000000136035782528549,0.00000000000000000000136035782528549,"xcell","Myeloid dendritic cell","Fun-CIM"
"3130",0.0000000000000000000491478475038178,0.0037306564328511,0.0037306564328511,"xcell","Myeloid dendritic cell","Fun-CIM"
"3161",0.000000000000000000135589300305629,0,-0.000000000000000000135589300305629,"xcell","Myeloid dendritic cell","Fun-CIM"
"97",0.000000000000000000369374010768836,0.000528491020952702,0.000528491020952702,"xcell","Myeloid dendritic cell","Fun-CIM"
"OB_0001",0.0155212156823383,0.0113104809928504,-0.00421073468948794,"xcell","Myeloid dendritic cell","Fun-CIM"
"OB_0038",0.0136547322611287,0.0252562701697658,0.0116015379086371,"xcell","Myeloid dendritic cell","Fun-CIM"
"OB_0080",0.00172013495527446,0,-0.00172013495527446,"xcell","Myeloid dendritic cell","Fun-CIM"
"OB_0139",0.0302001713520291,0.0272914400547508,-0.00290873129727829,"xcell","Myeloid dendritic cell","Fun-CIM"
"OB_0163",0,0.107025640642472,0.107025640642472,"xcell","Myeloid dendritic cell","Fun-CIM"
"OB_0168",0,0,0,"xcell","Myeloid dendritic cell","Fun-CIM"
"OB_0235",0,0.0122979098310674,0.0122979098310674,"xcell","Myeloid dendritic cell","Fun-CIM"
"OB_0315",0.00365046399719472,0.00940766598528435,0.00575720198808964,"xcell","Myeloid dendritic cell","Fun-CIM"
"2046",0.00602441377363966,0.00351613746663843,-0.00250827630700123,"xcell","Myeloid dendritic cell","Dys-CIM"
"2492",0.0204330082541999,0.0121587601999243,-0.00827424805427564,"xcell","Myeloid dendritic cell","Dys-CIM"
"2691",0.00406940477776333,0.00484125367448683,0.000771848896723499,"xcell","Myeloid dendritic cell","Dys-CIM"
"OB_0095",0.0141602056966974,0.00527766692023295,-0.00888253877646445,"xcell","Myeloid dendritic cell","Dys-CIM"
"OB_0157",0.027725964431394,0.0260863682375011,-0.00163959619389296,"xcell","Myeloid dendritic cell","Dys-CIM"
"OB_0190",0,0,0,"xcell","Myeloid dendritic cell","Dys-CIM"
"OB_0234",0.0261354911352061,0.0109642241365165,-0.0151712669986895,"xcell","Myeloid dendritic cell","Dys-CIM"
"OB_0237",0.0124382214553326,0.0000000000000000000185445768952371,-0.0124382214553326,"xcell","Myeloid dendritic cell","Dys-CIM"
"OB_0261",0.136369707518203,0.00406566756210507,-0.132304039956098,"xcell","Myeloid dendritic cell","Dys-CIM"
"OB_0273",0.131930963137527,0.000850987495156286,-0.131079975642371,"xcell","Myeloid dendritic cell","Dys-CIM"
"OB_0344",0.0197414936780669,0.00486963710650925,-0.0148718565715576,"xcell","Myeloid dendritic cell","Dys-CIM"
"2271",0.00000000000000000308737394419864,0,-0.00000000000000000308737394419864,"xcell","Myeloid dendritic cell activated","Fun-CIM"
"2472",0.0430425559155915,0.0393561028894314,-0.00368645302616009,"xcell","Myeloid dendritic cell activated","Fun-CIM"
"2653",0.00800060594552776,0.00000000000000000186712776453268,-0.00800060594552776,"xcell","Myeloid dendritic cell activated","Fun-CIM"
"2661",0.00188859887669965,0,-0.00188859887669965,"xcell","Myeloid dendritic cell activated","Fun-CIM"
"2677",0.0869196327110456,0.0274544100894011,-0.0594652226216445,"xcell","Myeloid dendritic cell activated","Fun-CIM"
"2739",0.00000000000000000732567230707356,0.00000000000000000199338614490343,-0.00000000000000000533228616217014,"xcell","Myeloid dendritic cell activated","Fun-CIM"
"2789",0.0368002321116034,0.112117837798188,0.0753176056865845,"xcell","Myeloid dendritic cell activated","Fun-CIM"
"2817",0.0296499422620153,0.0945416046657931,0.0648916624037778,"xcell","Myeloid dendritic cell activated","Fun-CIM"
"2852",0.0125537423457771,0.000000000000000000518789358926071,-0.0125537423457771,"xcell","Myeloid dendritic cell activated","Fun-CIM"
"2976",0.0556984491419315,0.16400630419864,0.108307855056709,"xcell","Myeloid dendritic cell activated","Fun-CIM"
"3001",0.0000000000000000273520597203187,0,-0.0000000000000000273520597203187,"xcell","Myeloid dendritic cell activated","Fun-CIM"
"3036",0.0548891192917443,0.0521748129074792,-0.00271430638426512,"xcell","Myeloid dendritic cell activated","Fun-CIM"
"3065",0.013269016798862,0.00000000000000000643694234967709,-0.013269016798862,"xcell","Myeloid dendritic cell activated","Fun-CIM"
"3067",0.008243663890645,0,-0.008243663890645,"xcell","Myeloid dendritic cell activated","Fun-CIM"
"3130",0.0440618956700654,0.0250001576155841,-0.0190617380544812,"xcell","Myeloid dendritic cell activated","Fun-CIM"
"3161",0.000751883053813732,0,-0.000751883053813732,"xcell","Myeloid dendritic cell activated","Fun-CIM"
"97",0.0124261348483386,0.00349645914758391,-0.00892967570075468,"xcell","Myeloid dendritic cell activated","Fun-CIM"
"OB_0001",0.10301550315839,0.0899065789394523,-0.0131089242189374,"xcell","Myeloid dendritic cell activated","Fun-CIM"
"OB_0038",0.031952126631421,0,-0.031952126631421,"xcell","Myeloid dendritic cell activated","Fun-CIM"
"OB_0080",0.0120060920816994,0.00533625765619158,-0.00666983442550778,"xcell","Myeloid dendritic cell activated","Fun-CIM"
"OB_0139",0.18238739004523,0.208697861211065,0.0263104711658348,"xcell","Myeloid dendritic cell activated","Fun-CIM"
"OB_0163",0,0.147149523653335,0.147149523653335,"xcell","Myeloid dendritic cell activated","Fun-CIM"
"OB_0168",0,0.00000000000000000259101543473508,0.00000000000000000259101543473508,"xcell","Myeloid dendritic cell activated","Fun-CIM"
"OB_0235",0.00781370720842096,0.0477065666076132,0.0398928593991922,"xcell","Myeloid dendritic cell activated","Fun-CIM"
"OB_0315",0.0905611334413398,0.0902075994602684,-0.000353533981071338,"xcell","Myeloid dendritic cell activated","Fun-CIM"
"2046",0.0772508541863337,0.0654669140760391,-0.0117839401102947,"xcell","Myeloid dendritic cell activated","Dys-CIM"
"2492",0.169508346601434,0.103149113767992,-0.0663592328334417,"xcell","Myeloid dendritic cell activated","Dys-CIM"
"2691",0.0801350710535442,0.0890716001804313,0.00893652912688706,"xcell","Myeloid dendritic cell activated","Dys-CIM"
"OB_0095",0.116689811781257,0.0411358084545073,-0.0755540033267499,"xcell","Myeloid dendritic cell activated","Dys-CIM"
"OB_0157",0.12950455040974,0.0892883732131624,-0.0402161771965772,"xcell","Myeloid dendritic cell activated","Dys-CIM"
"OB_0190",0.0115038304199461,0.000000000000000000161418815707765,-0.0115038304199461,"xcell","Myeloid dendritic cell activated","Dys-CIM"
"OB_0234",0.0157000894493383,0.0127138827378281,-0.00298620671151012,"xcell","Myeloid dendritic cell activated","Dys-CIM"
"OB_0237",0.174957481375348,0.0372537492986901,-0.137703732076658,"xcell","Myeloid dendritic cell activated","Dys-CIM"
"OB_0261",0.219475320330324,0.0205516764977591,-0.198923643832565,"xcell","Myeloid dendritic cell activated","Dys-CIM"
"OB_0273",0.210284255319303,0,-0.210284255319303,"xcell","Myeloid dendritic cell activated","Dys-CIM"
"OB_0344",0.109719271108784,0.0432793844656873,-0.0664398866430967,"xcell","Myeloid dendritic cell activated","Dys-CIM"
"2271",0.00000000000000000170105839543047,0,-0.00000000000000000170105839543047,"xcell","NK cell","Fun-CIM"
"2472",0,0,0,"xcell","NK cell","Fun-CIM"
"2653",0.00000000000000000158264250464792,0.00000000000000000238649311170777,0.000000000000000000803850607059847,"xcell","NK cell","Fun-CIM"
"2661",0.00000000000000000104505861255556,0.000000000000000000419427956766643,-0.000000000000000000625630655788915,"xcell","NK cell","Fun-CIM"
"2677",0,0.00000000000000000111778227480253,0.00000000000000000111778227480253,"xcell","NK cell","Fun-CIM"
"2739",0,0.0000000000000000209169552282846,0.0000000000000000209169552282846,"xcell","NK cell","Fun-CIM"
"2789",0.000000000000000000503208400234729,0,-0.000000000000000000503208400234729,"xcell","NK cell","Fun-CIM"
"2817",0,0.0000000000000000171166596059882,0.0000000000000000171166596059882,"xcell","NK cell","Fun-CIM"
"2852",0.000000000000000000307331673147243,0.000000000000000000428525493900593,0.00000000000000000012119382075335,"xcell","NK cell","Fun-CIM"
"2976",0.00000000000000000104494215664767,0.0000000000000000025221067784435,0.00000000000000000147716462179583,"xcell","NK cell","Fun-CIM"
"3001",0,0,0,"xcell","NK cell","Fun-CIM"
"3036",0.00000000000000000112576847619427,0.00000000000000000237805696906197,0.0000000000000000012522884928677,"xcell","NK cell","Fun-CIM"
"3065",0,0.0000000000000000123892989667391,0.0000000000000000123892989667391,"xcell","NK cell","Fun-CIM"
"3067",0,0,0,"xcell","NK cell","Fun-CIM"
"3130",0.00000000000000000617817181627306,0,-0.00000000000000000617817181627306,"xcell","NK cell","Fun-CIM"
"3161",0,0,0,"xcell","NK cell","Fun-CIM"
"97",0,0.00000000000000000109843584862316,0.00000000000000000109843584862316,"xcell","NK cell","Fun-CIM"
"OB_0001",0,0.00000000000000000110680909956486,0.00000000000000000110680909956486,"xcell","NK cell","Fun-CIM"
"OB_0038",0,0.0000000000000000006781240341058,0.0000000000000000006781240341058,"xcell","NK cell","Fun-CIM"
"OB_0080",0,0.00000000000000000486101522457366,0.00000000000000000486101522457366,"xcell","NK cell","Fun-CIM"
"OB_0139",0,0,0,"xcell","NK cell","Fun-CIM"
"OB_0163",0.00000000000000000192018233537498,0.00000000000000000420669836715666,0.00000000000000000228651603178168,"xcell","NK cell","Fun-CIM"
"OB_0168",0.0000000000000000181732602999109,0.00000000000000000588075399942163,-0.0000000000000000122925063004892,"xcell","NK cell","Fun-CIM"
"OB_0235",0,0,0,"xcell","NK cell","Fun-CIM"
"OB_0315",0,0,0,"xcell","NK cell","Fun-CIM"
"2046",0,0,0,"xcell","NK cell","Dys-CIM"
"2492",0.0301085122715435,0.0131164050590531,-0.0169921072124903,"xcell","NK cell","Dys-CIM"
"2691",0,0.00000000000000000341072889122925,0.00000000000000000341072889122925,"xcell","NK cell","Dys-CIM"
"OB_0095",0.00000000000000000258381748542261,0.000897122775290286,0.000897122775290283,"xcell","NK cell","Dys-CIM"
"OB_0157",0.0000000000000000269730821590703,0.000000000000000010368403506162,-0.0000000000000000166046786529083,"xcell","NK cell","Dys-CIM"
"OB_0190",0.00000000000000000386345947762495,0.0000000000000000165863563684272,0.0000000000000000127228968908022,"xcell","NK cell","Dys-CIM"
"OB_0234",0.00000000000000000507776925860965,0.00000000000000000330254903910705,-0.00000000000000000177522021950261,"xcell","NK cell","Dys-CIM"
"OB_0237",0.00000000000000000340579571837841,0,-0.00000000000000000340579571837841,"xcell","NK cell","Dys-CIM"
"OB_0261",0.000000000000000012042782124722,0.00000000000000000279678619922327,-0.00000000000000000924599592549875,"xcell","NK cell","Dys-CIM"
"OB_0273",0,0.000000000000000000352749792599335,0.000000000000000000352749792599335,"xcell","NK cell","Dys-CIM"
"OB_0344",0.00000000000000000225860690655089,0,-0.00000000000000000225860690655089,"xcell","NK cell","Dys-CIM"
"2271",0.00000000000000000094028992613252,0,-0.00000000000000000094028992613252,"xcell","Neutrophil","Fun-CIM"
"2472",0,0.0000000000000000000221311437720522,0.0000000000000000000221311437720522,"xcell","Neutrophil","Fun-CIM"
"2653",0,0,0,"xcell","Neutrophil","Fun-CIM"
"2661",0,0.00000000000000000294463066651639,0.00000000000000000294463066651639,"xcell","Neutrophil","Fun-CIM"
"2677",0,0.000448813244171256,0.000448813244171256,"xcell","Neutrophil","Fun-CIM"
"2739",0.0000000000000000011564880703046,0,-0.0000000000000000011564880703046,"xcell","Neutrophil","Fun-CIM"
"2789",0,0,0,"xcell","Neutrophil","Fun-CIM"
"2817",0.000000000000000000970074542726906,0,-0.000000000000000000970074542726906,"xcell","Neutrophil","Fun-CIM"
"2852",0.00000000000000000045632590597427,0.000000000000000000833588216398882,0.000000000000000000377262310424612,"xcell","Neutrophil","Fun-CIM"
"2976",0,0,0,"xcell","Neutrophil","Fun-CIM"
"3001",0,0.0000000000000000000155218510380076,0.0000000000000000000155218510380076,"xcell","Neutrophil","Fun-CIM"
"3036",0.000000000000000000276422322001115,0,-0.000000000000000000276422322001115,"xcell","Neutrophil","Fun-CIM"
"3065",0.00000000000000000000134590523544329,0,-0.00000000000000000000134590523544329,"xcell","Neutrophil","Fun-CIM"
"3067",0.000000000000000000309156889630502,0,-0.000000000000000000309156889630502,"xcell","Neutrophil","Fun-CIM"
"3130",0.0000000000000000000270722722162931,0,-0.0000000000000000000270722722162931,"xcell","Neutrophil","Fun-CIM"
"3161",0,0.00000000000000000154057353645252,0.00000000000000000154057353645252,"xcell","Neutrophil","Fun-CIM"
"97",0,0,0,"xcell","Neutrophil","Fun-CIM"
"OB_0001",0,0,0,"xcell","Neutrophil","Fun-CIM"
"OB_0038",0,0.000000000000000000250978399763648,0.000000000000000000250978399763648,"xcell","Neutrophil","Fun-CIM"
"OB_0080",0.000420044368664876,0.00290647326147597,0.0024864288928111,"xcell","Neutrophil","Fun-CIM"
"OB_0139",0,0,0,"xcell","Neutrophil","Fun-CIM"
"OB_0163",0,0.000000000000000000195870273114024,0.000000000000000000195870273114024,"xcell","Neutrophil","Fun-CIM"
"OB_0168",0.000000000000000000100652935852679,0,-0.000000000000000000100652935852679,"xcell","Neutrophil","Fun-CIM"
"OB_0235",0,0,0,"xcell","Neutrophil","Fun-CIM"
"OB_0315",0,0.00160591807109586,0.00160591807109586,"xcell","Neutrophil","Fun-CIM"
"2046",0,0,0,"xcell","Neutrophil","Dys-CIM"
"2492",0.00000000000000000000109046584834222,0.00417487687160387,0.00417487687160387,"xcell","Neutrophil","Dys-CIM"
"2691",0,0.0000000000000000012864935630081,0.0000000000000000012864935630081,"xcell","Neutrophil","Dys-CIM"
"OB_0095",0.000000000000000000482465682493354,0.00000000000000000049962262372786,0.0000000000000000000171569412345051,"xcell","Neutrophil","Dys-CIM"
"OB_0157",0,0,0,"xcell","Neutrophil","Dys-CIM"
"OB_0190",0,0.00387212159273075,0.00387212159273075,"xcell","Neutrophil","Dys-CIM"
"OB_0234",0.000000000000000000123949791378268,0,-0.000000000000000000123949791378268,"xcell","Neutrophil","Dys-CIM"
"OB_0237",0,0.00118923737436943,0.00118923737436943,"xcell","Neutrophil","Dys-CIM"
"OB_0261",0.000000000000000000252923114018997,0.000746683704012246,0.000746683704012245,"xcell","Neutrophil","Dys-CIM"
"OB_0273",0,0,0,"xcell","Neutrophil","Dys-CIM"
"OB_0344",0.000860564910143702,0.0022094361032848,0.0013488711931411,"xcell","Neutrophil","Dys-CIM"
"2271",0.0000000000000000041672628903791,0,-0.0000000000000000041672628903791,"xcell","Plasmacytoid dendritic cell","Fun-CIM"
"2472",0.00693240448970395,0.00216903385773008,-0.00476337063197387,"xcell","Plasmacytoid dendritic cell","Fun-CIM"
"2653",0,0,0,"xcell","Plasmacytoid dendritic cell","Fun-CIM"
"2661",0.000000000000000000849392074005634,0,-0.000000000000000000849392074005634,"xcell","Plasmacytoid dendritic cell","Fun-CIM"
"2677",0.0000000000000000036097562514611,0.0000000000000000000136941815048402,-0.00000000000000000359606206995626,"xcell","Plasmacytoid dendritic cell","Fun-CIM"
"2739",0.000000000000000000723695616958376,0.00000000000000000332971430187313,0.00000000000000000260601868491475,"xcell","Plasmacytoid dendritic cell","Fun-CIM"
"2789",0.000000000000000000452381511910198,0.0122580385982958,0.0122580385982958,"xcell","Plasmacytoid dendritic cell","Fun-CIM"
"2817",0.0000000000000000000925009856209159,0.000000000000000031754260603354,0.0000000000000000316617596177331,"xcell","Plasmacytoid dendritic cell","Fun-CIM"
"2852",0,0,0,"xcell","Plasmacytoid dendritic cell","Fun-CIM"
"2976",0.00588023417048959,0.0211346974841518,0.0152544633136622,"xcell","Plasmacytoid dendritic cell","Fun-CIM"
"3001",0,0,0,"xcell","Plasmacytoid dendritic cell","Fun-CIM"
"3036",0,0.00000000000000000101301793395224,0.00000000000000000101301793395224,"xcell","Plasmacytoid dendritic cell","Fun-CIM"
"3065",0.000000000000000000267929499118634,0,-0.000000000000000000267929499118634,"xcell","Plasmacytoid dendritic cell","Fun-CIM"
"3067",0.00000000000000000671403958479326,0,-0.00000000000000000671403958479326,"xcell","Plasmacytoid dendritic cell","Fun-CIM"
"3130",0.00000000000000000843240252732058,0.0000000000000000050395642303909,-0.00000000000000000339283829692968,"xcell","Plasmacytoid dendritic cell","Fun-CIM"
"3161",0,0,0,"xcell","Plasmacytoid dendritic cell","Fun-CIM"
"97",0.0000000000000000000291221598376547,0,-0.0000000000000000000291221598376547,"xcell","Plasmacytoid dendritic cell","Fun-CIM"
"OB_0001",0,0,0,"xcell","Plasmacytoid dendritic cell","Fun-CIM"
"OB_0038",0,0.00000000000000000164231621118665,0.00000000000000000164231621118665,"xcell","Plasmacytoid dendritic cell","Fun-CIM"
"OB_0080",0.00157997859298025,0,-0.00157997859298025,"xcell","Plasmacytoid dendritic cell","Fun-CIM"
"OB_0139",0.0492316828718616,0.138730090070203,0.0894984071983414,"xcell","Plasmacytoid dendritic cell","Fun-CIM"
"OB_0163",0,0.0236006030327164,0.0236006030327164,"xcell","Plasmacytoid dendritic cell","Fun-CIM"
"OB_0168",0.0000000000000000014640458795518,0,-0.0000000000000000014640458795518,"xcell","Plasmacytoid dendritic cell","Fun-CIM"
"OB_0235",0,0,0,"xcell","Plasmacytoid dendritic cell","Fun-CIM"
"OB_0315",0,0.0000000000000000000637947058695361,0.0000000000000000000637947058695361,"xcell","Plasmacytoid dendritic cell","Fun-CIM"
"2046",0.0391726266272408,0.0300924625115159,-0.00908016411572492,"xcell","Plasmacytoid dendritic cell","Dys-CIM"
"2492",0.0757804591990356,0.0300765942846243,-0.0457038649144113,"xcell","Plasmacytoid dendritic cell","Dys-CIM"
"2691",0.0315720554423177,0,-0.0315720554423177,"xcell","Plasmacytoid dendritic cell","Dys-CIM"
"OB_0095",0.0215450602310985,0.0299280168486266,0.00838295661752815,"xcell","Plasmacytoid dendritic cell","Dys-CIM"
"OB_0157",0.00593808508535935,0.000000000000000000362025449553109,-0.00593808508535935,"xcell","Plasmacytoid dendritic cell","Dys-CIM"
"OB_0190",0,0.00000000000000000134584539890323,0.00000000000000000134584539890323,"xcell","Plasmacytoid dendritic cell","Dys-CIM"
"OB_0234",0.0121007790286711,0.00000000000000000310380763373643,-0.0121007790286711,"xcell","Plasmacytoid dendritic cell","Dys-CIM"
"OB_0237",0.0244965800722538,0.00356637774931597,-0.0209302023229378,"xcell","Plasmacytoid dendritic cell","Dys-CIM"
"OB_0261",0.0506637489851852,0.00000000000000000118122072271901,-0.0506637489851852,"xcell","Plasmacytoid dendritic cell","Dys-CIM"
"OB_0273",0.0523129585970859,0,-0.0523129585970859,"xcell","Plasmacytoid dendritic cell","Dys-CIM"
"OB_0344",0.00334564401219659,0.00000000000000000840139693337889,-0.00334564401219658,"xcell","Plasmacytoid dendritic cell","Dys-CIM"
"2271",0.247372889837361,0.119875535623215,-0.127497354214146,"xcell","T cell CD4+ (aggregated)","Fun-CIM"
"2472",0.437786544233741,0.2625469242083,-0.175239620025441,"xcell","T cell CD4+ (aggregated)","Fun-CIM"
"2653",0.0108978340257622,0.0262121323384048,0.0153142983126426,"xcell","T cell CD4+ (aggregated)","Fun-CIM"
"2661",0.110461109395977,0.0137006567986668,-0.0967604525973107,"xcell","T cell CD4+ (aggregated)","Fun-CIM"
"2677",0.0962257333803001,0.0379081091165584,-0.0583176242637417,"xcell","T cell CD4+ (aggregated)","Fun-CIM"
"2739",0.0531705553556689,0.00955089431598481,-0.0436196610396841,"xcell","T cell CD4+ (aggregated)","Fun-CIM"
"2789",0.147588722532701,0.155393008988441,0.00780428645574027,"xcell","T cell CD4+ (aggregated)","Fun-CIM"
"2817",0.230758652481592,0.0649338156070737,-0.165824836874519,"xcell","T cell CD4+ (aggregated)","Fun-CIM"
"2852",0.102053886629876,0.0605861376506683,-0.0414677489792074,"xcell","T cell CD4+ (aggregated)","Fun-CIM"
"2976",0.199741526136292,0.198839557072225,-0.000901969064067115,"xcell","T cell CD4+ (aggregated)","Fun-CIM"
"3001",0.022753359913135,0.0193617314839257,-0.00339162842920922,"xcell","T cell CD4+ (aggregated)","Fun-CIM"
"3036",0.0510283260258879,0.0579254354615731,0.00689710943568528,"xcell","T cell CD4+ (aggregated)","Fun-CIM"
"3065",0.152923786167053,0.0184166108159645,-0.134507175351088,"xcell","T cell CD4+ (aggregated)","Fun-CIM"
"3067",0.0946401455006328,0.0420818857650441,-0.0525582597355887,"xcell","T cell CD4+ (aggregated)","Fun-CIM"
"3130",0.100986639545961,0.043311665202882,-0.0576749743430786,"xcell","T cell CD4+ (aggregated)","Fun-CIM"
"3161",0.0368495783970015,0.0141150260195399,-0.0227345523774616,"xcell","T cell CD4+ (aggregated)","Fun-CIM"
"97",0.131564352861376,0.0994148928371989,-0.0321494600241771,"xcell","T cell CD4+ (aggregated)","Fun-CIM"
"OB_0001",0.589974169172887,0.402390903721125,-0.187583265451762,"xcell","T cell CD4+ (aggregated)","Fun-CIM"
"OB_0038",0.267925665863167,0.114751575824583,-0.153174090038584,"xcell","T cell CD4+ (aggregated)","Fun-CIM"
"OB_0080",0.263892725473254,0.0668074245465497,-0.197085300926705,"xcell","T cell CD4+ (aggregated)","Fun-CIM"
"OB_0139",0.575222495865909,0.629754723303075,0.0545322274371659,"xcell","T cell CD4+ (aggregated)","Fun-CIM"
"OB_0163",0.251353487275681,0.445271431917794,0.193917944642113,"xcell","T cell CD4+ (aggregated)","Fun-CIM"
"OB_0168",0.141919051848511,0.0530854677753763,-0.0888335840731348,"xcell","T cell CD4+ (aggregated)","Fun-CIM"
"OB_0235",0.189401691312549,0.11925729001546,-0.0701444012970891,"xcell","T cell CD4+ (aggregated)","Fun-CIM"
"OB_0315",0.34103249725263,0.442585284876822,0.101552787624192,"xcell","T cell CD4+ (aggregated)","Fun-CIM"
"2046",0.438984899670611,0.565336181596755,0.126351281926145,"xcell","T cell CD4+ (aggregated)","Dys-CIM"
"2492",0.375073798220357,0.272284934062516,-0.102788864157841,"xcell","T cell CD4+ (aggregated)","Dys-CIM"
"2691",0.20747871144609,0.0700068155114281,-0.137471895934662,"xcell","T cell CD4+ (aggregated)","Dys-CIM"
"OB_0095",0.363467230149214,0.58279100694373,0.219323776794515,"xcell","T cell CD4+ (aggregated)","Dys-CIM"
"OB_0157",0.359125377306735,0.416315186147297,0.0571898088405613,"xcell","T cell CD4+ (aggregated)","Dys-CIM"
"OB_0190",0.434288215524163,0.423965051520425,-0.0103231640037378,"xcell","T cell CD4+ (aggregated)","Dys-CIM"
"OB_0234",0.299706362698962,0.409351469326932,0.10964510662797,"xcell","T cell CD4+ (aggregated)","Dys-CIM"
"OB_0237",0.582585954388532,0.615172809835511,0.0325868554469787,"xcell","T cell CD4+ (aggregated)","Dys-CIM"
"OB_0261",0.821840296336355,0.527978370913051,-0.293861925423303,"xcell","T cell CD4+ (aggregated)","Dys-CIM"
"OB_0273",0.807697389750911,0.250016264805865,-0.557681124945046,"xcell","T cell CD4+ (aggregated)","Dys-CIM"
"OB_0344",0.234393208123914,0.378935889465429,0.144542681341515,"xcell","T cell CD4+ (aggregated)","Dys-CIM"
"2271",0.000632851091350237,0.00000000000000000277200536268248,-0.000632851091350234,"xcell","T cell CD8+ (aggregated)","Fun-CIM"
"2472",0.0291252554708169,0.00255883994306703,-0.0265664155277499,"xcell","T cell CD8+ (aggregated)","Fun-CIM"
"2653",0.00000000000000000452415820189473,0.00302149547804715,0.00302149547804714,"xcell","T cell CD8+ (aggregated)","Fun-CIM"
"2661",0.000000000000000000995220028891377,0.00000000000000000566172149075851,0.00000000000000000466650146186714,"xcell","T cell CD8+ (aggregated)","Fun-CIM"
"2677",0.0817757365954572,0.00000000000000000333936422987742,-0.0817757365954572,"xcell","T cell CD8+ (aggregated)","Fun-CIM"
"2739",0.000744691390357155,0.00346598750581761,0.00272129611546045,"xcell","T cell CD8+ (aggregated)","Fun-CIM"
"2789",0.126358526984334,0.285393714052351,0.159035187068016,"xcell","T cell CD8+ (aggregated)","Fun-CIM"
"2817",0.140973136510533,0.0316091548270863,-0.109363981683447,"xcell","T cell CD8+ (aggregated)","Fun-CIM"
"2852",0.000834558774828905,0.00100266649715064,0.000168107722321734,"xcell","T cell CD8+ (aggregated)","Fun-CIM"
"2976",0.0987797890841719,0.233559626584039,0.134779837499867,"xcell","T cell CD8+ (aggregated)","Fun-CIM"
"3001",0.0137615165061797,0,-0.0137615165061797,"xcell","T cell CD8+ (aggregated)","Fun-CIM"
"3036",0.0109148915385649,0.00748798209613725,-0.00342690944242764,"xcell","T cell CD8+ (aggregated)","Fun-CIM"
"3065",0.029402350495005,0.000673044207071795,-0.0287293062879332,"xcell","T cell CD8+ (aggregated)","Fun-CIM"
"3067",0.00114001714429079,0.00000000000000000344646469117937,-0.00114001714429079,"xcell","T cell CD8+ (aggregated)","Fun-CIM"
"3130",0.0734269527102256,0.000000000000000000558062314358651,-0.0734269527102256,"xcell","T cell CD8+ (aggregated)","Fun-CIM"
"3161",0.00312827804775034,0.00379484383800845,0.000666565790258113,"xcell","T cell CD8+ (aggregated)","Fun-CIM"
"97",0.00000000000000000170847848011491,0.00470289656078947,0.00470289656078947,"xcell","T cell CD8+ (aggregated)","Fun-CIM"
"OB_0001",0.153761070852649,0.0314665124092053,-0.122294558443444,"xcell","T cell CD8+ (aggregated)","Fun-CIM"
"OB_0038",0.00000000000000000282145999465372,0.000000000000000000274639635947808,-0.00000000000000000254682035870591,"xcell","T cell CD8+ (aggregated)","Fun-CIM"
"OB_0080",0.0138620933871966,0.00637876842796885,-0.00748332495922774,"xcell","T cell CD8+ (aggregated)","Fun-CIM"
"OB_0139",0.268458430583898,0.774395742026564,0.505937311442666,"xcell","T cell CD8+ (aggregated)","Fun-CIM"
"OB_0163",0.00947932008030488,0.511919163052028,0.502439842971723,"xcell","T cell CD8+ (aggregated)","Fun-CIM"
"OB_0168",0.00475223815093402,0.0125408540196542,0.00778861586872018,"xcell","T cell CD8+ (aggregated)","Fun-CIM"
"OB_0235",0.0122262149820602,0.0999788770301775,0.0877526620481173,"xcell","T cell CD8+ (aggregated)","Fun-CIM"
"OB_0315",0.0774491327503616,0.0290824342026983,-0.0483666985476633,"xcell","T cell CD8+ (aggregated)","Fun-CIM"
"2046",0.139168943656068,0.0278353418799796,-0.111333601776089,"xcell","T cell CD8+ (aggregated)","Dys-CIM"
"2492",0.263368898152504,0.0853017636859807,-0.178067134466524,"xcell","T cell CD8+ (aggregated)","Dys-CIM"
"2691",0.236201729546495,0.0884152199223809,-0.147786509624114,"xcell","T cell CD8+ (aggregated)","Dys-CIM"
"OB_0095",0.166912436703162,0.0887097710345702,-0.0782026656685922,"xcell","T cell CD8+ (aggregated)","Dys-CIM"
"OB_0157",0.156864199006939,0.0682865773611012,-0.0885776216458379,"xcell","T cell CD8+ (aggregated)","Dys-CIM"
"OB_0190",0.00000000000000000128840446741396,0.000731746382575285,0.000731746382575284,"xcell","T cell CD8+ (aggregated)","Dys-CIM"
"OB_0234",0.0409615726220369,0.0000000000000000138920443022503,-0.0409615726220368,"xcell","T cell CD8+ (aggregated)","Dys-CIM"
"OB_0237",0.221788738152949,0.0509312134041593,-0.17085752474879,"xcell","T cell CD8+ (aggregated)","Dys-CIM"
"OB_0261",0.385864136222294,0.027284227779596,-0.358579908442698,"xcell","T cell CD8+ (aggregated)","Dys-CIM"
"OB_0273",0.368547442976765,0.00506479779591089,-0.363482645180854,"xcell","T cell CD8+ (aggregated)","Dys-CIM"
"OB_0344",0.0344297561824986,0.0047065488465557,-0.0297232073359429,"xcell","T cell CD8+ (aggregated)","Dys-CIM"
"2271",0.053405541037163,0.000000000000000000954117333220678,-0.053405541037163,"xcell","T cell NK","Fun-CIM"
"2472",0,0.00833270033565624,0.00833270033565624,"xcell","T cell NK","Fun-CIM"
"2653",0.00531353792388514,0,-0.00531353792388514,"xcell","T cell NK","Fun-CIM"
"2661",0,0.00000000000000000232714551429773,0.00000000000000000232714551429773,"xcell","T cell NK","Fun-CIM"
"2677",0.00849597568955557,0.00452328764390939,-0.00397268804564618,"xcell","T cell NK","Fun-CIM"
"2739",0.000000000000000000186832920746073,0,-0.000000000000000000186832920746073,"xcell","T cell NK","Fun-CIM"
"2789",0.00206069222105495,0.0218612274559117,0.0198005352348568,"xcell","T cell NK","Fun-CIM"
"2817",0.015155949950816,0,-0.015155949950816,"xcell","T cell NK","Fun-CIM"
"2852",0.00696653909112241,0,-0.00696653909112241,"xcell","T cell NK","Fun-CIM"
"2976",0.0141609650534235,0,-0.0141609650534235,"xcell","T cell NK","Fun-CIM"
"3001",0.00914009596298786,0,-0.00914009596298786,"xcell","T cell NK","Fun-CIM"
"3036",0,0.00000000000000000651105768084813,0.00000000000000000651105768084813,"xcell","T cell NK","Fun-CIM"
"3065",0.0120357955168038,0.00000000000000000133308088684392,-0.0120357955168038,"xcell","T cell NK","Fun-CIM"
"3067",0.025468771313126,0,-0.025468771313126,"xcell","T cell NK","Fun-CIM"
"3130",0.00839241500648114,0,-0.00839241500648114,"xcell","T cell NK","Fun-CIM"
"3161",0,0.000000000000000000855895358894404,0.000000000000000000855895358894404,"xcell","T cell NK","Fun-CIM"
"97",0.00876080473623892,0.00797256915729552,-0.000788235578943397,"xcell","T cell NK","Fun-CIM"
"OB_0001",0.0000000000000000022259795708694,0.000000000000000000643329990818909,-0.00000000000000000158264958005049,"xcell","T cell NK","Fun-CIM"
"OB_0038",0.0000000000000000000621734181263131,0.00836677681610434,0.00836677681610434,"xcell","T cell NK","Fun-CIM"
"OB_0080",0,0.0157566824967985,0.0157566824967985,"xcell","T cell NK","Fun-CIM"
"OB_0139",0.00653141970555907,0.00395117341333386,-0.00258024629222521,"xcell","T cell NK","Fun-CIM"
"OB_0163",0.000946365024981145,0.000000000000000000436147668169639,-0.000946365024981144,"xcell","T cell NK","Fun-CIM"
"OB_0168",0.0000000000000000000649581597780553,0,-0.0000000000000000000649581597780553,"xcell","T cell NK","Fun-CIM"
"OB_0235",0,0.00521598523602514,0.00521598523602514,"xcell","T cell NK","Fun-CIM"
"OB_0315",0.0000000000000000000372878344133245,0,-0.0000000000000000000372878344133245,"xcell","T cell NK","Fun-CIM"
"2046",0,0.00000000000000000467402729100335,0.00000000000000000467402729100335,"xcell","T cell NK","Dys-CIM"
"2492",0.00849932312430201,0.0051422636250666,-0.00335705949923541,"xcell","T cell NK","Dys-CIM"
"2691",0.0181853978618197,0.00511718885119678,-0.0130682090106229,"xcell","T cell NK","Dys-CIM"
"OB_0095",0.000720389860520534,0.00999680849188141,0.00927641863136088,"xcell","T cell NK","Dys-CIM"
"OB_0157",0.00000000000000000131097351748881,0.00372181506338792,0.00372181506338792,"xcell","T cell NK","Dys-CIM"
"OB_0190",0.00000000000000000373975525138887,0.0625373255983434,0.0625373255983434,"xcell","T cell NK","Dys-CIM"
"OB_0234",0,0.000000000000000000316818655094976,0.000000000000000000316818655094976,"xcell","T cell NK","Dys-CIM"
"OB_0237",0.000291406409279326,0.0112233420753336,0.0109319356660543,"xcell","T cell NK","Dys-CIM"
"OB_0261",0,0.00828593735305783,0.00828593735305783,"xcell","T cell NK","Dys-CIM"
"OB_0273",0.000000000000000000223173514768348,0.00000000000000000013526632592386,-0.0000000000000000000879071888444877,"xcell","T cell NK","Dys-CIM"
"OB_0344",0.0119549494306085,0.0076655597399452,-0.00428938969066329,"xcell","T cell NK","Dys-CIM"
"2271",0.0000000000000000137806991414163,0.0000000000000000182661410928196,0.0000000000000000044854419514033,"xcell","T cell gamma delta","Fun-CIM"
"2472",0.0000000000000000013283689299327,0,-0.0000000000000000013283689299327,"xcell","T cell gamma delta","Fun-CIM"
"2653",0,0.000000000000000000593093531888211,0.000000000000000000593093531888211,"xcell","T cell gamma delta","Fun-CIM"
"2661",0,0.0000000000000000158862311362607,0.0000000000000000158862311362607,"xcell","T cell gamma delta","Fun-CIM"
"2677",0,0.000000000000000000019665038557621,0.000000000000000000019665038557621,"xcell","T cell gamma delta","Fun-CIM"
"2739",0.000000000000000000394557435823241,0,-0.000000000000000000394557435823241,"xcell","T cell gamma delta","Fun-CIM"
"2789",0.00314342692206367,0.00000000000000000000514372282535137,-0.00314342692206367,"xcell","T cell gamma delta","Fun-CIM"
"2817",0.000000000000000000357166251110975,0,-0.000000000000000000357166251110975,"xcell","T cell gamma delta","Fun-CIM"
"2852",0,0,0,"xcell","T cell gamma delta","Fun-CIM"
"2976",0.000499542288816987,0.00781416958957807,0.00731462730076109,"xcell","T cell gamma delta","Fun-CIM"
"3001",0,0,0,"xcell","T cell gamma delta","Fun-CIM"
"3036",0.000000000000000000495080606172755,0,-0.000000000000000000495080606172755,"xcell","T cell gamma delta","Fun-CIM"
"3065",0,0.00000000000000000781494046372978,0.00000000000000000781494046372978,"xcell","T cell gamma delta","Fun-CIM"
"3067",0.00000000000000000294837636890819,0.0000000000000000118734320139656,0.0000000000000000089250556450574,"xcell","T cell gamma delta","Fun-CIM"
"3130",0,0.000000000000000000987280786018819,0.000000000000000000987280786018819,"xcell","T cell gamma delta","Fun-CIM"
"3161",0.00000000000000000275098728193895,0.00000000000000000207555321302179,-0.000000000000000000675434068917155,"xcell","T cell gamma delta","Fun-CIM"
"97",0.000000000000000000661504098163592,0.000000000000000000180670780214574,-0.000000000000000000480833317949018,"xcell","T cell gamma delta","Fun-CIM"
"OB_0001",0,0,0,"xcell","T cell gamma delta","Fun-CIM"
"OB_0038",0.00000000000000000316344041019177,0,-0.00000000000000000316344041019177,"xcell","T cell gamma delta","Fun-CIM"
"OB_0080",0,0.00000000000000000325160527006461,0.00000000000000000325160527006461,"xcell","T cell gamma delta","Fun-CIM"
"OB_0139",0,0.0108085086683078,0.0108085086683078,"xcell","T cell gamma delta","Fun-CIM"
"OB_0163",0,0,0,"xcell","T cell gamma delta","Fun-CIM"
"OB_0168",0.00000000000000000333002077435385,0,-0.00000000000000000333002077435385,"xcell","T cell gamma delta","Fun-CIM"
"OB_0235",0,0.0000000000000000276793650604885,0.0000000000000000276793650604885,"xcell","T cell gamma delta","Fun-CIM"
"OB_0315",0.00000000000000000637213635167602,0,-0.00000000000000000637213635167602,"xcell","T cell gamma delta","Fun-CIM"
"2046",0.00000000000000000117467655601332,0,-0.00000000000000000117467655601332,"xcell","T cell gamma delta","Dys-CIM"
"2492",0.0082299963440852,0,-0.0082299963440852,"xcell","T cell gamma delta","Dys-CIM"
"2691",0.00684746839573454,0.0000000000000000031334824381966,-0.00684746839573453,"xcell","T cell gamma delta","Dys-CIM"
"OB_0095",0.00000000000000000573042694164414,0,-0.00000000000000000573042694164414,"xcell","T cell gamma delta","Dys-CIM"
"OB_0157",0,0.0000000000000000101980703988648,0.0000000000000000101980703988648,"xcell","T cell gamma delta","Dys-CIM"
"OB_0190",0.000000000000000020480218321675,0.00000000000000000133980814111741,-0.0000000000000000191404101805576,"xcell","T cell gamma delta","Dys-CIM"
"OB_0234",0,0,0,"xcell","T cell gamma delta","Dys-CIM"
"OB_0237",0.00000000000000000100493861882973,0,-0.00000000000000000100493861882973,"xcell","T cell gamma delta","Dys-CIM"
"OB_0261",0.000000000000000000877738365570257,0,-0.000000000000000000877738365570257,"xcell","T cell gamma delta","Dys-CIM"
"OB_0273",0.00000000000000000123759316054141,0,-0.00000000000000000123759316054141,"xcell","T cell gamma delta","Dys-CIM"
"OB_0344",0,0,0,"xcell","T cell gamma delta","Dys-CIM"
"2271",0,0,0,"xcell","T cell regulatory (Tregs)","Fun-CIM"
"2472",0.0000000000000000110315549737684,0,-0.0000000000000000110315549737684,"xcell","T cell regulatory (Tregs)","Fun-CIM"
"2653",0,0.000000000000000000949861506744106,0.000000000000000000949861506744106,"xcell","T cell regulatory (Tregs)","Fun-CIM"
"2661",0,0.00000000000000000268820197611074,0.00000000000000000268820197611074,"xcell","T cell regulatory (Tregs)","Fun-CIM"
"2677",0,0.00000000000000000106408520771213,0.00000000000000000106408520771213,"xcell","T cell regulatory (Tregs)","Fun-CIM"
"2739",0.000000000000000000181245938391168,0.00000000000000000184271824340724,0.00000000000000000166147230501607,"xcell","T cell regulatory (Tregs)","Fun-CIM"
"2789",0.00034711248423519,0,-0.00034711248423519,"xcell","T cell regulatory (Tregs)","Fun-CIM"
"2817",0.00000000000000000196722770735673,0,-0.00000000000000000196722770735673,"xcell","T cell regulatory (Tregs)","Fun-CIM"
"2852",0,0.00000000000000000222601807897407,0.00000000000000000222601807897407,"xcell","T cell regulatory (Tregs)","Fun-CIM"
"2976",0.0103469772307333,0.0166543076310664,0.00630733040033309,"xcell","T cell regulatory (Tregs)","Fun-CIM"
"3001",0.0000000000000000122494068042696,0.00000000000000000285085704749203,-0.00000000000000000939854975677753,"xcell","T cell regulatory (Tregs)","Fun-CIM"
"3036",0,0,0,"xcell","T cell regulatory (Tregs)","Fun-CIM"
"3065",0,0,0,"xcell","T cell regulatory (Tregs)","Fun-CIM"
"3067",0.00000000000000000476553844468237,0.00000000000000000317167308995514,-0.00000000000000000159386535472724,"xcell","T cell regulatory (Tregs)","Fun-CIM"
"3130",0.0000000000000000140136761475014,0.0000000000000000000935297678426955,-0.0000000000000000139201463796588,"xcell","T cell regulatory (Tregs)","Fun-CIM"
"3161",0,0,0,"xcell","T cell regulatory (Tregs)","Fun-CIM"
"97",0.00854750689662866,0.00796373162041888,-0.000583775276209786,"xcell","T cell regulatory (Tregs)","Fun-CIM"
"OB_0001",0,0.00000000000000000737125616536765,0.00000000000000000737125616536765,"xcell","T cell regulatory (Tregs)","Fun-CIM"
"OB_0038",0,0.0008631237155183,0.0008631237155183,"xcell","T cell regulatory (Tregs)","Fun-CIM"
"OB_0080",0,0,0,"xcell","T cell regulatory (Tregs)","Fun-CIM"
"OB_0139",0.000000000000000000137507332470522,0.00341568956313237,0.00341568956313237,"xcell","T cell regulatory (Tregs)","Fun-CIM"
"OB_0163",0.00000000000000000502394578495006,0.0000000000000000598138336987859,0.0000000000000000547898879138358,"xcell","T cell regulatory (Tregs)","Fun-CIM"
"OB_0168",0.0000000000000000110866174409998,0.00000000000000000195566029985518,-0.00000000000000000913095714114458,"xcell","T cell regulatory (Tregs)","Fun-CIM"
"OB_0235",0.000000000000000000315446382845733,0,-0.000000000000000000315446382845733,"xcell","T cell regulatory (Tregs)","Fun-CIM"
"OB_0315",0,0,0,"xcell","T cell regulatory (Tregs)","Fun-CIM"
"2046",0.00000000000000000346964223109965,0,-0.00000000000000000346964223109965,"xcell","T cell regulatory (Tregs)","Dys-CIM"
"2492",0.000967146822723611,0,-0.000967146822723611,"xcell","T cell regulatory (Tregs)","Dys-CIM"
"2691",0,0,0,"xcell","T cell regulatory (Tregs)","Dys-CIM"
"OB_0095",0.0000000000000000185403220599627,0,-0.0000000000000000185403220599627,"xcell","T cell regulatory (Tregs)","Dys-CIM"
"OB_0157",0,0,0,"xcell","T cell regulatory (Tregs)","Dys-CIM"
"OB_0190",0.000000000000000020715261485954,0,-0.000000000000000020715261485954,"xcell","T cell regulatory (Tregs)","Dys-CIM"
"OB_0234",0,0.00000000000000000200872249575568,0.00000000000000000200872249575568,"xcell","T cell regulatory (Tregs)","Dys-CIM"
"OB_0237",0,0,0,"xcell","T cell regulatory (Tregs)","Dys-CIM"
"OB_0261",0.00000000000000000574757841406296,0,-0.00000000000000000574757841406296,"xcell","T cell regulatory (Tregs)","Dys-CIM"
"OB_0273",0.0000000000000000186065110662987,0.000000000000000011717733794735,-0.00000000000000000688877727156376,"xcell","T cell regulatory (Tregs)","Dys-CIM"
"OB_0344",0,0.00000000000000000924512639017759,0.00000000000000000924512639017759,"xcell","T cell regulatory (Tregs)","Dys-CIM"
"2271",0.000000000000000011879097226553,0.0238165508982753,0.0238165508982753,"xcell","immune score","Fun-CIM"
"2472",0.0811430915223478,0.0690872642843255,-0.0120558272380224,"xcell","immune score","Fun-CIM"
"2653",0.0206138082914521,0.0538065907759019,0.0331927824844498,"xcell","immune score","Fun-CIM"
"2661",0.0237620637308522,0.00881904256851515,-0.014943021162337,"xcell","immune score","Fun-CIM"
"2677",0.080473341167815,0.0781745646529158,-0.00229877651489918,"xcell","immune score","Fun-CIM"
"2739",0.00908018378538678,0.00762054763501477,-0.00145963615037201,"xcell","immune score","Fun-CIM"
"2789",0.043041391868239,0.125985260463007,0.0829438685947684,"xcell","immune score","Fun-CIM"
"2817",0.100666480876978,0.00539745024394299,-0.0952690306330352,"xcell","immune score","Fun-CIM"
"2852",0.0273977852644905,0.0306041449348748,0.00320635967038435,"xcell","immune score","Fun-CIM"
"2976",0.112148714451206,0.212560140394552,0.100411425943346,"xcell","immune score","Fun-CIM"
"3001",0.0694169293520703,0.0148668816607362,-0.054550047691334,"xcell","immune score","Fun-CIM"
"3036",0.0430311917770876,0.0743116293386909,0.0312804375616033,"xcell","immune score","Fun-CIM"
"3065",0.0519577216221495,0.0134050104843529,-0.0385527111377966,"xcell","immune score","Fun-CIM"
"3067",0.0239234919538411,0.00000000000000000168843903208316,-0.0239234919538411,"xcell","immune score","Fun-CIM"
"3130",0.0273002989988736,0.0143983560609319,-0.0129019429379418,"xcell","immune score","Fun-CIM"
"3161",0.0203546247536392,0.00635354737245966,-0.0140010773811795,"xcell","immune score","Fun-CIM"
"97",0.0601381151247127,0.0570005159691652,-0.00313759915554753,"xcell","immune score","Fun-CIM"
"OB_0001",0.164039723078666,0.0427510728230527,-0.121288650255613,"xcell","immune score","Fun-CIM"
"OB_0038",0.0103434659864082,0.0491149283836164,0.0387714623972082,"xcell","immune score","Fun-CIM"
"OB_0080",0.0548901728628394,0.0305568652566961,-0.0243333076061433,"xcell","immune score","Fun-CIM"
"OB_0139",0.231288763202122,0.665667009101288,0.434378245899166,"xcell","immune score","Fun-CIM"
"OB_0163",0.0120711843881326,0.318670922569778,0.306599738181645,"xcell","immune score","Fun-CIM"
"OB_0168",0.0148606432778165,0.0306176688316259,0.0157570255538094,"xcell","immune score","Fun-CIM"
"OB_0235",0.0404560549004112,0.0584584455573719,0.0180023906569607,"xcell","immune score","Fun-CIM"
"OB_0315",0.0385628933569302,0.0481913803429042,0.009628486985974,"xcell","immune score","Fun-CIM"
"2046",0.210188824668717,0.047577131122174,-0.162611693546543,"xcell","immune score","Dys-CIM"
"2492",0.269303349598989,0.0700172863507882,-0.199286063248201,"xcell","immune score","Dys-CIM"
"2691",0.364389122284993,0.0776677006809011,-0.286721421604092,"xcell","immune score","Dys-CIM"
"OB_0095",0.0752951561805062,0.0510675417372917,-0.0242276144432145,"xcell","immune score","Dys-CIM"
"OB_0157",0.0734231362142632,0.0346059811814988,-0.0388171550327643,"xcell","immune score","Dys-CIM"
"OB_0190",0.00311054742984757,0.0162520519559464,0.0131415045260988,"xcell","immune score","Dys-CIM"
"OB_0234",0.0254005137735957,0.00730948275767771,-0.018091031015918,"xcell","immune score","Dys-CIM"
"OB_0237",0.385399398380271,0.00950785350502233,-0.375891544875249,"xcell","immune score","Dys-CIM"
"OB_0261",0.266349844574176,0.0070772028349503,-0.259272641739226,"xcell","immune score","Dys-CIM"
"OB_0273",0.260737646865842,0.0291643962619429,-0.231573250603899,"xcell","immune score","Dys-CIM"
"OB_0344",0.0481586104366533,0.0047193821398627,-0.0434392282967906,"xcell","immune score","Dys-CIM"
"2271",0.0222710287423662,0.131775845302449,0.109504816560083,"xcell","microenvironment score","Fun-CIM"
"2472",0.082041785315318,0.0848264395603962,0.00278465424507827,"xcell","microenvironment score","Fun-CIM"
"2653",0.11096289687038,0.161598741862735,0.0506358449923549,"xcell","microenvironment score","Fun-CIM"
"2661",0.0261485045818494,0.0146293789227464,-0.011519125659103,"xcell","microenvironment score","Fun-CIM"
"2677",0.210583527341232,0.169575187889305,-0.0410083394519276,"xcell","microenvironment score","Fun-CIM"
"2739",0.0517935729708738,0.157718572356806,0.105924999385932,"xcell","microenvironment score","Fun-CIM"
"2789",0.0854577858807377,0.179063252830072,0.0936054669493339,"xcell","microenvironment score","Fun-CIM"
"2817",0.16033728349483,0.263780667833647,0.103443384338817,"xcell","microenvironment score","Fun-CIM"
"2852",0.0557459063534659,0.0680584239895456,0.0123125176360797,"xcell","microenvironment score","Fun-CIM"
"2976",0.164484805645646,0.307831411836182,0.143346606190536,"xcell","microenvironment score","Fun-CIM"
"3001",0.292059401499142,0.192576897246965,-0.0994825042521779,"xcell","microenvironment score","Fun-CIM"
"3036",0.144901953296571,0.232203120224274,0.0873011669277026,"xcell","microenvironment score","Fun-CIM"
"3065",0.0941684180064605,0.261857983200611,0.16768956519415,"xcell","microenvironment score","Fun-CIM"
"3067",0.0952792289462724,0.387574183470071,0.292294954523799,"xcell","microenvironment score","Fun-CIM"
"3130",0.112475281494697,0.160931342677679,0.0484560611829814,"xcell","microenvironment score","Fun-CIM"
"3161",0.147774942290969,0.11380846224747,-0.0339664800434995,"xcell","microenvironment score","Fun-CIM"
"97",0.107547242488742,0.153374689271272,0.0458274467825303,"xcell","microenvironment score","Fun-CIM"
"OB_0001",0.176631085284111,0.108629003615247,-0.0680020816688646,"xcell","microenvironment score","Fun-CIM"
"OB_0038",0.0475661182508068,0.0656905164428007,0.0181243981919939,"xcell","microenvironment score","Fun-CIM"
"OB_0080",0.0731676153861695,0.0575685084304346,-0.0155991069557349,"xcell","microenvironment score","Fun-CIM"
"OB_0139",0.241342585077457,0.687519004436399,0.446176419358941,"xcell","microenvironment score","Fun-CIM"
"OB_0163",0.0454632277326844,0.478351349722791,0.432888121990107,"xcell","microenvironment score","Fun-CIM"
"OB_0168",0.0619320046394598,0.0914916748854711,0.0295596702460113,"xcell","microenvironment score","Fun-CIM"
"OB_0235",0.124386985799387,0.289652528518495,0.165265542719108,"xcell","microenvironment score","Fun-CIM"
"OB_0315",0.0530135847846755,0.109580808562824,0.0565672237781488,"xcell","microenvironment score","Fun-CIM"
"2046",0.23933044381357,0.0851780206923883,-0.154152423121182,"xcell","microenvironment score","Dys-CIM"
"2492",0.277493765954227,0.127593405966298,-0.149900359987929,"xcell","microenvironment score","Dys-CIM"
"2691",0.385861951647507,0.205981593722558,-0.179880357924949,"xcell","microenvironment score","Dys-CIM"
"OB_0095",0.200884358801791,0.0518682347221021,-0.149016124079689,"xcell","microenvironment score","Dys-CIM"
"OB_0157",0.0907327940761878,0.0698733701899507,-0.0208594238862371,"xcell","microenvironment score","Dys-CIM"
"OB_0190",0.0407108110196052,0.0461088020050188,0.0053979909854136,"xcell","microenvironment score","Dys-CIM"
"OB_0234",0.0506898465064704,0.00730948275767772,-0.0433803637487927,"xcell","microenvironment score","Dys-CIM"
"OB_0237",0.387891932651138,0.00950785350502233,-0.378384079146115,"xcell","microenvironment score","Dys-CIM"
"OB_0261",0.270479367612144,0.0070772028349503,-0.263402164777194,"xcell","microenvironment score","Dys-CIM"
"OB_0273",0.262678784820033,0.0510142129743508,-0.211664571845682,"xcell","microenvironment score","Dys-CIM"
"OB_0344",0.159976100032446,0.0686046976801898,-0.0913714023522557,"xcell","microenvironment score","Dys-CIM"
"2271",0.0222710287423662,0.107959294404174,0.0856882656618075,"xcell","stroma score","Fun-CIM"
"2472",0.000898693792970127,0.0157391752760708,0.0148404814831006,"xcell","stroma score","Fun-CIM"
"2653",0.0903490885789275,0.107792151086833,0.0174430625079051,"xcell","stroma score","Fun-CIM"
"2661",0.00238644085099718,0.00581033635423123,0.00342389550323405,"xcell","stroma score","Fun-CIM"
"2677",0.130110186173417,0.0914006232363889,-0.0387095629370284,"xcell","stroma score","Fun-CIM"
"2739",0.0427133891854871,0.150098024721791,0.107384635536304,"xcell","stroma score","Fun-CIM"
"2789",0.0424163940124987,0.0530779923670641,0.0106615983545654,"xcell","stroma score","Fun-CIM"
"2817",0.0596708026178521,0.258383217589704,0.198712414971852,"xcell","stroma score","Fun-CIM"
"2852",0.0283481210889755,0.0374542790546708,0.00910615796569536,"xcell","stroma score","Fun-CIM"
"2976",0.05233609119444,0.0952712714416298,0.0429351802471898,"xcell","stroma score","Fun-CIM"
"3001",0.222642472147072,0.177710015586228,-0.0449324565608439,"xcell","stroma score","Fun-CIM"
"3036",0.101870761519484,0.157891490885583,0.0560207293660993,"xcell","stroma score","Fun-CIM"
"3065",0.042210696384311,0.248452972716258,0.206242276331947,"xcell","stroma score","Fun-CIM"
"3067",0.0713557369924313,0.387574183470071,0.31621844647764,"xcell","stroma score","Fun-CIM"
"3130",0.0851749824958238,0.146532986616747,0.0613580041209232,"xcell","stroma score","Fun-CIM"
"3161",0.12742031753733,0.10745491487501,-0.01996540266232,"xcell","stroma score","Fun-CIM"
"97",0.0474091273640288,0.0963741733021067,0.0489650459380779,"xcell","stroma score","Fun-CIM"
"OB_0001",0.0125913622054459,0.0658779307921941,0.0532865685867483,"xcell","stroma score","Fun-CIM"
"OB_0038",0.0372226522643986,0.0165755880591843,-0.0206470642052143,"xcell","stroma score","Fun-CIM"
"OB_0080",0.0182774425233301,0.0270116431737385,0.00873420065040839,"xcell","stroma score","Fun-CIM"
"OB_0139",0.0100538218753352,0.0218519953351106,0.0117981734597753,"xcell","stroma score","Fun-CIM"
"OB_0163",0.0333920433445518,0.159680427153013,0.126288383808461,"xcell","stroma score","Fun-CIM"
"OB_0168",0.0470713613616433,0.0608740060538452,0.0138026446922019,"xcell","stroma score","Fun-CIM"
"OB_0235",0.0839309308989756,0.231194082961123,0.147263152062147,"xcell","stroma score","Fun-CIM"
"OB_0315",0.0144506914277453,0.0613894282199201,0.0469387367921748,"xcell","stroma score","Fun-CIM"
"2046",0.0291416191448529,0.0376008895702143,0.00845927042536139,"xcell","stroma score","Dys-CIM"
"2492",0.00819041635523767,0.0575761196155094,0.0493857032602717,"xcell","stroma score","Dys-CIM"
"2691",0.0214728293625144,0.128313893041657,0.106841063679142,"xcell","stroma score","Dys-CIM"
"OB_0095",0.125589202621285,0.000800692984810402,-0.124788509636475,"xcell","stroma score","Dys-CIM"
"OB_0157",0.0173096578619247,0.0352673890084519,0.0179577311465272,"xcell","stroma score","Dys-CIM"
"OB_0190",0.0376002635897577,0.0298567500490724,-0.00774351354068525,"xcell","stroma score","Dys-CIM"
"OB_0234",0.0252893327328747,0.0000000000000000114333347662173,-0.0252893327328747,"xcell","stroma score","Dys-CIM"
"OB_0237",0.00249253427086665,0.000000000000000000673445472679269,-0.00249253427086664,"xcell","stroma score","Dys-CIM"
"OB_0261",0.004129523037968,0.000000000000000000630476416923664,-0.00412952303796799,"xcell","stroma score","Dys-CIM"
"OB_0273",0.00194113795419094,0.0218498167124079,0.019908678758217,"xcell","stroma score","Dys-CIM"
"OB_0344",0.111817489595792,0.0638853155403271,-0.0479321740554651,"xcell","stroma score","Dys-CIM"
