ID,Description,GeneRatio,BgRatio,RichFactor,FoldEnrichment,zScore,pvalue,p.adjust,qvalue,geneID,Count
R-HSA-8948216,Collagen chain trimerization,8/269,20/4507,0.4,6.70185873605948,6.43790663373782,9.75252086477969e-06,0.00708033014783005,0.00706287826838782,COL6A6/COL5A3/COL24A1/COL6A5/COL16A1/COL17A1/COL4A3/COL7A1,8
R-HSA-202433,Generation of second messenger molecules,7/269,18/4507,0.388888888888889,6.51569599339116,5.90681037020196,4.49505247328259e-05,0.0163170404780158,0.0162768215874654,LCP2/FYB1/WAS/CD4/CD3G/PLCG2/CD101,7
R-HSA-909733,Interferon alpha/beta signaling,8/269,28/4507,0.285714285714286,4.7870419543282,5.0638386402168,0.000158108454453931,0.0382622459778514,0.0381679356716859,STAT2/HLA-E/TYK2/IRF4/EGR1/SAMHD1/IRF1/HLA-C,8
R-HSA-1650814,Collagen biosynthesis and modifying enzymes,8/269,31/4507,0.258064516129032,4.32377982971579,4.67799026275051,0.00034300865450645,0.0622560707929206,0.0621026195527467,COL6A6/COL5A3/COL24A1/COL6A5/COL16A1/COL17A1/COL4A3/COL7A1,8
R-HSA-419037,NCAM1 interactions,6/269,19/4507,0.315789473684211,5.29094110741538,4.72165431239337,0.00059887340062572,0.0869564177708546,0.0867420841327359,COL6A6/COL5A3/CACNA1G/COL6A5/COL4A3/CACNB2,6
R-HSA-2022090,Assembly of collagen fibrils and other multimeric structures,7/269,29/4507,0.241379310344828,4.04422509934624,4.14309578728291,0.00124885396219422,0.1511113294255,0.150738864208706,COL6A6/COL5A3/COL24A1/COL6A5/COL17A1/COL4A3/COL7A1,7
R-HSA-1442490,Collagen degradation,7/269,30/4507,0.233333333333333,3.9094175960347,4.02776755111108,0.00154732928153295,0.160480151198989,0.160084593337545,COL6A6/COL5A3/COL6A5/COL16A1/COL17A1/COL4A3/COL7A1,7
R-HSA-1474290,Collagen formation,8/269,40/4507,0.2,3.35092936802974,3.76229511082398,0.00209220980587719,0.189868039883355,0.189400045584672,COL6A6/COL5A3/COL24A1/COL6A5/COL16A1/COL17A1/COL4A3/COL7A1,8
R-HSA-373076,Class A/1 (Rhodopsin-like receptors),15/269,114/4507,0.131578947368421,2.20455879475641,3.28164111614894,0.00288899896038108,0.233045916137407,0.232471495291483,OXER1/PTAFR/HRH2/PLPPR4/PNOC/CXCL12/P2RY11/PSAP/C5AR1/CCL3L3/LTB4R/FFAR4/LTB4R2/AVPR2/CCKAR,15
R-HSA-500792,GPCR ligand binding,18/269,150/4507,0.12,2.01055762081784,3.17105802234053,0.00322689834197882,0.234160675051681,0.233583506503634,OXER1/PTAFR/HRH2/PLPPR4/GNB3/PNOC/CXCL12/P2RY11/PTCH2/PSAP/C5AR1/CCL3L3/LTB4R/FFAR4/LTB4R2/WNT2/AVPR2/CCKAR,18
R-HSA-164952,The role of Nef in HIV-1 replication and disease pathogenesis,4/269,12/4507,0.333333333333333,5.58488228004957,4.00631618780121,0.00419295974610448,0.234160675051681,0.233583506503634,ELMO1/CD28/CD4/CD8B,4
R-HSA-399719,Trafficking of AMPA receptors,4/269,12/4507,0.333333333333333,5.58488228004957,4.00631618780121,0.00419295974610448,0.234160675051681,0.233583506503634,GRIA3/TSPAN7/AKAP5/GRIP2,4
R-HSA-399721,"Glutamate binding, activation of AMPA receptors and synaptic plasticity",4/269,12/4507,0.333333333333333,5.58488228004957,4.00631618780121,0.00419295974610448,0.234160675051681,0.233583506503634,GRIA3/TSPAN7/AKAP5/GRIP2,4
R-HSA-375165,NCAM signaling for neurite out-growth,6/269,28/4507,0.214285714285714,3.59028146574615,3.46359177782323,0.00527942522743274,0.264644366117236,0.263992060154644,COL6A6/COL5A3/CACNA1G/COL6A5/COL4A3/CACNB2,6
R-HSA-216083,Integrin cell surface interactions,7/269,37/4507,0.189189189189189,3.16979805083894,3.33854836913106,0.00546785880407512,0.264644366117236,0.263992060154644,COL6A6/COL5A3/JAM2/COL6A5/COL16A1/COL4A3/COL7A1,7
R-HSA-1280218,Adaptive Immune System,35/269,383/4507,0.0913838120104439,1.53110349714153,2.73722487016704,0.00632450817892061,0.286974558618523,0.286267212309038,TNFRSF14/LCP2/MAP3K14/HLA-E/PIK3CG/BLNK/DNM1/FYB1/KLHL3/CD28/LAIR1/WAS/CD1D/UBA7/CD4/LGMN/OS9/HECW2/PDCD1/CD3G/MYLIP/BTN2A2/PLCG2/TRIM4/COL17A1/CD300LF/CD8B/IFI30/CD14/ATG14/IRF1/TREML2/PSMB10/CD101/HLA-C,35
R-HSA-425410,Metal ion SLC transporters,5/269,21/4507,0.238095238095238,3.98920162860683,3.45880820429914,0.00673113054000858,0.287458868943896,0.286750328887053,SLC9A1/CP/SLC30A3/SLC8A3/SLC24A4,5
R-HSA-168249,Innate Immune System,41/269,471/4507,0.0870488322717622,1.45847244256071,2.64874023671438,0.00739063597170903,0.298088984192264,0.297354242604434,STING1/NFAM1/TRIM56/ARSA/SERPING1/LCP2/MAP3K14/HLA-E/TNFRSF1B/SIRPA/DNM1/ELMO1/P2RX1/NCKAP1L/NFASC/LAIR1/PTAFR/WAS/UBA7/CD4/LGMN/TMT1A/ATP8B4/BST1/TLR9/CD3G/PLCG2/TRIM4/TLR5/PSAP/C5AR1/STOM/RAB37/SLC2A5/CD14/MUC20/NLRP4/KIR2DS4/CFB/GNLY/HLA-C,41
R-HSA-2172127,DAP12 interactions,5/269,23/4507,0.217391304347826,3.64231453046711,3.20041934299054,0.0100934146546798,0.379933426273481,0.378996951248594,LCP2/HLA-E/PLCG2/KIR2DS4/HLA-C,5
R-HSA-198933,Immunoregulatory interactions between a Lymphoid and a non-Lymphoid cell,9/269,62/4507,0.145161290322581,2.43212615421513,2.8604377158139,0.0104664855722722,0.379933426273481,0.378996951248594,HLA-E/LAIR1/CD1D/CD3G/COL17A1/CD300LF/CD8B/TREML2/HLA-C,9
R-HSA-877300,Interferon gamma signaling,7/269,42/4507,0.166666666666667,2.79244114002478,2.94001857546357,0.0111081852555298,0.384025833119744,0.383079270967643,HLA-E/TRIM38/PTAFR/IRF4/IFI30/IRF1/HLA-C,7
R-HSA-6783783,Interleukin-10 signaling,5/269,24/4507,0.208333333333333,3.49055142503098,3.08182534454437,0.012142517786189,0.398087170906726,0.397105949809812,TNFRSF1B/TYK2/IL10RA/PTAFR/CCL3L3,5
R-HSA-9679191,Potential therapeutics for SARS,7/269,43/4507,0.162790697674419,2.7275006483963,2.8673559652939,0.0126115770397448,0.398087170906726,0.397105949809812,STAT2/TYK2/BLNK/CHD3/TLR9/PDCD1/PLCG2,7
R-HSA-372790,Signaling by GPCR,25/269,266/4507,0.093984962406015,1.57468485339743,2.4340398850363,0.0145306641633625,0.439552590941714,0.438469164227779,PIK3CG/PDE1B/OXER1/PTAFR/HRH2/PLPPR4/GNB3/PNOC/PLEKHG2/PRKCH/ARHGEF18/CXCL12/P2RY11/PTCH2/PSAP/ABHD6/C5AR1/CCL3L3/LTB4R/FFAR4/LTB4R2/WNT2/AVPR2/CCKAR/GPR83,25
R-HSA-1280215,Cytokine Signaling in Immune system,29/269,326/4507,0.0889570552147239,1.49044404406231,2.31605804040353,0.0178734397974318,0.514867040542535,0.513597975776808,STAT2/TNFRSF14/BCL6/MAP3K14/HLA-E/TNFRSF1B/TYK2/BLNK/CDKN1A/TNFRSF25/TRIM38/IL10RA/PTAFR/UBA7/IRF4/CD4/EGR1/LGALS9/PTPN7/SAMHD1/IL11RA/SH2B1/SLA2/PLCG2/HAVCR2/CCL3L3/IFI30/IRF1/HLA-C,29
R-HSA-1566977,Fibronectin matrix formation,3/269,10/4507,0.3,5.02639405204461,3.21104276479069,0.018438764537336,0.514867040542535,0.513597975776808,COL5A3/COL4A3/COL7A1,3
R-HSA-202403,TCR signaling,7/269,47/4507,0.148936170212766,2.49537293363917,2.59610511433016,0.020102986223647,0.540546962902508,0.539214601242462,LCP2/FYB1/WAS/CD4/CD3G/PLCG2/CD101,7
R-HSA-8856828,Clathrin-mediated endocytosis,9/269,71/4507,0.126760563380282,2.12382847269491,2.40449951644343,0.0241092129418948,0.625117449850559,0.623576635489611,SYT11/DNM1/CD4/CD3G/NECAP2/SYT2/SYNJ1/CFTR/AVPR2,9
R-HSA-913531,Interferon Signaling,12/269,110/4507,0.109090909090909,1.82777965528895,2.21423706144018,0.0297608019839115,0.701974612576227,0.700244357622799,STAT2/HLA-E/TYK2/TRIM38/PTAFR/UBA7/IRF4/EGR1/SAMHD1/IFI30/IRF1/HLA-C,12
R-HSA-8856825,Cargo recognition for clathrin-mediated endocytosis,7/269,51/4507,0.137254901960784,2.29965740943217,2.35143317736177,0.0302524010391174,0.701974612576227,0.700244357622799,SYT11/CD4/CD3G/NECAP2/SYT2/CFTR/AVPR2,7
R-HSA-9705671,SARS-CoV-2 activates/modulates innate and adaptive immune responses,7/269,51/4507,0.137254901960784,2.29965740943217,2.35143317736177,0.0302524010391174,0.701974612576227,0.700244357622799,STING1/STAT2/HLA-E/TYK2/TRIM4/ATG14/HLA-C,7
R-HSA-5669034,TNFs bind their physiological receptors,3/269,12/4507,0.25,4.18866171003717,2.78628462979986,0.030941029755426,0.701974612576227,0.700244357622799,TNFRSF14/TNFRSF1B/TNFRSF25,3
R-HSA-5617472,Activation of anterior HOX genes in hindbrain development during early embryogenesis,6/269,43/4507,0.13953488372093,2.3378576986254,2.22061523185483,0.0405266780491649,0.865363772461579,0.86323078940636,EGR2/MAFB/HOXA4/POLR2A/ZNF335/HOXD1,6
R-HSA-5619507,Activation of HOX genes during differentiation,6/269,43/4507,0.13953488372093,2.3378576986254,2.22061523185483,0.0405266780491649,0.865363772461579,0.86323078940636,EGR2/MAFB/HOXA4/POLR2A/ZNF335/HOXD1,6
R-HSA-382551,Transport of small molecules,25/269,293/4507,0.0853242320819113,1.42957737543931,1.91566340223964,0.0418729658864912,0.868564949531218,0.866424076087397,SLC36A1/LCAT/GNB3/STEAP4/SLC9A1/ATP8B4/OS9/SLC15A3/SLC28A3/MYLIP/UNC79/CUBN/STOM/ABCC3/CP/SLC30A3/CFTR/SLC6A1/HFE/LIPC/SLC8A3/RYR3/AVPR2/SLC47A1/SLC24A4,25
R-HSA-8964043,Plasma lipoprotein clearance,3/269,14/4507,0.214285714285714,3.59028146574615,2.44531056423031,0.0468846932847827,0.925535300293629,0.923254004062661,MYLIP/CUBN/LIPC,3
R-HSA-1474228,Degradation of the extracellular matrix,7/269,56/4507,0.125,2.09433085501859,2.07589373561744,0.0471691544226781,0.925535300293629,0.923254004062661,COL6A6/COL5A3/COL6A5/COL16A1/COL17A1/COL4A3/COL7A1,7
R-HSA-112315,Transmission across Chemical Synapses,11/269,106/4507,0.10377358490566,1.73868976643053,1.9387891844649,0.0498432626942272,0.951067516069132,0.948723287016909,GRIA3/GNB3/GRIN2D/TSPAN7/CACNA1E/GRIN3A/AKAP5/SLC6A1/GRIP2/KCNJ10/CACNB2,11
R-HSA-388396,GPCR downstream signalling,21/269,242/4507,0.0867768595041322,1.45391563488894,1.82858252379804,0.0510904037557798,0.951067516069132,0.948723287016909,PIK3CG/PDE1B/OXER1/PTAFR/HRH2/GNB3/PNOC/PLEKHG2/PRKCH/ARHGEF18/CXCL12/P2RY11/PSAP/ABHD6/C5AR1/LTB4R/FFAR4/LTB4R2/AVPR2/CCKAR/GPR83,21
R-HSA-375276,Peptide ligand-binding receptors,7/269,59/4507,0.11864406779661,1.98783945561086,1.92407165853671,0.0597453134232835,0.999990971266592,0.997526153735559,PNOC/CXCL12/PSAP/C5AR1/CCL3L3/AVPR2/CCKAR,7
R-HSA-186797,Signaling by PDGF,4/269,26/4507,0.153846153846154,2.57763797540749,2.03234676801978,0.0658076984856135,0.999990971266592,0.997526153735559,COL6A6/COL5A3/COL6A5/COL4A3,4
R-HSA-389357,CD28 dependent PI3K/Akt signaling,3/269,16/4507,0.1875,3.14149628252788,2.16170808137727,0.0660992848899341,0.999990971266592,0.997526153735559,MAP3K14/PIK3CG/CD28,3
R-HSA-9031628,NGF-stimulated transcription,3/269,16/4507,0.1875,3.14149628252788,2.16170808137727,0.0660992848899341,0.999990971266592,0.997526153735559,EGR2/EGR1/EGR3,3
R-HSA-977606,Regulation of Complement cascade,3/269,16/4507,0.1875,3.14149628252788,2.16170808137727,0.0660992848899341,0.999990971266592,0.997526153735559,SERPING1/C5AR1/CFB,3
R-HSA-983170,"Antigen Presentation: Folding, assembly and peptide loading of class I MHC",3/269,16/4507,0.1875,3.14149628252788,2.16170808137727,0.0660992848899341,0.999990971266592,0.997526153735559,HLA-E/ATG14/HLA-C,3
R-HSA-9925563,Developmental Lineage of Pancreatic Ductal Cells,3/269,16/4507,0.1875,3.14149628252788,2.16170808137727,0.0660992848899341,0.999990971266592,0.997526153735559,COL5A3/COL24A1/CFTR,3
R-HSA-112316,Neuronal System,14/269,153/4507,0.0915032679738562,1.53310493962145,1.69007301362397,0.0708873952852067,0.999990971266592,0.997526153735559,GRIA3/GNB3/GRIN2D/TSPAN7/CACNA1E/GRIN3A/SYT2/AKAP5/SLC6A1/GRIP2/KCNJ10/LRRC4B/KCNH4/CACNB2,14
R-HSA-9664407,Parasite infection,4/269,27/4507,0.148148148148148,2.48216990224425,1.94595199590325,0.0737859457974536,0.999990971266592,0.997526153735559,ELMO1/NCKAP1L/WAS/CD3G,4
R-HSA-9664417,Leishmania phagocytosis,4/269,27/4507,0.148148148148148,2.48216990224425,1.94595199590325,0.0737859457974536,0.999990971266592,0.997526153735559,ELMO1/NCKAP1L/WAS/CD3G,4
R-HSA-9664422,FCGR3A-mediated phagocytosis,4/269,27/4507,0.148148148148148,2.48216990224425,1.94595199590325,0.0737859457974536,0.999990971266592,0.997526153735559,ELMO1/NCKAP1L/WAS/CD3G,4
R-HSA-114604,GPVI-mediated activation cascade,3/269,17/4507,0.176470588235294,2.95670238355565,2.03618541231607,0.0768522973409007,0.999990971266592,0.997526153735559,LCP2/PIK3CG/PLCG2,3
R-HSA-2424491,DAP12 signaling,3/269,17/4507,0.176470588235294,2.95670238355565,2.03618541231607,0.0768522973409007,0.999990971266592,0.997526153735559,LCP2/HLA-E/PLCG2,3
R-HSA-425407,SLC-mediated transmembrane transport,10/269,101/4507,0.099009900990099,1.6588759247672,1.68707090914632,0.0771751081335841,0.999990971266592,0.997526153735559,SLC36A1/SLC9A1/SLC15A3/SLC28A3/CP/SLC30A3/SLC6A1/SLC8A3/SLC47A1/SLC24A4,10
R-HSA-174824,"Plasma lipoprotein assembly, remodeling, and clearance",4/269,28/4507,0.142857142857143,2.3935209771641,1.86334491542966,0.0822305555009876,0.999990971266592,0.997526153735559,LCAT/MYLIP/CUBN/LIPC,4
R-HSA-6798695,Neutrophil degranulation,20/269,243/4507,0.0823045267489712,1.37898327902458,1.53005078258984,0.0863376099280816,0.999990971266592,0.997526153735559,STING1/NFAM1/ARSA/TNFRSF1B/SIRPA/P2RX1/NCKAP1L/NFASC/LAIR1/PTAFR/TMT1A/ATP8B4/BST1/PSAP/C5AR1/STOM/RAB37/SLC2A5/CD14/HLA-C,20
R-HSA-416476,G alpha (q) signalling events,9/269,90/4507,0.1,1.67546468401487,1.63061510073591,0.0864769435558854,0.999990971266592,0.997526153735559,PTAFR/GNB3/PRKCH/P2RY11/ABHD6/LTB4R/FFAR4/LTB4R2/CCKAR,9
R-HSA-2029480,Fcgamma receptor (FCGR) dependent phagocytosis,5/269,40/4507,0.125,2.09433085501859,1.75130553960912,0.0871446830579501,0.999990971266592,0.997526153735559,ELMO1/NCKAP1L/WAS/CD3G/PLCG2,5
R-HSA-166658,Complement cascade,3/269,18/4507,0.166666666666667,2.79244114002478,1.91954196289298,0.0883170682106708,0.999990971266592,0.997526153735559,SERPING1/C5AR1/CFB,3
R-HSA-194068,Bile acid and bile salt metabolism,3/269,18/4507,0.166666666666667,2.79244114002478,1.91954196289298,0.0883170682106708,0.999990971266592,0.997526153735559,CH25H/ABCC3/CYP46A1,3
R-HSA-2122948,Activated NOTCH1 Transmits Signal to the Nucleus,3/269,18/4507,0.166666666666667,2.79244114002478,1.91954196289298,0.0883170682106708,0.999990971266592,0.997526153735559,DLL1/DTX2/DTX1,3
R-HSA-2029482,Regulation of actin dynamics for phagocytic cup formation,4/269,29/4507,0.137931034482759,2.31098577105499,1.78421090687815,0.0911289380697696,0.999990971266592,0.997526153735559,ELMO1/NCKAP1L/WAS/CD3G,4
R-HSA-9734767,Developmental Cell Lineages,5/269,41/4507,0.121951219512195,2.04324961465228,1.69048787237331,0.0946668122265131,0.999990971266592,0.997526153735559,DLL1/MYH11/COL5A3/COL24A1/CFTR,5
R-HSA-76002,"Platelet activation, signaling and aggregation",11/269,119/4507,0.092436974789916,1.54874886757677,1.52828751682496,0.0964518146178439,0.999990971266592,0.997526153735559,SERPING1/LCP2/PIK3CG/ITIH4/GNB3/PRKCH/PLCG2/PSAP/ABHD6/SELP/MPL,11
R-HSA-112314,Neurotransmitter receptors and postsynaptic signal transmission,8/269,81/4507,0.0987654320987654,1.6547799348295,1.49804005055275,0.108177770606827,0.999990971266592,0.997526153735559,GRIA3/GNB3/GRIN2D/TSPAN7/GRIN3A/AKAP5/GRIP2/KCNJ10,8
R-HSA-9705683,SARS-CoV-2-host interactions,8/269,81/4507,0.0987654320987654,1.6547799348295,1.49804005055275,0.108177770606827,0.999990971266592,0.997526153735559,STING1/STAT2/HLA-E/TYK2/TRIM4/RPS27L/ATG14/HLA-C,8
R-HSA-3000178,ECM proteoglycans,4/269,31/4507,0.129032258064516,2.1618899148579,1.63527970760868,0.110227875814176,0.999990971266592,0.997526153735559,COL6A6/COL5A3/COL6A5/COL4A3,4
R-HSA-6794362,Protein-protein interactions at synapses,4/269,31/4507,0.129032258064516,2.1618899148579,1.63527970760868,0.110227875814176,0.999990971266592,0.997526153735559,GRIA3/GRIN2D/SYT2/LRRC4B,4
R-HSA-6806834,Signaling by MET,4/269,31/4507,0.129032258064516,2.1618899148579,1.63527970760868,0.110227875814176,0.999990971266592,0.997526153735559,RANBP10/COL5A3/COL24A1/MUC20,4
R-HSA-9820448,Developmental Cell Lineages of the Exocrine Pancreas,3/269,20/4507,0.15,2.5131970260223,1.70853429082213,0.113207979622454,0.999990971266592,0.997526153735559,COL5A3/COL24A1/CFTR,3
R-HSA-1474244,Extracellular matrix organization,12/269,137/4507,0.0875912408759124,1.46756030716631,1.40006583492958,0.114991652610913,0.999990971266592,0.997526153735559,COL6A6/EMILIN2/COL5A3/COL24A1/JAM2/COL6A5/COL16A1/COL17A1/GDF5/COL4A3/COL7A1/DRP2,12
R-HSA-1679131,Trafficking and processing of endosomal TLR,2/269,10/4507,0.2,3.35092936802974,1.87486238062379,0.116383217637602,0.999990971266592,0.997526153735559,LGMN/TLR9,2
R-HSA-1834941,STING mediated induction of host immune responses,2/269,10/4507,0.2,3.35092936802974,1.87486238062379,0.116383217637602,0.999990971266592,0.997526153735559,STING1/NLRP4,2
R-HSA-5260271,Diseases of Immune System,2/269,10/4507,0.2,3.35092936802974,1.87486238062379,0.116383217637602,0.999990971266592,0.997526153735559,TLR5/CD14,2
R-HSA-5602358,Diseases associated with the TLR signaling cascade,2/269,10/4507,0.2,3.35092936802974,1.87486238062379,0.116383217637602,0.999990971266592,0.997526153735559,TLR5/CD14,2
R-HSA-8849932,Synaptic adhesion-like molecules,2/269,10/4507,0.2,3.35092936802974,1.87486238062379,0.116383217637602,0.999990971266592,0.997526153735559,GRIA3/GRIN2D,2
R-HSA-9833109,Evasion by RSV of host interferon responses,2/269,10/4507,0.2,3.35092936802974,1.87486238062379,0.116383217637602,0.999990971266592,0.997526153735559,STAT2/TYK2,2
R-HSA-1236974,ER-Phagosome pathway,4/269,32/4507,0.125,2.09433085501859,1.56501452030169,0.120395059691939,0.999990971266592,0.997526153735559,HLA-E/CD14/PSMB10/HLA-C,4
R-HSA-422356,Regulation of insulin secretion,4/269,32/4507,0.125,2.09433085501859,1.56501452030169,0.120395059691939,0.999990971266592,0.997526153735559,GNB3/CACNA1E/AKAP5/CACNB2,4
R-HSA-9840310,Glycosphingolipid catabolism,3/269,21/4507,0.142857142857143,2.3935209771641,1.61244452115616,0.126542463526237,0.999990971266592,0.997526153735559,ARSA/PSAP/GBA2,3
R-HSA-2160916,Hyaluronan degradation,2/269,11/4507,0.181818181818182,3.04629942548158,1.71176298549304,0.136856374389715,0.999990971266592,0.997526153735559,SLC9A1/HYAL1,2
R-HSA-400042,"Adrenaline,noradrenaline inhibits insulin secretion",2/269,11/4507,0.181818181818182,3.04629942548158,1.71176298549304,0.136856374389715,0.999990971266592,0.997526153735559,GNB3/CACNB2,2
R-HSA-5365859,RA biosynthesis pathway,2/269,11/4507,0.181818181818182,3.04629942548158,1.71176298549304,0.136856374389715,0.999990971266592,0.997526153735559,CYP26B1/DHRS3,2
R-HSA-6783589,Interleukin-6 family signaling,2/269,11/4507,0.181818181818182,3.04629942548158,1.71176298549304,0.136856374389715,0.999990971266592,0.997526153735559,TYK2/IL11RA,2
R-HSA-70263,Gluconeogenesis,2/269,11/4507,0.181818181818182,3.04629942548158,1.71176298549304,0.136856374389715,0.999990971266592,0.997526153735559,FBP1/ALDOB,2
R-HSA-8963899,Plasma lipoprotein remodeling,2/269,11/4507,0.181818181818182,3.04629942548158,1.71176298549304,0.136856374389715,0.999990971266592,0.997526153735559,LCAT/LIPC,2
R-HSA-901032,ER Quality Control Compartment (ERQC),2/269,11/4507,0.181818181818182,3.04629942548158,1.71176298549304,0.136856374389715,0.999990971266592,0.997526153735559,SYVN1/OS9,2
R-HSA-917977,Transferrin endocytosis and recycling,2/269,11/4507,0.181818181818182,3.04629942548158,1.71176298549304,0.136856374389715,0.999990971266592,0.997526153735559,STEAP4/HFE,2
R-HSA-9619665,EGR2 and SOX10-mediated initiation of Schwann cell myelination,2/269,11/4507,0.181818181818182,3.04629942548158,1.71176298549304,0.136856374389715,0.999990971266592,0.997526153735559,EGR2/DRP2,2
R-HSA-9640148,Infection with Enterobacteria,2/269,11/4507,0.181818181818182,3.04629942548158,1.71176298549304,0.136856374389715,0.999990971266592,0.997526153735559,COL5A3/COL4A3,2
R-HSA-418555,G alpha (s) signalling events,6/269,59/4507,0.101694915254237,1.7038623905236,1.37095321453716,0.137701762041672,0.999990971266592,0.997526153735559,PDE1B/HRH2/GNB3/P2RY11/AVPR2/GPR83,6
R-HSA-917937,Iron uptake and transport,3/269,22/4507,0.136363636363636,2.28472456911119,1.52170828056604,0.140406672217056,0.999990971266592,0.997526153735559,STEAP4/CP/HFE,3
R-HSA-5668541,TNFR2 non-canonical NF-kB pathway,4/269,34/4507,0.117647058823529,1.97113492237044,1.43189389927528,0.141872039732199,0.999990971266592,0.997526153735559,TNFRSF14/MAP3K14/TNFRSF1B/TNFRSF25,4
R-HSA-114508,Effects of PIP2 hydrolysis,2/269,12/4507,0.166666666666667,2.79244114002478,1.5662530717985,0.158039443316573,0.999990971266592,0.997526153735559,PRKCH/ABHD6,2
R-HSA-1296041,Activation of G protein gated Potassium channels,2/269,12/4507,0.166666666666667,2.79244114002478,1.5662530717985,0.158039443316573,0.999990971266592,0.997526153735559,GNB3/KCNJ10,2
R-HSA-1296059,G protein gated Potassium channels,2/269,12/4507,0.166666666666667,2.79244114002478,1.5662530717985,0.158039443316573,0.999990971266592,0.997526153735559,GNB3/KCNJ10,2
R-HSA-202427,Phosphorylation of CD3 and TCR zeta chains,2/269,12/4507,0.166666666666667,2.79244114002478,1.5662530717985,0.158039443316573,0.999990971266592,0.997526153735559,CD4/CD3G,2
R-HSA-2142845,Hyaluronan metabolism,2/269,12/4507,0.166666666666667,2.79244114002478,1.5662530717985,0.158039443316573,0.999990971266592,0.997526153735559,SLC9A1/HYAL1,2
R-HSA-3000157,Laminin interactions,2/269,12/4507,0.166666666666667,2.79244114002478,1.5662530717985,0.158039443316573,0.999990971266592,0.997526153735559,COL4A3/COL7A1,2
R-HSA-418360,Platelet calcium homeostasis,2/269,12/4507,0.166666666666667,2.79244114002478,1.5662530717985,0.158039443316573,0.999990971266592,0.997526153735559,P2RX1/SLC8A3,2
R-HSA-8854691,Interleukin-20 family signaling,2/269,12/4507,0.166666666666667,2.79244114002478,1.5662530717985,0.158039443316573,0.999990971266592,0.997526153735559,STAT2/TYK2,2
R-HSA-8874081,MET activates PTK2 signaling,2/269,12/4507,0.166666666666667,2.79244114002478,1.5662530717985,0.158039443316573,0.999990971266592,0.997526153735559,COL5A3/COL24A1,2
R-HSA-9703465,Signaling by FLT3 fusion proteins,2/269,12/4507,0.166666666666667,2.79244114002478,1.5662530717985,0.158039443316573,0.999990971266592,0.997526153735559,CDKN1A/GOLGB1,2
R-HSA-997272,Inhibition  of voltage gated Ca2+ channels via Gbeta/gamma subunits,2/269,12/4507,0.166666666666667,2.79244114002478,1.5662530717985,0.158039443316573,0.999990971266592,0.997526153735559,GNB3/KCNJ10,2
R-HSA-1296065,Inwardly rectifying K+ channels,2/269,13/4507,0.153846153846154,2.57763797540749,1.43500611345526,0.179775598338781,0.999990971266592,0.997526153735559,GNB3/KCNJ10,2
R-HSA-1855204,Synthesis of IP3 and IP4 in the cytosol,2/269,13/4507,0.153846153846154,2.57763797540749,1.43500611345526,0.179775598338781,0.999990971266592,0.997526153735559,PLCG2/SYNJ1,2
R-HSA-2029485,Role of phospholipids in phagocytosis,2/269,13/4507,0.153846153846154,2.57763797540749,1.43500611345526,0.179775598338781,0.999990971266592,0.997526153735559,CD3G/PLCG2,2
R-HSA-449836,Other interleukin signaling,2/269,13/4507,0.153846153846154,2.57763797540749,1.43500611345526,0.179775598338781,0.999990971266592,0.997526153735559,TYK2/CD4,2
R-HSA-901042,Calnexin/calreticulin cycle,2/269,13/4507,0.153846153846154,2.57763797540749,1.43500611345526,0.179775598338781,0.999990971266592,0.997526153735559,SYVN1/OS9,2
R-HSA-983695,Antigen activates B Cell Receptor (BCR) leading to generation of second messengers,2/269,13/4507,0.153846153846154,2.57763797540749,1.43500611345526,0.179775598338781,0.999990971266592,0.997526153735559,BLNK/PLCG2,2
R-HSA-389356,Co-stimulation by CD28,3/269,25/4507,0.12,2.01055762081784,1.27639888830253,0.184700425885871,0.999990971266592,0.997526153735559,MAP3K14/PIK3CG/CD28,3
R-HSA-9616222,Transcriptional regulation of granulopoiesis,3/269,25/4507,0.12,2.01055762081784,1.27639888830253,0.184700425885871,0.999990971266592,0.997526153735559,CDKN1A/GFI1/CEBPA,3
R-HSA-2980736,Peptide hormone metabolism,3/269,26/4507,0.115384615384615,1.93322848155562,1.20220476299303,0.200208172938078,0.999990971266592,0.997526153735559,GNB3/FFAR4/PCSK1,3
R-HSA-192105,Synthesis of bile acids and bile salts,2/269,14/4507,0.142857142857143,2.3935209771641,1.31552945577454,0.201924082514447,0.999990971266592,0.997526153735559,CH25H/CYP46A1,2
R-HSA-392451,G beta:gamma signalling through PI3Kgamma,2/269,14/4507,0.142857142857143,2.3935209771641,1.31552945577454,0.201924082514447,0.999990971266592,0.997526153735559,PIK3CG/GNB3,2
R-HSA-449147,Signaling by Interleukins,15/269,199/4507,0.0753768844221106,1.26291307840317,0.955635200974777,0.206639407406427,0.999990971266592,0.997526153735559,STAT2/BCL6/TNFRSF1B/TYK2/BLNK/CDKN1A/IL10RA/PTAFR/IRF4/CD4/LGALS9/PTPN7/IL11RA/HAVCR2/CCL3L3,15
R-HSA-109582,Hemostasis,19/269,261/4507,0.0727969348659004,1.21968693472347,0.921140220089114,0.211713036982659,0.999990971266592,0.997526153735559,SERPING1/LCP2/PIK3CG/ITIH4/SIRPA/PDE1B/P2RX1/GNB3/SELPLG/JAM2/PRKCH/TSPAN7/PLCG2/PSAP/ABHD6/SELP/SLC8A3/IRF1/MPL,19
R-HSA-9675108,Nervous system development,18/269,246/4507,0.0731707317073171,1.22594976879137,0.918152762457911,0.213427634690587,0.999990971266592,0.997526153735559,EGR2/COL6A6/DNM1/MYH11/NFASC/COL5A3/SEMA6D/CACNA1G/CXCL12/ZSWIM8/COL6A5/RGMA/RELN/RPS27L/AKAP5/COL4A3/DRP2/CACNB2,18
R-HSA-418346,Platelet homeostasis,4/269,40/4507,0.1,1.67546468401487,1.0809756825375,0.213942233986143,0.999990971266592,0.997526153735559,PDE1B/P2RX1/GNB3/SLC8A3,4
R-HSA-388841,Regulation of T cell activation by CD28 family,9/269,111/4507,0.0810810810810811,1.35848487893098,0.963373612851902,0.215981588187006,0.999990971266592,0.997526153735559,TNFRSF14/MAP3K14/PIK3CG/CD28/CD4/OS9/PDCD1/CD3G/IRF1,9
R-HSA-198725,Nuclear Events (kinase and transcription factor activation),3/269,27/4507,0.111111111111111,1.86162742668319,1.131237119402,0.216010951330656,0.999990971266592,0.997526153735559,EGR2/EGR1/EGR3,3
R-HSA-381038,XBP1(S) activates chaperone genes,3/269,27/4507,0.111111111111111,1.86162742668319,1.131237119402,0.216010951330656,0.999990971266592,0.997526153735559,TSPYL2/SYVN1/CXXC1,3
R-HSA-9662360,Sensory processing of sound by inner hair cells of the cochlea,3/269,27/4507,0.111111111111111,1.86162742668319,1.131237119402,0.216010951330656,0.999990971266592,0.997526153735559,CDH23/WHRN/CACNB2,3
R-HSA-2129379,Molecules associated with elastic fibres,2/269,15/4507,0.133333333333333,2.23395291201983,1.20591195452648,0.224358859993416,0.999990971266592,0.997526153735559,EMILIN2/GDF5,2
R-HSA-2173782,Binding and Uptake of Ligands by Scavenger Receptors,2/269,15/4507,0.133333333333333,2.23395291201983,1.20591195452648,0.224358859993416,0.999990971266592,0.997526153735559,APOL1/SSC5D,2
R-HSA-2871796,FCERI mediated MAPK activation,2/269,15/4507,0.133333333333333,2.23395291201983,1.20591195452648,0.224358859993416,0.999990971266592,0.997526153735559,LCP2/PLCG2,2
R-HSA-8875878,MET promotes cell motility,2/269,15/4507,0.133333333333333,2.23395291201983,1.20591195452648,0.224358859993416,0.999990971266592,0.997526153735559,COL5A3/COL24A1,2
R-HSA-9006335,Signaling by Erythropoietin,2/269,15/4507,0.133333333333333,2.23395291201983,1.20591195452648,0.224358859993416,0.999990971266592,0.997526153735559,PIK3CG/PLCG2,2
R-HSA-6785807,Interleukin-4 and Interleukin-13 signaling,5/269,55/4507,0.0909090909090909,1.52314971274079,0.983379194480546,0.229235327968466,0.999990971266592,0.997526153735559,BCL6/TNFRSF1B/TYK2/CDKN1A/IRF4,5
R-HSA-9679506,SARS-CoV Infections,13/269,173/4507,0.0751445086705202,1.25901970475106,0.875190630457765,0.231465573854505,0.999990971266592,0.997526153735559,STING1/STAT2/HLA-E/TYK2/BLNK/CHD3/TLR9/PDCD1/PLCG2/TRIM4/RPS27L/ATG14/HLA-C,13
R-HSA-381070,IRE1alpha activates chaperones,3/269,28/4507,0.107142857142857,1.79514073287307,1.06322148423287,0.232064598830216,0.999990971266592,0.997526153735559,TSPYL2/SYVN1/CXXC1,3
R-HSA-397795,G-protein beta:gamma signalling,2/269,16/4507,0.125,2.09433085501859,1.10465933202636,0.246967370722485,0.999990971266592,0.997526153735559,PIK3CG/GNB3,2
R-HSA-5663213,RHO GTPases Activate WASPs and WAVEs,2/269,16/4507,0.125,2.09433085501859,1.10465933202636,0.246967370722485,0.999990971266592,0.997526153735559,NCKAP1L/WAS,2
R-HSA-9824585,Regulation of MITF-M-dependent genes involved in pigmentation,2/269,16/4507,0.125,2.09433085501859,1.10465933202636,0.246967370722485,0.999990971266592,0.997526153735559,IRF4/USF1,2
R-HSA-397014,Muscle contraction,7/269,86/4507,0.0813953488372093,1.36375032419815,0.857992743375789,0.252010885696122,0.999990971266592,0.997526153735559,MYH3/MYH11/KCNE1/CACNA1G/SLC8A3/RYR3/CACNB2,7
R-HSA-1236975,Antigen processing-Cross presentation,4/269,43/4507,0.0930232558139535,1.5585717990836,0.927133764976675,0.253181301873356,0.999990971266592,0.997526153735559,HLA-E/CD14/PSMB10/HLA-C,4
R-HSA-9658195,Leishmania infection,6/269,72/4507,0.0833333333333333,1.39622057001239,0.853783410713063,0.258135377838112,0.999990971266592,0.997526153735559,ELMO1/NCKAP1L/WAS/GNB3/CD3G/PLCG2,6
R-HSA-9824443,Parasitic Infection Pathways,6/269,72/4507,0.0833333333333333,1.39622057001239,0.853783410713063,0.258135377838112,0.999990971266592,0.997526153735559,ELMO1/NCKAP1L/WAS/GNB3/CD3G/PLCG2,6
R-HSA-3906995,Diseases associated with O-glycosylation of proteins,3/269,30/4507,0.1,1.67546468401487,0.935106304404212,0.264755261338347,0.999990971266592,0.997526153735559,NOTCH4/SEMA5B/MUC20,3
R-HSA-9659379,Sensory processing of sound,3/269,30/4507,0.1,1.67546468401487,0.935106304404212,0.264755261338347,0.999990971266592,0.997526153735559,CDH23/WHRN/CACNB2,3
R-HSA-163685,Integration of energy metabolism,4/269,44/4507,0.0909090909090909,1.52314971274079,0.878476490452643,0.266586897487832,0.999990971266592,0.997526153735559,GNB3/CACNA1E/AKAP5/CACNB2,4
R-HSA-1566948,Elastic fibre formation,2/269,17/4507,0.117647058823529,1.97113492237044,1.01058330533031,0.269649380506696,0.999990971266592,0.997526153735559,EMILIN2/GDF5,2
R-HSA-2871809,FCERI mediated Ca+2 mobilization,2/269,17/4507,0.117647058823529,1.97113492237044,1.01058330533031,0.269649380506696,0.999990971266592,0.997526153735559,LCP2/PLCG2,2
R-HSA-6794361,Neurexins and neuroligins,2/269,17/4507,0.117647058823529,1.97113492237044,1.01058330533031,0.269649380506696,0.999990971266592,0.997526153735559,GRIN2D/SYT2,2
R-HSA-9682385,FLT3 signaling in disease,2/269,17/4507,0.117647058823529,1.97113492237044,1.01058330533031,0.269649380506696,0.999990971266592,0.997526153735559,CDKN1A/GOLGB1,2
R-HSA-977444,GABA B receptor activation,2/269,17/4507,0.117647058823529,1.97113492237044,1.01058330533031,0.269649380506696,0.999990971266592,0.997526153735559,GNB3/KCNJ10,2
R-HSA-991365,Activation of GABAB receptors,2/269,17/4507,0.117647058823529,1.97113492237044,1.01058330533031,0.269649380506696,0.999990971266592,0.997526153735559,GNB3/KCNJ10,2
R-HSA-373080,Class B/2 (Secretin family receptors),3/269,31/4507,0.0967741935483871,1.62141743614342,0.874602068823219,0.281311766930222,0.999990971266592,0.997526153735559,GNB3/PTCH2/WNT2,3
R-HSA-8957322,Metabolism of steroids,5/269,60/4507,0.0833333333333333,1.39622057001239,0.778341767768622,0.286753232232582,0.999990971266592,0.997526153735559,CH25H/LGMN/CUBN/ABCC3/CYP46A1,5
R-HSA-168898,Toll-like Receptor Cascades,6/269,75/4507,0.08,1.3403717472119,0.748816692988856,0.289329106517996,0.999990971266592,0.997526153735559,DNM1/LGMN/TLR9/PLCG2/TLR5/CD14,6
R-HSA-445355,Smooth Muscle Contraction,2/269,18/4507,0.111111111111111,1.86162742668319,0.922724861065734,0.2923159195437,0.999990971266592,0.997526153735559,MYH11/CACNA1G,2
R-HSA-5362517,Signaling by Retinoic Acid,2/269,18/4507,0.111111111111111,1.86162742668319,0.922724861065734,0.2923159195437,0.999990971266592,0.997526153735559,CYP26B1/DHRS3,2
R-HSA-9725371,Nuclear events stimulated by ALK signaling in cancer,2/269,18/4507,0.111111111111111,1.86162742668319,0.922724861065734,0.2923159195437,0.999990971266592,0.997526153735559,IL10RA/IRF4,2
R-HSA-9772755,Formation of WDR5-containing histone-modifying complexes,2/269,18/4507,0.111111111111111,1.86162742668319,0.922724861065734,0.2923159195437,0.999990971266592,0.997526153735559,BOD1L1/CXXC1,2
R-HSA-9700206,Signaling by ALK in cancer,4/269,46/4507,0.0869565217391304,1.45692581218684,0.784692956230617,0.293756924150401,0.999990971266592,0.997526153735559,TYK2/CDKN1A/IL10RA/IRF4,4
R-HSA-9725370,Signaling by ALK fusions and activated point mutants,4/269,46/4507,0.0869565217391304,1.45692581218684,0.784692956230617,0.293756924150401,0.999990971266592,0.997526153735559,TYK2/CDKN1A/IL10RA/IRF4,4
R-HSA-1660662,Glycosphingolipid metabolism,3/269,32/4507,0.09375,1.57074814126394,0.816233156925925,0.297958322851424,0.999990971266592,0.997526153735559,ARSA/PSAP/GBA2,3
R-HSA-202733,Cell surface interactions at the vascular wall,5/269,62/4507,0.0806451612903226,1.35118119678619,0.701426991899603,0.310499009139428,0.999990971266592,0.997526153735559,SIRPA/SELPLG/JAM2/TSPAN7/SELP,5
R-HSA-1296071,Potassium Channels,3/269,33/4507,0.0909090909090909,1.52314971274079,0.759847132288261,0.314659189323788,0.999990971266592,0.997526153735559,GNB3/KCNJ10/KCNH4,3
R-HSA-3000171,Non-integrin membrane-ECM interactions,3/269,33/4507,0.0909090909090909,1.52314971274079,0.759847132288261,0.314659189323788,0.999990971266592,0.997526153735559,COL5A3/COL4A3/DRP2,3
R-HSA-381676,Glucagon-like Peptide-1 (GLP1) regulates insulin secretion,2/269,19/4507,0.105263157894737,1.76364703580513,0.840299885152128,0.314888303025624,0.999990971266592,0.997526153735559,GNB3/AKAP5,2
R-HSA-532668,N-glycan trimming in the ER and Calnexin/Calreticulin cycle,2/269,19/4507,0.105263157894737,1.76364703580513,0.840299885152128,0.314888303025624,0.999990971266592,0.997526153735559,SYVN1/OS9,2
R-HSA-936440,Negative regulators of DDX58/IFIH1 signaling,2/269,19/4507,0.105263157894737,1.76364703580513,0.840299885152128,0.314888303025624,0.999990971266592,0.997526153735559,UBA7/TRIM4,2
R-HSA-9609736,Assembly and cell surface presentation of NMDA receptors,2/269,19/4507,0.105263157894737,1.76364703580513,0.840299885152128,0.314888303025624,0.999990971266592,0.997526153735559,GRIN2D/GRIN3A,2
R-HSA-9664323,FCGR3A-mediated IL10 synthesis,2/269,19/4507,0.105263157894737,1.76364703580513,0.840299885152128,0.314888303025624,0.999990971266592,0.997526153735559,CD3G/PLCG2,2
R-HSA-187037,Signaling by NTRK1 (TRKA),4/269,48/4507,0.0833333333333333,1.39622057001239,0.695232648222768,0.32126676518811,0.999990971266592,0.997526153735559,EGR2/DNM1/EGR1/EGR3,4
R-HSA-9662851,Anti-inflammatory response favouring Leishmania parasite infection,3/269,34/4507,0.0882352941176471,1.47835119177783,0.70530689139038,0.331380526381038,0.999990971266592,0.997526153735559,GNB3/CD3G/PLCG2,3
R-HSA-9664433,Leishmania parasite growth and survival,3/269,34/4507,0.0882352941176471,1.47835119177783,0.70530689139038,0.331380526381038,0.999990971266592,0.997526153735559,GNB3/CD3G/PLCG2,3
R-HSA-162909,Host Interactions of HIV factors,4/269,49/4507,0.0816326530612245,1.3677262726652,0.651994489419495,0.335099170502215,0.999990971266592,0.997526153735559,ELMO1/CD28/CD4/CD8B,4
R-HSA-380108,Chemokine receptors bind chemokines,2/269,20/4507,0.1,1.67546468401487,0.762659822238989,0.337297227848198,0.999990971266592,0.997526153735559,CXCL12/CCL3L3,2
R-HSA-432040,Vasopressin regulates renal water homeostasis via Aquaporins,2/269,20/4507,0.1,1.67546468401487,0.762659822238989,0.337297227848198,0.999990971266592,0.997526153735559,GNB3/AVPR2,2
R-HSA-9024446,NR1H2 and NR1H3-mediated signaling,2/269,20/4507,0.1,1.67546468401487,0.762659822238989,0.337297227848198,0.999990971266592,0.997526153735559,EEPD1/MYLIP,2
R-HSA-977443,GABA receptor activation,2/269,20/4507,0.1,1.67546468401487,0.762659822238989,0.337297227848198,0.999990971266592,0.997526153735559,GNB3/KCNJ10,2
R-HSA-422475,Axon guidance,16/269,237/4507,0.0675105485232067,1.13111539849105,0.52240243455748,0.339797464216002,0.999990971266592,0.997526153735559,COL6A6/DNM1/MYH11/NFASC/COL5A3/SEMA6D/CACNA1G/CXCL12/ZSWIM8/COL6A5/RGMA/RELN/RPS27L/AKAP5/COL4A3/CACNB2,16
R-HSA-9006934,Signaling by Receptor Tyrosine Kinases,16/269,237/4507,0.0675105485232067,1.13111539849105,0.52240243455748,0.339797464216002,0.999990971266592,0.997526153735559,EGR2/RANBP10/COL6A6/DNM1/ELMO1/NCKAP1L/COL5A3/COL24A1/POLR2A/EGR1/TLR9/CXCL12/COL6A5/COL4A3/MUC20/EGR3,16
R-HSA-445717,Aquaporin-mediated transport,2/269,21/4507,0.0952380952380952,1.59568065144273,0.689262679584663,0.359481939882089,0.999990971266592,0.997526153735559,GNB3/AVPR2,2
R-HSA-5362768,Hh mutants are degraded by ERAD,2/269,21/4507,0.0952380952380952,1.59568065144273,0.689262679584663,0.359481939882089,0.999990971266592,0.997526153735559,SYVN1/OS9,2
R-HSA-5387390,Hh mutants abrogate ligand secretion,2/269,21/4507,0.0952380952380952,1.59568065144273,0.689262679584663,0.359481939882089,0.999990971266592,0.997526153735559,SYVN1/OS9,2
R-HSA-5663084,Diseases of carbohydrate metabolism,2/269,21/4507,0.0952380952380952,1.59568065144273,0.689262679584663,0.359481939882089,0.999990971266592,0.997526153735559,HYAL1/ALDOB,2
R-HSA-6803157,Antimicrobial peptides,2/269,21/4507,0.0952380952380952,1.59568065144273,0.689262679584663,0.359481939882089,0.999990971266592,0.997526153735559,CD4/GNLY,2
R-HSA-73762,RNA Polymerase I Transcription Initiation,2/269,21/4507,0.0952380952380952,1.59568065144273,0.689262679584663,0.359481939882089,0.999990971266592,0.997526153735559,CHD3/TAF1C,2
R-HSA-163125,Post-translational modification: synthesis of GPI-anchored proteins,3/269,36/4507,0.0833333333333333,1.39622057001239,0.60128059944038,0.364758861687955,0.999990971266592,0.997526153735559,BST1/ALPL/MDGA1,3
R-HSA-9748784,Drug ADME,3/269,36/4507,0.0833333333333333,1.39622057001239,0.60128059944038,0.364758861687955,0.999990971266592,0.997526153735559,SLC28A3/ABCC3/ACSM5,3
R-HSA-9833110,RSV-host interactions,3/269,36/4507,0.0833333333333333,1.39622057001239,0.60128059944038,0.364758861687955,0.999990971266592,0.997526153735559,STAT2/TYK2/CD14,3
R-HSA-9006931,Signaling by Nuclear Receptors,8/269,114/4507,0.0701754385964912,1.17576469053675,0.478844733643108,0.370651044045095,0.999990971266592,0.997526153735559,EEPD1/GNB3/POLR2A/CXCL12/MYLIP/CYP26B1/DHRS3/USF1,8
R-HSA-418597,G alpha (z) signalling events,2/269,22/4507,0.0909090909090909,1.52314971274079,0.619651300359394,0.381389466648593,0.999990971266592,0.997526153735559,GNB3/PRKCH,2
R-HSA-166520,Signaling by NTRKs,4/269,53/4507,0.0754716981132076,1.26450164831311,0.487958029404988,0.390512359362201,0.999990971266592,0.997526153735559,EGR2/DNM1/EGR1/EGR3,4
R-HSA-1834949,Cytosolic sensors of pathogen-associated DNA,3/269,38/4507,0.0789473684210526,1.32273527685384,0.503296971844032,0.397861018238782,0.999990971266592,0.997526153735559,STING1/TRIM56/NLRP4,3
R-HSA-5619102,SLC transporter disorders,3/269,38/4507,0.0789473684210526,1.32273527685384,0.503296971844032,0.397861018238782,0.999990971266592,0.997526153735559,CP/AVPR2/SLC24A4,3
R-HSA-211897,Cytochrome P450 - arranged by substrate type,2/269,23/4507,0.0869565217391304,1.45692581218684,0.553436841364954,0.402973910602773,0.999990971266592,0.997526153735559,CYP26B1/CYP46A1,2
R-HSA-5358346,Hedgehog ligand biogenesis,2/269,23/4507,0.0869565217391304,1.45692581218684,0.553436841364954,0.402973910602773,0.999990971266592,0.997526153735559,SYVN1/OS9,2
R-HSA-9639288,Amino acids regulate mTORC1,2/269,23/4507,0.0869565217391304,1.45692581218684,0.553436841364954,0.402973910602773,0.999990971266592,0.997526153735559,SZT2/FLCN,2
R-HSA-5663205,Infectious disease,26/269,411/4507,0.0632603406326034,1.05990466628678,0.32091709159703,0.406442447660218,0.999990971266592,0.997526153735559,STING1/STAT2/HLA-E/TYK2/BLNK/CHD3/ELMO1/CD28/NCKAP1L/WAS/GNB3/COL5A3/CD4/POLR2A/TLR9/PDCD1/CD3G/PLCG2/TRIM4/RPS27L/SYT2/CD8B/COL4A3/CD14/ATG14/HLA-C,26
R-HSA-428157,Sphingolipid metabolism,4/269,55/4507,0.0727272727272727,1.21851977019263,0.410757743637675,0.418031336021534,0.999990971266592,0.997526153735559,ARSA/PRKD2/PSAP/GBA2,4
R-HSA-5576891,Cardiac conduction,4/269,55/4507,0.0727272727272727,1.21851977019263,0.410757743637675,0.418031336021534,0.999990971266592,0.997526153735559,KCNE1/SLC8A3/RYR3/CACNB2,4
R-HSA-5619115,Disorders of transmembrane transporters,5/269,71/4507,0.0704225352112676,1.17990470705273,0.384917086214108,0.419145391627702,0.999990971266592,0.997526153735559,OS9/CP/CFTR/AVPR2/SLC24A4,5
R-HSA-983169,Class I MHC mediated antigen processing & presentation,10/269,152/4507,0.0657894736842105,1.1022793973782,0.323152211476974,0.422364871143555,0.999990971266592,0.997526153735559,HLA-E/KLHL3/UBA7/HECW2/MYLIP/TRIM4/CD14/ATG14/PSMB10/HLA-C,10
R-HSA-913709,O-linked glycosylation of mucins,2/269,24/4507,0.0833333333333333,1.39622057001239,0.490286039638317,0.424195798563602,0.999990971266592,0.997526153735559,MUC20/GALNT15,2
R-HSA-9734779,Developmental Cell Lineages of the Integumentary System,2/269,24/4507,0.0833333333333333,1.39622057001239,0.490286039638317,0.424195798563602,0.999990971266592,0.997526153735559,DLL1/MYH11,2
R-HSA-1980143,Signaling by NOTCH1,3/269,40/4507,0.075,1.25659851301115,0.410645825465884,0.430484932218317,0.999990971266592,0.997526153735559,DLL1/DTX2/DTX1,3
R-HSA-416482,G alpha (12/13) signalling events,3/269,40/4507,0.075,1.25659851301115,0.410645825465884,0.430484932218317,0.999990971266592,0.997526153735559,GNB3/PLEKHG2/ARHGEF18,3
R-HSA-8980692,RHOA GTPase cycle,5/269,72/4507,0.0694444444444445,1.16351714167699,0.352349760454557,0.431161064298567,0.999990971266592,0.997526153735559,ARAP3/ARHGAP6/ARHGEF18/STOM/ARHGAP23,5
R-HSA-114608,Platelet degranulation,4/269,56/4507,0.0714285714285714,1.19676048858205,0.373245315885357,0.431689655285446,0.999990971266592,0.997526153735559,SERPING1/ITIH4/PSAP/SELP,4
R-HSA-1630316,Glycosaminoglycan metabolism,5/269,73/4507,0.0684931506849315,1.14757855069512,0.320241848685903,0.443126216799173,0.999990971266592,0.997526153735559,SLC9A1/HYAL1/CHST13/HS3ST2/PRELP,5
R-HSA-1793185,Chondroitin sulfate/dermatan sulfate metabolism,2/269,25/4507,0.08,1.3403717472119,0.429911279476823,0.445021483144274,0.999990971266592,0.997526153735559,HYAL1/CHST13,2
R-HSA-5578775,Ion homeostasis,2/269,25/4507,0.08,1.3403717472119,0.429911279476823,0.445021483144274,0.999990971266592,0.997526153735559,SLC8A3/RYR3,2
R-HSA-9662361,Sensory processing of sound by outer hair cells of the cochlea,2/269,25/4507,0.08,1.3403717472119,0.429911279476823,0.445021483144274,0.999990971266592,0.997526153735559,CDH23/WHRN,2
R-HSA-9824439,Bacterial Infection Pathways,3/269,41/4507,0.0731707317073171,1.22594976879137,0.366130347466912,0.446562410484786,0.999990971266592,0.997526153735559,COL5A3/SYT2/COL4A3,3
R-HSA-196741,"Cobalamin (Cbl, vitamin B12) transport and metabolism",1/269,10/4507,0.1,1.67546468401487,0.5386819964569,0.459919732243015,0.999990971266592,0.997526153735559,CUBN,1
R-HSA-202040,G-protein activation,1/269,10/4507,0.1,1.67546468401487,0.5386819964569,0.459919732243015,0.999990971266592,0.997526153735559,GNB3,1
R-HSA-2022857,Keratan sulfate degradation,1/269,10/4507,0.1,1.67546468401487,0.5386819964569,0.459919732243015,0.999990971266592,0.997526153735559,PRELP,1
R-HSA-3296482,Defects in vitamin and cofactor metabolism,1/269,10/4507,0.1,1.67546468401487,0.5386819964569,0.459919732243015,0.999990971266592,0.997526153735559,CUBN,1
R-HSA-388844,Receptor-type tyrosine-protein phosphatases,1/269,10/4507,0.1,1.67546468401487,0.5386819964569,0.459919732243015,0.999990971266592,0.997526153735559,LRRC4B,1
R-HSA-392851,Prostacyclin signalling through prostacyclin receptor,1/269,10/4507,0.1,1.67546468401487,0.5386819964569,0.459919732243015,0.999990971266592,0.997526153735559,GNB3,1
R-HSA-400685,Sema4D in semaphorin signaling,1/269,10/4507,0.1,1.67546468401487,0.5386819964569,0.459919732243015,0.999990971266592,0.997526153735559,MYH11,1
R-HSA-418038,Nucleotide-like (purinergic) receptors,1/269,10/4507,0.1,1.67546468401487,0.5386819964569,0.459919732243015,0.999990971266592,0.997526153735559,P2RY11,1
R-HSA-420029,Tight junction interactions,1/269,10/4507,0.1,1.67546468401487,0.5386819964569,0.459919732243015,0.999990971266592,0.997526153735559,CLDN15,1
R-HSA-8864260,Transcriptional regulation by the AP-2 (TFAP2) family of transcription factors,1/269,10/4507,0.1,1.67546468401487,0.5386819964569,0.459919732243015,0.999990971266592,0.997526153735559,CDKN1A,1
R-HSA-9613829,Chaperone Mediated Autophagy,1/269,10/4507,0.1,1.67546468401487,0.5386819964569,0.459919732243015,0.999990971266592,0.997526153735559,CFTR,1
R-HSA-9617324,Negative regulation of NMDA receptor-mediated neuronal transmission,1/269,10/4507,0.1,1.67546468401487,0.5386819964569,0.459919732243015,0.999990971266592,0.997526153735559,GRIN2D,1
R-HSA-9617828,FOXO-mediated transcription of cell cycle genes,1/269,10/4507,0.1,1.67546468401487,0.5386819964569,0.459919732243015,0.999990971266592,0.997526153735559,CDKN1A,1
R-HSA-9706369,Negative regulation of FLT3,1/269,10/4507,0.1,1.67546468401487,0.5386819964569,0.459919732243015,0.999990971266592,0.997526153735559,SLA2,1
R-HSA-9717207,"Sensory perception of sweet, bitter, and umami (glutamate) taste",1/269,10/4507,0.1,1.67546468401487,0.5386819964569,0.459919732243015,0.999990971266592,0.997526153735559,GNB3,1
R-HSA-9818027,NFE2L2 regulating anti-oxidant/detoxification enzymes,1/269,10/4507,0.1,1.67546468401487,0.5386819964569,0.459919732243015,0.999990971266592,0.997526153735559,SOD3,1
R-HSA-9856532,Mechanical load activates signaling by PIEZO1 and integrins in osteocytes,1/269,10/4507,0.1,1.67546468401487,0.5386819964569,0.459919732243015,0.999990971266592,0.997526153735559,CACNB2,1
R-HSA-442755,Activation of NMDA receptors and postsynaptic events,3/269,42/4507,0.0714285714285714,1.19676048858205,0.322732768419116,0.462457674746306,0.999990971266592,0.997526153735559,GRIA3/GRIN2D/GRIN3A,3
R-HSA-451927,Interleukin-2 family signaling,2/269,26/4507,0.0769230769230769,1.28881898770375,0.372062757966282,0.465422592328124,0.999990971266592,0.997526153735559,LGALS9/HAVCR2,2
R-HSA-5678895,Defective CFTR causes cystic fibrosis,2/269,26/4507,0.0769230769230769,1.28881898770375,0.372062757966282,0.465422592328124,0.999990971266592,0.997526153735559,OS9/CFTR,2
R-HSA-9013409,RHOJ GTPase cycle,2/269,26/4507,0.0769230769230769,1.28881898770375,0.372062757966282,0.465422592328124,0.999990971266592,0.997526153735559,WAS/STOM,2
R-HSA-76005,Response to elevated platelet cytosolic Ca2+,4/269,59/4507,0.0677966101694915,1.13590826034906,0.264716326538058,0.472096695984447,0.999990971266592,0.997526153735559,SERPING1/ITIH4/PSAP/SELP,4
R-HSA-382556,ABC-family proteins mediated transport,3/269,43/4507,0.0697674418604651,1.1689288493127,0.280393031537598,0.478153402711777,0.999990971266592,0.997526153735559,OS9/ABCC3/CFTR,3
R-HSA-9820952,Respiratory Syncytial Virus Infection Pathway,3/269,43/4507,0.0697674418604651,1.1689288493127,0.280393031537598,0.478153402711777,0.999990971266592,0.997526153735559,STAT2/TYK2/CD14,3
R-HSA-5668914,Diseases of metabolism,8/269,126/4507,0.0634920634920635,1.06378710096182,0.182945936655086,0.481651011197437,0.999990971266592,0.997526153735559,NOTCH4/SEMA5B/CYP26B1/CUBN/MUC20/HYAL1/PRELP/ALDOB,8
R-HSA-9694516,SARS-CoV-2 Infection,8/269,126/4507,0.0634920634920635,1.06378710096182,0.182945936655086,0.481651011197437,0.999990971266592,0.997526153735559,STING1/STAT2/HLA-E/TYK2/TRIM4/RPS27L/ATG14/HLA-C,8
R-HSA-9843940,Regulation of endogenous retroelements by KRAB-ZFP proteins,2/269,27/4507,0.0740740740740741,1.24108495112213,0.316522242900752,0.485375523607921,0.999990971266592,0.997526153735559,CHD3/ZNF418,2
R-HSA-418594,G alpha (i) signalling events,7/269,110/4507,0.0636363636363636,1.06620479891855,0.177091957351242,0.487468317035317,0.999990971266592,0.997526153735559,PDE1B/OXER1/GNB3/PNOC/CXCL12/PSAP/C5AR1,7
R-HSA-109704,PI3K Cascade,1/269,11/4507,0.0909090909090909,1.52314971274079,0.437623303310195,0.492226068028345,0.999990971266592,0.997526153735559,TLR9,1
R-HSA-2691230,Signaling by NOTCH1 HD Domain Mutants in Cancer,1/269,11/4507,0.0909090909090909,1.52314971274079,0.437623303310195,0.492226068028345,0.999990971266592,0.997526153735559,DLL1,1
R-HSA-2691232,Constitutive Signaling by NOTCH1 HD Domain Mutants,1/269,11/4507,0.0909090909090909,1.52314971274079,0.437623303310195,0.492226068028345,0.999990971266592,0.997526153735559,DLL1,1
R-HSA-392154,Nitric oxide stimulates guanylate cyclase,1/269,11/4507,0.0909090909090909,1.52314971274079,0.437623303310195,0.492226068028345,0.999990971266592,0.997526153735559,PDE1B,1
R-HSA-3928663,EPHA-mediated growth cone collapse,1/269,11/4507,0.0909090909090909,1.52314971274079,0.437623303310195,0.492226068028345,0.999990971266592,0.997526153735559,MYH11,1
R-HSA-418592,ADP signalling through P2Y purinoceptor 1,1/269,11/4507,0.0909090909090909,1.52314971274079,0.437623303310195,0.492226068028345,0.999990971266592,0.997526153735559,GNB3,1
R-HSA-425397,"Transport of vitamins, nucleosides, and related molecules",1/269,11/4507,0.0909090909090909,1.52314971274079,0.437623303310195,0.492226068028345,0.999990971266592,0.997526153735559,SLC28A3,1
R-HSA-5620971,Pyroptosis,1/269,11/4507,0.0909090909090909,1.52314971274079,0.437623303310195,0.492226068028345,0.999990971266592,0.997526153735559,IRF1,1
R-HSA-8949215,Mitochondrial calcium ion transport,1/269,11/4507,0.0909090909090909,1.52314971274079,0.437623303310195,0.492226068028345,0.999990971266592,0.997526153735559,SLC8A3,1
R-HSA-9659787,Aberrant regulation of mitotic G1/S transition in cancer due to RB1 defects,1/269,11/4507,0.0909090909090909,1.52314971274079,0.437623303310195,0.492226068028345,0.999990971266592,0.997526153735559,CDKN1A,1
R-HSA-9661069,"Defective binding of RB1 mutants to E2F1,(E2F2, E2F3)",1/269,11/4507,0.0909090909090909,1.52314971274079,0.437623303310195,0.492226068028345,0.999990971266592,0.997526153735559,CDKN1A,1
R-HSA-9680350,Signaling by CSF1 (M-CSF) in myeloid cells,1/269,11/4507,0.0909090909090909,1.52314971274079,0.437623303310195,0.492226068028345,0.999990971266592,0.997526153735559,PLCG2,1
R-HSA-9735869,SARS-CoV-1 modulates host translation machinery,1/269,11/4507,0.0909090909090909,1.52314971274079,0.437623303310195,0.492226068028345,0.999990971266592,0.997526153735559,RPS27L,1
R-HSA-9825892,Regulation of MITF-M-dependent genes involved in cell cycle and proliferation,1/269,11/4507,0.0909090909090909,1.52314971274079,0.437623303310195,0.492226068028345,0.999990971266592,0.997526153735559,CDKN1A,1
R-HSA-9931295,PD-L1(CD274) glycosylation and translocation to plasma membrane,1/269,11/4507,0.0909090909090909,1.52314971274079,0.437623303310195,0.492226068028345,0.999990971266592,0.997526153735559,PDCD1,1
R-HSA-2219528,PI3K/AKT Signaling in Cancer,3/269,44/4507,0.0681818181818182,1.14236228455559,0.239055698710062,0.493633878703773,0.999990971266592,0.997526153735559,PIK3CG/CDKN1A/CD28,3
R-HSA-2672351,Stimuli-sensing channels,3/269,44/4507,0.0681818181818182,1.14236228455559,0.239055698710062,0.493633878703773,0.999990971266592,0.997526153735559,UNC79/STOM/RYR3,3
R-HSA-9013423,RAC3 GTPase cycle,3/269,44/4507,0.0681818181818182,1.14236228455559,0.239055698710062,0.493633878703773,0.999990971266592,0.997526153735559,ARAP3/NCKAP1L/ARHGAP6,3
R-HSA-71387,Metabolism of carbohydrates and carbohydrate derivatives,10/269,161/4507,0.062111801242236,1.04066129441917,0.132355055494102,0.49608738559818,0.999990971266592,0.997526153735559,SLC9A1/MAN2B2/ABO/PYGM/FBP1/HYAL1/CHST13/HS3ST2/PRELP/ALDOB,10
R-HSA-193648,NRAGE signals death through JNK,2/269,28/4507,0.0714285714285714,1.19676048858205,0.263098053036085,0.504860979360053,0.999990971266592,0.997526153735559,PLEKHG2/ARHGEF18,2
R-HSA-8943724,Regulation of PTEN gene transcription,2/269,28/4507,0.0714285714285714,1.19676048858205,0.263098053036085,0.504860979360053,0.999990971266592,0.997526153735559,CHD3/EGR1,2
R-HSA-9614085,FOXO-mediated transcription,2/269,28/4507,0.0714285714285714,1.19676048858205,0.263098053036085,0.504860979360053,0.999990971266592,0.997526153735559,BCL6/CDKN1A,2
R-HSA-1296072,Voltage gated Potassium channels,1/269,12/4507,0.0833333333333333,1.39622057001239,0.346221513797145,0.52260667027487,0.999990971266592,0.997526153735559,KCNH4,1
R-HSA-140877,Formation of Fibrin Clot (Clotting Cascade),1/269,12/4507,0.0833333333333333,1.39622057001239,0.346221513797145,0.52260667027487,0.999990971266592,0.997526153735559,SERPING1,1
R-HSA-416700,Other semaphorin interactions,1/269,12/4507,0.0833333333333333,1.39622057001239,0.346221513797145,0.52260667027487,0.999990971266592,0.997526153735559,SEMA6D,1
R-HSA-427359,SIRT1 negatively regulates rRNA expression,1/269,12/4507,0.0833333333333333,1.39622057001239,0.346221513797145,0.52260667027487,0.999990971266592,0.997526153735559,TAF1C,1
R-HSA-428930,Thromboxane signalling through TP receptor,1/269,12/4507,0.0833333333333333,1.39622057001239,0.346221513797145,0.52260667027487,0.999990971266592,0.997526153735559,GNB3,1
R-HSA-442982,Ras activation upon Ca2+ influx through NMDA receptor,1/269,12/4507,0.0833333333333333,1.39622057001239,0.346221513797145,0.52260667027487,0.999990971266592,0.997526153735559,GRIN2D,1
R-HSA-73863,RNA Polymerase I Transcription Termination,1/269,12/4507,0.0833333333333333,1.39622057001239,0.346221513797145,0.52260667027487,0.999990971266592,0.997526153735559,TAF1C,1
R-HSA-9674555,Signaling by CSF3 (G-CSF),1/269,12/4507,0.0833333333333333,1.39622057001239,0.346221513797145,0.52260667027487,0.999990971266592,0.997526153735559,TYK2,1
R-HSA-9705462,Inactivation of CSF3 (G-CSF) signaling,1/269,12/4507,0.0833333333333333,1.39622057001239,0.346221513797145,0.52260667027487,0.999990971266592,0.997526153735559,TYK2,1
R-HSA-9932444,ATP-dependent chromatin remodelers,1/269,12/4507,0.0833333333333333,1.39622057001239,0.346221513797145,0.52260667027487,0.999990971266592,0.997526153735559,BICRA,1
R-HSA-9932451,SWI/SNF chromatin remodelers,1/269,12/4507,0.0833333333333333,1.39622057001239,0.346221513797145,0.52260667027487,0.999990971266592,0.997526153735559,BICRA,1
R-HSA-72165,mRNA Splicing - Minor Pathway,2/269,29/4507,0.0689655172413793,1.1554928855275,0.211620986608311,0.523863540361461,0.999990971266592,0.997526153735559,POLR2A/ZRSR2,2
R-HSA-193704,p75 NTR receptor-mediated signalling,3/269,46/4507,0.0652173913043478,1.09269435914013,0.15918691559896,0.523893860522062,0.999990971266592,0.997526153735559,PLEKHG2/ARHGEF18/OMG,3
R-HSA-9856651,MITF-M-dependent gene expression,3/269,46/4507,0.0652173913043478,1.09269435914013,0.15918691559896,0.523893860522062,0.999990971266592,0.997526153735559,CDKN1A/IRF4/USF1,3
R-HSA-2132295,MHC class II antigen presentation,3/269,47/4507,0.0638297872340426,1.06944554298821,0.120563857525753,0.538649384885929,0.999990971266592,0.997526153735559,DNM1/LGMN/IFI30,3
R-HSA-9824446,Viral Infection Pathways,19/269,319/4507,0.0595611285266458,0.997925673864656,-0.00968189351456207,0.540428802424446,0.999990971266592,0.997526153735559,STING1/STAT2/HLA-E/TYK2/BLNK/CHD3/ELMO1/CD28/CD4/POLR2A/TLR9/PDCD1/PLCG2/TRIM4/RPS27L/CD8B/CD14/ATG14/HLA-C,19
R-HSA-1226099,Signaling by FGFR in disease,2/269,30/4507,0.0666666666666667,1.11697645600991,0.161940992727495,0.542371274577398,0.999990971266592,0.997526153735559,POLR2A/CNTRL,2
R-HSA-2219530,Constitutive Signaling by Aberrant PI3K in Cancer,2/269,30/4507,0.0666666666666667,1.11697645600991,0.161940992727495,0.542371274577398,0.999990971266592,0.997526153735559,PIK3CG/CD28,2
R-HSA-6796648,TP53 Regulates Transcription of DNA Repair Genes,2/269,30/4507,0.0666666666666667,1.11697645600991,0.161940992727495,0.542371274577398,0.999990971266592,0.997526153735559,DDB2/POLR2A,2
R-HSA-73854,RNA Polymerase I Promoter Clearance,2/269,30/4507,0.0666666666666667,1.11697645600991,0.161940992727495,0.542371274577398,0.999990971266592,0.997526153735559,CHD3/TAF1C,2
R-HSA-73864,RNA Polymerase I Transcription,2/269,30/4507,0.0666666666666667,1.11697645600991,0.161940992727495,0.542371274577398,0.999990971266592,0.997526153735559,CHD3/TAF1C,2
R-HSA-9013406,RHOQ GTPase cycle,2/269,30/4507,0.0666666666666667,1.11697645600991,0.161940992727495,0.542371274577398,0.999990971266592,0.997526153735559,STOM/CFTR,2
R-HSA-112409,RAF-independent MAPK1/3 activation,1/269,13/4507,0.0769230769230769,1.28881898770375,0.262707300088783,0.551175926269544,0.999990971266592,0.997526153735559,TYK2,1
R-HSA-196807,Nicotinate metabolism,1/269,13/4507,0.0769230769230769,1.28881898770375,0.262707300088783,0.551175926269544,0.999990971266592,0.997526153735559,BST1,1
R-HSA-420092,Glucagon-type ligand receptors,1/269,13/4507,0.0769230769230769,1.28881898770375,0.262707300088783,0.551175926269544,0.999990971266592,0.997526153735559,GNB3,1
R-HSA-525793,Myogenesis,1/269,13/4507,0.0769230769230769,1.28881898770375,0.262707300088783,0.551175926269544,0.999990971266592,0.997526153735559,MEF2B,1
R-HSA-5339562,Uptake and actions of bacterial toxins,1/269,13/4507,0.0769230769230769,1.28881898770375,0.262707300088783,0.551175926269544,0.999990971266592,0.997526153735559,SYT2,1
R-HSA-5633008,TP53 Regulates Transcription of Cell Death Genes,1/269,13/4507,0.0769230769230769,1.28881898770375,0.262707300088783,0.551175926269544,0.999990971266592,0.997526153735559,BCL6,1
R-HSA-5655302,Signaling by FGFR1 in disease,1/269,13/4507,0.0769230769230769,1.28881898770375,0.262707300088783,0.551175926269544,0.999990971266592,0.997526153735559,CNTRL,1
R-HSA-9013695,NOTCH4 Intracellular Domain Regulates Transcription,1/269,13/4507,0.0769230769230769,1.28881898770375,0.262707300088783,0.551175926269544,0.999990971266592,0.997526153735559,NOTCH4,1
R-HSA-9830369,Kidney development,1/269,13/4507,0.0769230769230769,1.28881898770375,0.262707300088783,0.551175926269544,0.999990971266592,0.997526153735559,DLL1,1
R-HSA-1483206,Glycerophospholipid biosynthesis,3/269,48/4507,0.0625,1.04716542750929,0.0827593203220613,0.55314155953245,0.999990971266592,0.997526153735559,TMEM86B/MIGA2/PLA2G4C,3
R-HSA-6807878,COPI-mediated anterograde transport,3/269,48/4507,0.0625,1.04716542750929,0.0827593203220613,0.55314155953245,0.999990971266592,0.997526153735559,NAPB/GOLGB1/COPZ2,3
R-HSA-159236,Transport of Mature mRNA derived from an Intron-Containing Transcript,2/269,31/4507,0.0645161290322581,1.08094495742895,0.11392443003776,0.560375378553065,0.999990971266592,0.997526153735559,NXF1/U2AF1L4,2
R-HSA-5250913,Positive epigenetic regulation of rRNA expression,2/269,31/4507,0.0645161290322581,1.08094495742895,0.11392443003776,0.560375378553065,0.999990971266592,0.997526153735559,CHD3/TAF1C,2
R-HSA-381119,Unfolded Protein Response (UPR),3/269,49/4507,0.0612244897959184,1.0257947044989,0.0457351199510272,0.56736171533877,0.999990971266592,0.997526153735559,TSPYL2/SYVN1/CXXC1,3
R-HSA-5621481,C-type lectin receptors (CLRs),3/269,49/4507,0.0612244897959184,1.0257947044989,0.0457351199510272,0.56736171533877,0.999990971266592,0.997526153735559,MAP3K14/PLCG2/MUC20,3
R-HSA-9709957,Sensory Perception,6/269,102/4507,0.0588235294117647,0.985567461185218,-0.0371416438440808,0.575565842641092,0.999990971266592,0.997526153735559,GNB3/CDH23/DHRS3/WHRN/OR13A1/CACNB2,6
R-HSA-1660499,Synthesis of PIPs at the plasma membrane,2/269,32/4507,0.0625,1.04716542750929,0.0674517935501578,0.577869848933174,0.999990971266592,0.997526153735559,PIK3CG/SYNJ1,2
R-HSA-168928,DDX58/IFIH1-mediated induction of interferon-alpha/beta,2/269,32/4507,0.0625,1.04716542750929,0.0674517935501578,0.577869848933174,0.999990971266592,0.997526153735559,UBA7/TRIM4,2
R-HSA-2022854,Keratan sulfate biosynthesis,1/269,14/4507,0.0714285714285714,1.19676048858205,0.185748347318776,0.578041452712244,0.999990971266592,0.997526153735559,PRELP,1
R-HSA-2022870,CS-GAG biosynthesis,1/269,14/4507,0.0714285714285714,1.19676048858205,0.185748347318776,0.578041452712244,0.999990971266592,0.997526153735559,CHST13,1
R-HSA-2024101,CS/DS degradation,1/269,14/4507,0.0714285714285714,1.19676048858205,0.185748347318776,0.578041452712244,0.999990971266592,0.997526153735559,HYAL1,1
R-HSA-211976,Endogenous sterols,1/269,14/4507,0.0714285714285714,1.19676048858205,0.185748347318776,0.578041452712244,0.999990971266592,0.997526153735559,CYP46A1,1
R-HSA-3000170,Syndecan interactions,1/269,14/4507,0.0714285714285714,1.19676048858205,0.185748347318776,0.578041452712244,0.999990971266592,0.997526153735559,COL5A3,1
R-HSA-350054,Notch-HLH transcription pathway,1/269,14/4507,0.0714285714285714,1.19676048858205,0.185748347318776,0.578041452712244,0.999990971266592,0.997526153735559,NOTCH4,1
R-HSA-392518,Signal amplification,1/269,14/4507,0.0714285714285714,1.19676048858205,0.185748347318776,0.578041452712244,0.999990971266592,0.997526153735559,GNB3,1
R-HSA-5579029,Metabolic disorders of biological oxidation enzymes,1/269,14/4507,0.0714285714285714,1.19676048858205,0.185748347318776,0.578041452712244,0.999990971266592,0.997526153735559,CYP26B1,1
R-HSA-5674400,Constitutive Signaling by AKT1 E17K in Cancer,1/269,14/4507,0.0714285714285714,1.19676048858205,0.185748347318776,0.578041452712244,0.999990971266592,0.997526153735559,CDKN1A,1
R-HSA-5689896,Ovarian tumor domain proteases,1/269,14/4507,0.0714285714285714,1.19676048858205,0.185748347318776,0.578041452712244,0.999990971266592,0.997526153735559,TRIM4,1
R-HSA-5694530,Cargo concentration in the ER,1/269,14/4507,0.0714285714285714,1.19676048858205,0.185748347318776,0.578041452712244,0.999990971266592,0.997526153735559,COL7A1,1
R-HSA-8851708,Signaling by FGFR2 IIIa TM,1/269,14/4507,0.0714285714285714,1.19676048858205,0.185748347318776,0.578041452712244,0.999990971266592,0.997526153735559,POLR2A,1
R-HSA-9687139,Aberrant regulation of mitotic cell cycle due to RB1 defects,1/269,14/4507,0.0714285714285714,1.19676048858205,0.185748347318776,0.578041452712244,0.999990971266592,0.997526153735559,CDKN1A,1
R-HSA-9717189,Sensory perception of taste,1/269,14/4507,0.0714285714285714,1.19676048858205,0.185748347318776,0.578041452712244,0.999990971266592,0.997526153735559,GNB3,1
R-HSA-9753281,Paracetamol ADME,1/269,14/4507,0.0714285714285714,1.19676048858205,0.185748347318776,0.578041452712244,0.999990971266592,0.997526153735559,ABCC3,1
R-HSA-389948,Co-inhibition by PD-1,5/269,85/4507,0.0588235294117647,0.985567461185218,-0.0338402907217662,0.579706764552618,0.999990971266592,0.997526153735559,CD4/OS9/PDCD1/CD3G/IRF1,5
R-HSA-9843745,Adipogenesis,3/269,50/4507,0.06,1.00527881040892,0.00945564169486802,0.581302389831981,0.999990971266592,0.997526153735559,EGR2/CHD3/CEBPA,3
R-HSA-1483249,Inositol phosphate metabolism,2/269,33/4507,0.0606060606060606,1.01543314182719,0.0224158176407175,0.594851181811199,0.999990971266592,0.997526153735559,PLCG2/SYNJ1,2
R-HSA-202424,Downstream TCR signaling,2/269,33/4507,0.0606060606060606,1.01543314182719,0.0224158176407175,0.594851181811199,0.999990971266592,0.997526153735559,CD4/CD3G,2
R-HSA-373755,Semaphorin interactions,2/269,33/4507,0.0606060606060606,1.01543314182719,0.0224158176407175,0.594851181811199,0.999990971266592,0.997526153735559,MYH11/SEMA6D,2
R-HSA-5619084,ABC transporter disorders,2/269,33/4507,0.0606060606060606,1.01543314182719,0.0224158176407175,0.594851181811199,0.999990971266592,0.997526153735559,OS9/CFTR,2
R-HSA-5173105,O-linked glycosylation,3/269,51/4507,0.0588235294117647,0.985567461185218,-0.0261123818910616,0.594957260167279,0.999990971266592,0.997526153735559,SEMA5B/MUC20/GALNT15,3
R-HSA-111933,Calmodulin induced events,1/269,15/4507,0.0666666666666667,1.11697645600991,0.11431822505252,0.603304495049303,0.999990971266592,0.997526153735559,PDE1B,1
R-HSA-111997,CaM pathway,1/269,15/4507,0.0666666666666667,1.11697645600991,0.11431822505252,0.603304495049303,0.999990971266592,0.997526153735559,PDE1B,1
R-HSA-112399,IRS-mediated signalling,1/269,15/4507,0.0666666666666667,1.11697645600991,0.11431822505252,0.603304495049303,0.999990971266592,0.997526153735559,TLR9,1
R-HSA-1660661,Sphingolipid de novo biosynthesis,1/269,15/4507,0.0666666666666667,1.11697645600991,0.11431822505252,0.603304495049303,0.999990971266592,0.997526153735559,PRKD2,1
R-HSA-2022928,HS-GAG biosynthesis,1/269,15/4507,0.0666666666666667,1.11697645600991,0.11431822505252,0.603304495049303,0.999990971266592,0.997526153735559,HS3ST2,1
R-HSA-2559586,DNA Damage/Telomere Stress Induced Senescence,1/269,15/4507,0.0666666666666667,1.11697645600991,0.11431822505252,0.603304495049303,0.999990971266592,0.997526153735559,CDKN1A,1
R-HSA-375280,Amine ligand-binding receptors,1/269,15/4507,0.0666666666666667,1.11697645600991,0.11431822505252,0.603304495049303,0.999990971266592,0.997526153735559,HRH2,1
R-HSA-3769402,Deactivation of the beta-catenin transactivating complex,1/269,15/4507,0.0666666666666667,1.11697645600991,0.11431822505252,0.603304495049303,0.999990971266592,0.997526153735559,SOX7,1
R-HSA-451326,Activation of kainate receptors upon glutamate binding,1/269,15/4507,0.0666666666666667,1.11697645600991,0.11431822505252,0.603304495049303,0.999990971266592,0.997526153735559,GNB3,1
R-HSA-76009,Platelet Aggregation (Plug Formation),1/269,15/4507,0.0666666666666667,1.11697645600991,0.11431822505252,0.603304495049303,0.999990971266592,0.997526153735559,MPL,1
R-HSA-8978934,Metabolism of cofactors,1/269,15/4507,0.0666666666666667,1.11697645600991,0.11431822505252,0.603304495049303,0.999990971266592,0.997526153735559,GCH1,1
R-HSA-8982491,Glycogen metabolism,1/269,15/4507,0.0666666666666667,1.11697645600991,0.11431822505252,0.603304495049303,0.999990971266592,0.997526153735559,PYGM,1
R-HSA-9013507,NOTCH3 Activation and Transmission of Signal to the Nucleus,1/269,15/4507,0.0666666666666667,1.11697645600991,0.11431822505252,0.603304495049303,0.999990971266592,0.997526153735559,DLL1,1
R-HSA-9675126,Diseases of mitotic cell cycle,1/269,15/4507,0.0666666666666667,1.11697645600991,0.11431822505252,0.603304495049303,0.999990971266592,0.997526153735559,CDKN1A,1
R-HSA-9692916,SARS-CoV-1 activates/modulates innate immune responses,1/269,15/4507,0.0666666666666667,1.11697645600991,0.11431822505252,0.603304495049303,0.999990971266592,0.997526153735559,STING1,1
R-HSA-9917777,Epigenetic regulation by WDR5-containing histone modifying complexes,3/269,52/4507,0.0576923076923077,0.96661424077781,-0.061000069815492,0.608321077088971,0.999990971266592,0.997526153735559,BOD1L1/CEBPA/CXXC1,3
R-HSA-5607764,CLEC7A (Dectin-1) signaling,2/269,34/4507,0.0588235294117647,0.985567461185218,-0.0212801164945213,0.611318097775585,0.999990971266592,0.997526153735559,MAP3K14/PLCG2,2
R-HSA-9013149,RAC1 GTPase cycle,6/269,106/4507,0.0566037735849057,0.948376236234832,-0.135493409273719,0.613793659040721,0.999990971266592,0.997526153735559,ARAP3/NCKAP1L/WAS/PLEKHG2/ARHGEF18/ARHGAP23,6
R-HSA-3781865,Diseases of glycosylation,4/269,71/4507,0.0563380281690141,0.94392376564218,-0.119978521343222,0.620283217921879,0.999990971266592,0.997526153735559,NOTCH4/SEMA5B/MUC20/PRELP,4
R-HSA-9755511,KEAP1-NFE2L2 pathway,3/269,53/4507,0.0566037735849057,0.948376236234832,-0.0952365711063568,0.621389600152577,0.999990971266592,0.997526153735559,SOD3/CDKN1A/ABCC3,3
R-HSA-111996,Ca-dependent events,1/269,16/4507,0.0625,1.04716542750929,0.0476105826754459,0.627060303337757,0.999990971266592,0.997526153735559,PDE1B,1
R-HSA-1251985,Nuclear signaling by ERBB4,1/269,16/4507,0.0625,1.04716542750929,0.0476105826754459,0.627060303337757,0.999990971266592,0.997526153735559,CXCL12,1
R-HSA-1483166,Synthesis of PA,1/269,16/4507,0.0625,1.04716542750929,0.0476105826754459,0.627060303337757,0.999990971266592,0.997526153735559,MIGA2,1
R-HSA-1614635,Sulfur amino acid metabolism,1/269,16/4507,0.0625,1.04716542750929,0.0476105826754459,0.627060303337757,0.999990971266592,0.997526153735559,CSAD,1
R-HSA-163359,Glucagon signaling in metabolic regulation,1/269,16/4507,0.0625,1.04716542750929,0.0476105826754459,0.627060303337757,0.999990971266592,0.997526153735559,GNB3,1
R-HSA-190828,Gap junction trafficking,1/269,16/4507,0.0625,1.04716542750929,0.0476105826754459,0.627060303337757,0.999990971266592,0.997526153735559,DNM1,1
R-HSA-2428924,IGF1R signaling cascade,1/269,16/4507,0.0625,1.04716542750929,0.0476105826754459,0.627060303337757,0.999990971266592,0.997526153735559,TLR9,1
R-HSA-2428928,IRS-related events triggered by IGF1R,1/269,16/4507,0.0625,1.04716542750929,0.0476105826754459,0.627060303337757,0.999990971266592,0.997526153735559,TLR9,1
R-HSA-2979096,NOTCH2 Activation and Transmission of Signal to the Nucleus,1/269,16/4507,0.0625,1.04716542750929,0.0476105826754459,0.627060303337757,0.999990971266592,0.997526153735559,DLL1,1
R-HSA-352230,Amino acid transport across the plasma membrane,1/269,16/4507,0.0625,1.04716542750929,0.0476105826754459,0.627060303337757,0.999990971266592,0.997526153735559,SLC36A1,1
R-HSA-442742,CREB1 phosphorylation through NMDA receptor-mediated activation of RAS signaling,1/269,16/4507,0.0625,1.04716542750929,0.0476105826754459,0.627060303337757,0.999990971266592,0.997526153735559,GRIN2D,1
R-HSA-456926,Thrombin signalling through proteinase activated receptors (PARs),1/269,16/4507,0.0625,1.04716542750929,0.0476105826754459,0.627060303337757,0.999990971266592,0.997526153735559,GNB3,1
R-HSA-5576892,Phase 0 - rapid depolarisation,1/269,16/4507,0.0625,1.04716542750929,0.0476105826754459,0.627060303337757,0.999990971266592,0.997526153735559,CACNB2,1
R-HSA-71403,Citric acid cycle (TCA cycle),1/269,16/4507,0.0625,1.04716542750929,0.0476105826754459,0.627060303337757,0.999990971266592,0.997526153735559,ISCU,1
R-HSA-74751,Insulin receptor signalling cascade,1/269,16/4507,0.0625,1.04716542750929,0.0476105826754459,0.627060303337757,0.999990971266592,0.997526153735559,TLR9,1
R-HSA-8956319,Nucleotide catabolism,1/269,16/4507,0.0625,1.04716542750929,0.0476105826754459,0.627060303337757,0.999990971266592,0.997526153735559,SAMHD1,1
R-HSA-9615710,Late endosomal microautophagy,1/269,16/4507,0.0625,1.04716542750929,0.0476105826754459,0.627060303337757,0.999990971266592,0.997526153735559,CFTR,1
R-HSA-9696273,RND1 GTPase cycle,1/269,16/4507,0.0625,1.04716542750929,0.0476105826754459,0.627060303337757,0.999990971266592,0.997526153735559,VANGL2,1
R-HSA-9754678,SARS-CoV-2 modulates host translation machinery,1/269,16/4507,0.0625,1.04716542750929,0.0476105826754459,0.627060303337757,0.999990971266592,0.997526153735559,RPS27L,1
R-HSA-9913351,Formation of the dystrophin-glycoprotein complex (DGC),1/269,16/4507,0.0625,1.04716542750929,0.0476105826754459,0.627060303337757,0.999990971266592,0.997526153735559,DRP2,1
R-HSA-204005,COPII-mediated vesicle transport,2/269,35/4507,0.0571428571428571,0.95740839086564,-0.0637233252745476,0.627271290674194,0.999990971266592,0.997526153735559,NAPB/COL7A1,2
R-HSA-204998,"Cell death signalling via NRAGE, NRIF and NADE",2/269,35/4507,0.0571428571428571,0.95740839086564,-0.0637233252745476,0.627271290674194,0.999990971266592,0.997526153735559,PLEKHG2/ARHGEF18,2
R-HSA-381340,Transcriptional regulation of white adipocyte differentiation,2/269,35/4507,0.0571428571428571,0.95740839086564,-0.0637233252745476,0.627271290674194,0.999990971266592,0.997526153735559,EGR2/CEBPA,2
R-HSA-4086400,PCP/CE pathway,2/269,35/4507,0.0571428571428571,0.95740839086564,-0.0637233252745476,0.627271290674194,0.999990971266592,0.997526153735559,ROR2/VANGL2,2
R-HSA-72202,Transport of Mature Transcript to Cytoplasm,2/269,35/4507,0.0571428571428571,0.95740839086564,-0.0637233252745476,0.627271290674194,0.999990971266592,0.997526153735559,NXF1/U2AF1L4,2
R-HSA-9692914,SARS-CoV-1-host interactions,2/269,35/4507,0.0571428571428571,0.95740839086564,-0.0637233252745476,0.627271290674194,0.999990971266592,0.997526153735559,STING1/RPS27L,2
R-HSA-9711097,Cellular response to starvation,3/269,54/4507,0.0555555555555556,0.930813713341594,-0.128849225319407,0.634159534440727,0.999990971266592,0.997526153735559,SZT2/FLCN/RPS27L,3
R-HSA-9018519,Estrogen-dependent gene expression,3/269,55/4507,0.0545454545454545,0.913889827644474,-0.161863707205196,0.646628468964911,0.999990971266592,0.997526153735559,POLR2A/CXCL12/USF1,3
R-HSA-1236978,Cross-presentation of soluble exogenous antigens (endosomes),1/269,17/4507,0.0588235294117647,0.985567461185218,-0.0150188016554382,0.649398486014698,0.999990971266592,0.997526153735559,PSMB10,1
R-HSA-159227,Transport of the SLBP independent Mature mRNA,1/269,17/4507,0.0588235294117647,0.985567461185218,-0.0150188016554382,0.649398486014698,0.999990971266592,0.997526153735559,NXF1,1
R-HSA-167160,RNA Pol II CTD phosphorylation and interaction with CE during HIV infection,1/269,17/4507,0.0588235294117647,0.985567461185218,-0.0150188016554382,0.649398486014698,0.999990971266592,0.997526153735559,POLR2A,1
R-HSA-167242,Abortive elongation of HIV-1 transcript in the absence of Tat,1/269,17/4507,0.0588235294117647,0.985567461185218,-0.0150188016554382,0.649398486014698,0.999990971266592,0.997526153735559,POLR2A,1
R-HSA-180534,Vpu mediated degradation of CD4,1/269,17/4507,0.0588235294117647,0.985567461185218,-0.0150188016554382,0.649398486014698,0.999990971266592,0.997526153735559,CD4,1
R-HSA-2404192,Signaling by Type 1 Insulin-like Growth Factor 1 Receptor (IGF1R),1/269,17/4507,0.0588235294117647,0.985567461185218,-0.0150188016554382,0.649398486014698,0.999990971266592,0.997526153735559,TLR9,1
R-HSA-390522,Striated Muscle Contraction,1/269,17/4507,0.0588235294117647,0.985567461185218,-0.0150188016554382,0.649398486014698,0.999990971266592,0.997526153735559,MYH3,1
R-HSA-427389,ERCC6 (CSB) and EHMT2 (G9a) positively regulate rRNA expression,1/269,17/4507,0.0588235294117647,0.985567461185218,-0.0150188016554382,0.649398486014698,0.999990971266592,0.997526153735559,CHD3,1
R-HSA-5696395,Formation of Incision Complex in GG-NER,1/269,17/4507,0.0588235294117647,0.985567461185218,-0.0150188016554382,0.649398486014698,0.999990971266592,0.997526153735559,DDB2,1
R-HSA-6804758,Regulation of TP53 Activity through Acetylation,1/269,17/4507,0.0588235294117647,0.985567461185218,-0.0150188016554382,0.649398486014698,0.999990971266592,0.997526153735559,CHD3,1
R-HSA-6814122,Cooperation of PDCL (PhLP1) and TRiC/CCT in G-protein beta folding,1/269,17/4507,0.0588235294117647,0.985567461185218,-0.0150188016554382,0.649398486014698,0.999990971266592,0.997526153735559,GNB3,1
R-HSA-77075,RNA Pol II CTD phosphorylation and interaction with CE,1/269,17/4507,0.0588235294117647,0.985567461185218,-0.0150188016554382,0.649398486014698,0.999990971266592,0.997526153735559,POLR2A,1
R-HSA-9696264,RND3 GTPase cycle,1/269,17/4507,0.0588235294117647,0.985567461185218,-0.0150188016554382,0.649398486014698,0.999990971266592,0.997526153735559,VANGL2,1
R-HSA-9696270,RND2 GTPase cycle,1/269,17/4507,0.0588235294117647,0.985567461185218,-0.0150188016554382,0.649398486014698,0.999990971266592,0.997526153735559,VANGL2,1
R-HSA-9865881,Complex III assembly,1/269,17/4507,0.0588235294117647,0.985567461185218,-0.0150188016554382,0.649398486014698,0.999990971266592,0.997526153735559,ISCU,1
R-HSA-9924644,Developmental Lineages of the Mammary Gland,1/269,17/4507,0.0588235294117647,0.985567461185218,-0.0150188016554382,0.649398486014698,0.999990971266592,0.997526153735559,MYH11,1
R-HSA-5663202,Diseases of signal transduction by growth factor receptors and second messengers,12/269,217/4507,0.0552995391705069,0.926524249224813,-0.27947084672282,0.653004579111762,0.999990971266592,0.997526153735559,PIK3CG/TYK2/CDKN1A/IL10RA/DLL1/CD28/SYVN1/IRF4/POLR2A/OS9/CNTRL/GOLGB1,12
R-HSA-199977,ER to Golgi Anterograde Transport,4/269,74/4507,0.0540540540540541,0.905656585953984,-0.20614359231932,0.653025318887267,0.999990971266592,0.997526153735559,NAPB/GOLGB1/COL7A1/COPZ2,4
R-HSA-983712,Ion channel transport,4/269,74/4507,0.0540540540540541,0.905656585953984,-0.20614359231932,0.653025318887267,0.999990971266592,0.997526153735559,ATP8B4/UNC79/STOM/RYR3,4
R-HSA-111885,Opioid Signalling,2/269,37/4507,0.0540540540540541,0.905656585953984,-0.145160998268849,0.657647793027326,0.999990971266592,0.997526153735559,PDE1B/GNB3,2
R-HSA-2682334,EPH-Ephrin signaling,2/269,37/4507,0.0540540540540541,0.905656585953984,-0.145160998268849,0.657647793027326,0.999990971266592,0.997526153735559,DNM1/MYH11,2
R-HSA-212165,Epigenetic regulation of gene expression,6/269,111/4507,0.0540540540540541,0.905656585953984,-0.253533582530251,0.658777957903683,0.999990971266592,0.997526153735559,CHD3/BOD1L1/TAF1C/CEBPA/CXXC1/ZNF418,6
R-HSA-166016,Toll Like Receptor 4 (TLR4) Cascade,3/269,56/4507,0.0535714285714286,0.897570366436537,-0.194304157358672,0.658794816909031,0.999990971266592,0.997526153735559,DNM1/PLCG2/CD14,3
R-HSA-196849,Metabolism of water-soluble vitamins and cofactors,3/269,56/4507,0.0535714285714286,0.897570366436537,-0.194304157358672,0.658794816909031,0.999990971266592,0.997526153735559,BST1/CUBN/MOCS1,3
R-HSA-1483257,Phospholipid metabolism,5/269,93/4507,0.0537634408602151,0.900787464524124,-0.243547185988465,0.660130315815612,0.999990971266592,0.997526153735559,PIK3CG/TMEM86B/MIGA2/PLA2G4C/SYNJ1,5
R-HSA-157858,Gap junction trafficking and regulation,1/269,18/4507,0.0555555555555556,0.930813713341594,-0.0740922407615103,0.670403342865934,0.999990971266592,0.997526153735559,DNM1,1
R-HSA-159230,Transport of the SLBP Dependant Mature mRNA,1/269,18/4507,0.0555555555555556,0.930813713341594,-0.0740922407615103,0.670403342865934,0.999990971266592,0.997526153735559,NXF1,1
R-HSA-1839126,FGFR2 mutant receptor activation,1/269,18/4507,0.0555555555555556,0.930813713341594,-0.0740922407615103,0.670403342865934,0.999990971266592,0.997526153735559,POLR2A,1
R-HSA-3214815,HDACs deacetylate histones,1/269,18/4507,0.0555555555555556,0.930813713341594,-0.0740922407615103,0.670403342865934,0.999990971266592,0.997526153735559,CHD3,1
R-HSA-445095,Interaction between L1 and Ankyrins,1/269,18/4507,0.0555555555555556,0.930813713341594,-0.0740922407615103,0.670403342865934,0.999990971266592,0.997526153735559,NFASC,1
R-HSA-5083635,Defective B3GALTL causes PpS,1/269,18/4507,0.0555555555555556,0.930813713341594,-0.0740922407615103,0.670403342865934,0.999990971266592,0.997526153735559,SEMA5B,1
R-HSA-5218859,Regulated Necrosis,1/269,18/4507,0.0555555555555556,0.930813713341594,-0.0740922407615103,0.670403342865934,0.999990971266592,0.997526153735559,IRF1,1
R-HSA-6803529,FGFR2 alternative splicing,1/269,18/4507,0.0555555555555556,0.930813713341594,-0.0740922407615103,0.670403342865934,0.999990971266592,0.997526153735559,POLR2A,1
R-HSA-6811440,Retrograde transport at the Trans-Golgi-Network,1/269,18/4507,0.0555555555555556,0.930813713341594,-0.0740922407615103,0.670403342865934,0.999990971266592,0.997526153735559,NAPB,1
R-HSA-72086,mRNA Capping,1/269,18/4507,0.0555555555555556,0.930813713341594,-0.0740922407615103,0.670403342865934,0.999990971266592,0.997526153735559,POLR2A,1
R-HSA-9634597,GPER1 signaling,1/269,18/4507,0.0555555555555556,0.930813713341594,-0.0740922407615103,0.670403342865934,0.999990971266592,0.997526153735559,GNB3,1
R-HSA-9660821,ADORA2B mediated anti-inflammatory cytokines production,1/269,18/4507,0.0555555555555556,0.930813713341594,-0.0740922407615103,0.670403342865934,0.999990971266592,0.997526153735559,GNB3,1
R-HSA-9843743,Transcriptional regulation of brown and beige adipocyte differentiation,1/269,18/4507,0.0555555555555556,0.930813713341594,-0.0740922407615103,0.670403342865934,0.999990971266592,0.997526153735559,CHD3,1
R-HSA-9844594,Transcriptional regulation of brown and beige adipocyte differentiation by EBF2,1/269,18/4507,0.0555555555555556,0.930813713341594,-0.0740922407615103,0.670403342865934,0.999990971266592,0.997526153735559,CHD3,1
R-HSA-975138,TRAF6 mediated induction of NFkB and MAP kinases upon TLR7/8 or 9 activation,2/269,38/4507,0.0526315789473684,0.881823517902563,-0.18429304091773,0.672080391626689,0.999990971266592,0.997526153735559,TLR9/CD14,2
R-HSA-975155,MyD88 dependent cascade initiated on endosome,2/269,39/4507,0.0512820512820513,0.859212658469164,-0.222449066242092,0.686017481452407,0.999990971266592,0.997526153735559,TLR9/CD14,2
R-HSA-9759194,Nuclear events mediated by NFE2L2,2/269,39/4507,0.0512820512820513,0.859212658469164,-0.222449066242092,0.686017481452407,0.999990971266592,0.997526153735559,SOD3/ABCC3,2
R-HSA-9842860,Regulation of endogenous retroelements,2/269,39/4507,0.0512820512820513,0.859212658469164,-0.222449066242092,0.686017481452407,0.999990971266592,0.997526153735559,CHD3/ZNF418,2
R-HSA-112310,Neurotransmitter release cycle,1/269,19/4507,0.0526315789473684,0.881823517902563,-0.130038721658182,0.690154178412618,0.999990971266592,0.997526153735559,SLC6A1,1
R-HSA-113418,Formation of the Early Elongation Complex,1/269,19/4507,0.0526315789473684,0.881823517902563,-0.130038721658182,0.690154178412618,0.999990971266592,0.997526153735559,POLR2A,1
R-HSA-1489509,DAG and IP3 signaling,1/269,19/4507,0.0526315789473684,0.881823517902563,-0.130038721658182,0.690154178412618,0.999990971266592,0.997526153735559,PDE1B,1
R-HSA-167158,Formation of the HIV-1 Early Elongation Complex,1/269,19/4507,0.0526315789473684,0.881823517902563,-0.130038721658182,0.690154178412618,0.999990971266592,0.997526153735559,POLR2A,1
R-HSA-167238,Pausing and recovery of Tat-mediated HIV elongation,1/269,19/4507,0.0526315789473684,0.881823517902563,-0.130038721658182,0.690154178412618,0.999990971266592,0.997526153735559,POLR2A,1
R-HSA-167243,Tat-mediated HIV elongation arrest and recovery,1/269,19/4507,0.0526315789473684,0.881823517902563,-0.130038721658182,0.690154178412618,0.999990971266592,0.997526153735559,POLR2A,1
R-HSA-167287,HIV elongation arrest and recovery,1/269,19/4507,0.0526315789473684,0.881823517902563,-0.130038721658182,0.690154178412618,0.999990971266592,0.997526153735559,POLR2A,1
R-HSA-167290,Pausing and recovery of HIV elongation,1/269,19/4507,0.0526315789473684,0.881823517902563,-0.130038721658182,0.690154178412618,0.999990971266592,0.997526153735559,POLR2A,1
R-HSA-203927,MicroRNA (miRNA) biogenesis,1/269,19/4507,0.0526315789473684,0.881823517902563,-0.130038721658182,0.690154178412618,0.999990971266592,0.997526153735559,POLR2A,1
R-HSA-3299685,Detoxification of Reactive Oxygen Species,1/269,19/4507,0.0526315789473684,0.881823517902563,-0.130038721658182,0.690154178412618,0.999990971266592,0.997526153735559,SOD3,1
R-HSA-5173214,O-glycosylation of TSR domain-containing proteins,1/269,19/4507,0.0526315789473684,0.881823517902563,-0.130038721658182,0.690154178412618,0.999990971266592,0.997526153735559,SEMA5B,1
R-HSA-5601884,PIWI-interacting RNA (piRNA) biogenesis,1/269,19/4507,0.0526315789473684,0.881823517902563,-0.130038721658182,0.690154178412618,0.999990971266592,0.997526153735559,POLR2A,1
R-HSA-5607761,Dectin-1 mediated noncanonical NF-kB signaling,1/269,19/4507,0.0526315789473684,0.881823517902563,-0.130038721658182,0.690154178412618,0.999990971266592,0.997526153735559,MAP3K14,1
R-HSA-5676590,NIK-->noncanonical NF-kB signaling,1/269,19/4507,0.0526315789473684,0.881823517902563,-0.130038721658182,0.690154178412618,0.999990971266592,0.997526153735559,MAP3K14,1
R-HSA-72695,"Formation of the ternary complex, and subsequently, the 43S complex",1/269,19/4507,0.0526315789473684,0.881823517902563,-0.130038721658182,0.690154178412618,0.999990971266592,0.997526153735559,RPS27L,1
R-HSA-73772,RNA Polymerase I Promoter Escape,1/269,19/4507,0.0526315789473684,0.881823517902563,-0.130038721658182,0.690154178412618,0.999990971266592,0.997526153735559,TAF1C,1
R-HSA-9029569,NR1H3 & NR1H2 regulate gene expression linked to cholesterol transport and efflux,1/269,19/4507,0.0526315789473684,0.881823517902563,-0.130038721658182,0.690154178412618,0.999990971266592,0.997526153735559,EEPD1,1
R-HSA-9958863,SLC-mediated transport of amino acids,1/269,19/4507,0.0526315789473684,0.881823517902563,-0.130038721658182,0.690154178412618,0.999990971266592,0.997526153735559,SLC36A1,1
R-HSA-376176,Signaling by ROBO receptors,4/269,78/4507,0.0512820512820513,0.859212658469164,-0.315972529563838,0.693674700998142,0.999990971266592,0.997526153735559,CXCL12/ZSWIM8/RPS27L/AKAP5,4
R-HSA-983705,Signaling by the B Cell Receptor (BCR),2/269,40/4507,0.05,0.837732342007435,-0.259684031605735,0.699466562991044,0.999990971266592,0.997526153735559,BLNK/PLCG2,2
R-HSA-3858494,Beta-catenin independent WNT signaling,3/269,60/4507,0.05,0.837732342007435,-0.318761077370762,0.704428274564467,0.999990971266592,0.997526153735559,ROR2/GNB3/VANGL2,3
R-HSA-159231,Transport of Mature mRNA Derived from an Intronless Transcript,1/269,20/4507,0.05,0.837732342007435,-0.183214646344149,0.708725596863376,0.999990971266592,0.997526153735559,NXF1,1
R-HSA-1638074,Keratan sulfate/keratin metabolism,1/269,20/4507,0.05,0.837732342007435,-0.183214646344149,0.708725596863376,0.999990971266592,0.997526153735559,PRELP,1
R-HSA-3899300,SUMOylation of transcription cofactors,1/269,20/4507,0.05,0.837732342007435,-0.183214646344149,0.708725596863376,0.999990971266592,0.997526153735559,MBD1,1
R-HSA-3928665,EPH-ephrin mediated repulsion of cells,1/269,20/4507,0.05,0.837732342007435,-0.183214646344149,0.708725596863376,0.999990971266592,0.997526153735559,DNM1,1
R-HSA-5620924,Intraflagellar transport,1/269,20/4507,0.05,0.837732342007435,-0.183214646344149,0.708725596863376,0.999990971266592,0.997526153735559,DYNLT5,1
R-HSA-5625740,RHO GTPases activate PKNs,1/269,20/4507,0.05,0.837732342007435,-0.183214646344149,0.708725596863376,0.999990971266592,0.997526153735559,MYH11,1
R-HSA-606279,Deposition of new CENPA-containing nucleosomes at the centromere,1/269,20/4507,0.05,0.837732342007435,-0.183214646344149,0.708725596863376,0.999990971266592,0.997526153735559,CENPT,1
R-HSA-72702,Ribosomal scanning and start codon recognition,1/269,20/4507,0.05,0.837732342007435,-0.183214646344149,0.708725596863376,0.999990971266592,0.997526153735559,RPS27L,1
R-HSA-774815,Nucleosome assembly,1/269,20/4507,0.05,0.837732342007435,-0.183214646344149,0.708725596863376,0.999990971266592,0.997526153735559,CENPT,1
R-HSA-9646399,Aggrephagy,1/269,20/4507,0.05,0.837732342007435,-0.183214646344149,0.708725596863376,0.999990971266592,0.997526153735559,CFTR,1
R-HSA-9759475,Regulation of CDH11 Expression and Function,1/269,20/4507,0.05,0.837732342007435,-0.183214646344149,0.708725596863376,0.999990971266592,0.997526153735559,BHLHE22,1
R-HSA-70326,Glucose metabolism,2/269,41/4507,0.0487804878048781,0.817299845860912,-0.296048414986288,0.712436006709313,0.999990971266592,0.997526153735559,FBP1/ALDOB,2
R-HSA-8957275,Post-translational protein phosphorylation,2/269,41/4507,0.0487804878048781,0.817299845860912,-0.296048414986288,0.712436006709313,0.999990971266592,0.997526153735559,APOL1/CP,2
R-HSA-211945,Phase I - Functionalization of compounds,2/269,42/4507,0.0476190476190476,0.797840325721367,-0.331588683341997,0.724934923307464,0.999990971266592,0.997526153735559,CYP26B1/CYP46A1,2
R-HSA-6811558,"PI5P, PP2A and IER3 Regulate PI3K/AKT Signaling",2/269,42/4507,0.0476190476190476,0.797840325721367,-0.331588683341997,0.724934923307464,0.999990971266592,0.997526153735559,PIK3CG/CD28,2
R-HSA-112043,PLC beta mediated events,1/269,21/4507,0.0476190476190476,0.797840325721367,-0.233919161986831,0.726187779712441,0.999990971266592,0.997526153735559,PDE1B,1
R-HSA-159234,Transport of Mature mRNAs Derived from Intronless Transcripts,1/269,21/4507,0.0476190476190476,0.797840325721367,-0.233919161986831,0.726187779712441,0.999990971266592,0.997526153735559,NXF1,1
R-HSA-1638091,Heparan sulfate/heparin (HS-GAG) metabolism,1/269,21/4507,0.0476190476190476,0.797840325721367,-0.233919161986831,0.726187779712441,0.999990971266592,0.997526153735559,HS3ST2,1
R-HSA-1980145,Signaling by NOTCH2,1/269,21/4507,0.0476190476190476,0.797840325721367,-0.233919161986831,0.726187779712441,0.999990971266592,0.997526153735559,DLL1,1
R-HSA-3560782,Diseases associated with glycosaminoglycan metabolism,1/269,21/4507,0.0476190476190476,0.797840325721367,-0.233919161986831,0.726187779712441,0.999990971266592,0.997526153735559,PRELP,1
R-HSA-373752,Netrin-1 signaling,1/269,21/4507,0.0476190476190476,0.797840325721367,-0.233919161986831,0.726187779712441,0.999990971266592,0.997526153735559,RGMA,1
R-HSA-437239,Recycling pathway of L1,1/269,21/4507,0.0476190476190476,0.797840325721367,-0.233919161986831,0.726187779712441,0.999990971266592,0.997526153735559,DNM1,1
R-HSA-5250924,B-WICH complex positively regulates rRNA expression,1/269,21/4507,0.0476190476190476,0.797840325721367,-0.233919161986831,0.726187779712441,0.999990971266592,0.997526153735559,TAF1C,1
R-HSA-72649,Translation initiation complex formation,1/269,21/4507,0.0476190476190476,0.797840325721367,-0.233919161986831,0.726187779712441,0.999990971266592,0.997526153735559,RPS27L,1
R-HSA-9033241,Peroxisomal protein import,1/269,21/4507,0.0476190476190476,0.797840325721367,-0.233919161986831,0.726187779712441,0.999990971266592,0.997526153735559,PIPOX,1
R-HSA-9604323,Negative regulation of NOTCH4 signaling,1/269,21/4507,0.0476190476190476,0.797840325721367,-0.233919161986831,0.726187779712441,0.999990971266592,0.997526153735559,NOTCH4,1
R-HSA-9670095,Inhibition of DNA recombination at telomere,1/269,21/4507,0.0476190476190476,0.797840325721367,-0.233919161986831,0.726187779712441,0.999990971266592,0.997526153735559,POLR2A,1
R-HSA-9824272,Somitogenesis,1/269,21/4507,0.0476190476190476,0.797840325721367,-0.233919161986831,0.726187779712441,0.999990971266592,0.997526153735559,DLL1,1
R-HSA-162906,HIV Infection,5/269,101/4507,0.0495049504950495,0.829437962383599,-0.43672904267829,0.729986890538056,0.999990971266592,0.997526153735559,ELMO1/CD28/CD4/POLR2A/CD8B,5
R-HSA-211859,Biological oxidations,4/269,82/4507,0.0487804878048781,0.817299845860912,-0.42061083882592,0.730833555538716,0.999990971266592,0.997526153735559,CYP26B1/CYP46A1/ACSM5/ACY3,4
R-HSA-1632852,Macroautophagy,3/269,63/4507,0.0476190476190476,0.797840325721367,-0.407069942906709,0.735500884557393,0.999990971266592,0.997526153735559,GABARAPL1/CFTR/ATG14,3
R-HSA-73887,Death Receptor Signaling,3/269,63/4507,0.0476190476190476,0.797840325721367,-0.407069942906709,0.735500884557393,0.999990971266592,0.997526153735559,PLEKHG2/ARHGEF18/OMG,3
R-HSA-168181,Toll Like Receptor 7/8 (TLR7/8) Cascade,2/269,43/4507,0.0465116279069768,0.7792858995418,-0.366347701901478,0.736973046263351,0.999990971266592,0.997526153735559,TLR9/CD14,2
R-HSA-9013148,CDC42 GTPase cycle,4/269,83/4507,0.0481927710843374,0.807452859766202,-0.44602563201757,0.739579380417875,0.999990971266592,0.997526153735559,ARAP3/WAS/PLEKHG2/STOM,4
R-HSA-112040,G-protein mediated events,1/269,22/4507,0.0454545454545455,0.761574856370396,-0.282405679847256,0.742606747001195,0.999990971266592,0.997526153735559,PDE1B,1
R-HSA-167152,Formation of HIV elongation complex in the absence of HIV Tat,1/269,22/4507,0.0454545454545455,0.761574856370396,-0.282405679847256,0.742606747001195,0.999990971266592,0.997526153735559,POLR2A,1
R-HSA-167169,HIV Transcription Elongation,1/269,22/4507,0.0454545454545455,0.761574856370396,-0.282405679847256,0.742606747001195,0.999990971266592,0.997526153735559,POLR2A,1
R-HSA-167200,Formation of HIV-1 elongation complex containing HIV-1 Tat,1/269,22/4507,0.0454545454545455,0.761574856370396,-0.282405679847256,0.742606747001195,0.999990971266592,0.997526153735559,POLR2A,1
R-HSA-167246,Tat-mediated elongation of the HIV-1 transcript,1/269,22/4507,0.0454545454545455,0.761574856370396,-0.282405679847256,0.742606747001195,0.999990971266592,0.997526153735559,POLR2A,1
R-HSA-5656169,Termination of translesion DNA synthesis,1/269,22/4507,0.0454545454545455,0.761574856370396,-0.282405679847256,0.742606747001195,0.999990971266592,0.997526153735559,UBA7,1
R-HSA-5696394,DNA Damage Recognition in GG-NER,1/269,22/4507,0.0454545454545455,0.761574856370396,-0.282405679847256,0.742606747001195,0.999990971266592,0.997526153735559,DDB2,1
R-HSA-5696400,Dual Incision in GG-NER,1/269,22/4507,0.0454545454545455,0.761574856370396,-0.282405679847256,0.742606747001195,0.999990971266592,0.997526153735559,DDB2,1
R-HSA-72662,"Activation of the mRNA upon binding of the cap-binding complex and eIFs, and subsequent binding to 43S",1/269,22/4507,0.0454545454545455,0.761574856370396,-0.282405679847256,0.742606747001195,0.999990971266592,0.997526153735559,RPS27L,1
R-HSA-9020591,Interleukin-12 signaling,1/269,22/4507,0.0454545454545455,0.761574856370396,-0.282405679847256,0.742606747001195,0.999990971266592,0.997526153735559,TYK2,1
R-HSA-9607240,FLT3 Signaling,1/269,22/4507,0.0454545454545455,0.761574856370396,-0.282405679847256,0.742606747001195,0.999990971266592,0.997526153735559,SLA2,1
R-HSA-9764260,Regulation of Expression and Function of Type II Classical Cadherins,1/269,22/4507,0.0454545454545455,0.761574856370396,-0.282405679847256,0.742606747001195,0.999990971266592,0.997526153735559,BHLHE22,1
R-HSA-9907900,Proteasome assembly,1/269,22/4507,0.0454545454545455,0.761574856370396,-0.282405679847256,0.742606747001195,0.999990971266592,0.997526153735559,PSMB10,1
R-HSA-168138,Toll Like Receptor 9 (TLR9) Cascade,2/269,44/4507,0.0454545454545455,0.761574856370396,-0.400365093032519,0.74856062567095,0.999990971266592,0.997526153735559,TLR9/CD14,2
R-HSA-199418,Negative regulation of the PI3K/AKT network,2/269,44/4507,0.0454545454545455,0.761574856370396,-0.400365093032519,0.74856062567095,0.999990971266592,0.997526153735559,PIK3CG/CD28,2
R-HSA-6811434,COPI-dependent Golgi-to-ER retrograde traffic,2/269,44/4507,0.0454545454545455,0.761574856370396,-0.400365093032519,0.74856062567095,0.999990971266592,0.997526153735559,NAPB/COPZ2,2
R-HSA-9909615,Regulation of PD-L1(CD274) Post-translational modification,2/269,44/4507,0.0454545454545455,0.761574856370396,-0.400365093032519,0.74856062567095,0.999990971266592,0.997526153735559,OS9/PDCD1,2
R-HSA-8951664,Neddylation,5/269,104/4507,0.0480769230769231,0.805511867314841,-0.50550643800813,0.753352120638532,0.999990971266592,0.997526153735559,DDB2/CDKN1A/KLHL3/WDTC1/CCDC8,5
R-HSA-71291,Metabolism of amino acids and derivatives,7/269,142/4507,0.0492957746478873,0.825933294936908,-0.530956588534816,0.753572354057358,0.999990971266592,0.997526153735559,HAAO/CSAD/PIPOX/RPS27L/IL4I1/HDC/DMGDH,7
R-HSA-5653656,Vesicle-mediated transport,16/269,307/4507,0.0521172638436482,0.873206349975177,-0.579740050697448,0.754397428439204,0.999990971266592,0.997526153735559,APOL1/SYT11/DNM1/CD4/DENND4B/SSC5D/NAPB/CD3G/NECAP2/GOLGB1/SYT2/SYNJ1/CFTR/COL7A1/AVPR2/COPZ2,16
R-HSA-8939211,ESR-mediated signaling,4/269,85/4507,0.0470588235294118,0.788453968948174,-0.496016624912677,0.756425840392337,0.999990971266592,0.997526153735559,GNB3/POLR2A/CXCL12/USF1,4
R-HSA-187577,SCF(Skp2)-mediated degradation of p27/p21,1/269,23/4507,0.0434782608695652,0.728462906093422,-0.328890659176909,0.758044603201124,0.999990971266592,0.997526153735559,CDKN1A,1
R-HSA-4608870,Asymmetric localization of PCP proteins,1/269,23/4507,0.0434782608695652,0.728462906093422,-0.328890659176909,0.758044603201124,0.999990971266592,0.997526153735559,VANGL2,1
R-HSA-6791312,TP53 Regulates Transcription of Cell Cycle Genes,1/269,23/4507,0.0434782608695652,0.728462906093422,-0.328890659176909,0.758044603201124,0.999990971266592,0.997526153735559,CDKN1A,1
R-HSA-6811438,Intra-Golgi traffic,1/269,23/4507,0.0434782608695652,0.728462906093422,-0.328890659176909,0.758044603201124,0.999990971266592,0.997526153735559,NAPB,1
R-HSA-9013407,RHOH GTPase cycle,1/269,23/4507,0.0434782608695652,0.728462906093422,-0.328890659176909,0.758044603201124,0.999990971266592,0.997526153735559,STOM,1
R-HSA-9845323,Regulation of endogenous retroelements by Piwi-interacting RNAs (piRNAs),1/269,23/4507,0.0434782608695652,0.728462906093422,-0.328890659176909,0.758044603201124,0.999990971266592,0.997526153735559,CHD3,1
R-HSA-9954714,PELO:HBS1L and ABCE1 dissociate a ribosome on a non-stop mRNA,1/269,23/4507,0.0434782608695652,0.728462906093422,-0.328890659176909,0.758044603201124,0.999990971266592,0.997526153735559,RPS27L,1
R-HSA-1483255,PI Metabolism,2/269,45/4507,0.0444444444444444,0.744650970673276,-0.433677551910122,0.7597083324515,0.999990971266592,0.997526153735559,PIK3CG/SYNJ1,2
R-HSA-381426,Regulation of Insulin-like Growth Factor (IGF) transport and uptake by Insulin-like Growth Factor Binding Proteins (IGFBPs),2/269,45/4507,0.0444444444444444,0.744650970673276,-0.433677551910122,0.7597083324515,0.999990971266592,0.997526153735559,APOL1/CP,2
R-HSA-196854,Metabolism of vitamins and cofactors,4/269,87/4507,0.0459770114942529,0.770328590351664,-0.544937487579706,0.772423119059543,0.999990971266592,0.997526153735559,BST1/CUBN/GCH1/MOCS1,4
R-HSA-156842,Eukaryotic Translation Elongation,1/269,24/4507,0.0416666666666667,0.698110285006196,-0.373560395330368,0.772559768620146,0.999990971266592,0.997526153735559,RPS27L,1
R-HSA-156902,Peptide chain elongation,1/269,24/4507,0.0416666666666667,0.698110285006196,-0.373560395330368,0.772559768620146,0.999990971266592,0.997526153735559,RPS27L,1
R-HSA-192823,Viral mRNA Translation,1/269,24/4507,0.0416666666666667,0.698110285006196,-0.373560395330368,0.772559768620146,0.999990971266592,0.997526153735559,RPS27L,1
R-HSA-512988,"Interleukin-3, Interleukin-5 and GM-CSF signaling",1/269,24/4507,0.0416666666666667,0.698110285006196,-0.373560395330368,0.772559768620146,0.999990971266592,0.997526153735559,BLNK,1
R-HSA-5655253,Signaling by FGFR2 in disease,1/269,24/4507,0.0416666666666667,0.698110285006196,-0.373560395330368,0.772559768620146,0.999990971266592,0.997526153735559,POLR2A,1
R-HSA-8848021,Signaling by PTK6,1/269,24/4507,0.0416666666666667,0.698110285006196,-0.373560395330368,0.772559768620146,0.999990971266592,0.997526153735559,ELMO1,1
R-HSA-8986944,Transcriptional Regulation by MECP2,1/269,24/4507,0.0416666666666667,0.698110285006196,-0.373560395330368,0.772559768620146,0.999990971266592,0.997526153735559,DLL1,1
R-HSA-9006927,Signaling by Non-Receptor Tyrosine Kinases,1/269,24/4507,0.0416666666666667,0.698110285006196,-0.373560395330368,0.772559768620146,0.999990971266592,0.997526153735559,ELMO1,1
R-HSA-936837,Ion transport by P-type ATPases,1/269,24/4507,0.0416666666666667,0.698110285006196,-0.373560395330368,0.772559768620146,0.999990971266592,0.997526153735559,ATP8B4,1
R-HSA-9730414,MITF-M-regulated melanocyte development,3/269,68/4507,0.0441176470588235,0.739175595888913,-0.54594810791209,0.781501259490808,0.999990971266592,0.997526153735559,CDKN1A/IRF4/USF1,3
R-HSA-447115,Interleukin-12 family signaling,1/269,25/4507,0.04,0.670185873605948,-0.416576329348883,0.786207197181641,0.999990971266592,0.997526153735559,TYK2,1
R-HSA-69563,p53-Dependent G1 DNA Damage Response,1/269,25/4507,0.04,0.670185873605948,-0.416576329348883,0.786207197181641,0.999990971266592,0.997526153735559,CDKN1A,1
R-HSA-69580,p53-Dependent G1/S DNA damage checkpoint,1/269,25/4507,0.04,0.670185873605948,-0.416576329348883,0.786207197181641,0.999990971266592,0.997526153735559,CDKN1A,1
R-HSA-72187,mRNA 3'-end processing,1/269,25/4507,0.04,0.670185873605948,-0.416576329348883,0.786207197181641,0.999990971266592,0.997526153735559,U2AF1L4,1
R-HSA-9758941,Gastrulation,2/269,48/4507,0.0416666666666667,0.698110285006196,-0.529714007578646,0.790623487399041,0.999990971266592,0.997526153735559,DLL1/POU5F1,2
R-HSA-9612973,Autophagy,3/269,70/4507,0.0428571428571429,0.71805629314923,-0.598905040880052,0.79796951962113,0.999990971266592,0.997526153735559,GABARAPL1/CFTR/ATG14,3
R-HSA-9006925,Intracellular signaling by second messengers,6/269,130/4507,0.0461538461538462,0.773291392622248,-0.660758364464316,0.798126493871693,0.999990971266592,0.997526153735559,PIK3CG/CHD3/CDKN1A/PDE1B/CD28/EGR1,6
R-HSA-110313,Translesion synthesis by Y family DNA polymerases bypasses lesions on DNA template,1/269,26/4507,0.0384615384615385,0.644409493851873,-0.458079247060468,0.799038581375782,0.999990971266592,0.997526153735559,UBA7,1
R-HSA-1236394,Signaling by ERBB4,1/269,26/4507,0.0384615384615385,0.644409493851873,-0.458079247060468,0.799038581375782,0.999990971266592,0.997526153735559,CXCL12,1
R-HSA-163841,"Gamma carboxylation, hypusinylation, hydroxylation, and arylsulfatase activation",1/269,26/4507,0.0384615384615385,0.644409493851873,-0.458079247060468,0.799038581375782,0.999990971266592,0.997526153735559,ARSA,1
R-HSA-2559582,Senescence-Associated Secretory Phenotype (SASP),1/269,26/4507,0.0384615384615385,0.644409493851873,-0.458079247060468,0.799038581375782,0.999990971266592,0.997526153735559,CDKN1A,1
R-HSA-69231,Cyclin D associated events in G1,1/269,26/4507,0.0384615384615385,0.644409493851873,-0.458079247060468,0.799038581375782,0.999990971266592,0.997526153735559,CDKN1A,1
R-HSA-69236,G1 Phase,1/269,26/4507,0.0384615384615385,0.644409493851873,-0.458079247060468,0.799038581375782,0.999990971266592,0.997526153735559,CDKN1A,1
R-HSA-8873719,RAB geranylgeranylation,1/269,26/4507,0.0384615384615385,0.644409493851873,-0.458079247060468,0.799038581375782,0.999990971266592,0.997526153735559,RAB37,1
R-HSA-9012852,Signaling by NOTCH3,1/269,26/4507,0.0384615384615385,0.644409493851873,-0.458079247060468,0.799038581375782,0.999990971266592,0.997526153735559,DLL1,1
R-HSA-9864848,Complex IV assembly,1/269,26/4507,0.0384615384615385,0.644409493851873,-0.458079247060468,0.799038581375782,0.999990971266592,0.997526153735559,COQ10A,1
R-HSA-9909649,Regulation of PD-L1(CD274) transcription,1/269,26/4507,0.0384615384615385,0.644409493851873,-0.458079247060468,0.799038581375782,0.999990971266592,0.997526153735559,IRF1,1
R-HSA-195721,Signaling by WNT,5/269,111/4507,0.0450450450450451,0.75471382162832,-0.659169314324302,0.801966772701423,0.999990971266592,0.997526153735559,ROR2/GNB3/SOX7/VANGL2/WNT2,5
R-HSA-1257604,PIP3 activates AKT signaling,5/269,112/4507,0.0446428571428571,0.747975305363781,-0.680399406859879,0.808256009547412,0.999990971266592,0.997526153735559,PIK3CG/CHD3/CDKN1A/CD28/EGR1,5
R-HSA-2454202,Fc epsilon receptor (FCERI) signaling,2/269,50/4507,0.04,0.670185873605948,-0.590777838851193,0.809241554942184,0.999990971266592,0.997526153735559,LCP2/PLCG2,2
R-HSA-4420097,VEGFA-VEGFR2 Pathway,2/269,50/4507,0.04,0.670185873605948,-0.590777838851193,0.809241554942184,0.999990971266592,0.997526153735559,ELMO1/NCKAP1L,2
R-HSA-167161,HIV Transcription Initiation,1/269,27/4507,0.037037037037037,0.620542475561063,-0.498192633600499,0.811102545136084,0.999990971266592,0.997526153735559,POLR2A,1
R-HSA-167162,RNA Polymerase II HIV Promoter Escape,1/269,27/4507,0.037037037037037,0.620542475561063,-0.498192633600499,0.811102545136084,0.999990971266592,0.997526153735559,POLR2A,1
R-HSA-168325,Viral Messenger RNA Synthesis,1/269,27/4507,0.037037037037037,0.620542475561063,-0.498192633600499,0.811102545136084,0.999990971266592,0.997526153735559,POLR2A,1
R-HSA-2408557,Selenocysteine synthesis,1/269,27/4507,0.037037037037037,0.620542475561063,-0.498192633600499,0.811102545136084,0.999990971266592,0.997526153735559,RPS27L,1
R-HSA-380259,Loss of Nlp from mitotic centrosomes,1/269,27/4507,0.037037037037037,0.620542475561063,-0.498192633600499,0.811102545136084,0.999990971266592,0.997526153735559,CEP164,1
R-HSA-380284,Loss of proteins required for interphase microtubule organization from the centrosome,1/269,27/4507,0.037037037037037,0.620542475561063,-0.498192633600499,0.811102545136084,0.999990971266592,0.997526153735559,CEP164,1
R-HSA-427413,NoRC negatively regulates rRNA expression,1/269,27/4507,0.037037037037037,0.620542475561063,-0.498192633600499,0.811102545136084,0.999990971266592,0.997526153735559,TAF1C,1
R-HSA-432722,Golgi Associated Vesicle Biogenesis,1/269,27/4507,0.037037037037037,0.620542475561063,-0.498192633600499,0.811102545136084,0.999990971266592,0.997526153735559,GOLGB1,1
R-HSA-4551638,SUMOylation of chromatin organization proteins,1/269,27/4507,0.037037037037037,0.620542475561063,-0.498192633600499,0.811102545136084,0.999990971266592,0.997526153735559,CHD3,1
R-HSA-5675221,Negative regulation of MAPK pathway,1/269,27/4507,0.037037037037037,0.620542475561063,-0.498192633600499,0.811102545136084,0.999990971266592,0.997526153735559,PTPN7,1
R-HSA-72764,Eukaryotic Translation Termination,1/269,27/4507,0.037037037037037,0.620542475561063,-0.498192633600499,0.811102545136084,0.999990971266592,0.997526153735559,RPS27L,1
R-HSA-73776,RNA Polymerase II Promoter Escape,1/269,27/4507,0.037037037037037,0.620542475561063,-0.498192633600499,0.811102545136084,0.999990971266592,0.997526153735559,POLR2A,1
R-HSA-73779,RNA Polymerase II Transcription Pre-Initiation And Promoter Opening,1/269,27/4507,0.037037037037037,0.620542475561063,-0.498192633600499,0.811102545136084,0.999990971266592,0.997526153735559,POLR2A,1
R-HSA-74752,Signaling by Insulin receptor,1/269,27/4507,0.037037037037037,0.620542475561063,-0.498192633600499,0.811102545136084,0.999990971266592,0.997526153735559,TLR9,1
R-HSA-75953,RNA Polymerase II Transcription Initiation,1/269,27/4507,0.037037037037037,0.620542475561063,-0.498192633600499,0.811102545136084,0.999990971266592,0.997526153735559,POLR2A,1
R-HSA-76042,RNA Polymerase II Transcription Initiation And Promoter Clearance,1/269,27/4507,0.037037037037037,0.620542475561063,-0.498192633600499,0.811102545136084,0.999990971266592,0.997526153735559,POLR2A,1
R-HSA-8854518,AURKA Activation by TPX2,1/269,27/4507,0.037037037037037,0.620542475561063,-0.498192633600499,0.811102545136084,0.999990971266592,0.997526153735559,CEP164,1
R-HSA-9752946,Expression and translocation of olfactory receptors,1/269,27/4507,0.037037037037037,0.620542475561063,-0.498192633600499,0.811102545136084,0.999990971266592,0.997526153735559,OR13A1,1
R-HSA-9954716,ZNF598 and the Ribosome-associated Quality Trigger (RQT) complex dissociate a ribosome stalled on a no-go mRNA,1/269,27/4507,0.037037037037037,0.620542475561063,-0.498192633600499,0.811102545136084,0.999990971266592,0.997526153735559,RPS27L,1
R-HSA-168273,Influenza Viral RNA Transcription and Replication,2/269,51/4507,0.0392156862745098,0.657044974123478,-0.620498771704269,0.817987852688098,0.999990971266592,0.997526153735559,POLR2A/RPS27L,2
R-HSA-112382,Formation of RNA Pol II elongation complex,1/269,28/4507,0.0357142857142857,0.598380244291025,-0.5370253781607,0.822444825350011,0.999990971266592,0.997526153735559,POLR2A,1
R-HSA-75955,RNA Polymerase II Transcription Elongation,1/269,28/4507,0.0357142857142857,0.598380244291025,-0.5370253781607,0.822444825350011,0.999990971266592,0.997526153735559,POLR2A,1
R-HSA-975956,Nonsense Mediated Decay (NMD) independent of the Exon Junction Complex (EJC),1/269,28/4507,0.0357142857142857,0.598380244291025,-0.5370253781607,0.822444825350011,0.999990971266592,0.997526153735559,RPS27L,1
R-HSA-9793380,Formation of paraxial mesoderm,1/269,28/4507,0.0357142857142857,0.598380244291025,-0.5370253781607,0.822444825350011,0.999990971266592,0.997526153735559,DLL1,1
R-HSA-9931269,AMPK-induced ERAD and lysosome mediated degradation of PD-L1(CD274),1/269,28/4507,0.0357142857142857,0.598380244291025,-0.5370253781607,0.822444825350011,0.999990971266592,0.997526153735559,OS9,1
R-HSA-9855142,Cellular responses to mechanical stimuli,2/269,52/4507,0.0384615384615385,0.644409493851873,-0.649709523045519,0.826374523712063,0.999990971266592,0.997526153735559,GNB3/CACNB2,2
R-HSA-157118,Signaling by NOTCH,4/269,95/4507,0.0421052631578947,0.705458814322051,-0.730939343815747,0.828291488586631,0.999990971266592,0.997526153735559,DLL1/DTX2/DTX1/NOTCH4,4
R-HSA-983168,Antigen processing: Ubiquitination & Proteasome degradation,5/269,116/4507,0.0431034482758621,0.722183053454685,-0.763655118977948,0.831844658242175,0.999990971266592,0.997526153735559,KLHL3/UBA7/HECW2/MYLIP/TRIM4,5
R-HSA-1169408,ISG15 antiviral mechanism,1/269,29/4507,0.0344827586206897,0.577746442763748,-0.574673973526608,0.833108442671031,0.999990971266592,0.997526153735559,UBA7,1
R-HSA-2187338,Visual phototransduction,1/269,29/4507,0.0344827586206897,0.577746442763748,-0.574673973526608,0.833108442671031,0.999990971266592,0.997526153735559,DHRS3,1
R-HSA-69615,G1/S DNA Damage Checkpoints,1/269,29/4507,0.0344827586206897,0.577746442763748,-0.574673973526608,0.833108442671031,0.999990971266592,0.997526153735559,CDKN1A,1
R-HSA-73856,RNA Polymerase II Transcription Termination,1/269,29/4507,0.0344827586206897,0.577746442763748,-0.574673973526608,0.833108442671031,0.999990971266592,0.997526153735559,U2AF1L4,1
R-HSA-948021,Transport to the Golgi and subsequent modification,4/269,96/4507,0.0416666666666667,0.698110285006196,-0.753193671882154,0.834408184832961,0.999990971266592,0.997526153735559,NAPB/GOLGB1/COL7A1/COPZ2,4
R-HSA-556833,Metabolism of lipids,15/269,310/4507,0.0483870967741936,0.810708718071711,-0.870028005054956,0.840224328181997,0.999990971266592,0.997526153735559,ARSA/PIK3CG/TMEM86B/CH25H/MIGA2/PLA2G4C/LGMN/PRKD2/PSAP/CUBN/ABCC3/SYNJ1/GBA2/CYP46A1/HMGCS2,15
R-HSA-9909648,Regulation of PD-L1(CD274) expression,3/269,76/4507,0.0394736842105263,0.661367638426922,-0.750024824411787,0.841265282447156,0.999990971266592,0.997526153735559,OS9/PDCD1/IRF1,3
R-HSA-4086398,Ca2+ pathway,1/269,30/4507,0.0333333333333333,0.558488228004957,-0.611224318949222,0.843133862260467,0.999990971266592,0.997526153735559,GNB3,1
R-HSA-5250941,Negative epigenetic regulation of rRNA expression,1/269,30/4507,0.0333333333333333,0.558488228004957,-0.611224318949222,0.843133862260467,0.999990971266592,0.997526153735559,TAF1C,1
R-HSA-72689,Formation of a pool of free 40S subunits,1/269,30/4507,0.0333333333333333,0.558488228004957,-0.611224318949222,0.843133862260467,0.999990971266592,0.997526153735559,RPS27L,1
R-HSA-73893,DNA Damage Bypass,1/269,30/4507,0.0333333333333333,0.558488228004957,-0.611224318949222,0.843133862260467,0.999990971266592,0.997526153735559,UBA7,1
R-HSA-9013026,RHOB GTPase cycle,1/269,30/4507,0.0333333333333333,0.558488228004957,-0.611224318949222,0.843133862260467,0.999990971266592,0.997526153735559,STOM,1
R-HSA-199991,Membrane Trafficking,14/269,293/4507,0.0477815699658703,0.800563330246013,-0.889370695841602,0.846089507294499,0.999990971266592,0.997526153735559,SYT11/DNM1/CD4/DENND4B/NAPB/CD3G/NECAP2/GOLGB1/SYT2/SYNJ1/CFTR/COL7A1/AVPR2/COPZ2,14
R-HSA-72172,mRNA Splicing,4/269,98/4507,0.0408163265306122,0.6838631363326,-0.797093717918208,0.846098952511725,0.999990971266592,0.997526153735559,SNRNP70/POLR2A/ZRSR2/U2AF1L4,4
R-HSA-373760,L1CAM interactions,2/269,55/4507,0.0363636363636364,0.609259885096316,-0.734485158048067,0.84949206839272,0.999990971266592,0.997526153735559,DNM1/NFASC,2
R-HSA-5688426,Deubiquitination,4/269,99/4507,0.0404040404040404,0.676955427884796,-0.818748486502238,0.851679918591322,0.999990971266592,0.997526153735559,DDB2/MBD6/TRIM4/CFTR,4
R-HSA-2565942,Regulation of PLK1 Activity at G2/M Transition,1/269,31/4507,0.032258064516129,0.540472478714474,-0.646753208747699,0.852559145050713,0.999990971266592,0.997526153735559,CEP164,1
R-HSA-3371453,Regulation of HSF1-mediated heat shock response,1/269,31/4507,0.032258064516129,0.540472478714474,-0.646753208747699,0.852559145050713,0.999990971266592,0.997526153735559,HSPA12B,1
R-HSA-381753,Olfactory Signaling Pathway,1/269,31/4507,0.032258064516129,0.540472478714474,-0.646753208747699,0.852559145050713,0.999990971266592,0.997526153735559,OR13A1,1
R-HSA-6781823,Formation of TC-NER Pre-Incision Complex,1/269,31/4507,0.032258064516129,0.540472478714474,-0.646753208747699,0.852559145050713,0.999990971266592,0.997526153735559,POLR2A,1
R-HSA-8852276,The role of GTSE1 in G2/M progression after G2 checkpoint,1/269,31/4507,0.032258064516129,0.540472478714474,-0.646753208747699,0.852559145050713,0.999990971266592,0.997526153735559,CDKN1A,1
R-HSA-9633012,Response of EIF2AK4 (GCN2) to amino acid deficiency,1/269,31/4507,0.032258064516129,0.540472478714474,-0.646753208747699,0.852559145050713,0.999990971266592,0.997526153735559,RPS27L,1
R-HSA-194138,Signaling by VEGF,2/269,56/4507,0.0357142857142857,0.598380244291025,-0.761853630602702,0.856554929558783,0.999990971266592,0.997526153735559,ELMO1/NCKAP1L,2
R-HSA-9010553,Regulation of expression of SLITs and ROBOs,2/269,56/4507,0.0357142857142857,0.598380244291025,-0.761853630602702,0.856554929558783,0.999990971266592,0.997526153735559,ZSWIM8/RPS27L,2
R-HSA-1912408,Pre-NOTCH Transcription and Translation,1/269,32/4507,0.03125,0.523582713754647,-0.681329569825609,0.861420090086763,0.999990971266592,0.997526153735559,NOTCH4,1
R-HSA-2644602,Signaling by NOTCH1 PEST Domain Mutants in Cancer,1/269,32/4507,0.03125,0.523582713754647,-0.681329569825609,0.861420090086763,0.999990971266592,0.997526153735559,DLL1,1
R-HSA-2644603,Signaling by NOTCH1 in Cancer,1/269,32/4507,0.03125,0.523582713754647,-0.681329569825609,0.861420090086763,0.999990971266592,0.997526153735559,DLL1,1
R-HSA-2644606,Constitutive Signaling by NOTCH1 PEST Domain Mutants,1/269,32/4507,0.03125,0.523582713754647,-0.681329569825609,0.861420090086763,0.999990971266592,0.997526153735559,DLL1,1
R-HSA-2894858,Signaling by NOTCH1 HD+PEST Domain Mutants in Cancer,1/269,32/4507,0.03125,0.523582713754647,-0.681329569825609,0.861420090086763,0.999990971266592,0.997526153735559,DLL1,1
R-HSA-2894862,Constitutive Signaling by NOTCH1 HD+PEST Domain Mutants,1/269,32/4507,0.03125,0.523582713754647,-0.681329569825609,0.861420090086763,0.999990971266592,0.997526153735559,DLL1,1
R-HSA-380270,Recruitment of mitotic centrosome proteins and complexes,1/269,32/4507,0.03125,0.523582713754647,-0.681329569825609,0.861420090086763,0.999990971266592,0.997526153735559,CEP164,1
R-HSA-380287,Centrosome maturation,1/269,32/4507,0.03125,0.523582713754647,-0.681329569825609,0.861420090086763,0.999990971266592,0.997526153735559,CEP164,1
R-HSA-69202,Cyclin E associated events during G1/S transition,1/269,32/4507,0.03125,0.523582713754647,-0.681329569825609,0.861420090086763,0.999990971266592,0.997526153735559,CDKN1A,1
R-HSA-69656,Cyclin A:Cdk2-associated events at S phase entry,1/269,32/4507,0.03125,0.523582713754647,-0.681329569825609,0.861420090086763,0.999990971266592,0.997526153735559,CDKN1A,1
R-HSA-9009391,Extra-nuclear estrogen signaling,1/269,32/4507,0.03125,0.523582713754647,-0.681329569825609,0.861420090086763,0.999990971266592,0.997526153735559,GNB3,1
R-HSA-8856688,Golgi-to-ER retrograde transport,2/269,57/4507,0.0350877192982456,0.587882345268375,-0.788805444514222,0.863314826712244,0.999990971266592,0.997526153735559,NAPB/COPZ2,2
R-HSA-9678108,SARS-CoV-1 Infection,2/269,57/4507,0.0350877192982456,0.587882345268375,-0.788805444514222,0.863314826712244,0.999990971266592,0.997526153735559,STING1/RPS27L,2
R-HSA-9013106,RHOC GTPase cycle,1/269,33/4507,0.0303030303030303,0.507716570913597,-0.715015497006827,0.869750368470374,0.999990971266592,0.997526153735559,STOM,1
R-HSA-168255,Influenza Infection,2/269,58/4507,0.0344827586206897,0.577746442763748,-0.815356181988549,0.869782599738717,0.999990971266592,0.997526153735559,POLR2A/RPS27L,2
R-HSA-5358351,Signaling by Hedgehog,2/269,59/4507,0.0338983050847458,0.567954130174532,-0.841520561461041,0.875968879147884,0.999990971266592,0.997526153735559,SYVN1/OS9,2
R-HSA-156827,L13a-mediated translational silencing of Ceruloplasmin expression,1/269,34/4507,0.0294117647058824,0.492783730592609,-0.747867124379423,0.877581649400519,0.999990971266592,0.997526153735559,RPS27L,1
R-HSA-450531,Regulation of mRNA stability by proteins that bind AU-rich elements,1/269,34/4507,0.0294117647058824,0.492783730592609,-0.747867124379423,0.877581649400519,0.999990971266592,0.997526153735559,ZFP36,1
R-HSA-5620912,Anchoring of the basal body to the plasma membrane,1/269,34/4507,0.0294117647058824,0.492783730592609,-0.747867124379423,0.877581649400519,0.999990971266592,0.997526153735559,CEP164,1
R-HSA-6807505,RNA polymerase II transcribes snRNA genes,1/269,34/4507,0.0294117647058824,0.492783730592609,-0.747867124379423,0.877581649400519,0.999990971266592,0.997526153735559,POLR2A,1
R-HSA-72706,GTP hydrolysis and joining of the 60S ribosomal subunit,1/269,34/4507,0.0294117647058824,0.492783730592609,-0.747867124379423,0.877581649400519,0.999990971266592,0.997526153735559,RPS27L,1
R-HSA-5357801,Programmed Cell Death,2/269,60/4507,0.0333333333333333,0.558488228004957,-0.867312499940454,0.881884072409381,0.999990971266592,0.997526153735559,CD14/IRF1,2
R-HSA-5689880,Ub-specific processing proteases,2/269,60/4507,0.0333333333333333,0.558488228004957,-0.867312499940454,0.881884072409381,0.999990971266592,0.997526153735559,DDB2/CFTR,2
R-HSA-6807070,PTEN Regulation,2/269,60/4507,0.0333333333333333,0.558488228004957,-0.867312499940454,0.881884072409381,0.999990971266592,0.997526153735559,CHD3/EGR1,2
R-HSA-1500931,Cell-Cell communication,5/269,127/4507,0.0393700787401575,0.659631765360185,-0.980178303073976,0.884766018620594,0.999990971266592,0.997526153735559,CLDN15/SIRPA/FYB1/BHLHE22/COL17A1,5
R-HSA-9012999,RHO GTPase cycle,10/269,229/4507,0.0436681222707424,0.73164396681872,-1.05002580466174,0.887721020472818,0.999990971266592,0.997526153735559,ARAP3/NCKAP1L/WAS/PLEKHG2/ARHGAP6/ARHGEF18/STOM/VANGL2/CFTR/ARHGAP23,10
R-HSA-195258,RHO GTPase Effectors,5/269,128/4507,0.0390625,0.654478392193309,-0.999042541053675,0.888786882778028,0.999990971266592,0.997526153735559,MYH11/NCKAP1L/WAS/CENPT/CFTR,5
R-HSA-156580,Phase II - Conjugation of compounds,1/269,36/4507,0.0277777777777778,0.465406856670797,-0.811266526792507,0.891864590789486,0.999990971266592,0.997526153735559,ACSM5,1
R-HSA-167172,Transcription of the HIV genome,1/269,36/4507,0.0277777777777778,0.465406856670797,-0.811266526792507,0.891864590789486,0.999990971266592,0.997526153735559,POLR2A,1
R-HSA-168142,Toll Like Receptor 10 (TLR10) Cascade,1/269,36/4507,0.0277777777777778,0.465406856670797,-0.811266526792507,0.891864590789486,0.999990971266592,0.997526153735559,TLR5,1
R-HSA-168176,Toll Like Receptor 5 (TLR5) Cascade,1/269,36/4507,0.0277777777777778,0.465406856670797,-0.811266526792507,0.891864590789486,0.999990971266592,0.997526153735559,TLR5,1
R-HSA-199992,trans-Golgi Network Vesicle Budding,1/269,36/4507,0.0277777777777778,0.465406856670797,-0.811266526792507,0.891864590789486,0.999990971266592,0.997526153735559,GOLGB1,1
R-HSA-438064,Post NMDA receptor activation events,1/269,36/4507,0.0277777777777778,0.465406856670797,-0.811266526792507,0.891864590789486,0.999990971266592,0.997526153735559,GRIN2D,1
R-HSA-5578749,Transcriptional regulation by small RNAs,1/269,36/4507,0.0277777777777778,0.465406856670797,-0.811266526792507,0.891864590789486,0.999990971266592,0.997526153735559,POLR2A,1
R-HSA-5654738,Signaling by FGFR2,1/269,36/4507,0.0277777777777778,0.465406856670797,-0.811266526792507,0.891864590789486,0.999990971266592,0.997526153735559,POLR2A,1
R-HSA-70171,Glycolysis,1/269,36/4507,0.0277777777777778,0.465406856670797,-0.811266526792507,0.891864590789486,0.999990971266592,0.997526153735559,ALDOB,1
R-HSA-975871,MyD88 cascade initiated on plasma membrane,1/269,36/4507,0.0277777777777778,0.465406856670797,-0.811266526792507,0.891864590789486,0.999990971266592,0.997526153735559,TLR5,1
R-HSA-9856530,High laminar flow shear stress activates signaling by PIEZO1 and PECAM1:CDH5:KDR in endothelial cells,1/269,36/4507,0.0277777777777778,0.465406856670797,-0.811266526792507,0.891864590789486,0.999990971266592,0.997526153735559,GNB3,1
R-HSA-72203,Processing of Capped Intron-Containing Pre-mRNA,5/269,129/4507,0.0387596899224806,0.649404916284833,-1.01778033605668,0.892687223791596,0.999990971266592,0.997526153735559,NXF1/SNRNP70/POLR2A/ZRSR2/U2AF1L4,5
R-HSA-5696398,Nucleotide Excision Repair,2/269,62/4507,0.032258064516129,0.540472478714474,-0.91783105103612,0.892941649491644,0.999990971266592,0.997526153735559,DDB2/POLR2A,2
R-HSA-3108232,SUMO E3 ligases SUMOylate target proteins,2/269,63/4507,0.0317460317460317,0.531893550480911,-0.942581978131619,0.89810364178457,0.999990971266592,0.997526153735559,CHD3/MBD1,2
R-HSA-73886,Chromosome Maintenance,2/269,63/4507,0.0317460317460317,0.531893550480911,-0.942581978131619,0.89810364178457,0.999990971266592,0.997526153735559,CENPT/POLR2A,2
R-HSA-380320,Recruitment of NuMA to mitotic centrosomes,1/269,37/4507,0.027027027027027,0.452828292976992,-0.84190287174883,0.898370612949546,0.999990971266592,0.997526153735559,CEP164,1
R-HSA-5689603,UCH proteinases,1/269,37/4507,0.027027027027027,0.452828292976992,-0.84190287174883,0.898370612949546,0.999990971266592,0.997526153735559,MBD6,1
R-HSA-1474165,Reproduction,1/269,38/4507,0.0263157894736842,0.440911758951281,-0.871883053679491,0.904486564877191,0.999990971266592,0.997526153735559,POU5F1,1
R-HSA-2408522,Selenoamino acid metabolism,1/269,38/4507,0.0263157894736842,0.440911758951281,-0.871883053679491,0.904486564877191,0.999990971266592,0.997526153735559,RPS27L,1
R-HSA-9663891,Selective autophagy,1/269,38/4507,0.0263157894736842,0.440911758951281,-0.871883053679491,0.904486564877191,0.999990971266592,0.997526153735559,CFTR,1
R-HSA-2990846,SUMOylation,2/269,65/4507,0.0307692307692308,0.515527595081499,-0.991123340785959,0.907741142720276,0.999990971266592,0.997526153735559,CHD3/MBD1,2
R-HSA-1912422,Pre-NOTCH Expression and Processing,1/269,39/4507,0.0256410256410256,0.429606329234582,-0.901242527009259,0.910235751283106,0.999990971266592,0.997526153735559,NOTCH4,1
R-HSA-6782135,Dual incision in TC-NER,1/269,39/4507,0.0256410256410256,0.429606329234582,-0.901242527009259,0.910235751283106,0.999990971266592,0.997526153735559,POLR2A,1
R-HSA-6782210,Gap-filling DNA repair synthesis and ligation in TC-NER,1/269,39/4507,0.0256410256410256,0.429606329234582,-0.901242527009259,0.910235751283106,0.999990971266592,0.997526153735559,POLR2A,1
R-HSA-72613,Eukaryotic Translation Initiation,1/269,39/4507,0.0256410256410256,0.429606329234582,-0.901242527009259,0.910235751283106,0.999990971266592,0.997526153735559,RPS27L,1
R-HSA-72737,Cap-dependent Translation Initiation,1/269,39/4507,0.0256410256410256,0.429606329234582,-0.901242527009259,0.910235751283106,0.999990971266592,0.997526153735559,RPS27L,1
R-HSA-9013694,Signaling by NOTCH4,1/269,39/4507,0.0256410256410256,0.429606329234582,-0.901242527009259,0.910235751283106,0.999990971266592,0.997526153735559,NOTCH4,1
R-HSA-9818564,Epigenetic regulation of gene expression by MLL3 and MLL4 complexes,1/269,39/4507,0.0256410256410256,0.429606329234582,-0.901242527009259,0.910235751283106,0.999990971266592,0.997526153735559,CEBPA,1
R-HSA-9841922,MLL4 and MLL3 complexes regulate expression of PPARG target genes in adipogenesis and hepatic steatosis,1/269,39/4507,0.0256410256410256,0.429606329234582,-0.901242527009259,0.910235751283106,0.999990971266592,0.997526153735559,CEBPA,1
R-HSA-9851695,Epigenetic regulation of adipogenesis genes by MLL3 and MLL4 complexes,1/269,39/4507,0.0256410256410256,0.429606329234582,-0.901242527009259,0.910235751283106,0.999990971266592,0.997526153735559,CEBPA,1
R-HSA-166058,MyD88:MAL(TIRAP) cascade initiated on plasma membrane,1/269,40/4507,0.025,0.418866171003718,-0.930013888677354,0.915640089444441,0.999990971266592,0.997526153735559,CD14,1
R-HSA-168179,Toll Like Receptor TLR1:TLR2 Cascade,1/269,40/4507,0.025,0.418866171003718,-0.930013888677354,0.915640089444441,0.999990971266592,0.997526153735559,CD14,1
R-HSA-168188,Toll Like Receptor TLR6:TLR2 Cascade,1/269,40/4507,0.025,0.418866171003718,-0.930013888677354,0.915640089444441,0.999990971266592,0.997526153735559,CD14,1
R-HSA-1799339,SRP-dependent cotranslational protein targeting to membrane,1/269,40/4507,0.025,0.418866171003718,-0.930013888677354,0.915640089444441,0.999990971266592,0.997526153735559,RPS27L,1
R-HSA-181438,Toll Like Receptor 2 (TLR2) Cascade,1/269,40/4507,0.025,0.418866171003718,-0.930013888677354,0.915640089444441,0.999990971266592,0.997526153735559,CD14,1
R-HSA-3371556,Cellular response to heat stress,1/269,40/4507,0.025,0.418866171003718,-0.930013888677354,0.915640089444441,0.999990971266592,0.997526153735559,HSPA12B,1
R-HSA-390466,Chaperonin-mediated protein folding,1/269,40/4507,0.025,0.418866171003718,-0.930013888677354,0.915640089444441,0.999990971266592,0.997526153735559,GNB3,1
R-HSA-674695,RNA Polymerase II Pre-transcription Events,1/269,40/4507,0.025,0.418866171003718,-0.930013888677354,0.915640089444441,0.999990971266592,0.997526153735559,POLR2A,1
R-HSA-927802,Nonsense-Mediated Decay (NMD),1/269,40/4507,0.025,0.418866171003718,-0.930013888677354,0.915640089444441,0.999990971266592,0.997526153735559,RPS27L,1
R-HSA-975957,Nonsense Mediated Decay (NMD) enhanced by the Exon Junction Complex (EJC),1/269,40/4507,0.025,0.418866171003718,-0.930013888677354,0.915640089444441,0.999990971266592,0.997526153735559,RPS27L,1
R-HSA-190236,Signaling by FGFR,1/269,41/4507,0.024390243902439,0.408649922930456,-0.958227177439488,0.920720191512819,0.999990971266592,0.997526153735559,POLR2A,1
R-HSA-9711123,Cellular response to chemical stress,3/269,93/4507,0.032258064516129,0.540472478714474,-1.12804933526326,0.923205255988874,0.999990971266592,0.997526153735559,SOD3/CDKN1A/ABCC3,3
R-HSA-166166,MyD88-independent TLR4 cascade,1/269,42/4507,0.0238095238095238,0.398920162860683,-0.98591013510311,0.925495441956852,0.999990971266592,0.997526153735559,CD14,1
R-HSA-8878166,Transcriptional regulation by RUNX2,1/269,42/4507,0.0238095238095238,0.398920162860683,-0.98591013510311,0.925495441956852,0.999990971266592,0.997526153735559,CDKN1A,1
R-HSA-937061,TRIF (TICAM1)-mediated TLR4 signaling,1/269,42/4507,0.0238095238095238,0.398920162860683,-0.98591013510311,0.925495441956852,0.999990971266592,0.997526153735559,CD14,1
R-HSA-141424,Amplification of signal from the kinetochores,1/269,43/4507,0.0232558139534884,0.3896429497709,-1.01308843534055,0.929984070425745,0.999990971266592,0.997526153735559,CENPT,1
R-HSA-141444,Amplification  of signal from unattached  kinetochores via a MAD2  inhibitory signal,1/269,43/4507,0.0232558139534884,0.3896429497709,-1.01308843534055,0.929984070425745,0.999990971266592,0.997526153735559,CENPT,1
R-HSA-446203,Asparagine N-linked glycosylation,6/269,163/4507,0.0368098159509202,0.616735466508541,-1.25556379434719,0.931638555446482,0.999990971266592,0.997526153735559,SYVN1/NAPB/OS9/GOLGB1/COL7A1/COPZ2,6
R-HSA-72163,mRNA Splicing - Major Pathway,3/269,96/4507,0.03125,0.523582713754647,-1.18862772513675,0.932821272923331,0.999990971266592,0.997526153735559,SNRNP70/POLR2A/U2AF1L4,3
R-HSA-391251,Protein folding,1/269,44/4507,0.0227272727272727,0.380787428185198,-1.0397858847751,0.934203220303764,0.999990971266592,0.997526153735559,GNB3,1
R-HSA-5696399,Global Genome Nucleotide Excision Repair (GG-NER),1/269,44/4507,0.0227272727272727,0.380787428185198,-1.0397858847751,0.934203220303764,0.999990971266592,0.997526153735559,DDB2,1
R-HSA-8878159,Transcriptional regulation by RUNX3,1/269,44/4507,0.0227272727272727,0.380787428185198,-1.0397858847751,0.934203220303764,0.999990971266592,0.997526153735559,CDKN1A,1
R-HSA-9013404,RAC2 GTPase cycle,1/269,45/4507,0.0222222222222222,0.372325485336638,-1.06602460026306,0.938169013209497,0.999990971266592,0.997526153735559,NCKAP1L,1
R-HSA-5617833,Cilium Assembly,2/269,73/4507,0.0273972602739726,0.459031420278047,-1.1738885985474,0.938394921466555,0.999990971266592,0.997526153735559,CEP164/DYNLT5,2
R-HSA-162587,HIV Life Cycle,2/269,74/4507,0.027027027027027,0.452828292976992,-1.19558892840364,0.941466764812463,0.999990971266592,0.997526153735559,CD4/POLR2A,2
R-HSA-69618,Mitotic Spindle Checkpoint,1/269,46/4507,0.0217391304347826,0.364231453046711,-1.09182516566436,0.941896609678938,0.999990971266592,0.997526153735559,CENPT,1
R-HSA-109581,Apoptosis,1/269,47/4507,0.0212765957446809,0.356481847662738,-1.11720677087645,0.945400266257365,0.999990971266592,0.997526153735559,CD14,1
R-HSA-9860931,Response of endothelial cells to shear stress,1/269,47/4507,0.0212765957446809,0.356481847662738,-1.11720677087645,0.945400266257365,0.999990971266592,0.997526153735559,GNB3,1
R-HSA-9948299,Ribosome-associated quality control,1/269,47/4507,0.0212765957446809,0.356481847662738,-1.11720677087645,0.945400266257365,0.999990971266592,0.997526153735559,RPS27L,1
R-HSA-170834,Signaling by TGF-beta Receptor Complex,1/269,48/4507,0.0208333333333333,0.349055142503098,-1.14218733547935,0.948693389211798,0.999990971266592,0.997526153735559,ARHGEF18,1
R-HSA-1989781,PPARA activates gene expression,1/269,48/4507,0.0208333333333333,0.349055142503098,-1.14218733547935,0.948693389211798,0.999990971266592,0.997526153735559,HMGCS2,1
R-HSA-400206,Regulation of lipid metabolism by PPARalpha,1/269,48/4507,0.0208333333333333,0.349055142503098,-1.14218733547935,0.948693389211798,0.999990971266592,0.997526153735559,HMGCS2,1
R-HSA-6781827,Transcription-Coupled Nucleotide Excision Repair (TC-NER),1/269,48/4507,0.0208333333333333,0.349055142503098,-1.14218733547935,0.948693389211798,0.999990971266592,0.997526153735559,POLR2A,1
R-HSA-15869,Metabolism of nucleotides,1/269,49/4507,0.0204081632653061,0.3419315681663,-1.16678361898591,0.95178858506334,0.999990971266592,0.997526153735559,SAMHD1,1
R-HSA-8876198,RAB GEFs exchange GTP for GDP on RABs,1/269,49/4507,0.0204081632653061,0.3419315681663,-1.16678361898591,0.95178858506334,0.999990971266592,0.997526153735559,DENND4B,1
R-HSA-157579,Telomere Maintenance,1/269,50/4507,0.02,0.335092936802974,-1.19101131939725,0.954697708127037,0.999990971266592,0.997526153735559,POLR2A,1
R-HSA-9837999,Mitochondrial protein degradation,1/269,50/4507,0.02,0.335092936802974,-1.19101131939725,0.954697708127037,0.999990971266592,0.997526153735559,HMGCS2,1
R-HSA-69275,G2/M Transition,2/269,80/4507,0.025,0.418866171003718,-1.32116678699631,0.957056690498708,0.999990971266592,0.997526153735559,CDKN1A/CEP164,2
R-HSA-211000,Gene Silencing by RNA,1/269,51/4507,0.0196078431372549,0.328522487061739,-1.21488516151748,0.957431905235816,0.999990971266592,0.997526153735559,POLR2A,1
R-HSA-453274,Mitotic G2-G2/M phases,2/269,82/4507,0.024390243902439,0.408649922930456,-1.36140143465144,0.961308128246795,0.999990971266592,0.997526153735559,CDKN1A/CEP164,2
R-HSA-446652,Interleukin-1 family signaling,1/269,54/4507,0.0185185185185185,0.310271237780531,-1.28451779947775,0.964686663183138,0.999990971266592,0.997526153735559,PTPN7,1
R-HSA-9648025,EML4 and NUDC in mitotic spindle formation,1/269,54/4507,0.0185185185185185,0.310271237780531,-1.28451779947775,0.964686663183138,0.999990971266592,0.997526153735559,CENPT,1
R-HSA-68877,Mitotic Prometaphase,2/269,84/4507,0.0238095238095238,0.398920162860683,-1.40089179268194,0.96515527278328,0.999990971266592,0.997526153735559,CENPT/CEP164,2
R-HSA-446728,Cell junction organization,3/269,112/4507,0.0267857142857143,0.448785183218269,-1.48813287893086,0.967858038823846,0.999990971266592,0.997526153735559,CLDN15/BHLHE22/COL17A1,3
R-HSA-6811442,Intra-Golgi and retrograde Golgi-to-ER traffic,2/269,86/4507,0.0232558139534884,0.3896429497709,-1.43967409821345,0.96863432188911,0.999990971266592,0.997526153735559,NAPB/COPZ2,2
R-HSA-2500257,Resolution of Sister Chromatid Cohesion,1/269,56/4507,0.0178571428571429,0.299190122145512,-1.32940310384673,0.968824713999293,0.999990971266592,0.997526153735559,CENPT,1
R-HSA-2559583,Cellular Senescence,1/269,57/4507,0.0175438596491228,0.293941172634188,-1.3514175885917,0.970708819129419,0.999990971266592,0.997526153735559,CDKN1A,1
R-HSA-983231,Factors involved in megakaryocyte development and platelet production,1/269,57/4507,0.0175438596491228,0.293941172634188,-1.3514175885917,0.970708819129419,0.999990971266592,0.997526153735559,IRF1,1
R-HSA-1169410,Antiviral mechanism by IFN-stimulated genes,1/269,58/4507,0.0172413793103448,0.288873221381874,-1.37315981165194,0.972479454557326,0.999990971266592,0.997526153735559,UBA7,1
R-HSA-611105,Respiratory electron transport,2/269,89/4507,0.0224719101123596,0.376508917756151,-1.49659279896789,0.973234749424966,0.999990971266592,0.997526153735559,ISCU/COQ10A,2
R-HSA-194315,Signaling by Rho GTPases,12/269,319/4507,0.0376175548589342,0.630268846651362,-1.72571592998042,0.973992347293388,0.999990971266592,0.997526153735559,MYH11/ARAP3/NCKAP1L/WAS/CENPT/PLEKHG2/ARHGAP6/ARHGEF18/STOM/VANGL2/CFTR/ARHGAP23,12
R-HSA-3700989,Transcriptional Regulation by TP53,5/269,167/4507,0.029940119760479,0.501636132938584,-1.65329813336176,0.975479707215944,0.999990971266592,0.997526153735559,BCL6/DDB2/CHD3/CDKN1A/POLR2A,5
R-HSA-69206,G1/S Transition,1/269,60/4507,0.0166666666666667,0.279244114002478,-1.41586392251015,0.975707147920606,0.999990971266592,0.997526153735559,CDKN1A,1
R-HSA-9716542,"Signaling by Rho GTPases, Miro GTPases and RHOBTB3",12/269,323/4507,0.0371517027863777,0.622463659695927,-1.77400746237207,0.977091815383415,0.999990971266592,0.997526153735559,MYH11/ARAP3/NCKAP1L/WAS/CENPT/PLEKHG2/ARHGAP6/ARHGEF18/STOM/VANGL2/CFTR/ARHGAP23,12
R-HSA-9007101,Rab regulation of trafficking,1/269,64/4507,0.015625,0.261791356877323,-1.49838084887359,0.981074560095396,0.999990971266592,0.997526153735559,DENND4B,1
R-HSA-162599,Late Phase of HIV Life Cycle,1/269,66/4507,0.0151515151515152,0.253858285456799,-1.53831104922783,0.983297097536667,0.999990971266592,0.997526153735559,POLR2A,1
R-HSA-4839726,Chromatin organization,2/269,98/4507,0.0204081632653061,0.3419315681663,-1.65922508020699,0.983460617171094,0.999990971266592,0.997526153735559,CHD3/BICRA,2
R-HSA-5663220,RHO GTPases Activate Formins,1/269,67/4507,0.0149253731343284,0.250069355823115,-1.55796707086205,0.984308824796887,0.999990971266592,0.997526153735559,CENPT,1
R-HSA-5684996,MAPK1/MAPK3 signaling,3/269,129/4507,0.0232558139534884,0.3896429497709,-1.77187140536581,0.985849582516117,0.999990971266592,0.997526153735559,TYK2/PTPN7/GRIN2D,3
R-HSA-6791226,Major pathway of rRNA processing in the nucleolus and cytosol,1/269,70/4507,0.0142857142857143,0.23935209771641,-1.61576886429177,0.986992069779126,0.999990971266592,0.997526153735559,RPS27L,1
R-HSA-421270,Cell-cell junction organization,2/269,103/4507,0.0194174757281553,0.325332948352402,-1.74492078543408,0.987383102166635,0.999990971266592,0.997526153735559,CLDN15/BHLHE22,2
R-HSA-69242,S Phase,1/269,71/4507,0.0140845070422535,0.235980941410545,-1.63466534401521,0.987780695704169,0.999990971266592,0.997526153735559,CDKN1A,1
R-HSA-69306,DNA Replication,1/269,71/4507,0.0140845070422535,0.235980941410545,-1.63466534401521,0.987780695704169,0.999990971266592,0.997526153735559,POLG,1
R-HSA-201681,TCF dependent signaling in response to WNT,1/269,72/4507,0.0138888888888889,0.232703428335399,-1.65338484057947,0.988521676961063,0.999990971266592,0.997526153735559,SOX7,1
R-HSA-453279,Mitotic G1 phase and G1/S transition,1/269,72/4507,0.0138888888888889,0.232703428335399,-1.65338484057947,0.988521676961063,0.999990971266592,0.997526153735559,CDKN1A,1
R-HSA-9609507,Protein localization,1/269,72/4507,0.0138888888888889,0.232703428335399,-1.65338484057947,0.988521676961063,0.999990971266592,0.997526153735559,PIPOX,1
R-HSA-8868773,rRNA processing in the nucleus and cytosol,1/269,75/4507,0.0133333333333333,0.223395291201983,-1.70852773347159,0.990486586120883,0.999990971266592,0.997526153735559,RPS27L,1
R-HSA-9006936,Signaling by TGFB family members,1/269,75/4507,0.0133333333333333,0.223395291201983,-1.70852773347159,0.990486586120883,0.999990971266592,0.997526153735559,ARHGEF18,1
R-HSA-1428517,Aerobic respiration and respiratory electron transport,3/269,137/4507,0.0218978102189781,0.366890076791577,-1.89578875634478,0.990488260617918,0.999990971266592,0.997526153735559,UCP2/ISCU/COQ10A,3
R-HSA-2467813,Separation of Sister Chromatids,1/269,76/4507,0.0131578947368421,0.220455879475641,-1.72658466367914,0.991064002261109,0.999990971266592,0.997526153735559,CENPT,1
R-HSA-5633007,Regulation of TP53 Activity,1/269,76/4507,0.0131578947368421,0.220455879475641,-1.72658466367914,0.991064002261109,0.999990971266592,0.997526153735559,CHD3,1
R-HSA-73894,DNA Repair,3/269,143/4507,0.020979020979021,0.351496087555567,-1.98531537449944,0.992968094121536,0.999990971266592,0.997526153735559,DDB2/UBA7/POLR2A,3
R-HSA-69620,Cell Cycle Checkpoints,2/269,114/4507,0.0175438596491228,0.293941172634188,-1.9235521656476,0.993095711680305,0.999990971266592,0.997526153735559,CDKN1A/CENPT,2
R-HSA-2262752,Cellular responses to stress,10/269,317/4507,0.0315457413249211,0.528537755209738,-2.19311192729744,0.993746749977363,0.999990971266592,0.997526153735559,TSPYL2/SOD3/CDKN1A/SZT2/SYVN1/HSPA12B/FLCN/RPS27L/ABCC3/CXXC1,10
R-HSA-5683057,MAPK family signaling cascades,3/269,146/4507,0.0205479452054795,0.344273565208535,-2.02907142169567,0.993961442133379,0.999990971266592,0.997526153735559,TYK2/PTPN7/GRIN2D,3
R-HSA-72312,rRNA processing,1/269,85/4507,0.0117647058823529,0.197113492237044,-1.88254562748541,0.994917029039236,0.999990971266592,0.997526153735559,RPS27L,1
R-HSA-212436,Generic Transcription Pathway,17/269,476/4507,0.0357142857142857,0.598380244291025,-2.33401370823739,0.995127604126214,0.999990971266592,0.997526153735559,BCL6/ZNF154/DDB2/CHD3/CDKN1A/DLL1/ZNF79/ZNF589/ZNF211/POLR2A/NOTCH4/ZNF394/ZNF417/ZNF10/ZNF700/ZNF616/ZNF418,17
R-HSA-8953897,Cellular responses to stimuli,12/269,371/4507,0.032345013477089,0.541929277848475,-2.32017360467921,0.995568089651931,0.999990971266592,0.997526153735559,TSPYL2/SOD3/CDKN1A/SZT2/SYVN1/GNB3/HSPA12B/FLCN/RPS27L/ABCC3/CXXC1/CACNB2,12
R-HSA-9759476,Regulation of Homotypic Cell-Cell Adhesion,1/269,88/4507,0.0113636363636364,0.190393714092599,-1.93216612726576,0.995789553868105,0.999990971266592,0.997526153735559,BHLHE22,1
R-HSA-1852241,Organelle biogenesis and maintenance,2/269,123/4507,0.016260162601626,0.272433281953637,-2.06101600756099,0.995812419376168,0.999990971266592,0.997526153735559,CEP164/DYNLT5,2
R-HSA-3247509,Chromatin modifying enzymes,1/269,91/4507,0.010989010989011,0.184116998243392,-1.9807301228802,0.996512764458594,0.999990971266592,0.997526153735559,CHD3,1
R-HSA-68882,Mitotic Anaphase,1/269,91/4507,0.010989010989011,0.184116998243392,-1.9807301228802,0.996512764458594,0.999990971266592,0.997526153735559,CENPT,1
R-HSA-5673001,RAF/MAP kinase cascade,2/269,127/4507,0.015748031496063,0.263852706144074,-2.11992639697346,0.996652805272448,0.999990971266592,0.997526153735559,PTPN7/GRIN2D,2
R-HSA-2555396,Mitotic Metaphase and Anaphase,1/269,92/4507,0.0108695652173913,0.182115726523355,-1.99669474413808,0.996725188906202,0.999990971266592,0.997526153735559,CENPT,1
R-HSA-418990,Adherens junctions interactions,1/269,92/4507,0.0108695652173913,0.182115726523355,-1.99669474413808,0.996725188906202,0.999990971266592,0.997526153735559,BHLHE22,1
R-HSA-68886,M Phase,2/269,150/4507,0.0133333333333333,0.223395291201983,-2.43693040484753,0.999093837327437,0.999990971266592,0.997526153735559,CENPT/CEP164,2
R-HSA-8953854,Metabolism of RNA,7/269,321/4507,0.0218068535825545,0.365366130470532,-2.9721273062473,0.999760154460634,0.999990971266592,0.997526153735559,NXF1/SNRNP70/POLR2A/ZFP36/RPS27L/ZRSR2/U2AF1L4,7
R-HSA-69278,"Cell Cycle, Mitotic",3/269,230/4507,0.0130434782608696,0.218538871828027,-3.0647350160366,0.999934723938576,0.999990971266592,0.997526153735559,CDKN1A/CENPT/CEP164,3
R-HSA-72766,Translation,1/269,181/4507,0.00552486187845304,0.0925671096140812,-3.13907580724414,0.999988518003142,0.999990971266592,0.997526153735559,RPS27L,1
R-HSA-1640170,Cell Cycle,4/269,298/4507,0.0134228187919463,0.224894588458372,-3.48795357404543,0.999990971266592,0.999990971266592,0.997526153735559,CDKN1A/CENPT/POLR2A/CEP164,4
