ID,Description,GeneRatio,BgRatio,RichFactor,FoldEnrichment,zScore,pvalue,p.adjust,qvalue,geneID,Count
GO:0046649,lymphocyte activation,65/468,470/7427,0.138297872340426,2.19473995271868,6.93966162558549,6.65990789066198e-10,2.36892923670847e-06,2.20618211914876e-06,INPP5D/DOCK8/TNFRSF14/VSIR/BCL6/NFAM1/SYK/HLA-E/TNFRSF1B/PIK3CG/TYK2/SIRPA/BLNK/CDKN1A/RASSF5/DLL1/MAFB/DOCK2/CD28/SYVN1/NCKAP1L/KMT2A/IKZF1/DTX1/WAS/C3/CD1D/AKAP17A/IRF4/CD4/SEMA6D/NFKBID/CCDC88B/WDFY4/EGR1/LGALS9/MR1/BST1/ZNF335/TLR9/PDCD1/GPNMB/TBX21/CD37/CD3G/TESPA1/TNFSF14/SLA2/BTN2A2/PLCG2/CYP26B1/CD8B/CD5/HAVCR2/HFE/CLEC7A/IL4I1/IRF1/TREML2/CFB/CLNK/PSMB10/ZNF683/EGR3/MPL,65
GO:0002694,regulation of leukocyte activation,48/468,331/7427,0.145015105740181,2.30134015028275,6.28094518865296,3.16767362279564e-08,3.06406366049352e-05,2.85356031533762e-05,INPP5D/DOCK8/TNFRSF14/VSIR/BCL6/NFAM1/SYK/HLA-E/TNFRSF1B/SYT11/TYK2/SIRPA/CDKN1A/RASSF5/CD28/NCKAP1L/DTX1/CD1D/IRF4/CD4/NFKBID/CCDC88B/LGALS9/BST1/ZNF335/TLR9/PDCD1/GPNMB/TBX21/CD37/GRN/TESPA1/TNFSF14/BTN2A2/CYP26B1/NR1H3/CD300LF/CD5/HAVCR2/CEBPA/HFE/CLEC7A/IL4I1/IRF1/CLNK/ZNF683/EGR3/MPL,48
GO:0050865,regulation of cell activation,51/468,364/7427,0.14010989010989,2.22349605522682,6.20705570380287,3.63295834487104e-08,3.06406366049352e-05,2.85356031533762e-05,INPP5D/DOCK8/TNFRSF14/VSIR/BCL6/NFAM1/SYK/HLA-E/TNFRSF1B/SYT11/TYK2/SIRPA/CDKN1A/RASSF5/EMILIN2/CD28/NCKAP1L/DTX1/CD1D/IRF4/CD4/CAPN3/NFKBID/CCDC88B/LGALS9/BST1/ZNF335/TLR9/PDCD1/GPNMB/TBX21/CD37/GRN/TESPA1/TNFSF14/BTN2A2/CYP26B1/NR1H3/SELP/CD300LF/CD5/HAVCR2/CEBPA/HFE/CLEC7A/IL4I1/IRF1/CLNK/ZNF683/EGR3/MPL,51
GO:0042110,T cell activation,48/468,334/7427,0.143712574850299,2.28066943037003,6.2104386684189,4.23324554521872e-08,3.06406366049352e-05,2.85356031533762e-05,DOCK8/TNFRSF14/VSIR/BCL6/SYK/HLA-E/TNFRSF1B/PIK3CG/TYK2/SIRPA/MAFB/DOCK2/CD28/NCKAP1L/KMT2A/DTX1/WAS/CD1D/IRF4/CD4/SEMA6D/NFKBID/CCDC88B/WDFY4/EGR1/LGALS9/MR1/PDCD1/GPNMB/TBX21/CD37/CD3G/TESPA1/TNFSF14/SLA2/BTN2A2/CYP26B1/CD8B/CD5/HAVCR2/HFE/CLEC7A/IL4I1/IRF1/TREML2/PSMB10/ZNF683/EGR3,48
GO:0046651,lymphocyte proliferation,31/468,168/7427,0.18452380952381,2.92832977207977,6.55578239852742,4.30708976735103e-08,3.06406366049352e-05,2.85356031533762e-05,INPP5D/DOCK8/TNFRSF14/VSIR/BCL6/SYK/HLA-E/TNFRSF1B/PIK3CG/TYK2/CDKN1A/RASSF5/DOCK2/CD28/NCKAP1L/CD1D/CD4/CCDC88B/LGALS9/BST1/ZNF335/TLR9/GPNMB/CD37/TNFSF14/BTN2A2/HAVCR2/IL4I1/IRF1/PSMB10/MPL,31
GO:0032943,mononuclear cell proliferation,31/468,170/7427,0.182352941176471,2.89387883358472,6.4777632330331,5.72869076597157e-08,3.39615884242681e-05,3.16284032289693e-05,INPP5D/DOCK8/TNFRSF14/VSIR/BCL6/SYK/HLA-E/TNFRSF1B/PIK3CG/TYK2/CDKN1A/RASSF5/DOCK2/CD28/NCKAP1L/CD1D/CD4/CCDC88B/LGALS9/BST1/ZNF335/TLR9/GPNMB/CD37/TNFSF14/BTN2A2/HAVCR2/IL4I1/IRF1/PSMB10/MPL,31
GO:0051249,regulation of lymphocyte activation,43/468,295/7427,0.145762711864407,2.31320440388237,5.96849249294727,1.49583874803239e-07,7.34782883446443e-05,6.84302778570337e-05,INPP5D/DOCK8/TNFRSF14/VSIR/BCL6/NFAM1/SYK/HLA-E/TNFRSF1B/TYK2/SIRPA/CDKN1A/RASSF5/CD28/NCKAP1L/DTX1/CD1D/IRF4/CD4/NFKBID/CCDC88B/LGALS9/BST1/ZNF335/TLR9/PDCD1/GPNMB/TBX21/CD37/TESPA1/TNFSF14/BTN2A2/CYP26B1/CD5/HAVCR2/HFE/CLEC7A/IL4I1/IRF1/CLNK/ZNF683/EGR3/MPL,43
GO:0050670,regulation of lymphocyte proliferation,26/468,133/7427,0.195488721804511,3.10233918128655,6.34413923746632,1.65259012301702e-07,7.34782883446443e-05,6.84302778570337e-05,INPP5D/TNFRSF14/VSIR/BCL6/SYK/HLA-E/TNFRSF1B/TYK2/CDKN1A/RASSF5/CD28/NCKAP1L/CD1D/CD4/CCDC88B/LGALS9/BST1/ZNF335/TLR9/GPNMB/CD37/BTN2A2/HAVCR2/IL4I1/IRF1/MPL,26
GO:0032944,regulation of mononuclear cell proliferation,26/468,135/7427,0.192592592592593,3.05637860082305,6.25278665533968,2.25521802513093e-07,8.91312279487858e-05,8.30078494162227e-05,INPP5D/TNFRSF14/VSIR/BCL6/SYK/HLA-E/TNFRSF1B/TYK2/CDKN1A/RASSF5/CD28/NCKAP1L/CD1D/CD4/CCDC88B/LGALS9/BST1/ZNF335/TLR9/GPNMB/CD37/BTN2A2/HAVCR2/IL4I1/IRF1/MPL,26
GO:0042098,T cell proliferation,24/468,121/7427,0.198347107438017,3.14770078406442,6.17665874544401,3.7537586876971e-07,0.000133521196521386,0.000124348195686135,DOCK8/TNFRSF14/VSIR/BCL6/SYK/HLA-E/TNFRSF1B/PIK3CG/TYK2/DOCK2/CD28/NCKAP1L/CD1D/CD4/CCDC88B/LGALS9/GPNMB/CD37/TNFSF14/BTN2A2/HAVCR2/IL4I1/IRF1/PSMB10,24
GO:0070661,leukocyte proliferation,31/468,189/7427,0.164021164021164,2.60295979740424,5.78856912334587,6.75188565143145e-07,0.000218331429655833,0.000203331905694304,INPP5D/DOCK8/TNFRSF14/VSIR/BCL6/SYK/HLA-E/TNFRSF1B/PIK3CG/TYK2/CDKN1A/RASSF5/DOCK2/CD28/NCKAP1L/CD1D/CD4/CCDC88B/LGALS9/BST1/ZNF335/TLR9/GPNMB/CD37/TNFSF14/BTN2A2/HAVCR2/IL4I1/IRF1/PSMB10/MPL,31
GO:0070663,regulation of leukocyte proliferation,26/468,149/7427,0.174496644295302,2.76920208799403,5.65706973784958,1.65323741462647e-06,0.000490047123652197,0.000456380538932413,INPP5D/TNFRSF14/VSIR/BCL6/SYK/HLA-E/TNFRSF1B/TYK2/CDKN1A/RASSF5/CD28/NCKAP1L/CD1D/CD4/CCDC88B/LGALS9/BST1/ZNF335/TLR9/GPNMB/CD37/BTN2A2/HAVCR2/IL4I1/IRF1/MPL,26
GO:0050867,positive regulation of cell activation,33/468,220/7427,0.15,2.38044871794872,5.38990782073091,2.34269032548366e-06,0.000640996114441953,0.00059695922706859,INPP5D/DOCK8/TNFRSF14/VSIR/BCL6/SYK/HLA-E/TYK2/SIRPA/CDKN1A/CD28/NCKAP1L/CD1D/CD4/CAPN3/NFKBID/CCDC88B/LGALS9/BST1/ZNF335/TLR9/TBX21/TESPA1/TNFSF14/BTN2A2/SELP/CD5/HAVCR2/CEBPA/CLEC7A/IL4I1/EGR3/MPL,33
GO:0050863,regulation of T cell activation,33/468,222/7427,0.148648648648649,2.35900323400323,5.33097892469613,2.8723859378759e-06,0.000709712696469553,0.000660954931207458,DOCK8/TNFRSF14/VSIR/BCL6/SYK/HLA-E/TNFRSF1B/TYK2/SIRPA/CD28/NCKAP1L/DTX1/CD1D/IRF4/CD4/NFKBID/CCDC88B/LGALS9/PDCD1/GPNMB/TBX21/CD37/TESPA1/TNFSF14/BTN2A2/CYP26B1/CD5/HAVCR2/HFE/IL4I1/IRF1/ZNF683/EGR3,33
GO:0002819,regulation of adaptive immune response,23/468,126/7427,0.182539682539683,2.89684235517569,5.56868071093176,2.99288457887076e-06,0.000709712696469553,0.000660954931207458,TNFRSF14/BCL6/HLA-E/TNFRSF1B/TYK2/CD28/SYVN1/NCKAP1L/WAS/C3/CD1D/CD4/NFKBID/LGALS9/MR1/PDCD1/TBX21/HAVCR2/HFE/CLEC7A/IL4I1/IRF1/HLA-C,23
GO:0002695,negative regulation of leukocyte activation,22/468,119/7427,0.184873949579832,2.93388637506285,5.5148302070766,3.95456634676319e-06,0.000842911601828816,0.000785002977362734,INPP5D/TNFRSF14/VSIR/BCL6/HLA-E/SYT11/RASSF5/DTX1/LGALS9/PDCD1/GPNMB/TBX21/CD37/GRN/BTN2A2/NR1H3/CD300LF/HAVCR2/HFE/IL4I1/IRF1/CLNK,22
GO:0051251,positive regulation of lymphocyte activation,30/468,195/7427,0.153846153846154,2.44148586456279,5.2896320788408,4.02853450410173e-06,0.000842911601828816,0.000785002977362734,INPP5D/DOCK8/TNFRSF14/VSIR/BCL6/SYK/HLA-E/TYK2/SIRPA/CDKN1A/CD28/NCKAP1L/CD1D/CD4/NFKBID/CCDC88B/LGALS9/BST1/ZNF335/TLR9/TBX21/TESPA1/TNFSF14/BTN2A2/CD5/HAVCR2/CLEC7A/IL4I1/EGR3/MPL,30
GO:0002250,adaptive immune response,37/468,269/7427,0.137546468401487,2.18281542909796,5.12417855643881,4.71795411759941e-06,0.00093232015535006,0.000868269099888031,INPP5D/TNFRSF14/BCL6/SYK/MPEG1/HLA-E/TNFRSF1B/PIK3CG/TYK2/KLHL6/CD28/SYVN1/NCKAP1L/LAIR1/WAS/C3/CD1D/IRF4/CD4/PRKD2/NFKBID/LGALS9/MR1/PDCD1/TBX21/CD3G/SLA2/CD8B/HAVCR2/LAMP3/CFI/HFE/CLEC7A/IL4I1/IRF1/ZNF683/HLA-C,37
GO:0002696,positive regulation of leukocyte activation,31/468,209/7427,0.148325358851675,2.35387273545168,5.14836734906984,6.05053072237263e-06,0.00113272304102523,0.00105490416528015,INPP5D/DOCK8/TNFRSF14/VSIR/BCL6/SYK/HLA-E/TYK2/SIRPA/CDKN1A/CD28/NCKAP1L/CD1D/CD4/NFKBID/CCDC88B/LGALS9/BST1/ZNF335/TLR9/TBX21/TESPA1/TNFSF14/BTN2A2/CD5/HAVCR2/CEBPA/CLEC7A/IL4I1/EGR3/MPL,31
GO:0002822,regulation of adaptive immune response based on somatic recombination of immune receptors built from immunoglobulin superfamily domains,21/468,115/7427,0.182608695652174,2.8979375696767,5.31911931564278,8.02018679864116e-06,0.00142639022213833,0.00132839620291177,BCL6/HLA-E/TNFRSF1B/TYK2/CD28/SYVN1/NCKAP1L/WAS/C3/CD1D/CD4/NFKBID/LGALS9/MR1/PDCD1/TBX21/HAVCR2/HFE/CLEC7A/IL4I1/HLA-C,21
GO:0007159,leukocyte cell-cell adhesion,33/468,238/7427,0.138655462184874,2.20041478129713,4.88104208169864,1.31697567233891e-05,0.00223070593643309,0.0020774548575692,DOCK8/TNFRSF14/VSIR/BCL6/SYK/HLA-E/TYK2/SIRPA/CD28/NCKAP1L/DTX1/CD1D/SELPLG/CD4/NFKBID/CCDC88B/LGALS9/JAM2/CXCL12/PDCD1/GPNMB/TBX21/CD37/TESPA1/TNFSF14/BTN2A2/SELP/CD5/HAVCR2/HFE/IL4I1/IRF1/EGR3,33
GO:0042129,regulation of T cell proliferation,19/468,101/7427,0.188118811881188,2.98538123043074,5.20952494896738,1.39099520724362e-05,0.00224248506684657,0.00208842475337472,TNFRSF14/VSIR/BCL6/SYK/HLA-E/TNFRSF1B/TYK2/CD28/NCKAP1L/CD1D/CD4/CCDC88B/LGALS9/GPNMB/CD37/BTN2A2/HAVCR2/IL4I1/IRF1,19
GO:1903037,regulation of leukocyte cell-cell adhesion,31/468,218/7427,0.142201834862385,2.25669450325414,4.8836825968382,1.45001845761797e-05,0.00224248506684657,0.00208842475337472,DOCK8/TNFRSF14/VSIR/BCL6/SYK/HLA-E/TYK2/SIRPA/CD28/NCKAP1L/DTX1/CD1D/CD4/NFKBID/CCDC88B/LGALS9/CXCL12/PDCD1/GPNMB/TBX21/CD37/TESPA1/TNFSF14/BTN2A2/SELP/CD5/HAVCR2/HFE/IL4I1/IRF1/EGR3,31
GO:0050866,negative regulation of cell activation,22/468,130/7427,0.169230769230769,2.68563445101907,5.02793763936845,1.73749767960223e-05,0.00257511635264381,0.00239820403408256,INPP5D/TNFRSF14/VSIR/BCL6/HLA-E/SYT11/RASSF5/DTX1/LGALS9/PDCD1/GPNMB/TBX21/CD37/GRN/BTN2A2/NR1H3/CD300LF/HAVCR2/HFE/IL4I1/IRF1/CLNK,22
GO:0030098,lymphocyte differentiation,34/468,253/7427,0.134387351778656,2.1326813283335,4.75350873828464,1.91408731542973e-05,0.00272336343239342,0.00253626643438204,INPP5D/VSIR/BCL6/NFAM1/SYK/BLNK/DLL1/MAFB/DOCK2/CD28/SYVN1/NCKAP1L/KMT2A/IKZF1/DTX1/CD1D/IRF4/CD4/NFKBID/EGR1/LGALS9/MR1/TLR9/TBX21/CD3G/TESPA1/BTN2A2/PLCG2/CYP26B1/IL4I1/IRF1/CFB/ZNF683/EGR3,34
GO:0050671,positive regulation of lymphocyte proliferation,16/468,78/7427,0.205128205128205,3.25531448608372,5.19238955735293,2.16203493258366e-05,0.00295783009815388,0.00275462507402461,BCL6/SYK/HLA-E/TYK2/CDKN1A/CD28/NCKAP1L/CD1D/CD4/CCDC88B/LGALS9/BST1/ZNF335/TLR9/HAVCR2/MPL,16
GO:0050778,positive regulation of immune response,49/468,429/7427,0.114219114219114,1.81261829338752,4.49629971244814,2.77753047063805e-05,0.00365913921631834,0.00340775375871264,STING1/INPP5D/NFAM1/TRIM56/SYK/SERPING1/LCP2/HLA-E/TYK2/BLNK/FYB1/KLHL6/CD28/NCKAP1L/C3/CD1D/IRF4/CD4/PRKD2/NFKBID/LGALS9/GFI1/MR1/TIFAB/HCK/ZNFX1/TLR9/PRKCH/SLC15A3/TBX21/CD3G/TESPA1/SLA2/BTN2A2/PLCG2/NR1H3/TLR5/CD300LF/C5AR1/CD8B/HAVCR2/CFI/CD14/CLEC7A/IRF1/CFB/CLNK/ZNF683/HLA-C,49
GO:0032946,positive regulation of mononuclear cell proliferation,16/468,80/7427,0.2,3.17393162393162,5.06947323560603,3.01411903375832e-05,0.00382900764395655,0.00356595210497648,BCL6/SYK/HLA-E/TYK2/CDKN1A/CD28/NCKAP1L/CD1D/CD4/CCDC88B/LGALS9/BST1/ZNF335/TLR9/HAVCR2/MPL,16
GO:1903131,mononuclear cell differentiation,38/468,306/7427,0.124183006535948,1.97074185799676,4.49698001700977,3.80738877003107e-05,0.00466995926034501,0.00434912974928776,INPP5D/VSIR/BCL6/NFAM1/SYK/BLNK/DLL1/MAFB/PDE1B/DOCK2/CD28/SYVN1/NCKAP1L/KMT2A/IKZF1/DTX1/CD1D/IRF4/CD4/NFKBID/EGR1/LGALS9/MR1/TLR9/TBX21/CD3G/TESPA1/UCP2/BTN2A2/PLCG2/CYP26B1/CEBPA/BATF3/IL4I1/IRF1/CFB/ZNF683/EGR3,38
GO:0002253,activation of immune response,40/468,331/7427,0.120845921450151,1.91778345856896,4.42970087188309,4.45396467293099e-05,0.00528091744720518,0.00491811467568906,STING1/INPP5D/NFAM1/TRIM56/SYK/SERPING1/LCP2/BLNK/FYB1/KLHL6/CD28/NCKAP1L/C3/IRF4/PRKD2/NFKBID/GFI1/TIFAB/HCK/ZNFX1/TLR9/PRKCH/SLC15A3/CD3G/TESPA1/SLA2/BTN2A2/PLCG2/NR1H3/TLR5/CD300LF/C5AR1/CD8B/HAVCR2/CFI/CD14/CLEC7A/IRF1/CFB/ZNF683,40
GO:0046633,alpha-beta T cell proliferation,9/468,29/7427,0.310344827586207,4.92506631299735,5.4918139337474,4.66460611434117e-05,0.00535225933829405,0.00498455532829598,TNFRSF14/VSIR/SYK/HLA-E/TYK2/DOCK2/CD28/LGALS9/IRF1,9
GO:0002831,regulation of response to biotic stimulus,39/468,322/7427,0.12111801242236,1.92210144927536,4.38683783096572,5.28754398027897e-05,0.00568527125186568,0.00529468908738035,STING1/INPP5D/STAT2/PML/TRIM56/SYK/SERPING1/HLA-E/SYT11/SIRPA/TRIM38/EMILIN2/CD1D/IRF4/LGALS9/GFI1/MR1/TIFAB/HCK/ZNFX1/SAMHD1/TLR9/SLC15A3/PDCD1/CD37/GRN/PLCG2/NR1H3/TLR5/APOBEC3F/CD300LF/HAVCR2/CD14/CLEC7A/NLRP4/IL4I1/IRF1/CLNK/HLA-C,39
GO:0046634,regulation of alpha-beta T cell activation,15/468,75/7427,0.2,3.17393162393162,4.90682696760089,5.32731505931435e-05,0.00568527125186568,0.00529468908738035,TNFRSF14/VSIR/BCL6/SYK/HLA-E/TYK2/CD28/NCKAP1L/IRF4/NFKBID/LGALS9/TBX21/HFE/IRF1/ZNF683,15
GO:0002429,immune response-activating cell surface receptor signaling pathway,26/468,180/7427,0.144444444444444,2.29228395061728,4.55136906462694,5.45018252724889e-05,0.00568527125186568,0.00529468908738035,INPP5D/NFAM1/SYK/LCP2/BLNK/FYB1/KLHL6/CD28/NCKAP1L/C3/PRKD2/NFKBID/HCK/PRKCH/CD3G/TESPA1/SLA2/BTN2A2/PLCG2/NR1H3/TLR5/C5AR1/CD8B/CD14/CLEC7A/ZNF683,26
GO:0051250,negative regulation of lymphocyte activation,18/468,102/7427,0.176470588235294,2.80052790346908,4.74813554530362,5.70382555992293e-05,0.00568527125186568,0.00529468908738035,INPP5D/TNFRSF14/VSIR/BCL6/HLA-E/RASSF5/DTX1/LGALS9/PDCD1/GPNMB/TBX21/CD37/BTN2A2/HAVCR2/HFE/IL4I1/IRF1/CLNK,18
GO:0022407,regulation of cell-cell adhesion,35/468,278/7427,0.12589928057554,1.99797854024473,4.39792615411678,5.8304482949872e-05,0.00568527125186568,0.00529468908738035,DOCK8/TNFRSF14/VSIR/BCL6/AKNA/SYK/HLA-E/TYK2/SIRPA/EMILIN2/CD28/NCKAP1L/DTX1/CD1D/CD4/NFKBID/CCDC88B/LGALS9/NOTCH4/CXCL12/PDCD1/GPNMB/TBX21/CD37/TESPA1/TNFSF14/MDGA1/BTN2A2/SELP/CD5/HAVCR2/HFE/IL4I1/IRF1/EGR3,35
GO:0050777,negative regulation of immune response,20/468,121/7427,0.165289256198347,2.62308398672035,4.66789227603396,5.91383290185634e-05,0.00568527125186568,0.00529468908738035,INPP5D/STAT2/TNFRSF14/BCL6/SYK/SERPING1/HLA-E/SYVN1/NCKAP1L/LGALS9/HCK/SAMHD1/PDCD1/TBX21/GRN/NR1H3/HAVCR2/HFE/NLRP4/IL4I1,20
GO:0030155,regulation of cell adhesion,49/468,443/7427,0.110609480812641,1.7553346452895,4.25124499495581,6.41099679705701e-05,0.00600103042292941,0.00558875537959512,DOCK8/TNFRSF14/VSIR/BCL6/AKNA/PML/SYK/HLA-E/PIK3CG/CASS4/TYK2/SIRPA/DLL1/EMILIN2/CD28/NCKAP1L/DTX1/EGFL6/CD1D/CD4/PRKD2/NFKBID/CCDC88B/LGALS9/SLC9A1/ARHGAP6/BST1/NOTCH4/EGFLAM/CXCL12/PDCD1/GPNMB/TBX21/CD37/TESPA1/TNFSF14/COL16A1/MDGA1/BTN2A2/SELP/FBLN1/CD5/HAVCR2/HFE/IL4I1/IRF1/HYAL1/EGR3/CXCR3,49
GO:0032945,negative regulation of mononuclear cell proliferation,12/468,52/7427,0.230769230769231,3.66222879684418,4.99566165653545,6.92309445491882e-05,0.00631421717337083,0.00588042597830757,INPP5D/TNFRSF14/VSIR/BCL6/HLA-E/RASSF5/LGALS9/GPNMB/CD37/BTN2A2/HAVCR2/IL4I1,12
GO:1903038,negative regulation of leukocyte cell-cell adhesion,16/468,86/7427,0.186046511627907,2.95249453388988,4.72267892836592,7.60638836119939e-05,0.00676398085019656,0.00629929057176171,TNFRSF14/VSIR/BCL6/HLA-E/DTX1/LGALS9/CXCL12/PDCD1/GPNMB/TBX21/CD37/BTN2A2/HAVCR2/HFE/IL4I1/IRF1,16
GO:0050851,antigen receptor-mediated signaling pathway,19/468,115/7427,0.165217391304348,2.62194351542178,4.54562427110346,9.07136381962525e-05,0.00786996124546512,0.00732928933000274,INPP5D/NFAM1/SYK/LCP2/BLNK/FYB1/KLHL6/CD28/NCKAP1L/PRKD2/NFKBID/PRKCH/CD3G/TESPA1/SLA2/BTN2A2/PLCG2/CD8B/ZNF683,19
GO:0002703,regulation of leukocyte mediated immunity,22/468,145/7427,0.151724137931034,2.40781019746537,4.4394559513657,9.71657026641817e-05,0.00822900962801177,0.00766367083418997,INPP5D/BCL6/SYK/HLA-E/TNFRSF1B/CD28/NCKAP1L/WAS/C3/CD1D/LGALS9/MR1/TLR9/PDCD1/TBX21/PLCG2/HAVCR2/HFE/CLEC7A/IL4I1/CLNK/HLA-C,22
GO:0050868,negative regulation of T cell activation,15/468,79/7427,0.189873417721519,3.01322622525154,4.66496652481116,9.97481832013271e-05,0.00825126250342141,0.00768439492128706,TNFRSF14/VSIR/BCL6/HLA-E/DTX1/LGALS9/PDCD1/GPNMB/TBX21/CD37/BTN2A2/HAVCR2/HFE/IL4I1/IRF1,15
GO:0002460,adaptive immune response based on somatic recombination of immune receptors built from immunoglobulin superfamily domains,26/468,187/7427,0.13903743315508,2.20647653000594,4.33308669908485,0.00010457546891649,0.00845397597581712,0.00787318183445437,INPP5D/BCL6/HLA-E/TNFRSF1B/TYK2/KLHL6/CD28/SYVN1/NCKAP1L/WAS/C3/CD1D/IRF4/CD4/NFKBID/LGALS9/MR1/PDCD1/TBX21/SLA2/HAVCR2/CFI/HFE/CLEC7A/IL4I1/HLA-C,26
GO:0009617,response to bacterium,38/468,321/7427,0.118380062305296,1.87865111696887,4.17333608801176,0.00010812496849209,0.00854667806503034,0.00795951522443528,TNFRSF14/SYK/MPEG1/HLA-E/TNFRSF1B/SYT11/SIRPA/IL10RA/EMILIN2/KLHL6/PTAFR/C3/CD1D/CD4/SSC5D/LGALS9/GFI1/MR1/TIFAB/HCK/ZNFX1/TLR9/ALPL/GRN/PLCG2/NR1H3/TLR5/ZFP36/SELP/CASP7/C5AR1/CUBN/HAVCR2/GCH1/CD14/CFB/GNLY/HMGCS2,38
GO:0002683,negative regulation of immune system process,36/468,300/7427,0.12,1.90435897435897,4.14643709679198,0.000124686002669287,0.00964148068466642,0.00897910412815212,INPP5D/STAT2/TNFRSF14/VSIR/BCL6/SYK/SERPING1/HLA-E/SYT11/RASSF5/MAFB/SYVN1/NCKAP1L/DTX1/IRF4/LGALS9/HCK/SAMHD1/CXCL12/PDCD1/GPNMB/TBX21/CD37/GRN/SLA2/BTN2A2/NR1H3/TMEM178A/CD300LF/HAVCR2/CEBPA/HFE/NLRP4/IL4I1/IRF1/CLNK,36
GO:0046640,regulation of alpha-beta T cell proliferation,8/468,26/7427,0.307692307692308,4.88297172912558,5.14319133636998,0.000133068670298299,0.00990629857082785,0.00922572883784242,TNFRSF14/VSIR/SYK/HLA-E/TYK2/CD28/LGALS9/IRF1,8
GO:0070665,positive regulation of leukocyte proliferation,16/468,90/7427,0.177777777777778,2.82127255460589,4.50779252462057,0.000133680722912493,0.00990629857082785,0.00922572883784242,BCL6/SYK/HLA-E/TYK2/CDKN1A/CD28/NCKAP1L/CD1D/CD4/CCDC88B/LGALS9/BST1/ZNF335/TLR9/HAVCR2/MPL,16
GO:0002706,regulation of lymphocyte mediated immunity,18/468,109/7427,0.165137614678899,2.62067748764997,4.420186833881,0.000139186078367033,0.010103773076562,0.00940963670507096,INPP5D/BCL6/HLA-E/TNFRSF1B/CD28/NCKAP1L/WAS/C3/CD1D/LGALS9/MR1/PDCD1/TBX21/HAVCR2/HFE/IL4I1/CLNK/HLA-C,18
GO:0002474,antigen processing and presentation of peptide antigen via MHC class I,7/468,20/7427,0.35,5.55438034188034,5.2887142480475,0.000142272908761549,0.0101212947292966,0.00942595460784408,MPEG1/HLA-E/LGMN/MR1/IFI30/HFE/HLA-C,7
GO:0070664,negative regulation of leukocyte proliferation,12/468,56/7427,0.214285714285714,3.40064102564103,4.67611315952065,0.00014871068596341,0.0103718413719971,0.00965928851861408,INPP5D/TNFRSF14/VSIR/BCL6/HLA-E/RASSF5/LGALS9/GPNMB/CD37/BTN2A2/HAVCR2/IL4I1,12
GO:0050870,positive regulation of T cell activation,22/468,150/7427,0.146666666666667,2.32754985754986,4.25938859075783,0.000161728613829859,0.0107958776145354,0.0100541931707509,DOCK8/TNFRSF14/VSIR/BCL6/SYK/HLA-E/TYK2/SIRPA/CD28/NCKAP1L/CD1D/CD4/NFKBID/CCDC88B/LGALS9/TESPA1/TNFSF14/BTN2A2/CD5/HAVCR2/IL4I1/EGR3,22
GO:0046631,alpha-beta T cell activation,19/468,120/7427,0.158333333333333,2.51269586894587,4.33211194868517,0.000162649838800465,0.0107958776145354,0.0100541931707509,TNFRSF14/VSIR/BCL6/SYK/HLA-E/TYK2/DOCK2/CD28/NCKAP1L/KMT2A/IRF4/NFKBID/WDFY4/LGALS9/TBX21/CD3G/HFE/IRF1/ZNF683,19
GO:0008203,cholesterol metabolic process,13/468,65/7427,0.2,3.17393162393162,4.56490383156095,0.000166889780518605,0.0107958776145354,0.0100541931707509,APOL2/APOL1/LCAT/CH25H/GNB3/LIMA1/CUBN/CEBPA/GBA2/CFTR/LIPC/CYP46A1/HMGCS2,13
GO:0002697,regulation of immune effector process,29/468,225/7427,0.128888888888889,2.04542260208927,4.12936779706076,0.000166930916165153,0.0107958776145354,0.0100541931707509,INPP5D/TNFRSF14/BCL6/SYK/SERPING1/HLA-E/TNFRSF1B/CD28/NCKAP1L/WAS/C3/CD1D/IRF4/NFKBID/LGALS9/MR1/TLR9/PDCD1/TBX21/CD37/GRN/PLCG2/HAVCR2/HFE/CLEC7A/IL4I1/CLNK/ZNF683/HLA-C,29
GO:0002707,negative regulation of lymphocyte mediated immunity,10/468,41/7427,0.24390243902439,3.87064832186783,4.7796296715592,0.000170515922792916,0.0108308060245429,0.0100867219742351,INPP5D/BCL6/HLA-E/NCKAP1L/LGALS9/PDCD1/TBX21/HAVCR2/HFE/IL4I1,10
GO:0002757,immune response-activating signaling pathway,36/468,305/7427,0.118032786885246,1.87313997477932,4.03793931362181,0.000174348360721104,0.0108321846376845,0.0100880058756767,STING1/INPP5D/NFAM1/TRIM56/SYK/LCP2/BLNK/FYB1/KLHL6/CD28/NCKAP1L/C3/IRF4/PRKD2/NFKBID/GFI1/TIFAB/HCK/TLR9/PRKCH/SLC15A3/CD3G/TESPA1/SLA2/BTN2A2/PLCG2/NR1H3/TLR5/CD300LF/C5AR1/CD8B/HAVCR2/CD14/CLEC7A/IRF1/ZNF683,36
GO:0022408,negative regulation of cell-cell adhesion,18/468,111/7427,0.162162162162162,2.57345807345807,4.33118562343677,0.000176628256672955,0.0108321846376845,0.0100880058756767,TNFRSF14/VSIR/BCL6/AKNA/HLA-E/DTX1/LGALS9/NOTCH4/CXCL12/PDCD1/GPNMB/TBX21/CD37/BTN2A2/HAVCR2/HFE/IL4I1/IRF1,18
GO:0002768,immune response-regulating cell surface receptor signaling pathway,26/468,195/7427,0.133333333333333,2.11595441595442,4.095071913138,0.000209252174557796,0.0126154234729166,0.0117487349390434,INPP5D/NFAM1/SYK/LCP2/BLNK/FYB1/KLHL6/CD28/NCKAP1L/C3/PRKD2/NFKBID/HCK/PRKCH/CD3G/TESPA1/SLA2/BTN2A2/PLCG2/NR1H3/TLR5/C5AR1/CD8B/CD14/CLEC7A/ZNF683,26
GO:0002764,immune response-regulating signaling pathway,38/468,333/7427,0.114114114114114,1.81095197761864,3.92643708222297,0.000232785820205122,0.0137896902278509,0.0128423287356427,STING1/INPP5D/NFAM1/TRIM56/SYK/LCP2/BLNK/FYB1/KLHL6/CD28/NCKAP1L/LAIR1/C3/IRF4/PRKD2/NFKBID/GFI1/TIFAB/HCK/TLR9/PRKCH/SLC15A3/CD3G/TESPA1/SLA2/BTN2A2/PLCG2/NR1H3/TLR5/CD300LF/C5AR1/CD8B/HAVCR2/CD14/CLEC7A/KIR2DS4/IRF1/ZNF683,38
GO:0002832,negative regulation of response to biotic stimulus,14/468,76/7427,0.184210526315789,2.92335807467386,4.37039520048498,0.000236483301630281,0.0137896902278509,0.0128423287356427,INPP5D/STAT2/SERPING1/HLA-E/SIRPA/TRIM38/LGALS9/SAMHD1/PDCD1/GRN/NR1H3/HAVCR2/NLRP4/IL4I1,14
GO:0045619,regulation of lymphocyte differentiation,20/468,134/7427,0.149253731343284,2.36860568950121,4.14576436493501,0.000250910040249738,0.0143949518252954,0.0134060084323586,INPP5D/VSIR/BCL6/NFAM1/SYK/CD28/NCKAP1L/DTX1/IRF4/NFKBID/LGALS9/TLR9/TBX21/TESPA1/BTN2A2/CYP26B1/IL4I1/IRF1/ZNF683/EGR3,20
GO:0050672,negative regulation of lymphocyte proliferation,11/468,51/7427,0.215686274509804,3.42286743757332,4.50226722171896,0.000263181041803959,0.0146662570827773,0.0136586748263617,INPP5D/TNFRSF14/VSIR/HLA-E/RASSF5/LGALS9/GPNMB/CD37/BTN2A2/HAVCR2/IL4I1,11
GO:0030217,T cell differentiation,25/468,187/7427,0.133689839572193,2.12161204808264,4.0282940664053,0.000264770005485204,0.0146662570827773,0.0136586748263617,VSIR/BCL6/SYK/MAFB/DOCK2/CD28/NCKAP1L/KMT2A/DTX1/CD1D/IRF4/CD4/NFKBID/EGR1/LGALS9/MR1/TBX21/CD3G/TESPA1/BTN2A2/CYP26B1/IL4I1/IRF1/ZNF683/EGR3,25
GO:0016125,sterol metabolic process,13/468,68/7427,0.191176470588235,3.03390522875817,4.36920828423991,0.000268008633787047,0.0146662570827773,0.0136586748263617,APOL2/APOL1/LCAT/CH25H/GNB3/LIMA1/CUBN/CEBPA/GBA2/CFTR/LIPC/CYP46A1/HMGCS2,13
GO:1903039,positive regulation of leukocyte cell-cell adhesion,23/468,166/7427,0.13855421686747,2.19880805272372,4.0507221795134,0.000273768905885499,0.0147544848217382,0.0137408412571239,DOCK8/TNFRSF14/VSIR/BCL6/SYK/HLA-E/TYK2/SIRPA/CD28/NCKAP1L/CD1D/CD4/NFKBID/CCDC88B/LGALS9/TESPA1/TNFSF14/BTN2A2/SELP/CD5/HAVCR2/IL4I1/EGR3,23
GO:0001817,regulation of cytokine production,46/468,433/7427,0.106235565819861,1.68592210970964,3.81401956783912,0.000279126395726121,0.0148186953671316,0.013800640492539,STING1/INPP5D/TNFRSF14/VSIR/BCL6/NFAM1/PML/TRIM56/SYK/HLA-E/TNFRSF1B/PIK3CG/SYT11/TYK2/SIRPA/TRIM38/DLL1/CD28/NCKAP1L/C3/IRF4/CD4/SSC5D/PRKD2/CCDC88B/EGR1/LGALS9/TLR9/GPNMB/TBX21/BTN2A2/PLCG2/RAB2B/TLR5/ZFP36/FBLN1/C5AR1/HAVCR2/FFAR4/HFE/CD14/CLEC7A/IRF1/ZBTB32/CLNK/ZNF683,46
GO:0001816,cytokine production,46/468,435/7427,0.105747126436782,1.67817074368799,3.78015797612148,0.000309998999950656,0.0160176520947388,0.0149172280431893,STING1/INPP5D/TNFRSF14/VSIR/BCL6/NFAM1/PML/TRIM56/SYK/HLA-E/TNFRSF1B/PIK3CG/SYT11/TYK2/SIRPA/TRIM38/DLL1/CD28/NCKAP1L/C3/IRF4/CD4/SSC5D/PRKD2/CCDC88B/EGR1/LGALS9/TLR9/GPNMB/TBX21/BTN2A2/PLCG2/RAB2B/TLR5/ZFP36/FBLN1/C5AR1/HAVCR2/FFAR4/HFE/CD14/CLEC7A/IRF1/ZBTB32/CLNK/ZNF683,46
GO:1902652,secondary alcohol metabolic process,13/468,69/7427,0.188405797101449,2.98993558776168,4.30636317768202,0.000311675432196169,0.0160176520947388,0.0149172280431893,APOL2/APOL1/LCAT/CH25H/GNB3/LIMA1/CUBN/CEBPA/GBA2/CFTR/LIPC/CYP46A1/HMGCS2,13
GO:0002521,leukocyte differentiation,40/468,362/7427,0.110497237569061,1.75355338338764,3.8118798829942,0.000315219467706415,0.0160176520947388,0.0149172280431893,INPP5D/VSIR/BCL6/NFAM1/SYK/BLNK/DLL1/MAFB/PDE1B/DOCK2/CD28/SYVN1/NCKAP1L/KMT2A/IKZF1/DTX1/CD1D/IRF4/CD4/NFKBID/EGR1/LGALS9/MR1/TLR9/TBX21/CD3G/TESPA1/UCP2/BTN2A2/PLCG2/CYP26B1/TMEM178A/CEBPA/BATF3/IL4I1/IRF1/CFB/ZNF683/EGR3/CD101,40
GO:0003228,atrial cardiac muscle tissue development,5/468,11/7427,0.454545454545455,7.21348096348096,5.34777879506645,0.000326962294842014,0.0163803504613105,0.015255008774912,SHOX2/CACNA1G/TBX18/TBX5/WNT2,5
GO:0045589,regulation of regulatory T cell differentiation,7/468,23/7427,0.304347826086957,4.82989594946117,4.7702887592758,0.000381263715112132,0.0188297095845397,0.0175360951903723,VSIR/BCL6/CD28/LGALS9/BTN2A2/IL4I1/IRF1,7
GO:0002820,negative regulation of adaptive immune response,10/468,45/7427,0.222222222222222,3.52659069325736,4.40840117290919,0.000386440483461176,0.0188297095845397,0.0175360951903723,TNFRSF14/BCL6/SYVN1/NCKAP1L/LGALS9/PDCD1/TBX21/HAVCR2/HFE/IL4I1,10
GO:0031347,regulation of defense response,46/468,443/7427,0.103837471783296,1.64786517721055,3.64637529762307,0.000466554694923058,0.02242614932218,0.0208854569690308,STING1/INPP5D/STAT2/BCL6/AKNA/PML/TRIM56/SYK/SERPING1/HLA-E/TNFRSF1B/PIK3CG/SYT11/SIRPA/TRIM38/IL10RA/EMILIN2/CD28/C3/CD1D/IRF4/LGALS9/GFI1/BST1/TIFAB/HCK/ZNFX1/SAMHD1/TLR9/SLC15A3/CD37/GRN/PLCG2/NR1H3/TLR5/APOBEC3F/CD300LF/HAVCR2/CEBPA/FFAR4/CD14/CLEC7A/NLRP4/IRF1/CLNK/HLA-C,46
GO:0045066,regulatory T cell differentiation,7/468,24/7427,0.291666666666667,4.62865028490029,4.61714848568319,0.000509399973319483,0.024159142734632,0.0224993925057742,VSIR/BCL6/CD28/LGALS9/BTN2A2/IL4I1/IRF1,7
GO:0002704,negative regulation of leukocyte mediated immunity,10/468,47/7427,0.212765957446809,3.37652300418258,4.23828103957264,0.000559875329677376,0.0262036387850319,0.0244034302284585,INPP5D/BCL6/HLA-E/NCKAP1L/LGALS9/PDCD1/TBX21/HAVCR2/HFE/IL4I1,10
GO:0032753,positive regulation of interleukin-4 production,6/468,18/7427,0.333333333333333,5.28988603988604,4.72529787885568,0.000586347119837769,0.0269143991901575,0.0250653608899947,SYK/HLA-E/CD28/IRF4/LGALS9/HAVCR2,6
GO:0045580,regulation of T cell differentiation,17/468,112/7427,0.151785714285714,2.40878739316239,3.89559933870178,0.000590194865569942,0.0269143991901575,0.0250653608899947,VSIR/BCL6/SYK/CD28/NCKAP1L/DTX1/IRF4/NFKBID/LGALS9/TBX21/TESPA1/BTN2A2/CYP26B1/IL4I1/IRF1/ZNF683/EGR3,17
GO:0019722,calcium-mediated signaling,17/468,113/7427,0.150442477876106,2.38747069056804,3.85400738201515,0.000655288083534902,0.0295045533308057,0.0274775696053876,NFAM1/SYK/GRIA3/P2RX1/CD4/SLC9A1/BST1/GRIN2D/PPP1R9B/SLA2/PLCG2/P2RY11/AKAP5/CLEC7A/RYR3/CXCR3/SLC24A4,17
GO:0045577,regulation of B cell differentiation,7/468,25/7427,0.28,4.44350427350427,4.47221908887051,0.000669609240639113,0.0297725008619166,0.0277271089512012,INPP5D/BCL6/NFAM1/SYK/NCKAP1L/TLR9/IL4I1,7
GO:0002252,immune effector process,39/468,364/7427,0.107142857142857,1.70032051282051,3.55287490713391,0.000692237182696348,0.0303986130722334,0.0283102068089072,INPP5D/TNFRSF14/BCL6/SYK/SERPING1/HLA-E/TNFRSF1B/PIK3CG/DLL1/DOCK2/CD28/NCKAP1L/KMT2A/WAS/C3/CD1D/IRF4/SEMA6D/NFKBID/LGALS9/MR1/HCK/TLR9/PDCD1/TBX21/CD37/GRN/SLA2/PLCG2/HAVCR2/CFI/HFE/MRGPRX2/CLEC7A/IL4I1/CFB/CLNK/ZNF683/HLA-C,39
GO:0002709,regulation of T cell mediated immunity,11/468,57/7427,0.192982456140351,3.06256560203929,4.05357707623183,0.000723471428464412,0.0313827789152184,0.0292267597609436,HLA-E/TNFRSF1B/NCKAP1L/WAS/CD1D/MR1/PDCD1/TBX21/HFE/IL4I1/HLA-C,11
GO:0098659,inorganic cation import across plasma membrane,10/468,49/7427,0.204081632653061,3.23870573870574,4.07711261931599,0.000793223690587708,0.0320361067441888,0.0298352035050123,P2RX1/SLC9A1/CACNA1G/CACNA1E/ISCU/AKAP5/SLC6A1/SLC8A3/KCNJ10/SLC24A4,10
GO:0099587,inorganic ion import across plasma membrane,10/468,49/7427,0.204081632653061,3.23870573870574,4.07711261931599,0.000793223690587708,0.0320361067441888,0.0298352035050123,P2RX1/SLC9A1/CACNA1G/CACNA1E/ISCU/AKAP5/SLC6A1/SLC8A3/KCNJ10/SLC24A4,10
GO:0032743,positive regulation of interleukin-2 production,6/468,19/7427,0.315789473684211,5.0114709851552,4.54001146596933,0.000811859659356493,0.0320361067441888,0.0298352035050123,CD28/IRF4/CD4/PRKD2/PLCG2/CLEC7A,6
GO:0036037,"CD8-positive, alpha-beta T cell activation",6/468,19/7427,0.315789473684211,5.0114709851552,4.54001146596933,0.000811859659356493,0.0320361067441888,0.0298352035050123,VSIR/HLA-E/NCKAP1L/WDFY4/HFE/IRF1,6
GO:0022600,digestive system process,9/468,41/7427,0.219512195121951,3.48358348968105,4.13516669689107,0.000828597644212925,0.0320361067441888,0.0298352035050123,CLDN15/IL10RA/HRH2/LIMA1/TIFAB/TLR9/HEPH/NR1H3/SLC2A5,9
GO:0032613,interleukin-10 production,9/468,41/7427,0.219512195121951,3.48358348968105,4.13516669689107,0.000828597644212925,0.0320361067441888,0.0298352035050123,VSIR/SYK/DLL1/CD28/IRF4/LGALS9/TLR9/PLCG2/CLEC7A,9
GO:0032623,interleukin-2 production,9/468,41/7427,0.219512195121951,3.48358348968105,4.13516669689107,0.000828597644212925,0.0320361067441888,0.0298352035050123,CD28/IRF4/CD4/PRKD2/TBX21/PLCG2/ZFP36/HAVCR2/CLEC7A,9
GO:0032653,regulation of interleukin-10 production,9/468,41/7427,0.219512195121951,3.48358348968105,4.13516669689107,0.000828597644212925,0.0320361067441888,0.0298352035050123,VSIR/SYK/DLL1/CD28/IRF4/LGALS9/TLR9/PLCG2/CLEC7A,9
GO:0032663,regulation of interleukin-2 production,9/468,41/7427,0.219512195121951,3.48358348968105,4.13516669689107,0.000828597644212925,0.0320361067441888,0.0298352035050123,CD28/IRF4/CD4/PRKD2/TBX21/PLCG2/ZFP36/HAVCR2/CLEC7A,9
GO:0042130,negative regulation of T cell proliferation,9/468,41/7427,0.219512195121951,3.48358348968105,4.13516669689107,0.000828597644212925,0.0320361067441888,0.0298352035050123,TNFRSF14/VSIR/HLA-E/LGALS9/GPNMB/CD37/BTN2A2/HAVCR2/IL4I1,9
GO:0032733,positive regulation of interleukin-10 production,7/468,26/7427,0.269230769230769,4.27260026298488,4.33472363286465,0.000867282082343622,0.0331712082461964,0.0308923227293195,SYK/CD28/IRF4/LGALS9/TLR9/PLCG2/CLEC7A,7
GO:0002823,negative regulation of adaptive immune response based on somatic recombination of immune receptors built from immunoglobulin superfamily domains,9/468,42/7427,0.214285714285714,3.40064102564103,4.04579245169785,0.000996920961703374,0.0377239134125415,0.03513225382397,BCL6/SYVN1/NCKAP1L/LGALS9/PDCD1/TBX21/HAVCR2/HFE/IL4I1,9
GO:0022409,positive regulation of cell-cell adhesion,24/468,193/7427,0.124352331606218,1.97342898897303,3.55320822322773,0.00100901617379184,0.0377796897913428,0.0351841983260157,DOCK8/TNFRSF14/VSIR/BCL6/SYK/HLA-E/TYK2/SIRPA/EMILIN2/CD28/NCKAP1L/CD1D/CD4/NFKBID/CCDC88B/LGALS9/TESPA1/TNFSF14/BTN2A2/SELP/CD5/HAVCR2/IL4I1/EGR3,24
GO:0045785,positive regulation of cell adhesion,32/468,287/7427,0.111498257839721,1.76943923285387,3.44741168983498,0.00107262144683029,0.03908521981988,0.0364000375162873,DOCK8/TNFRSF14/VSIR/BCL6/SYK/HLA-E/CASS4/TYK2/SIRPA/EMILIN2/CD28/NCKAP1L/EGFL6/CD1D/CD4/PRKD2/NFKBID/CCDC88B/LGALS9/EGFLAM/CXCL12/TESPA1/TNFSF14/COL16A1/BTN2A2/SELP/FBLN1/CD5/HAVCR2/IL4I1/HYAL1/EGR3,32
GO:0032633,interleukin-4 production,6/468,20/7427,0.3,4.76089743589744,4.36729266367422,0.00109882540961147,0.03908521981988,0.0364000375162873,SYK/HLA-E/CD28/IRF4/LGALS9/HAVCR2,6
GO:0032673,regulation of interleukin-4 production,6/468,20/7427,0.3,4.76089743589744,4.36729266367422,0.00109882540961147,0.03908521981988,0.0364000375162873,SYK/HLA-E/CD28/IRF4/LGALS9/HAVCR2,6
GO:0098703,calcium ion import across plasma membrane,6/468,20/7427,0.3,4.76089743589744,4.36729266367422,0.00109882540961147,0.03908521981988,0.0364000375162873,P2RX1/CACNA1G/CACNA1E/AKAP5/SLC8A3/SLC24A4,6
GO:1902656,calcium ion import into cytosol,6/468,20/7427,0.3,4.76089743589744,4.36729266367422,0.00109882540961147,0.03908521981988,0.0364000375162873,P2RX1/CACNA1G/CACNA1E/AKAP5/SLC8A3/SLC24A4,6
GO:1902105,regulation of leukocyte differentiation,24/468,195/7427,0.123076923076923,1.95318869165023,3.49779183028661,0.00116693200387858,0.041096803344516,0.0382734238270547,INPP5D/VSIR/BCL6/NFAM1/SYK/MAFB/CD28/NCKAP1L/DTX1/IRF4/CD4/NFKBID/LGALS9/TLR9/TBX21/TESPA1/BTN2A2/CYP26B1/TMEM178A/IL4I1/IRF1/ZNF683/EGR3/CD101,24
GO:2001185,"regulation of CD8-positive, alpha-beta T cell activation",5/468,14/7427,0.357142857142857,5.66773504273504,4.53315109148458,0.00120925845333558,0.04216992469132,0.0392728209767498,VSIR/HLA-E/NCKAP1L/HFE/IRF1,5
GO:0060284,regulation of cell development,44/468,438/7427,0.100456621004566,1.59421223119853,3.32428387343899,0.00123278530911536,0.042572983927411,0.0396481897576498,INPP5D/EGR2/VSIR/BCL6/NFAM1/SYK/TNFRSF1B/SHOX2/DLL1/MAFB/CD28/NCKAP1L/DTX1/IRF4/CD4/SEMA6D/NFKBID/LGALS9/ZNF335/TLR9/PRKCH/CXCL12/TBX21/GRN/TESPA1/BTN2A2/RGMA/CYP26B1/RELN/ZFP36/TMEM178A/RAB37/CEBPA/BMAL1/DAAM2/MAP6/WNT2/CLEC7A/IL4I1/IRF1/ZNF683/EGR3/MPL/CD101,44
GO:0098739,import across plasma membrane,14/468,90/7427,0.155555555555556,2.46861348528015,3.63493364777322,0.00138238571030851,0.0472802497266092,0.0440320630601303,SLC36A1/P2RX1/SLC9A1/CACNA1G/SLC15A3/CACNA1E/ISCU/AKAP5/SLC2A5/SLC6A1/SLC8A3/KCNJ10/SLC47A1/SLC24A4,14
GO:0042742,defense response to bacterium,18/468,132/7427,0.136363636363636,2.16404428904429,3.49921641258753,0.00148978795908623,0.0504683406711402,0.0470011298971867,TNFRSF14/SYK/MPEG1/HLA-E/SYT11/EMILIN2/CD4/SSC5D/MR1/HCK/ZNFX1/TLR9/GRN/SELP/CASP7/C5AR1/HAVCR2/GNLY,18
GO:1903706,regulation of hemopoiesis,28/468,248/7427,0.112903225806452,1.79173559415495,3.28852399058068,0.00179893224763847,0.0603660566495285,0.0562188657727731,INPP5D/VSIR/BCL6/NFAM1/SYK/DLL1/MAFB/CD28/NCKAP1L/DTX1/IRF4/CD4/NFKBID/LGALS9/TLR9/TBX21/TESPA1/BTN2A2/CYP26B1/ZFP36/TMEM178A/CEBPA/IL4I1/IRF1/ZNF683/EGR3/MPL/CD101,28
GO:0032735,positive regulation of interleukin-12 production,6/468,22/7427,0.272727272727273,4.32808857808858,4.05387792300743,0.00189907423158518,0.0631309069322288,0.0587937688814418,SYK/LGALS9/TLR9/PLCG2/CLEC7A/IRF1,6
GO:0042102,positive regulation of T cell proliferation,10/468,55/7427,0.181818181818182,2.88539238539239,3.6392962584834,0.0020102562508415,0.0656007475618643,0.0610939297093017,SYK/HLA-E/TYK2/CD28/NCKAP1L/CD1D/CD4/CCDC88B/LGALS9/HAVCR2,10
GO:0045824,negative regulation of innate immune response,10/468,55/7427,0.181818181818182,2.88539238539239,3.6392962584834,0.0020102562508415,0.0656007475618643,0.0610939297093017,INPP5D/STAT2/SERPING1/HLA-E/LGALS9/SAMHD1/GRN/NR1H3/HAVCR2/NLRP4,10
GO:0050830,defense response to Gram-positive bacterium,8/468,38/7427,0.210526315789474,3.34098065677013,3.75166257491888,0.00213401311993686,0.0683845465550937,0.0636864797386561,TNFRSF14/MPEG1/HLA-E/SSC5D/MR1/HCK/C5AR1/HAVCR2,8
GO:0070509,calcium ion import,8/468,38/7427,0.210526315789474,3.34098065677013,3.75166257491888,0.00213401311993686,0.0683845465550937,0.0636864797386561,P2RX1/CACNA1G/CXCL12/CACNA1E/AKAP5/SLC8A3/SLC24A4/CACNB2,8
GO:0050871,positive regulation of B cell activation,9/468,47/7427,0.191489361702128,3.03887070376432,3.63611336002055,0.00230138770166893,0.0730896076324676,0.0680682997852642,INPP5D/BCL6/SYK/CDKN1A/CD28/NCKAP1L/BST1/TLR9/TBX21,9
GO:0045591,positive regulation of regulatory T cell differentiation,5/468,16/7427,0.3125,4.95926816239316,4.11115151716801,0.0023749815530049,0.0747593750799861,0.069623353025677,VSIR/BCL6/LGALS9/BTN2A2/IL4I1,5
GO:0045761,regulation of adenylate cyclase activity,4/468,10/7427,0.4,6.34786324786325,4.38826791456649,0.00240861257402729,0.0751529379457462,0.0699898778436184,P2RY11/AKAP5/LTB4R2/AVPR2,4
GO:0002824,positive regulation of adaptive immune response based on somatic recombination of immune receptors built from immunoglobulin superfamily domains,11/468,66/7427,0.166666666666667,2.64494301994302,3.48081865974632,0.00252233975096597,0.0780170651668343,0.0726572374946444,HLA-E/TYK2/CD28/C3/CD1D/CD4/NFKBID/MR1/TBX21/CLEC7A/HLA-C,11
GO:0032103,positive regulation of response to external stimulus,37/468,365/7427,0.101369863013699,1.60870506966397,3.09254818562211,0.00255469702068173,0.0783367008841802,0.0729549140116642,STING1/TRIM56/SYK/HLA-E/PIK3CG/EMILIN2/CD28/NCKAP1L/C3/CD1D/IRF4/LGMN/PRKD2/LGALS9/GFI1/TIFAB/HCK/ZNFX1/TLR9/CXCL12/SLC15A3/GRN/TNFSF14/PLCG2/NR1H3/TLR5/CD300LF/C5AR1/USF1/HAVCR2/CEBPA/CD14/CLEC7A/IRF1/CLNK/CXCR3/HLA-C,37
GO:0002698,negative regulation of immune effector process,12/468,76/7427,0.157894736842105,2.5057354925776,3.42144255747952,0.00262133125350833,0.0793886750528501,0.0739346168093512,INPP5D/BCL6/SERPING1/HLA-E/NCKAP1L/LGALS9/PDCD1/TBX21/GRN/HAVCR2/HFE/IL4I1,12
GO:0002274,myeloid leukocyte activation,19/468,150/7427,0.126666666666667,2.0101566951567,3.24104580913374,0.00266242610496332,0.0793886750528501,0.0739346168093512,SYK/LCP2/PIK3CG/SYT11/DOCK2/IRF4/LGALS9/TLR9/CD37/GRN/PLCG2/NR1H3/CD300LF/C5AR1/HAVCR2/CEBPA/BATF3/MRGPRX2/CLNK,19
GO:0007586,digestion,9/468,48/7427,0.1875,2.9755608974359,3.5607318214631,0.00267827973189261,0.0793886750528501,0.0739346168093512,CLDN15/IL10RA/HRH2/LIMA1/TIFAB/TLR9/HEPH/NR1H3/SLC2A5,9
GO:0140029,exocytic process,9/468,48/7427,0.1875,2.9755608974359,3.5607318214631,0.00267827973189261,0.0793886750528501,0.0739346168093512,SYK/SYT11/P2RX1/NAPB/STX11/PRRT2/SYT2/SYNJ1/CFTR,9
GO:0002443,leukocyte mediated immunity,26/468,231/7427,0.112554112554113,1.78619528619529,3.14787754008752,0.00270432326822809,0.0794981641742752,0.0740365839505332,INPP5D/BCL6/SYK/HLA-E/TNFRSF1B/PIK3CG/CD28/NCKAP1L/WAS/C3/CD1D/LGALS9/MR1/TLR9/PDCD1/TBX21/SLA2/PLCG2/HAVCR2/CFI/HFE/MRGPRX2/CLEC7A/IL4I1/CLNK/HLA-C,26
GO:0050852,T cell receptor signaling pathway,13/468,87/7427,0.149425287356322,2.3713282247765,3.33641443780266,0.00292608930198362,0.0853122921898011,0.079451277250582,INPP5D/LCP2/FYB1/CD28/PRKD2/NFKBID/CD3G/TESPA1/SLA2/BTN2A2/PLCG2/CD8B/ZNF683,13
GO:0019884,antigen processing and presentation of exogenous antigen,6/468,24/7427,0.25,3.96741452991453,3.77578229574847,0.00307656275679832,0.0889701928937529,0.0828578775836055,MPEG1/HLA-E/CD1D/LGMN/MR1/IFI30,6
GO:0071216,cellular response to biotic stimulus,17/468,130/7427,0.130769230769231,2.07526298487837,3.20731178140146,0.0031342358050152,0.089907070632573,0.0837303911577489,SYK/TNFRSF1B/SIRPA/PTAFR/GFI1/TIFAB/HCK/TLR9/PLCG2/NR1H3/TLR5/ZFP36/CASP7/HAVCR2/CD14/CLEC7A/HMGCS2,17
GO:0046641,positive regulation of alpha-beta T cell proliferation,5/468,17/7427,0.294117647058824,4.6675465057818,3.92570776493877,0.00319262157014073,0.0908492393999246,0.0846078322630137,SYK/HLA-E/TYK2/CD28/LGALS9,5
GO:0007162,negative regulation of cell adhesion,20/468,164/7427,0.121951219512195,1.93532416093392,3.14089223371389,0.00326077621846299,0.0914943283162266,0.0852086031135537,TNFRSF14/VSIR/BCL6/AKNA/HLA-E/DTX1/LGALS9/ARHGAP6/NOTCH4/CXCL12/PDCD1/GPNMB/TBX21/CD37/BTN2A2/FBLN1/HAVCR2/HFE/IL4I1/IRF1,20
GO:0002237,response to molecule of bacterial origin,22/468,187/7427,0.117647058823529,1.86701860231272,3.11391616836664,0.00326673592807444,0.0914943283162266,0.0852086031135537,TNFRSF1B/SIRPA/IL10RA/PTAFR/SSC5D/LGALS9/GFI1/TIFAB/HCK/TLR9/ALPL/PLCG2/NR1H3/TLR5/ZFP36/SELP/CASP7/C5AR1/HAVCR2/GCH1/CD14/HMGCS2,22
GO:0006066,alcohol metabolic process,19/468,153/7427,0.124183006535948,1.97074185799676,3.14622519387356,0.00333538573454933,0.0926872426389997,0.0863195633768646,APOL2/APOL1/LCAT/CH25H/PTAFR/GNB3/LIMA1/MOXD1/PLCG2/DHRS3/CUBN/SYNJ1/CEBPA/GCH1/GBA2/CFTR/LIPC/CYP46A1/HMGCS2,19
GO:0002281,macrophage activation involved in immune response,4/468,11/7427,0.363636363636364,5.77078477078477,4.10608832359496,0.00359812701927602,0.0966081759146043,0.0899711257574419,SYK/GRN/PLCG2/HAVCR2,4
GO:0046596,regulation of viral entry into host cell,4/468,11/7427,0.363636363636364,5.77078477078477,4.10608832359496,0.00359812701927602,0.0966081759146043,0.0899711257574419,TRIM38/CH25H/CD4/LGALS9,4
GO:0098581,detection of external biotic stimulus,4/468,11/7427,0.363636363636364,5.77078477078477,4.10608832359496,0.00359812701927602,0.0966081759146043,0.0899711257574419,CD1D/SSC5D/TLR9/CLEC7A,4
GO:1900424,regulation of defense response to bacterium,4/468,11/7427,0.363636363636364,5.77078477078477,4.10608832359496,0.00359812701927602,0.0966081759146043,0.0899711257574419,SYT11/EMILIN2/GRN/HAVCR2,4
GO:0050792,regulation of viral process,11/468,69/7427,0.159420289855072,2.5299454973368,3.31091166674521,0.00361228209070632,0.0966081759146043,0.0899711257574419,TRIM38/SHFL/CH25H/CD28/CD4/LGALS9/ZNFX1/ZFP36/APOBEC3F/STOM/LAMP3,11
GO:0045088,regulation of innate immune response,29/468,273/7427,0.106227106227106,1.68578785886478,2.99380582105949,0.00373638121159356,0.0991814027584947,0.0923675700933616,STING1/INPP5D/STAT2/TRIM56/SYK/SERPING1/HLA-E/CD1D/IRF4/LGALS9/GFI1/TIFAB/HCK/ZNFX1/SAMHD1/TLR9/SLC15A3/GRN/PLCG2/NR1H3/TLR5/CD300LF/HAVCR2/CD14/CLEC7A/NLRP4/IRF1/CLNK/HLA-C,29
GO:0002821,positive regulation of adaptive immune response,11/468,70/7427,0.157142857142857,2.49380341880342,3.25625998056551,0.00404950563632424,0.105139354367922,0.0979162062044747,HLA-E/TYK2/CD28/C3/CD1D/CD4/NFKBID/MR1/TBX21/CLEC7A/HLA-C,11
GO:0032479,regulation of type I interferon production,11/468,70/7427,0.157142857142857,2.49380341880342,3.25625998056551,0.00404950563632424,0.105139354367922,0.0979162062044747,STING1/TRIM56/SYK/SIRPA/TRIM38/TLR9/PLCG2/RAB2B/HAVCR2/CD14/IRF1,11
GO:0032606,type I interferon production,11/468,70/7427,0.157142857142857,2.49380341880342,3.25625998056551,0.00404950563632424,0.105139354367922,0.0979162062044747,STING1/TRIM56/SYK/SIRPA/TRIM38/TLR9/PLCG2/RAB2B/HAVCR2/CD14/IRF1,11
GO:0006959,humoral immune response,14/468,101/7427,0.138613861386139,2.1997545908437,3.14808631100154,0.00416101527700938,0.107251676379147,0.0998834101964035,SERPING1/HLA-E/BLNK/CD28/C3/BST1/CXCL12/PDCD1/CD37/CCL3L3/CFI/CFB/PSMB10/GNLY,14
GO:0071222,cellular response to lipopolysaccharide,15/468,112/7427,0.133928571428571,2.12540064102564,3.11197418022939,0.00427618357924045,0.109427230153657,0.101909501884663,TNFRSF1B/SIRPA/PTAFR/GFI1/TIFAB/HCK/TLR9/PLCG2/NR1H3/TLR5/ZFP36/CASP7/HAVCR2/CD14/HMGCS2,15
GO:0006954,inflammatory response,44/468,468/7427,0.094017094017094,1.49201913945504,2.85140223774679,0.00442707771233554,0.112479395876982,0.104751981659548,STING1/APOL2/BCL6/NFAM1/APOL3/AKNA/SYK/HLA-E/TNFRSF1B/PIK3CG/SYT11/ITIH4/SIRPA/BLNK/IL10RA/P2RX1/CD28/PTAFR/C3/PLA2G4C/NFKBID/LGALS9/BST1/HCK/TLR9/GRN/PLCG2/CYP26B1/NR1H3/TLR5/ZFP36/SELP/CASP7/C5AR1/HAVCR2/CCL3L3/CEBPA/LTB4R/FFAR4/CD14/CLEC7A/NLRP4/HYAL1/CXCR3,44
GO:0031348,negative regulation of defense response,18/468,146/7427,0.123287671232877,1.95653319283456,3.02696875609281,0.00456402420786764,0.114576925324882,0.106705409347736,INPP5D/STAT2/SYK/SERPING1/HLA-E/TNFRSF1B/SYT11/SIRPA/TRIM38/IL10RA/LGALS9/HCK/SAMHD1/GRN/NR1H3/HAVCR2/FFAR4/NLRP4,18
GO:0032757,positive regulation of interleukin-8 production,7/468,34/7427,0.205882352941176,3.26728255404726,3.43606786146188,0.00457799838074361,0.114576925324882,0.106705409347736,SYK/PRKD2/LGALS9/TLR9/TLR5/CD14/CLEC7A,7
GO:0002449,lymphocyte mediated immunity,20/468,169/7427,0.118343195266272,1.87806604966368,2.99425674564978,0.00460626941845885,0.114576925324882,0.106705409347736,INPP5D/BCL6/HLA-E/TNFRSF1B/CD28/NCKAP1L/WAS/C3/CD1D/LGALS9/MR1/PDCD1/TBX21/SLA2/HAVCR2/CFI/HFE/IL4I1/CLNK/HLA-C,20
GO:0034765,regulation of monoatomic ion transmembrane transport,17/468,135/7427,0.125925925925926,1.99840139284584,3.03581787097006,0.00464489873589914,0.114735450024953,0.106853043288557,PML/PIK3CG/P2RX1/KCNE1/CD4/CAPN3/GRIN2D/TLR9/UCP2/HEPH/STOM/ISCU/AKAP5/CFTR/KCNJ10/CXCR3/CACNB2,17
GO:0050848,regulation of calcium-mediated signaling,9/468,53/7427,0.169811320754717,2.69484760522496,3.21102733710971,0.00535289939973376,0.129369797552278,0.120482000768542,SYK/CD4/SLC9A1/BST1/SLA2/PLCG2/AKAP5/CLEC7A/SLC24A4,9
GO:0001911,negative regulation of leukocyte mediated cytotoxicity,5/468,19/7427,0.263157894736842,4.17622582096266,3.59471667601267,0.00540331166343612,0.129369797552278,0.120482000768542,INPP5D/HLA-E/NCKAP1L/LGALS9/HAVCR2,5
GO:0003161,cardiac conduction system development,5/468,19/7427,0.263157894736842,4.17622582096266,3.59471667601267,0.00540331166343612,0.129369797552278,0.120482000768542,SHOX2/MSC/CACNA1G/TBX18/TBX5,5
GO:0043903,regulation of biological process involved in symbiotic interaction,5/468,19/7427,0.263157894736842,4.17622582096266,3.59471667601267,0.00540331166343612,0.129369797552278,0.120482000768542,TRIM38/CH25H/CD4/LGALS9/FBLN1,5
GO:0048002,antigen processing and presentation of peptide antigen,7/468,35/7427,0.2,3.17393162393162,3.3429193879432,0.00541920152805437,0.129369797552278,0.120482000768542,MPEG1/HLA-E/LGMN/MR1/IFI30/HFE/HLA-C,7
GO:0050764,regulation of phagocytosis,10/468,63/7427,0.158730158730159,2.51899335232669,3.13975845618606,0.00559668466204473,0.132716048952621,0.123598362325998,SYK/SYT11/SIRPA/DOCK2/NCKAP1L/C3/HCK/PLCG2/CD300LF/CLEC7A,10
GO:0002367,cytokine production involved in immune response,11/468,74/7427,0.148648648648649,2.35900323400323,3.04670950758114,0.0062370655674656,0.145955540943915,0.135928291833894,TNFRSF14/BCL6/SYK/HLA-E/TNFRSF1B/TLR9/TBX21/PLCG2/HFE/CLEC7A/CLNK,11
GO:0002718,regulation of cytokine production involved in immune response,11/468,74/7427,0.148648648648649,2.35900323400323,3.04670950758114,0.0062370655674656,0.145955540943915,0.135928291833894,TNFRSF14/BCL6/SYK/HLA-E/TNFRSF1B/TLR9/TBX21/PLCG2/HFE/CLEC7A/CLNK,11
GO:0034340,response to type I interferon,8/468,45/7427,0.177777777777778,2.82127255460589,3.17776048464771,0.0063882331623142,0.148515982734324,0.138312829458567,STING1/STAT2/TRIM56/TYK2/SHFL/CH25H/SAMHD1/ZSWIM8,8
GO:0048167,regulation of synaptic plasticity,14/468,106/7427,0.132075471698113,2.09599258184164,2.94715057047426,0.00643336930552157,0.148594120907404,0.138385599483776,LZTS1/GRIA3/KMT2A/LGMN/GRIN2D/PRRT2/RELN/ABHD6/MAP1A/GRIN3A/AKAP5/CYP46A1/SLC8A3/KCNJ10,14
GO:0070588,calcium ion transmembrane transport,18/468,151/7427,0.119205298013245,1.89174732552216,2.87085279747695,0.00649611526327225,0.149075367686835,0.138833784268372,PML/PIK3CG/P2RX1/CD4/CAPN3/GRIN2D/CACNA1G/TLR9/UCP2/PLCG2/CACNA1E/GRIN3A/AKAP5/SLC8A3/RYR3/CXCR3/SLC24A4/CACNB2,18
GO:0032496,response to lipopolysaccharide,20/468,175/7427,0.114285714285714,1.81367521367521,2.82467309954896,0.00679690558253192,0.154978161263244,0.144331051742429,TNFRSF1B/SIRPA/IL10RA/PTAFR/LGALS9/GFI1/TIFAB/HCK/TLR9/ALPL/PLCG2/NR1H3/TLR5/ZFP36/SELP/CASP7/HAVCR2/GCH1/CD14/HMGCS2,20
GO:0046636,negative regulation of alpha-beta T cell activation,6/468,28/7427,0.214285714285714,3.40064102564103,3.30024898701727,0.0069513698320118,0.155707793549757,0.145010557773725,TNFRSF14/VSIR/BCL6/LGALS9/TBX21/HFE,6
GO:0071219,cellular response to molecule of bacterial origin,15/468,118/7427,0.127118644067797,2.01732942199044,2.88868780685378,0.00697253474211546,0.155707793549757,0.145010557773725,TNFRSF1B/SIRPA/PTAFR/GFI1/TIFAB/HCK/TLR9/PLCG2/NR1H3/TLR5/ZFP36/CASP7/HAVCR2/CD14/HMGCS2,15
GO:0031629,synaptic vesicle fusion to presynaptic active zone membrane,4/468,13/7427,0.307692307692308,4.88297172912558,3.63359563043787,0.00704778036590127,0.155707793549757,0.145010557773725,SYT11/STX11/PRRT2/SYT2,4
GO:0050892,intestinal absorption,4/468,13/7427,0.307692307692308,4.88297172912558,3.63359563043787,0.00704778036590127,0.155707793549757,0.145010557773725,CLDN15/LIMA1/HEPH/SLC2A5,4
GO:0099500,vesicle fusion to plasma membrane,4/468,13/7427,0.307692307692308,4.88297172912558,3.63359563043787,0.00704778036590127,0.155707793549757,0.145010557773725,SYT11/STX11/PRRT2/SYT2,4
GO:0030183,B cell differentiation,12/468,86/7427,0.13953488372093,2.21437090041741,2.93731109771471,0.0073079803983395,0.156825734941966,0.14605169579994,INPP5D/BCL6/NFAM1/SYK/BLNK/DLL1/SYVN1/NCKAP1L/TLR9/PLCG2/IL4I1/CFB,12
GO:0032481,positive regulation of type I interferon production,8/468,46/7427,0.173913043478261,2.75994054254924,3.10489050943346,0.00731882822613615,0.156825734941966,0.14605169579994,STING1/TRIM56/SYK/TLR9/PLCG2/RAB2B/CD14/IRF1,8
GO:0032637,interleukin-8 production,8/468,46/7427,0.173913043478261,2.75994054254924,3.10489050943346,0.00731882822613615,0.156825734941966,0.14605169579994,SYK/SSC5D/PRKD2/LGALS9/TLR9/TLR5/CD14/CLEC7A,8
GO:0032677,regulation of interleukin-8 production,8/468,46/7427,0.173913043478261,2.75994054254924,3.10489050943346,0.00731882822613615,0.156825734941966,0.14605169579994,SYK/SSC5D/PRKD2/LGALS9/TLR9/TLR5/CD14/CLEC7A,8
GO:0045058,T cell selection,8/468,46/7427,0.173913043478261,2.75994054254924,3.10489050943346,0.00731882822613615,0.156825734941966,0.14605169579994,SYK/DOCK2/CD28/CD1D/IRF4/CD4/TBX21/CD3G,8
GO:0097553,calcium ion transmembrane import into cytosol,13/468,97/7427,0.134020618556701,2.12686139747995,2.89688571508588,0.00751918804620137,0.160154202876277,0.149151495628085,PML/P2RX1/CD4/CAPN3/GRIN2D/CACNA1G/PLCG2/CACNA1E/AKAP5/SLC8A3/RYR3/CXCR3/SLC24A4,13
GO:0140888,interferon-mediated signaling pathway,9/468,56/7427,0.160714285714286,2.55048076923077,3.0201198143099,0.00774354167208714,0.163352899082335,0.152130439137685,STING1/STAT2/TRIM56/TYK2/HCK/SAMHD1/ZSWIM8/NR1H3/IRF1,9
GO:0019882,antigen processing and presentation,10/468,66/7427,0.151515151515152,2.40449365449365,2.97201037408953,0.00780713883722152,0.163352899082335,0.152130439137685,MPEG1/HLA-E/WAS/CD1D/LGMN/WDFY4/MR1/IFI30/HFE/HLA-C,10
GO:0046683,response to organophosphorus,10/468,66/7427,0.151515151515152,2.40449365449365,2.97201037408953,0.00780713883722152,0.163352899082335,0.152130439137685,PIK3CG/P2RX1/KCNE1/TIFAB/P2RY11/CFTR/FBP1/SLC8A3/RYR3/HMGCS2,10
GO:0008202,steroid metabolic process,16/468,131/7427,0.122137404580153,1.93827885430939,2.8096494945103,0.00795199307920969,0.165410756624262,0.154046920407959,APOL2/APOL1/LCAT/CH25H/GNB3/LGMN/LIMA1/EGR1/GFI1/CUBN/CEBPA/GBA2/CFTR/LIPC/CYP46A1/HMGCS2,16
GO:0030001,metal ion transport,34/468,353/7427,0.0963172804532578,1.52852231180843,2.63842729791722,0.00826607297178656,0.170655186498456,0.158931054232763,PML/PIK3CG/TMEM175/P2RX1/KLHL3/KCNE1/STEAP4/CD4/CAPN3/SLC9A1/GRIN2D/CACNA1G/TLR9/CXCL12/SLC28A3/UCP2/TMEM94/HEPH/PLCG2/CACNA1E/CDH23/GRIN3A/SLC30A3/ISCU/AKAP5/SLC6A1/HFE/SLC8A3/RYR3/KCNJ10/CXCR3/SLC24A4/KCNH4/CACNB2,34
GO:0010720,positive regulation of cell development,25/468,239/7427,0.104602510460251,1.66000607946215,2.68948937512427,0.00830083263909994,0.170655186498456,0.158931054232763,INPP5D/EGR2/VSIR/BCL6/SYK/TNFRSF1B/SHOX2/NCKAP1L/CD4/NFKBID/LGALS9/ZNF335/TLR9/PRKCH/CXCL12/TESPA1/BTN2A2/RELN/MAP6/WNT2/CLEC7A/IL4I1/EGR3/MPL/CD101,25
GO:0002224,toll-like receptor signaling pathway,8/468,47/7427,0.170212765957447,2.70121840334606,3.03394568046846,0.00834804679525764,0.170655186498456,0.158931054232763,IRF4/GFI1/TIFAB/TLR9/PLCG2/TLR5/CD300LF/IRF1,8
GO:0031342,negative regulation of cell killing,5/468,21/7427,0.238095238095238,3.77849002849003,3.30638648258942,0.00851956522381939,0.172182349438213,0.16035329999617,INPP5D/HLA-E/NCKAP1L/LGALS9/HAVCR2,5
GO:0090207,regulation of triglyceride metabolic process,5/468,21/7427,0.238095238095238,3.77849002849003,3.30638648258942,0.00851956522381939,0.172182349438213,0.16035329999617,PIK3CG/C3/GNB3/NR1H3/ATG14,5
GO:0002456,T cell mediated immunity,11/468,78/7427,0.141025641025641,2.23802870918256,2.85030197825103,0.00926020675938969,0.184397810711101,0.171729550421803,HLA-E/TNFRSF1B/NCKAP1L/WAS/CD1D/MR1/PDCD1/TBX21/HFE/IL4I1/HLA-C,11
GO:0009595,detection of biotic stimulus,4/468,14/7427,0.285714285714286,4.53418803418803,3.43228743662874,0.00938318913092755,0.184397810711101,0.171729550421803,CD1D/SSC5D/TLR9/CLEC7A,4
GO:0019883,antigen processing and presentation of endogenous antigen,4/468,14/7427,0.285714285714286,4.53418803418803,3.43228743662874,0.00938318913092755,0.184397810711101,0.171729550421803,HLA-E/CD1D/HFE/HLA-C,4
GO:0048499,synaptic vesicle membrane organization,4/468,14/7427,0.285714285714286,4.53418803418803,3.43228743662874,0.00938318913092755,0.184397810711101,0.171729550421803,SYT11/STX11/PRRT2/SYT2,4
GO:0052372,modulation by symbiont of entry into host,4/468,14/7427,0.285714285714286,4.53418803418803,3.43228743662874,0.00938318913092755,0.184397810711101,0.171729550421803,TRIM38/CH25H/CD4/LGALS9,4
GO:0098771,inorganic ion homeostasis,26/468,254/7427,0.102362204724409,1.62445319335083,2.62599149084357,0.00943724946190042,0.18444118865923,0.17176994827415,PML/TTC7A/P2RX1/KLHL3/STEAP4/CAPN3/SLC9A1/CXCL12/ALPL/TMEM94/HEPH/PLCG2/CDH23/TMEM178A/RHD/CP/CYB561A3/ISCU/KCTD7/HFE/SLC8A3/RYR3/KCNJ10/CXCR3/SLC24A4/CACNB2,26
GO:0034767,positive regulation of monoatomic ion transmembrane transport,9/468,58/7427,0.155172413793103,2.46253315649867,2.89962890140578,0.00973994004420573,0.18828786270239,0.175352353084184,P2RX1/KCNE1/CD4/CAPN3/HEPH/AKAP5/CFTR/CXCR3/CACNB2,9
GO:1903900,regulation of viral life cycle,9/468,58/7427,0.155172413793103,2.46253315649867,2.89962890140578,0.00973994004420573,0.18828786270239,0.175352353084184,TRIM38/SHFL/CH25H/CD28/CD4/LGALS9/ZNFX1/APOBEC3F/LAMP3,9
GO:0071320,cellular response to cAMP,6/468,30/7427,0.2,3.17393162393162,3.09389577189486,0.00984793939340292,0.189346596877482,0.176338351471061,PIK3CG/KCNE1/TIFAB/CFTR/FBP1/SLC8A3,6
GO:0002833,positive regulation of response to biotic stimulus,25/468,243/7427,0.102880658436214,1.63268087650804,2.60034914119124,0.0101601747935043,0.194299686776853,0.180951160583803,STING1/TRIM56/SYK/HLA-E/EMILIN2/CD1D/IRF4/GFI1/MR1/TIFAB/HCK/ZNFX1/TLR9/SLC15A3/GRN/PLCG2/NR1H3/TLR5/CD300LF/HAVCR2/CD14/CLEC7A/IRF1/CLNK/HLA-C,25
GO:0001773,myeloid dendritic cell activation,5/468,22/7427,0.227272727272727,3.60674048174048,3.17521827979912,0.0104667684568295,0.195157717573536,0.181750244056617,DOCK2/IRF4/CD37/HAVCR2/BATF3,5
GO:0032640,tumor necrosis factor production,13/468,101/7427,0.128712871287129,2.04262926292629,2.73579858340838,0.0104793713962736,0.195157717573536,0.181750244056617,VSIR/SYK/HLA-E/SYT11/SIRPA/LGALS9/TLR9/GPNMB/PLCG2/ZFP36/HAVCR2/CD14/CLEC7A,13
GO:0032680,regulation of tumor necrosis factor production,13/468,101/7427,0.128712871287129,2.04262926292629,2.73579858340838,0.0104793713962736,0.195157717573536,0.181750244056617,VSIR/SYK/HLA-E/SYT11/SIRPA/LGALS9/TLR9/GPNMB/PLCG2/ZFP36/HAVCR2/CD14/CLEC7A,13
GO:0071706,tumor necrosis factor superfamily cytokine production,13/468,101/7427,0.128712871287129,2.04262926292629,2.73579858340838,0.0104793713962736,0.195157717573536,0.181750244056617,VSIR/SYK/HLA-E/SYT11/SIRPA/LGALS9/TLR9/GPNMB/PLCG2/ZFP36/HAVCR2/CD14/CLEC7A,13
GO:1903555,regulation of tumor necrosis factor superfamily cytokine production,13/468,101/7427,0.128712871287129,2.04262926292629,2.73579858340838,0.0104793713962736,0.195157717573536,0.181750244056617,VSIR/SYK/HLA-E/SYT11/SIRPA/LGALS9/TLR9/GPNMB/PLCG2/ZFP36/HAVCR2/CD14/CLEC7A,13
GO:0001708,cell fate specification,8/468,49/7427,0.163265306122449,2.59096459096459,2.89745172782587,0.0107267968648564,0.198725085668199,0.185072531434776,CHD3/DLL1/TBX21/PTCH2/TBX19/POU5F1/TBX18/TBX5,8
GO:0006816,calcium ion transport,20/468,183/7427,0.109289617486339,1.73438886553641,2.60849127522439,0.0109713206679186,0.202202008371951,0.188310587084483,PML/PIK3CG/P2RX1/CD4/CAPN3/GRIN2D/CACNA1G/TLR9/CXCL12/UCP2/PLCG2/CACNA1E/CDH23/GRIN3A/AKAP5/SLC8A3/RYR3/CXCR3/SLC24A4/CACNB2,20
GO:0055080,monoatomic cation homeostasis,28/468,283/7427,0.0989399293286219,1.57014285282837,2.53590605135287,0.0112453992300791,0.206184974543255,0.192019920656858,PML/TMEM175/TTC7A/P2RX1/KLHL3/STEAP4/CAPN3/SLC9A1/CXCL12/ALPL/GRN/TMEM94/HEPH/PLCG2/CDH23/TMEM178A/CP/CYB561A3/ISCU/KCTD7/CFTR/HFE/SLC8A3/RYR3/KCNJ10/CXCR3/SLC24A4/CACNB2,28
GO:0050829,defense response to Gram-negative bacterium,7/468,40/7427,0.175,2.77719017094017,2.92251554263903,0.0114541713580437,0.207869834288579,0.19358902934352,TNFRSF14/MPEG1/CD4/SSC5D/MR1/TLR9/SELP,7
GO:0050853,B cell receptor signaling pathway,7/468,40/7427,0.175,2.77719017094017,2.92251554263903,0.0114541713580437,0.207869834288579,0.19358902934352,NFAM1/SYK/BLNK/KLHL6/NCKAP1L/PRKCH/PLCG2,7
GO:0050850,positive regulation of calcium-mediated signaling,6/468,31/7427,0.193548387096774,3.07154673283706,2.99711986064552,0.0115788411546036,0.208726631017124,0.194386963529553,SYK/CD4/SLC9A1/PLCG2/AKAP5/CLEC7A,6
GO:0042113,B cell activation,18/468,160/7427,0.1125,1.78533653846154,2.60414520103862,0.0116187441499552,0.208726631017124,0.194386963529553,INPP5D/BCL6/NFAM1/SYK/BLNK/CDKN1A/DLL1/CD28/SYVN1/NCKAP1L/C3/AKAP17A/BST1/TLR9/TBX21/PLCG2/IL4I1/CFB,18
GO:0007200,phospholipase C-activating G protein-coupled receptor signaling pathway,9/468,60/7427,0.15,2.38044871794872,2.78405332093966,0.0121019075420448,0.213570692096368,0.198898234179385,PIK3CG/PTAFR/PRKD2/P2RY11/C5AR1/LTB4R/FFAR4/CCKAR/GPR83,9
GO:0002716,negative regulation of natural killer cell mediated immunity,4/468,15/7427,0.266666666666667,4.23190883190883,3.24910694382454,0.0121694807453438,0.213570692096368,0.198898234179385,INPP5D/HLA-E/LGALS9/HAVCR2,4
GO:0042430,indole-containing compound metabolic process,4/468,15/7427,0.266666666666667,4.23190883190883,3.24910694382454,0.0121694807453438,0.213570692096368,0.198898234179385,HAAO/PDE1B/MDGA1/IL4I1,4
GO:0045953,negative regulation of natural killer cell mediated cytotoxicity,4/468,15/7427,0.266666666666667,4.23190883190883,3.24910694382454,0.0121694807453438,0.213570692096368,0.198898234179385,INPP5D/HLA-E/LGALS9/HAVCR2,4
GO:0050864,regulation of B cell activation,11/468,81/7427,0.135802469135802,2.15513875699061,2.71067957661051,0.0121886000830932,0.213570692096368,0.198898234179385,INPP5D/BCL6/NFAM1/SYK/CDKN1A/CD28/NCKAP1L/BST1/TLR9/TBX21/IL4I1,11
GO:0001818,negative regulation of cytokine production,19/468,173/7427,0.109826589595376,1.74291042932661,2.56388010226437,0.0123529122867829,0.215388769627877,0.200591408495903,INPP5D/VSIR/BCL6/PML/SYT11/SIRPA/DLL1/NCKAP1L/SSC5D/LGALS9/GPNMB/TBX21/BTN2A2/ZFP36/FBLN1/HAVCR2/FFAR4/HFE/ZNF683,19
GO:0030890,positive regulation of B cell proliferation,5/468,23/7427,0.217391304347826,3.44992567818655,3.05148053052425,0.0126978785668019,0.220323678351778,0.205187285492815,BCL6/CDKN1A/NCKAP1L/BST1/TLR9,5
GO:0120161,regulation of cold-induced thermogenesis,10/468,71/7427,0.140845070422535,2.23516311544481,2.71181219271176,0.0129157096481961,0.223015433100164,0.207694114782183,SYK/IRF4/GADD45G/ALPL/FLCN/UCP2/NR1H3/ABHD6/BMAL1/FFAR4,10
GO:0045576,mast cell activation,7/468,41/7427,0.170731707317073,2.70945382530748,2.8462407475548,0.0130853539154378,0.224853158827112,0.209405587449188,SYK/LCP2/PIK3CG/LGALS9/CD300LF/MRGPRX2/CLNK,7
GO:0032102,negative regulation of response to external stimulus,22/468,211/7427,0.104265402843602,1.65465629683639,2.50168886562996,0.013281526125646,0.227126867446744,0.211523090675141,INPP5D/STAT2/SYK/SERPING1/HLA-E/TNFRSF1B/SYT11/SIRPA/TRIM38/IL10RA/LGALS9/HCK/SAMHD1/GRN/MDGA1/RGMA/NR1H3/GRIN3A/USF1/HAVCR2/FFAR4/NLRP4,22
GO:0032608,interferon-beta production,6/468,32/7427,0.1875,2.9755608974359,2.90417847517348,0.0135136929309127,0.22781140168368,0.212160596924831,STING1/TRIM56/SIRPA/TRIM38/TLR9/IRF1,6
GO:0032648,regulation of interferon-beta production,6/468,32/7427,0.1875,2.9755608974359,2.90417847517348,0.0135136929309127,0.22781140168368,0.212160596924831,STING1/TRIM56/SIRPA/TRIM38/TLR9/IRF1,6
GO:2000403,positive regulation of lymphocyte migration,6/468,32/7427,0.1875,2.9755608974359,2.90417847517348,0.0135136929309127,0.22781140168368,0.212160596924831,DOCK8/TNFRSF14/LGALS9/JAM2/CXCL12/TNFSF14,6
GO:0050953,sensory perception of light stimulus,10/468,72/7427,0.138888888888889,2.20411918328585,2.66238811421561,0.0141843473878809,0.237989262541001,0.221639231527612,SEMA5B/PRCD/CDH23/DHRS3/WHRN/KCNJ10/IMPG2/LRIT3/RP1L1/CACNB2,10
GO:0009615,response to virus,23/468,225/7427,0.102222222222222,1.62223171889839,2.45778464823105,0.01435312626466,0.23969047006289,0.223223564887003,STING1/STAT2/PML/TRIM56/MAP3K14/TYK2/TRIM38/SHFL/WDFY4/LGALS9/ZNFX1/SAMHD1/TLR9/CXCL12/TBX21/CD37/RAB2B/APOBEC3F/BATF3/NLRP4/ATG14/IRF1/HYAL1,23
GO:0031349,positive regulation of defense response,28/468,289/7427,0.0968858131487889,1.53754473131636,2.41714241824777,0.0146399809504445,0.24220656856154,0.22556680563549,STING1/TRIM56/SYK/HLA-E/PIK3CG/EMILIN2/CD28/C3/CD1D/IRF4/GFI1/TIFAB/HCK/ZNFX1/TLR9/SLC15A3/GRN/PLCG2/NR1H3/TLR5/CD300LF/HAVCR2/CEBPA/CD14/CLEC7A/IRF1/CLNK/HLA-C,28
GO:0050801,monoatomic ion homeostasis,28/468,289/7427,0.0968858131487889,1.53754473131636,2.41714241824777,0.0146399809504445,0.24220656856154,0.22556680563549,PML/TMEM175/TTC7A/P2RX1/KLHL3/STEAP4/CAPN3/SLC9A1/CXCL12/ALPL/GRN/TMEM94/HEPH/PLCG2/CDH23/TMEM178A/CP/CYB561A3/ISCU/KCTD7/CFTR/HFE/SLC8A3/RYR3/KCNJ10/CXCR3/SLC24A4/CACNB2,28
GO:0002275,myeloid cell activation involved in immune response,9/468,62/7427,0.145161290322581,2.30366004962779,2.67301137417623,0.0148667412279636,0.243857816067518,0.227104611267472,SYK/PIK3CG/DOCK2/LGALS9/GRN/PLCG2/HAVCR2/MRGPRX2/CLNK,9
GO:0006641,triglyceride metabolic process,7/468,42/7427,0.166666666666667,2.64494301994302,2.77221707971998,0.0148769035947853,0.243857816067518,0.227104611267472,PIK3CG/C3/GNB3/NR1H3/PNPLA1/LIPC/ATG14,7
GO:0046637,regulation of alpha-beta T cell differentiation,8/468,52/7427,0.153846153846154,2.44148586456279,2.70494244167537,0.0151867078215208,0.245124036404165,0.228283841369547,BCL6/SYK/NCKAP1L/IRF4/NFKBID/LGALS9/TBX21/ZNF683,8
GO:2000514,"regulation of CD4-positive, alpha-beta T cell activation",8/468,52/7427,0.153846153846154,2.44148586456279,2.70494244167537,0.0151867078215208,0.245124036404165,0.228283841369547,VSIR/BCL6/CD28/NCKAP1L/IRF4/NFKBID/LGALS9/TBX21,8
GO:0001709,cell fate determination,5/468,24/7427,0.208333333333333,3.30617877492878,2.93441610581376,0.0152298037799608,0.245124036404165,0.228283841369547,DLL1/NOTCH4/CYP26B1/PTCH2/POU5F1,5
GO:0002710,negative regulation of T cell mediated immunity,5/468,24/7427,0.208333333333333,3.30617877492878,2.93441610581376,0.0152298037799608,0.245124036404165,0.228283841369547,NCKAP1L/PDCD1/TBX21/HFE/IL4I1,5
GO:0014074,response to purine-containing compound,10/468,73/7427,0.136986301369863,2.17392576981618,2.61376918959233,0.0155439347613847,0.247936215005584,0.230902821307895,PIK3CG/P2RX1/KCNE1/TIFAB/P2RY11/CFTR/FBP1/SLC8A3/RYR3/HMGCS2,10
GO:0106106,cold-induced thermogenesis,10/468,73/7427,0.136986301369863,2.17392576981618,2.61376918959233,0.0155439347613847,0.247936215005584,0.230902821307895,SYK/IRF4/GADD45G/ALPL/FLCN/UCP2/NR1H3/ABHD6/BMAL1/FFAR4,10
GO:1904427,positive regulation of calcium ion transmembrane transport,6/468,33/7427,0.181818181818182,2.88539238539239,2.81478984993043,0.0156635863808656,0.248729360521156,0.231641477164398,P2RX1/CD4/CAPN3/AKAP5/CXCR3/CACNB2,6
GO:0002699,positive regulation of immune effector process,16/468,142/7427,0.112676056338028,1.78813049235584,2.45897721933654,0.0165519225568202,0.261667504598264,0.243690761573395,TNFRSF14/SYK/HLA-E/CD28/C3/CD1D/NFKBID/LGALS9/MR1/TLR9/TBX21/CD37/PLCG2/CLEC7A/CLNK/HLA-C,16
GO:0030003,intracellular monoatomic cation homeostasis,24/468,241/7427,0.0995850622406639,1.58038089158421,2.37522634109735,0.0168658593971553,0.265185786580825,0.246967335090143,PML/TMEM175/TTC7A/P2RX1/STEAP4/CAPN3/SLC9A1/CXCL12/GRN/TMEM94/PLCG2/CDH23/TMEM178A/CP/CYB561A3/ISCU/KCTD7/CFTR/HFE/SLC8A3/RYR3/CXCR3/SLC24A4/CACNB2,24
GO:0034764,positive regulation of transmembrane transport,10/468,74/7427,0.135135135135135,2.14454839454839,2.5659294903113,0.0169981330729345,0.265185786580825,0.246967335090143,P2RX1/C3/KCNE1/CD4/CAPN3/HEPH/AKAP5/CFTR/CXCR3/CACNB2,10
GO:1903169,regulation of calcium ion transmembrane transport,10/468,74/7427,0.135135135135135,2.14454839454839,2.5659294903113,0.0169981330729345,0.265185786580825,0.246967335090143,PML/PIK3CG/P2RX1/CD4/CAPN3/TLR9/UCP2/AKAP5/CXCR3/CACNB2,10
GO:0002715,regulation of natural killer cell mediated immunity,6/468,34/7427,0.176470588235294,2.80052790346908,2.72870095160027,0.0180390695237489,0.275981850100004,0.257021701393757,INPP5D/HLA-E/LGALS9/HAVCR2/CLNK/HLA-C,6
GO:0070228,regulation of lymphocyte apoptotic process,6/468,34/7427,0.176470588235294,2.80052790346908,2.72870095160027,0.0180390695237489,0.275981850100004,0.257021701393757,DOCK8/BCL6/PRKD2/LGALS9/PDCD1/CD3G,6
GO:0001819,positive regulation of cytokine production,27/468,281/7427,0.096085409252669,1.52484259512729,2.325828612756,0.0180398710691763,0.275981850100004,0.257021701393757,STING1/TNFRSF14/NFAM1/TRIM56/SYK/HLA-E/PIK3CG/TYK2/CD28/C3/IRF4/CD4/PRKD2/CCDC88B/EGR1/LGALS9/TLR9/TBX21/PLCG2/RAB2B/TLR5/C5AR1/HAVCR2/CD14/CLEC7A/IRF1/CLNK,27
GO:0034341,response to type II interferon,9/468,64/7427,0.140625,2.23167067307692,2.56616258247171,0.0180711805014776,0.275981850100004,0.257021701393757,TYK2/SIRPA/SHFL/WAS/LGALS9/HCK/NR1H3/GCH1/IRF1,9
GO:0001914,regulation of T cell mediated cytotoxicity,5/468,25/7427,0.2,3.17393162393162,2.82337344003131,0.0180780913897388,0.275981850100004,0.257021701393757,HLA-E/NCKAP1L/CD1D/MR1/HLA-C,5
GO:0034220,monoatomic ion transmembrane transport,40/468,454/7427,0.0881057268722467,1.39820776384653,2.2706740554168,0.0182564714206632,0.277513969415807,0.258448563026662,STING1/APOL1/PML/SLC36A1/PIK3CG/TMEM175/GRIA3/P2RX1/KCNE1/CD4/CAPN3/SLC9A1/GRIN2D/CACNA1G/TLR9/SLC15A3/SLC28A3/UCP2/TMEM94/HEPH/PLCG2/CACNA1E/GRIN3A/STOM/ABCC3/SLC30A3/ISCU/AKAP5/CFTR/SLC6A1/SLC8A3/RYR3/KCNJ10/CALHM5/CXCR3/SLC47A1/TMC5/SLC24A4/KCNH4/CACNB2,40
GO:0072676,lymphocyte migration,10/468,75/7427,0.133333333333333,2.11595441595442,2.51884427391294,0.0185505619183081,0.280784462737965,0.261494371139599,DOCK8/TNFRSF14/PIK3CG/CH25H/LGALS9/JAM2/CXCL12/TBX21/TNFSF14/CXCR3,10
GO:0061337,cardiac conduction,7/468,44/7427,0.159090909090909,2.52471833721834,2.63042854144032,0.0189718342673072,0.281285506688264,0.261960993015394,KCNE1/SLC9A1/CACNA1G/TBX18/TBX5/SLC8A3/CACNB2,7
GO:0001916,positive regulation of T cell mediated cytotoxicity,4/468,17/7427,0.235294117647059,3.73403720462544,2.92648806686138,0.019200988344631,0.281285506688264,0.261960993015394,HLA-E/CD1D/MR1/HLA-C,4
GO:0002837,regulation of immune response to tumor cell,4/468,17/7427,0.235294117647059,3.73403720462544,2.92648806686138,0.019200988344631,0.281285506688264,0.261960993015394,MR1/PDCD1/HAVCR2/IL4I1,4
GO:0010818,T cell chemotaxis,4/468,17/7427,0.235294117647059,3.73403720462544,2.92648806686138,0.019200988344631,0.281285506688264,0.261960993015394,PIK3CG/CXCL12/TNFSF14/CXCR3,4
GO:0042832,defense response to protozoan,4/468,17/7427,0.235294117647059,3.73403720462544,2.92648806686138,0.019200988344631,0.281285506688264,0.261960993015394,IRF4/CCDC88B/CD37/CLEC7A,4
GO:0060333,type II interferon-mediated signaling pathway,4/468,17/7427,0.235294117647059,3.73403720462544,2.92648806686138,0.019200988344631,0.281285506688264,0.261960993015394,TYK2/HCK/NR1H3/IRF1,4
GO:0150077,regulation of neuroinflammatory response,4/468,17/7427,0.235294117647059,3.73403720462544,2.92648806686138,0.019200988344631,0.281285506688264,0.261960993015394,TNFRSF1B/SYT11/GRN/PLCG2,4
GO:0034762,regulation of transmembrane transport,19/468,181/7427,0.104972375690608,1.66587571421826,2.35185357287074,0.0192162997259624,0.281285506688264,0.261960993015394,PML/PIK3CG/P2RX1/C3/KCNE1/CD4/CAPN3/GRIN2D/TLR9/UCP2/HEPH/STOM/ISCU/AKAP5/FFAR4/CFTR/KCNJ10/CXCR3/CACNB2,19
GO:0042116,macrophage activation,9/468,65/7427,0.138461538461538,2.19733727810651,2.51421409410026,0.0198494469155282,0.288090154076586,0.268298156305289,SYK/SYT11/TLR9/GRN/PLCG2/NR1H3/C5AR1/HAVCR2/CEBPA,9
GO:0006873,intracellular monoatomic ion homeostasis,24/468,245/7427,0.0979591836734694,1.55457875457875,2.28902507757952,0.0202137986898241,0.288090154076586,0.268298156305289,PML/TMEM175/TTC7A/P2RX1/STEAP4/CAPN3/SLC9A1/CXCL12/GRN/TMEM94/PLCG2/CDH23/TMEM178A/CP/CYB561A3/ISCU/KCTD7/CFTR/HFE/SLC8A3/RYR3/CXCR3/SLC24A4/CACNB2,24
GO:0050727,regulation of inflammatory response,21/468,207/7427,0.101449275362319,1.60996531648706,2.30806851007111,0.0202912887399788,0.288090154076586,0.268298156305289,STING1/BCL6/AKNA/SYK/HLA-E/TNFRSF1B/PIK3CG/SYT11/SIRPA/IL10RA/CD28/C3/BST1/HCK/TLR9/GRN/PLCG2/NR1H3/CEBPA/FFAR4/NLRP4,21
GO:0002700,regulation of production of molecular mediator of immune response,13/468,110/7427,0.118181818181818,1.87550505050505,2.39891826731369,0.0204123087227013,0.288090154076586,0.268298156305289,TNFRSF14/BCL6/SYK/HLA-E/TNFRSF1B/CD28/TLR9/TBX21/CD37/PLCG2/HFE/CLEC7A/CLNK,13
GO:0016925,protein sumoylation,6/468,35/7427,0.171428571428571,2.72051282051282,2.6456837931707,0.0206500766952718,0.288090154076586,0.268298156305289,EGR2/PML/TRIM38/CAPN3/EGR1/NFATC2IP,6
GO:0032615,interleukin-12 production,6/468,35/7427,0.171428571428571,2.72051282051282,2.6456837931707,0.0206500766952718,0.288090154076586,0.268298156305289,SYK/LGALS9/TLR9/PLCG2/CLEC7A/IRF1,6
GO:0032655,regulation of interleukin-12 production,6/468,35/7427,0.171428571428571,2.72051282051282,2.6456837931707,0.0206500766952718,0.288090154076586,0.268298156305289,SYK/LGALS9/TLR9/PLCG2/CLEC7A/IRF1,6
GO:0032722,positive regulation of chemokine production,6/468,35/7427,0.171428571428571,2.72051282051282,2.6456837931707,0.0206500766952718,0.288090154076586,0.268298156305289,SYK/EGR1/LGALS9/TLR9/HAVCR2/CLEC7A,6
GO:0045055,regulated exocytosis,14/468,122/7427,0.114754098360656,1.82110830881323,2.37135859558309,0.0208439122234386,0.288090154076586,0.268298156305289,SYK/PIK3CG/SYT11/P2RX1/NCKAP1L/NAPB/LGALS9/HCK/STX11/PRRT2/SYT2/SYNJ1/MRGPRX2/CLNK,14
GO:1904064,positive regulation of cation transmembrane transport,8/468,55/7427,0.145454545454545,2.30831390831391,2.52538513910338,0.0208580745632991,0.288090154076586,0.268298156305289,P2RX1/KCNE1/CD4/CAPN3/HEPH/AKAP5/CXCR3/CACNB2,8
GO:0050877,nervous system process,42/468,486/7427,0.0864197530864198,1.37145193626675,2.19652787832821,0.0212253288185533,0.288090154076586,0.268298156305289,EGR2/TNFRSF1B/SYT11/PDE1B/P2RX1/MYH3/KMT2A/KCNE1/LGMN/PNOC/TIFAB/GRIN2D/JAM2/CXCL12/PPP1R9B/SEMA5B/PRCD/HOXD1/MDGA1/PRRT2/RELN/CDH23/DHRS3/MAP1A/GRIN3A/WHRN/C5AR1/SYNJ1/CEBPA/GCH1/FFAR4/SLC6A1/COL4A3/MRGPRX2/SLC8A3/KCNJ10/OR13A1/IMPG2/LRIT3/SLC24A4/RP1L1/CACNB2,42
GO:0051591,response to cAMP,7/468,45/7427,0.155555555555556,2.46861348528015,2.56244014051698,0.0212898660498059,0.288090154076586,0.268298156305289,PIK3CG/KCNE1/TIFAB/CFTR/FBP1/SLC8A3/HMGCS2,7
GO:0002483,antigen processing and presentation of endogenous peptide antigen,3/468,10/7427,0.3,4.76089743589744,3.08605975564507,0.0213820074996398,0.288090154076586,0.268298156305289,HLA-E/HFE/HLA-C,3
GO:0002679,respiratory burst involved in defense response,3/468,10/7427,0.3,4.76089743589744,3.08605975564507,0.0213820074996398,0.288090154076586,0.268298156305289,PIK3CG/HCK/GRN,3
GO:0002835,negative regulation of response to tumor cell,3/468,10/7427,0.3,4.76089743589744,3.08605975564507,0.0213820074996398,0.288090154076586,0.268298156305289,PDCD1/HAVCR2/IL4I1,3
GO:0002838,negative regulation of immune response to tumor cell,3/468,10/7427,0.3,4.76089743589744,3.08605975564507,0.0213820074996398,0.288090154076586,0.268298156305289,PDCD1/HAVCR2/IL4I1,3
GO:0019885,antigen processing and presentation of endogenous peptide antigen via MHC class I,3/468,10/7427,0.3,4.76089743589744,3.08605975564507,0.0213820074996398,0.288090154076586,0.268298156305289,HLA-E/HFE/HLA-C,3
GO:0030011,maintenance of cell polarity,3/468,10/7427,0.3,4.76089743589744,3.08605975564507,0.0213820074996398,0.288090154076586,0.268298156305289,NCKAP1L/SLC9A1/PDLIM1,3
GO:0032736,positive regulation of interleukin-13 production,3/468,10/7427,0.3,4.76089743589744,3.08605975564507,0.0213820074996398,0.288090154076586,0.268298156305289,HLA-E/IRF4/LGALS9,3
GO:0036151,phosphatidylcholine acyl-chain remodeling,3/468,10/7427,0.3,4.76089743589744,3.08605975564507,0.0213820074996398,0.288090154076586,0.268298156305289,TMEM86B/PLA2G4C/NR1H3,3
GO:0042492,gamma-delta T cell differentiation,3/468,10/7427,0.3,4.76089743589744,3.08605975564507,0.0213820074996398,0.288090154076586,0.268298156305289,SYK/NCKAP1L/EGR3,3
GO:0032609,type II interferon production,9/468,66/7427,0.136363636363636,2.16404428904429,2.46320208843274,0.0217508639805239,0.290856478115502,0.270874431922077,VSIR/TYK2/SIRPA/LGALS9/TLR9/HAVCR2/CD14/CLEC7A/ZNF683,9
GO:0032649,regulation of type II interferon production,9/468,66/7427,0.136363636363636,2.16404428904429,2.46320208843274,0.0217508639805239,0.290856478115502,0.270874431922077,VSIR/TYK2/SIRPA/LGALS9/TLR9/HAVCR2/CD14/CLEC7A/ZNF683,9
GO:0045582,positive regulation of T cell differentiation,10/468,77/7427,0.12987012987013,2.06099456099456,2.42684383801392,0.0219643128667091,0.292610714857244,0.272508151356332,VSIR/BCL6/SYK/NCKAP1L/NFKBID/LGALS9/TESPA1/BTN2A2/IL4I1/EGR3,10
GO:0098662,inorganic cation transmembrane transport,34/468,379/7427,0.0897097625329815,1.42366326139413,2.19550506393395,0.0223467024756263,0.296594107111204,0.276217881739183,STING1/PML/SLC36A1/PIK3CG/TMEM175/P2RX1/KCNE1/CD4/CAPN3/SLC9A1/GRIN2D/CACNA1G/TLR9/SLC15A3/SLC28A3/UCP2/TMEM94/HEPH/PLCG2/CACNA1E/RHD/GRIN3A/SLC30A3/ISCU/AKAP5/SLC6A1/SLC8A3/RYR3/KCNJ10/CXCR3/SLC47A1/SLC24A4/KCNH4/CACNB2,34
GO:0002366,leukocyte activation involved in immune response,19/468,184/7427,0.103260869565217,1.63871469713861,2.27501130575365,0.0224418491948871,0.296749656454325,0.276362744732185,BCL6/SYK/PIK3CG/DLL1/DOCK2/CD28/NCKAP1L/KMT2A/IRF4/SEMA6D/NFKBID/LGALS9/TBX21/GRN/PLCG2/HAVCR2/MRGPRX2/CLNK/ZNF683,19
GO:0001910,regulation of leukocyte mediated cytotoxicity,8/468,56/7427,0.142857142857143,2.26709401709402,2.46812203257298,0.0230438300451678,0.303581123965414,0.282724885583403,INPP5D/HLA-E/NCKAP1L/CD1D/LGALS9/MR1/HAVCR2/HLA-C,8
GO:0001659,temperature homeostasis,11/468,89/7427,0.123595505617978,1.96141841928359,2.36616795615209,0.0234316465226935,0.304920626780689,0.283972363605885,SYK/IRF4/EGR1/GADD45G/ALPL/FLCN/UCP2/NR1H3/ABHD6/BMAL1/FFAR4,11
GO:0045621,positive regulation of lymphocyte differentiation,11/468,89/7427,0.123595505617978,1.96141841928359,2.36616795615209,0.0234316465226935,0.304920626780689,0.283972363605885,INPP5D/VSIR/BCL6/SYK/NCKAP1L/NFKBID/LGALS9/TESPA1/BTN2A2/IL4I1/EGR3,11
GO:0001562,response to protozoan,4/468,18/7427,0.222222222222222,3.52659069325736,2.78303282012187,0.0234884036373092,0.304920626780689,0.283972363605885,IRF4/CCDC88B/CD37/CLEC7A,4
GO:0002834,regulation of response to tumor cell,4/468,18/7427,0.222222222222222,3.52659069325736,2.78303282012187,0.0234884036373092,0.304920626780689,0.283972363605885,MR1/PDCD1/HAVCR2/IL4I1,4
GO:0033077,T cell differentiation in thymus,7/468,46/7427,0.152173913043478,2.41494797473058,2.49625395396571,0.0237974882232851,0.307809693128092,0.286662949047572,MAFB/DOCK2/CD28/MR1/CD3G/TESPA1/EGR3,7
GO:0002861,regulation of inflammatory response to antigenic stimulus,5/468,27/7427,0.185185185185185,2.93882557771447,2.61716885484788,0.0247784679327913,0.315207854183884,0.293552851195325,SYK/HLA-E/CD28/C3/HCK,5
GO:0051480,regulation of cytosolic calcium ion concentration,5/468,27/7427,0.185185185185185,2.93882557771447,2.61716885484788,0.0247784679327913,0.315207854183884,0.293552851195325,P2RX1/CDH23/TMEM178A/SLC8A3/CACNB2,5
GO:2000406,positive regulation of T cell migration,5/468,27/7427,0.185185185185185,2.93882557771447,2.61716885484788,0.0247784679327913,0.315207854183884,0.293552851195325,DOCK8/TNFRSF14/LGALS9/CXCL12/TNFSF14,5
GO:0002263,cell activation involved in immune response,19/468,186/7427,0.102150537634409,1.62109410899734,2.22454701653213,0.0248125384232464,0.315207854183884,0.293552851195325,BCL6/SYK/PIK3CG/DLL1/DOCK2/CD28/NCKAP1L/KMT2A/IRF4/SEMA6D/NFKBID/LGALS9/TBX21/GRN/PLCG2/HAVCR2/MRGPRX2/CLNK/ZNF683,19
GO:0043269,regulation of monoatomic ion transport,19/468,186/7427,0.102150537634409,1.62109410899734,2.22454701653213,0.0248125384232464,0.315207854183884,0.293552851195325,PML/PIK3CG/P2RX1/KCNE1/CD4/CAPN3/GRIN2D/TLR9/CXCL12/UCP2/HEPH/STOM/ISCU/AKAP5/CFTR/HFE/KCNJ10/CXCR3/CACNB2,19
GO:0006638,neutral lipid metabolic process,8/468,57/7427,0.140350877192982,2.22732043784675,2.41206291190327,0.0253859439099575,0.320204973360705,0.29820666474295,PIK3CG/C3/GNB3/NR1H3/ABHD6/PNPLA1/LIPC/ATG14,8
GO:0006639,acylglycerol metabolic process,8/468,57/7427,0.140350877192982,2.22732043784675,2.41206291190327,0.0253859439099575,0.320204973360705,0.29820666474295,PIK3CG/C3/GNB3/NR1H3/ABHD6/PNPLA1/LIPC/ATG14,8
GO:0007612,learning,10/468,79/7427,0.126582278481013,2.00881748350103,2.33759114159589,0.025812880758078,0.324439635535277,0.302150402624777,SYT11/PDE1B/KMT2A/LGMN/PPP1R9B/RELN/MAP1A/SYNJ1/SLC6A1/SLC8A3,10
GO:0098660,inorganic ion transmembrane transport,36/468,411/7427,0.0875912408759124,1.39004304697735,2.10967541529831,0.0264116748660304,0.324846981650085,0.302529763772788,STING1/APOL1/PML/SLC36A1/PIK3CG/TMEM175/P2RX1/KCNE1/CD4/CAPN3/SLC9A1/GRIN2D/CACNA1G/TLR9/SLC15A3/SLC28A3/UCP2/TMEM94/HEPH/PLCG2/CACNA1E/RHD/GRIN3A/SLC30A3/ISCU/AKAP5/CFTR/SLC6A1/SLC8A3/RYR3/KCNJ10/CXCR3/SLC47A1/SLC24A4/KCNH4/CACNB2,36
GO:0051928,positive regulation of calcium ion transport,7/468,47/7427,0.148936170212766,2.36356610292781,2.43177800091637,0.0265011404731899,0.324846981650085,0.302529763772788,P2RX1/CD4/CAPN3/CXCL12/AKAP5/CXCR3/CACNB2,7
GO:0042391,regulation of membrane potential,20/468,200/7427,0.1,1.58696581196581,2.18210556839042,0.0265511801915429,0.324846981650085,0.302529763772788,GRIA3/P2RX1/KMT2A/KCNE1/SLC9A1/GRIN2D/CACNA1G/UCP2/RELN/RNF122/GRIN3A/TBX18/TBX5/KCTD7/CFTR/SLC8A3/KCNJ10/SLC24A4/KCNH4/CACNB2,20
GO:0030888,regulation of B cell proliferation,6/468,37/7427,0.162162162162162,2.57345807345807,2.48805971058454,0.0266149629680268,0.324846981650085,0.302529763772788,INPP5D/BCL6/CDKN1A/NCKAP1L/BST1/TLR9,6
GO:0032720,negative regulation of tumor necrosis factor production,6/468,37/7427,0.162162162162162,2.57345807345807,2.48805971058454,0.0266149629680268,0.324846981650085,0.302529763772788,VSIR/SYT11/SIRPA/LGALS9/GPNMB/HAVCR2,6
GO:0090596,sensory organ morphogenesis,14/468,126/7427,0.111111111111111,1.76329534662868,2.24085468247645,0.0267536906556809,0.324846981650085,0.302529763772788,PHACTR4/DLL1/MAFB/TIFAB/CYP26B1/CDH23/WHRN/RAB37/TBX18/VANGL2/TSPAN12/WNT2/IMPG2/TMEM215,14
GO:0001768,establishment of T cell polarity,3/468,11/7427,0.272727272727273,4.32808857808858,2.86439785212347,0.0280509626797762,0.324846981650085,0.302529763772788,DOCK8/DOCK2/CYP26B1,3
GO:0001964,startle response,3/468,11/7427,0.272727272727273,4.32808857808858,2.86439785212347,0.0280509626797762,0.324846981650085,0.302529763772788,GRIN2D/MDGA1/GRIN3A,3
GO:0002755,MyD88-dependent toll-like receptor signaling pathway,3/468,11/7427,0.272727272727273,4.32808857808858,2.86439785212347,0.0280509626797762,0.324846981650085,0.302529763772788,TLR9/CD300LF/IRF1,3
GO:0009713,catechol-containing compound biosynthetic process,3/468,11/7427,0.272727272727273,4.32808857808858,2.86439785212347,0.0280509626797762,0.324846981650085,0.302529763772788,MOXD1/GCH1/HDC,3
GO:0035739,"CD4-positive, alpha-beta T cell proliferation",3/468,11/7427,0.272727272727273,4.32808857808858,2.86439785212347,0.0280509626797762,0.324846981650085,0.302529763772788,VSIR/CD28/LGALS9,3
GO:0042423,catecholamine biosynthetic process,3/468,11/7427,0.272727272727273,4.32808857808858,2.86439785212347,0.0280509626797762,0.324846981650085,0.302529763772788,MOXD1/GCH1/HDC,3
GO:0045579,positive regulation of B cell differentiation,3/468,11/7427,0.272727272727273,4.32808857808858,2.86439785212347,0.0280509626797762,0.324846981650085,0.302529763772788,INPP5D/SYK/NCKAP1L,3
GO:0046643,regulation of gamma-delta T cell activation,3/468,11/7427,0.272727272727273,4.32808857808858,2.86439785212347,0.0280509626797762,0.324846981650085,0.302529763772788,SYK/NCKAP1L/EGR3,3
GO:0060100,"positive regulation of phagocytosis, engulfment",3/468,11/7427,0.272727272727273,4.32808857808858,2.86439785212347,0.0280509626797762,0.324846981650085,0.302529763772788,NCKAP1L/C3/PLCG2,3
GO:0070886,positive regulation of calcineurin-NFAT signaling cascade,3/468,11/7427,0.272727272727273,4.32808857808858,2.86439785212347,0.0280509626797762,0.324846981650085,0.302529763772788,SLC9A1/AKAP5/CLEC7A,3
GO:0071398,cellular response to fatty acid,3/468,11/7427,0.272727272727273,4.32808857808858,2.86439785212347,0.0280509626797762,0.324846981650085,0.302529763772788,CD4/ZNF683/HMGCS2,3
GO:0071605,monocyte chemotactic protein-1 production,3/468,11/7427,0.272727272727273,4.32808857808858,2.86439785212347,0.0280509626797762,0.324846981650085,0.302529763772788,SYK/LGALS9/CLEC7A,3
GO:0071637,regulation of monocyte chemotactic protein-1 production,3/468,11/7427,0.272727272727273,4.32808857808858,2.86439785212347,0.0280509626797762,0.324846981650085,0.302529763772788,SYK/LGALS9/CLEC7A,3
GO:0106058,positive regulation of calcineurin-mediated signaling,3/468,11/7427,0.272727272727273,4.32808857808858,2.86439785212347,0.0280509626797762,0.324846981650085,0.302529763772788,SLC9A1/AKAP5/CLEC7A,3
GO:1905155,positive regulation of membrane invagination,3/468,11/7427,0.272727272727273,4.32808857808858,2.86439785212347,0.0280509626797762,0.324846981650085,0.302529763772788,NCKAP1L/C3/PLCG2,3
GO:2000561,"regulation of CD4-positive, alpha-beta T cell proliferation",3/468,11/7427,0.272727272727273,4.32808857808858,2.86439785212347,0.0280509626797762,0.324846981650085,0.302529763772788,VSIR/CD28/LGALS9,3
GO:0019221,cytokine-mediated signaling pathway,27/468,292/7427,0.0924657534246575,1.46739989462592,2.11305123690919,0.028052597037359,0.324846981650085,0.302529763772788,STING1/STAT2/TNFRSF14/TRIM56/SYK/TNFRSF1B/TYK2/TNFRSF25/IL10RA/CD4/EGR1/GFI1/HCK/IL3RA/SPPL2B/SAMHD1/CXCL12/IL11RA/ZSWIM8/NR1H3/CD300LF/CCL3L3/CEBPA/IRF1/ST18/MPL/CXCR3,27
GO:0002507,tolerance induction,4/468,19/7427,0.210526315789474,3.34098065677013,2.649421886056,0.028311094830342,0.324846981650085,0.302529763772788,HLA-E/LGALS9/PDCD1/HAVCR2,4
GO:0046629,gamma-delta T cell activation,4/468,19/7427,0.210526315789474,3.34098065677013,2.649421886056,0.028311094830342,0.324846981650085,0.302529763772788,SYK/NCKAP1L/CD3G/EGR3,4
GO:0050857,positive regulation of antigen receptor-mediated signaling pathway,4/468,19/7427,0.210526315789474,3.34098065677013,2.649421886056,0.028311094830342,0.324846981650085,0.302529763772788,NFAM1/PRKD2/PRKCH/TESPA1,4
GO:0090322,regulation of superoxide metabolic process,4/468,19/7427,0.210526315789474,3.34098065677013,2.649421886056,0.028311094830342,0.324846981650085,0.302529763772788,SYK/BST1/GCH1/CLEC7A,4
GO:1904062,regulation of monoatomic cation transmembrane transport,14/468,127/7427,0.110236220472441,1.74941113130089,2.20895846900912,0.0284074265585027,0.3249042323749,0.302583081332232,PML/PIK3CG/P2RX1/KCNE1/CD4/CAPN3/GRIN2D/TLR9/UCP2/HEPH/ISCU/AKAP5/CXCR3/CACNB2,14
GO:0032715,negative regulation of interleukin-6 production,5/468,28/7427,0.178571428571429,2.83386752136752,2.52108472906771,0.0286539240416564,0.325629417943041,0.30325844613786,INPP5D/SYT11/SIRPA/NCKAP1L/HAVCR2,5
GO:0048247,lymphocyte chemotaxis,5/468,28/7427,0.178571428571429,2.83386752136752,2.52108472906771,0.0286539240416564,0.325629417943041,0.30325844613786,PIK3CG/CH25H/CXCL12/TNFSF14/CXCR3,5
GO:0032602,chemokine production,7/468,48/7427,0.145833333333333,2.31432514245014,2.36892690301039,0.0294068473477464,0.327900175598539,0.305373201133007,SYK/SIRPA/EGR1/LGALS9/TLR9/HAVCR2/CLEC7A,7
GO:0032642,regulation of chemokine production,7/468,48/7427,0.145833333333333,2.31432514245014,2.36892690301039,0.0294068473477464,0.327900175598539,0.305373201133007,SYK/SIRPA/EGR1/LGALS9/TLR9/HAVCR2/CLEC7A,7
GO:0035249,"synaptic transmission, glutamatergic",7/468,48/7427,0.145833333333333,2.31432514245014,2.36892690301039,0.0294068473477464,0.327900175598539,0.305373201133007,GRIA3/P2RX1/PLPPR4/NAPB/GRIN2D/RELN/GRIN3A,7
GO:0045123,cellular extravasation,7/468,48/7427,0.145833333333333,2.31432514245014,2.36892690301039,0.0294068473477464,0.327900175598539,0.305373201133007,PIK3CG/SIRPA/SELPLG/BST1/JAM2/CXCL12/SELP,7
GO:0046635,positive regulation of alpha-beta T cell activation,7/468,48/7427,0.145833333333333,2.31432514245014,2.36892690301039,0.0294068473477464,0.327900175598539,0.305373201133007,SYK/HLA-E/TYK2/CD28/NCKAP1L/NFKBID/LGALS9,7
GO:0050766,positive regulation of phagocytosis,7/468,48/7427,0.145833333333333,2.31432514245014,2.36892690301039,0.0294068473477464,0.327900175598539,0.305373201133007,SIRPA/DOCK2/NCKAP1L/C3/PLCG2/CD300LF/CLEC7A,7
GO:0045089,positive regulation of innate immune response,22/468,228/7427,0.0964912280701754,1.53128280101964,2.11292496439145,0.0296009050899301,0.329032560640254,0.30642779051977,STING1/TRIM56/SYK/HLA-E/CD1D/IRF4/GFI1/TIFAB/HCK/ZNFX1/TLR9/SLC15A3/PLCG2/NR1H3/TLR5/CD300LF/HAVCR2/CD14/CLEC7A/IRF1/CLNK/HLA-C,22
GO:0031663,lipopolysaccharide-mediated signaling pathway,6/468,38/7427,0.157894736842105,2.5057354925776,2.41309618637533,0.0299851149235873,0.330697566618461,0.307978409407188,SIRPA/PTAFR/TIFAB/HCK/PLCG2/CD14,6
GO:1903556,negative regulation of tumor necrosis factor superfamily cytokine production,6/468,38/7427,0.157894736842105,2.5057354925776,2.41309618637533,0.0299851149235873,0.330697566618461,0.307978409407188,VSIR/SYT11/SIRPA/LGALS9/GPNMB/HAVCR2,6
GO:0043270,positive regulation of monoatomic ion transport,10/468,81/7427,0.123456790123457,1.95921705180964,2.25092445054035,0.0301225784606077,0.330697566618461,0.307978409407188,P2RX1/KCNE1/CD4/CAPN3/CXCL12/HEPH/AKAP5/CFTR/CXCR3/CACNB2,10
GO:1990845,adaptive thermogenesis,10/468,81/7427,0.123456790123457,1.95921705180964,2.25092445054035,0.0301225784606077,0.330697566618461,0.307978409407188,SYK/IRF4/GADD45G/ALPL/FLCN/UCP2/NR1H3/ABHD6/BMAL1/FFAR4,10
GO:0031341,regulation of cell killing,8/468,59/7427,0.135593220338983,2.15181805012314,2.30336125906237,0.0305585460350931,0.334451533067158,0.311474475700204,INPP5D/HLA-E/NCKAP1L/CD1D/LGALS9/MR1/HAVCR2/HLA-C,8
GO:0045807,positive regulation of endocytosis,11/468,93/7427,0.118279569892473,1.87705633673376,2.20711769632822,0.0312791472051487,0.341288118431637,0.317841382804659,SYK/SIRPA/DLL1/DOCK2/NCKAP1L/C3/PLCG2/CD300LF/HFE/CD14/CLEC7A,11
GO:0006887,exocytosis,19/468,191/7427,0.0994764397905759,1.5786570904372,2.10094974564169,0.0315709177580022,0.343418209373743,0.319825134989322,SYK/PIK3CG/SYT11/TNFAIP2/P2RX1/NCKAP1L/NAPB/LGALS9/HCK/STX11/PRRT2/SYTL3/RAB2B/SYT2/SYNJ1/RAB37/CFTR/MRGPRX2/CLNK,19
GO:0002440,production of molecular mediator of immune response,14/468,129/7427,0.108527131782946,1.72228847810243,2.14600432773037,0.0319386074832886,0.34461739566335,0.320941936330901,TNFRSF14/BCL6/SYK/HLA-E/TNFRSF1B/CD28/SAMHD1/TLR9/TBX21/CD37/PLCG2/HFE/CLEC7A/CLNK,14
GO:1902107,positive regulation of leukocyte differentiation,13/468,117/7427,0.111111111111111,1.76329534662868,2.15801191330164,0.0320686977690663,0.34461739566335,0.320941936330901,INPP5D/VSIR/BCL6/SYK/NCKAP1L/CD4/NFKBID/LGALS9/TESPA1/BTN2A2/IL4I1/EGR3/CD101,13
GO:1903522,regulation of blood circulation,13/468,117/7427,0.111111111111111,1.76329534662868,2.15801191330164,0.0320686977690663,0.34461739566335,0.320941936330901,SHOX2/PIK3CG/P2RX1/HRH2/KCNE1/SLC9A1/CACNA1G/TBX18/TBX5/GCH1/SLC8A3/AVPR2/CACNB2,13
GO:1903708,positive regulation of hemopoiesis,13/468,117/7427,0.111111111111111,1.76329534662868,2.15801191330164,0.0320686977690663,0.34461739566335,0.320941936330901,INPP5D/VSIR/BCL6/SYK/NCKAP1L/CD4/NFKBID/LGALS9/TESPA1/BTN2A2/IL4I1/EGR3/CD101,13
GO:0002702,positive regulation of production of molecular mediator of immune response,10/468,82/7427,0.121951219512195,1.93532416093392,2.2085140164795,0.0324581133523159,0.346330277277068,0.322537141763737,TNFRSF14/SYK/HLA-E/CD28/TLR9/TBX21/CD37/PLCG2/CLEC7A/CLNK,10
GO:0002705,positive regulation of leukocyte mediated immunity,10/468,82/7427,0.121951219512195,1.93532416093392,2.2085140164795,0.0324581133523159,0.346330277277068,0.322537141763737,HLA-E/CD28/C3/CD1D/MR1/TBX21/PLCG2/CLEC7A/CLNK/HLA-C,10
GO:0070227,lymphocyte apoptotic process,7/468,49/7427,0.142857142857143,2.26709401709402,2.30762128208081,0.0325201890948947,0.346330277277068,0.322537141763737,DOCK8/BCL6/PRKD2/LGALS9/PDCD1/CD3G/CASP7,7
GO:0033173,calcineurin-NFAT signaling cascade,5/468,29/7427,0.172413793103448,2.73614795166519,2.42915679677291,0.0328923604294029,0.348208708474363,0.324286523406425,NFAM1/SLC9A1/PLCG2/AKAP5/CLEC7A,5
GO:0046470,phosphatidylcholine metabolic process,5/468,29/7427,0.172413793103448,2.73614795166519,2.42915679677291,0.0328923604294029,0.348208708474363,0.324286523406425,TMEM86B/LCAT/PLA2G4C/NR1H3/LIPC,5
GO:0007601,visual perception,9/468,71/7427,0.126760563380282,2.01164680390032,2.22108003649934,0.0332470804828819,0.349263524856053,0.325268873155083,SEMA5B/PRCD/CDH23/DHRS3/KCNJ10/IMPG2/LRIT3/RP1L1/CACNB2,9
GO:0140115,export across plasma membrane,6/468,39/7427,0.153846153846154,2.44148586456279,2.34048697641579,0.0336232486713547,0.349263524856053,0.325268873155083,KCNE1/SLC9A1/HEPH/SLC8A3/SLC47A1/SLC24A4,6
GO:0002418,immune response to tumor cell,4/468,20/7427,0.2,3.17393162393162,2.52444949492765,0.0336793334342497,0.349263524856053,0.325268873155083,MR1/PDCD1/HAVCR2/IL4I1,4
GO:0002478,antigen processing and presentation of exogenous peptide antigen,4/468,20/7427,0.2,3.17393162393162,2.52444949492765,0.0336793334342497,0.349263524856053,0.325268873155083,MPEG1/HLA-E/LGMN/IFI30,4
GO:0032728,positive regulation of interferon-beta production,4/468,20/7427,0.2,3.17393162393162,2.52444949492765,0.0336793334342497,0.349263524856053,0.325268873155083,STING1/TRIM56/TLR9/IRF1,4
GO:0050901,leukocyte tethering or rolling,4/468,20/7427,0.2,3.17393162393162,2.52444949492765,0.0336793334342497,0.349263524856053,0.325268873155083,SELPLG/JAM2/CXCL12/SELP,4
GO:0070542,response to fatty acid,4/468,20/7427,0.2,3.17393162393162,2.52444949492765,0.0336793334342497,0.349263524856053,0.325268873155083,CD4/UCP2/ZNF683/HMGCS2,4
GO:0098655,monoatomic cation transmembrane transport,34/468,392/7427,0.086734693877551,1.37644993894994,1.98584429882575,0.0344050538439493,0.355752257334092,0.331311825112939,STING1/PML/SLC36A1/PIK3CG/TMEM175/P2RX1/KCNE1/CD4/CAPN3/SLC9A1/GRIN2D/CACNA1G/TLR9/SLC15A3/SLC28A3/UCP2/TMEM94/HEPH/PLCG2/CACNA1E/GRIN3A/SLC30A3/ISCU/AKAP5/SLC6A1/SLC8A3/RYR3/KCNJ10/CALHM5/CXCR3/SLC47A1/SLC24A4/KCNH4/CACNB2,34
GO:0006812,monoatomic cation transport,39/468,462/7427,0.0844155844155844,1.33964646464646,1.95485480693366,0.0356699168928674,0.356159783309028,0.331691353764559,STING1/PML/SLC36A1/PIK3CG/TMEM175/P2RX1/KLHL3/KCNE1/STEAP4/CD4/CAPN3/SLC9A1/GRIN2D/CACNA1G/TLR9/CXCL12/SLC15A3/SLC28A3/UCP2/TMEM94/HEPH/PLCG2/CACNA1E/CDH23/GRIN3A/SLC30A3/ISCU/AKAP5/SLC6A1/HFE/SLC8A3/RYR3/KCNJ10/CALHM5/CXCR3/SLC47A1/SLC24A4/KCNH4/CACNB2,39
GO:0001767,establishment of lymphocyte polarity,3/468,12/7427,0.25,3.96741452991453,2.66772000141209,0.035690825169714,0.356159783309028,0.331691353764559,DOCK8/DOCK2/CYP26B1,3
GO:0002675,positive regulation of acute inflammatory response,3/468,12/7427,0.25,3.96741452991453,2.66772000141209,0.035690825169714,0.356159783309028,0.331691353764559,HLA-E/PIK3CG/C3,3
GO:0009074,aromatic amino acid family catabolic process,3/468,12/7427,0.25,3.96741452991453,2.66772000141209,0.035690825169714,0.356159783309028,0.331691353764559,HAAO/IL4I1/HDC,3
GO:0031338,regulation of vesicle fusion,3/468,12/7427,0.25,3.96741452991453,2.66772000141209,0.035690825169714,0.356159783309028,0.331691353764559,SYT11/PRRT2/SYT2,3
GO:0032616,interleukin-13 production,3/468,12/7427,0.25,3.96741452991453,2.66772000141209,0.035690825169714,0.356159783309028,0.331691353764559,HLA-E/IRF4/LGALS9,3
GO:0032656,regulation of interleukin-13 production,3/468,12/7427,0.25,3.96741452991453,2.66772000141209,0.035690825169714,0.356159783309028,0.331691353764559,HLA-E/IRF4/LGALS9,3
GO:0043031,negative regulation of macrophage activation,3/468,12/7427,0.25,3.96741452991453,2.66772000141209,0.035690825169714,0.356159783309028,0.331691353764559,SYT11/GRN/NR1H3,3
GO:0044058,regulation of digestive system process,3/468,12/7427,0.25,3.96741452991453,2.66772000141209,0.035690825169714,0.356159783309028,0.331691353764559,CLDN15/TIFAB/NR1H3,3
GO:0060099,"regulation of phagocytosis, engulfment",3/468,12/7427,0.25,3.96741452991453,2.66772000141209,0.035690825169714,0.356159783309028,0.331691353764559,NCKAP1L/C3/PLCG2,3
GO:1905153,regulation of membrane invagination,3/468,12/7427,0.25,3.96741452991453,2.66772000141209,0.035690825169714,0.356159783309028,0.331691353764559,NCKAP1L/C3/PLCG2,3
GO:0016079,synaptic vesicle exocytosis,7/468,50/7427,0.14,2.22175213675214,2.2477872239207,0.035846275632452,0.356159783309028,0.331691353764559,SYT11/P2RX1/NAPB/STX11/PRRT2/SYT2/SYNJ1,7
GO:0060291,long-term synaptic potentiation,7/468,50/7427,0.14,2.22175213675214,2.2477872239207,0.035846275632452,0.356159783309028,0.331691353764559,GRIA3/LGMN/GRIN2D/RELN/AKAP5/CYP46A1/SLC8A3,7
GO:0072678,T cell migration,7/468,50/7427,0.14,2.22175213675214,2.2477872239207,0.035846275632452,0.356159783309028,0.331691353764559,DOCK8/TNFRSF14/PIK3CG/LGALS9/CXCL12/TNFSF14/CXCR3,7
GO:0006584,catecholamine metabolic process,5/468,30/7427,0.166666666666667,2.64494301994302,2.34104982805556,0.0375012446366029,0.364791135956042,0.339729726367183,PDE1B/MOXD1/MDGA1/GCH1/HDC,5
GO:0009712,catechol-containing compound metabolic process,5/468,30/7427,0.166666666666667,2.64494301994302,2.34104982805556,0.0375012446366029,0.364791135956042,0.339729726367183,PDE1B/MOXD1/MDGA1/GCH1/HDC,5
GO:0032814,regulation of natural killer cell activation,5/468,30/7427,0.166666666666667,2.64494301994302,2.34104982805556,0.0375012446366029,0.364791135956042,0.339729726367183,HLA-E/TYK2/HAVCR2/CLNK/ZNF683,5
GO:0042269,regulation of natural killer cell mediated cytotoxicity,5/468,30/7427,0.166666666666667,2.64494301994302,2.34104982805556,0.0375012446366029,0.364791135956042,0.339729726367183,INPP5D/HLA-E/LGALS9/HAVCR2/HLA-C,5
GO:0070050,neuron cellular homeostasis,5/468,30/7427,0.166666666666667,2.64494301994302,2.34104982805556,0.0375012446366029,0.364791135956042,0.339729726367183,HAAO/TMEM175/P2RX1/MAP1A/CACNB2,5
GO:0050905,neuromuscular process,10/468,84/7427,0.119047619047619,1.88924501424501,2.12545198532331,0.0375050026347205,0.364791135956042,0.339729726367183,MYH3/TIFAB/GRIN2D/MDGA1/PRRT2/CDH23/MAP1A/GRIN3A/GCH1/SLC8A3,10
GO:0071248,cellular response to metal ion,10/468,84/7427,0.119047619047619,1.88924501424501,2.12545198532331,0.0375050026347205,0.364791135956042,0.339729726367183,LGMN/CAPN3/TLR9/UCP2/PLCG2/CEBPA/HFE/FBP1/RYR3/KCNJ10,10
GO:0006879,intracellular iron ion homeostasis,6/468,40/7427,0.15,2.38044871794872,2.27009067458829,0.0375354387854685,0.364791135956042,0.339729726367183,TTC7A/STEAP4/CP/CYB561A3/ISCU/HFE,6
GO:0002720,positive regulation of cytokine production involved in immune response,7/468,51/7427,0.137254901960784,2.17818836936484,2.18935579971915,0.0393897237102841,0.378641492019869,0.352628553152872,TNFRSF14/SYK/HLA-E/TBX21/PLCG2/CLEC7A/CLNK,7
GO:0002714,positive regulation of B cell mediated immunity,4/468,21/7427,0.19047619047619,3.02279202279202,2.40711038465879,0.0395992788955275,0.378641492019869,0.352628553152872,HLA-E/CD28/C3/TBX21,4
GO:0002891,positive regulation of immunoglobulin mediated immune response,4/468,21/7427,0.19047619047619,3.02279202279202,2.40711038465879,0.0395992788955275,0.378641492019869,0.352628553152872,HLA-E/CD28/C3/TBX21,4
GO:0051497,negative regulation of stress fiber assembly,4/468,21/7427,0.19047619047619,3.02279202279202,2.40711038465879,0.0395992788955275,0.378641492019869,0.352628553152872,WAS/ARHGAP6/ARHGEF18/CGNL1,4
GO:0070232,regulation of T cell apoptotic process,4/468,21/7427,0.19047619047619,3.02279202279202,2.40711038465879,0.0395992788955275,0.378641492019869,0.352628553152872,DOCK8/PRKD2/LGALS9/PDCD1,4
GO:2000515,"negative regulation of CD4-positive, alpha-beta T cell activation",4/468,21/7427,0.19047619047619,3.02279202279202,2.40711038465879,0.0395992788955275,0.378641492019869,0.352628553152872,VSIR/BCL6/LGALS9/TBX21,4
GO:0032635,interleukin-6 production,10/468,85/7427,0.117647058823529,1.86701860231272,2.08476769680831,0.0402217221145572,0.382536538934438,0.356256007583764,INPP5D/SYK/SYT11/SIRPA/NCKAP1L/LGALS9/TLR9/PLCG2/HAVCR2/CLEC7A,10
GO:0032675,regulation of interleukin-6 production,10/468,85/7427,0.117647058823529,1.86701860231272,2.08476769680831,0.0402217221145572,0.382536538934438,0.356256007583764,INPP5D/SYK/SYT11/SIRPA/NCKAP1L/LGALS9/TLR9/PLCG2/HAVCR2/CLEC7A,10
GO:0045597,positive regulation of cell differentiation,38/468,453/7427,0.0838852097130243,1.33122959944152,1.88653231873184,0.0410243468117192,0.389129604291427,0.362396124677839,INPP5D/EGR2/VSIR/BCL6/SYK/TNFRSF1B/SHOX2/NCKAP1L/CD4/NFKBID/LGALS9/NOTCH4/ZNF335/TLR9/PRKCH/CXCL12/TESPA1/TNFSF14/BTN2A2/CYP26B1/RELN/PTCH2/ZFP36/CEBPA/TBX5/BMAL1/FFAR4/GDF5/GLIPR2/MAP6/WNT2/CLEC7A/IL4I1/VHL/EGR3/MPL/CD101/FNDC5,38
GO:0043370,"regulation of CD4-positive, alpha-beta T cell differentiation",6/468,41/7427,0.146341463414634,2.3223889931207,2.20177777288666,0.0417268819060452,0.394740741861178,0.367621773119609,BCL6/NCKAP1L/IRF4/NFKBID/LGALS9/TBX21,6
GO:0043303,mast cell degranulation,5/468,31/7427,0.161290322580645,2.55962227736421,2.25646606397905,0.0424863222292951,0.400859013712474,0.373319715358346,SYK/PIK3CG/LGALS9/MRGPRX2/CLNK,5
GO:0007517,muscle organ development,17/468,172/7427,0.0988372093023256,1.568512721129,1.95619742445401,0.0426716658610304,0.401232008809137,0.373667085427506,EGR2/SHOX2/MEF2B/DLL1/MYH3/MSC/CAPN3/EGR1/TIFAB/MYOM1/CHD2/CYP26B1/MEOX2/BMAL1/VANGL2/WNT2/EGR3,17
GO:0008285,negative regulation of cell population proliferation,31/468,358/7427,0.0865921787709497,1.37418827293129,1.88182691511907,0.0429201227628499,0.401232008809137,0.373667085427506,INPP5D/TNFRSF14/VSIR/BCL6/PML/HLA-E/CDKN1A/RASSF5/DLL1/KMT2A/LGALS9/DLEC1/FLCN/GPNMB/CD37/PODN/BTN2A2/FBLN1/HAVCR2/CCL3L3/CEBPA/TBX5/GDF5/IFI30/COL4A3/IL4I1/IRF1/ST18/VHL/AVPR2/CXCR3,31
GO:0001906,cell killing,13/468,122/7427,0.10655737704918,1.691029143898,1.99569031587242,0.0429231552129186,0.401232008809137,0.373667085427506,INPP5D/APOL1/HLA-E/NCKAP1L/C3/CD1D/LGALS9/MR1/CXCL12/HAVCR2/CFB/GNLY/HLA-C,13
GO:0071677,positive regulation of mononuclear cell migration,8/468,63/7427,0.126984126984127,2.01519468186135,2.0984068706864,0.0429770580141359,0.401232008809137,0.373667085427506,DOCK8/TNFRSF14/LGMN/LGALS9/JAM2/CXCL12/TNFSF14/C5AR1,8
GO:0032418,lysosome localization,7/468,52/7427,0.134615384615385,2.13630013149244,2.13226263796035,0.0431546372929806,0.401835195945372,0.374228833179967,SYK/PIK3CG/LGALS9/FLCN/MAP6/MRGPRX2/CLNK,7
GO:0001771,immunological synapse formation,3/468,13/7427,0.230769230769231,3.66222879684418,2.49125247317145,0.0442837386108578,0.404928684418564,0.377109796802516,DOCK8/DOCK2/HAVCR2,3
GO:0042402,biogenic amine catabolic process,3/468,13/7427,0.230769230769231,3.66222879684418,2.49125247317145,0.0442837386108578,0.404928684418564,0.377109796802516,PDE1B/MOXD1/DMGDH,3
GO:0050765,negative regulation of phagocytosis,3/468,13/7427,0.230769230769231,3.66222879684418,2.49125247317145,0.0442837386108578,0.404928684418564,0.377109796802516,SYT11/SIRPA/CD300LF,3
GO:0060122,inner ear receptor cell stereocilium organization,3/468,13/7427,0.230769230769231,3.66222879684418,2.49125247317145,0.0442837386108578,0.404928684418564,0.377109796802516,CDH23/WHRN/VANGL2,3
GO:0086019,cell-cell signaling involved in cardiac conduction,3/468,13/7427,0.230769230769231,3.66222879684418,2.49125247317145,0.0442837386108578,0.404928684418564,0.377109796802516,CACNA1G/TBX18/CACNB2,3
GO:0090335,regulation of brown fat cell differentiation,3/468,13/7427,0.230769230769231,3.66222879684418,2.49125247317145,0.0442837386108578,0.404928684418564,0.377109796802516,FLCN/FFAR4/FNDC5,3
GO:1900273,positive regulation of long-term synaptic potentiation,3/468,13/7427,0.230769230769231,3.66222879684418,2.49125247317145,0.0442837386108578,0.404928684418564,0.377109796802516,LGMN/RELN/AKAP5,3
GO:0008284,positive regulation of cell population proliferation,38/468,456/7427,0.0833333333333333,1.32247150997151,1.84311830303456,0.0446361303425633,0.406604691084703,0.378670660622808,BCL6/PML/SYK/HLA-E/SHOX2/TYK2/CDKN1A/DLL1/CD28/NCKAP1L/CD1D/CD4/LGMN/PRKD2/CCDC88B/EGR1/LGALS9/BST1/HCK/PPP1R16B/IL3RA/ZNF335/TLR9/PRKCH/CXCL12/IL11RA/GRN/FBLN1/C5AR1/BICRA/HAVCR2/TBX5/WNT2/CLEC7A/AVPR2/EGR3/MPL/CXCR3,38
GO:0048878,chemical homeostasis,40/468,484/7427,0.0826446280991736,1.31154199336018,1.83819962546503,0.0446956520140902,0.406604691084703,0.378670660622808,PML/TMEM175/TTC7A/P2RX1/KLHL3/LCAT/STEAP4/CAPN3/LIMA1/SLC9A1/CXCL12/ALPL/WDTC1/GRN/UCP2/TMEM94/MYLIP/HEPH/PLCG2/NR1H3/CDH23/TMEM178A/RHD/CP/USF1/CYB561A3/ISCU/CEBPA/KCTD7/CFTR/HFE/PNPLA1/LIPC/SLC8A3/RYR3/KCNJ10/AVPR2/CXCR3/SLC24A4/CACNB2,40
GO:0071887,leukocyte apoptotic process,9/468,75/7427,0.12,1.90435897435897,2.04124773517535,0.0450470078977237,0.408755630337253,0.380673828824212,DOCK8/PLEKHO2/BCL6/PRKD2/LGALS9/CXCL12/PDCD1/CD3G/CASP7,9
GO:0046632,alpha-beta T cell differentiation,10/468,87/7427,0.114942528735632,1.82409863444346,2.0050156719984,0.0460539866072058,0.410850202704986,0.382624502585737,BCL6/SYK/NCKAP1L/KMT2A/IRF4/NFKBID/LGALS9/TBX21/IRF1/ZNF683,10
GO:0002825,regulation of T-helper 1 type immune response,4/468,22/7427,0.181818181818182,2.88539238539239,2.2965586365908,0.046073170104127,0.410850202704986,0.382624502585737,SYVN1/LGALS9/TBX21/HAVCR2,4
GO:0009395,phospholipid catabolic process,4/468,22/7427,0.181818181818182,2.88539238539239,2.2965586365908,0.046073170104127,0.410850202704986,0.382624502585737,PLA2G4C/PLCG2/ABHD6/LIPC,4
GO:0032689,negative regulation of type II interferon production,4/468,22/7427,0.181818181818182,2.88539238539239,2.2965586365908,0.046073170104127,0.410850202704986,0.382624502585737,VSIR/LGALS9/HAVCR2/ZNF683,4
GO:0034121,regulation of toll-like receptor signaling pathway,4/468,22/7427,0.181818181818182,2.88539238539239,2.2965586365908,0.046073170104127,0.410850202704986,0.382624502585737,IRF4/GFI1/CD300LF/IRF1,4
GO:0050873,brown fat cell differentiation,4/468,22/7427,0.181818181818182,2.88539238539239,2.2965586365908,0.046073170104127,0.410850202704986,0.382624502585737,FLCN/CEBPA/FFAR4/FNDC5,4
GO:0060337,type I interferon-mediated signaling pathway,6/468,42/7427,0.142857142857143,2.26709401709402,2.13542939373104,0.0462018782912552,0.410850202704986,0.382624502585737,STING1/STAT2/TRIM56/TYK2/SAMHD1/ZSWIM8,6
GO:0071357,cellular response to type I interferon,6/468,42/7427,0.142857142857143,2.26709401709402,2.13542939373104,0.0462018782912552,0.410850202704986,0.382624502585737,STING1/STAT2/TRIM56/TYK2/SAMHD1/ZSWIM8,6
GO:0032760,positive regulation of tumor necrosis factor production,8/468,64/7427,0.125,1.98370726495727,2.04953550540637,0.0465350405159442,0.411754077401029,0.383466280449533,SYK/HLA-E/LGALS9/TLR9/PLCG2/HAVCR2/CD14/CLEC7A,8
GO:1903557,positive regulation of tumor necrosis factor superfamily cytokine production,8/468,64/7427,0.125,1.98370726495727,2.04953550540637,0.0465350405159442,0.411754077401029,0.383466280449533,SYK/HLA-E/LGALS9/TLR9/PLCG2/HAVCR2/CD14/CLEC7A,8
GO:0043299,leukocyte degranulation,7/468,53/7427,0.132075471698113,2.09599258184164,2.07644754060105,0.0471445911634588,0.413402539970251,0.385001492471887,SYK/PIK3CG/NCKAP1L/LGALS9/HCK/MRGPRX2/CLNK,7
GO:0071346,cellular response to type II interferon,7/468,53/7427,0.132075471698113,2.09599258184164,2.07644754060105,0.0471445911634588,0.413402539970251,0.385001492471887,TYK2/SIRPA/WAS/LGALS9/HCK/NR1H3/IRF1,7
GO:1990849,vacuolar localization,7/468,53/7427,0.132075471698113,2.09599258184164,2.07644754060105,0.0471445911634588,0.413402539970251,0.385001492471887,SYK/PIK3CG/LGALS9/FLCN/MAP6/MRGPRX2/CLNK,7
GO:0071345,cellular response to cytokine stimulus,39/468,472/7427,0.0826271186440678,1.31126412429379,1.81208464579248,0.0471862331256457,0.413402539970251,0.385001492471887,STING1/DOCK8/STAT2/TNFRSF14/PML/TRIM56/SYK/TNFRSF1B/TYK2/SIRPA/TNFRSF25/IL10RA/PDE1B/MSC/DTX1/WAS/SELPLG/CD4/SNRNP70/EGR1/LGALS9/GFI1/HCK/IL3RA/SPPL2B/SAMHD1/CXCL12/IL11RA/ZSWIM8/NR1H3/ZFP36/CD300LF/CCL3L3/CEBPA/IRF1/ST18/HYAL1/MPL/CXCR3,39
GO:0002347,response to tumor cell,5/468,32/7427,0.15625,2.47963408119658,2.17513995914856,0.0478516239512177,0.415142015596296,0.386621464889556,MR1/DLEC1/PDCD1/HAVCR2/IL4I1,5
GO:0042490,mechanoreceptor differentiation,5/468,32/7427,0.15625,2.47963408119658,2.17513995914856,0.0478516239512177,0.415142015596296,0.386621464889556,DLL1/CDH23/WHRN/VANGL2/TMEM132E,5
GO:0043030,regulation of macrophage activation,5/468,32/7427,0.15625,2.47963408119658,2.17513995914856,0.0478516239512177,0.415142015596296,0.386621464889556,SYT11/GRN/NR1H3/HAVCR2/CEBPA,5
GO:0097720,calcineurin-mediated signaling,5/468,32/7427,0.15625,2.47963408119658,2.17513995914856,0.0478516239512177,0.415142015596296,0.386621464889556,NFAM1/SLC9A1/PLCG2/AKAP5/CLEC7A,5
GO:1903707,negative regulation of hemopoiesis,8/468,65/7427,0.123076923076923,1.95318869165023,2.00154165973509,0.0502803869861781,0.435151670340232,0.405256442170579,INPP5D/BCL6/MAFB/DTX1/TBX21/TMEM178A/CEBPA/IRF1,8
GO:0032729,positive regulation of type II interferon production,6/468,43/7427,0.13953488372093,2.21437090041741,2.07093618417891,0.0509638201344434,0.438930528373402,0.408775689978573,TYK2/LGALS9/TLR9/HAVCR2/CD14/CLEC7A,6
GO:0150076,neuroinflammatory response,6/468,43/7427,0.13953488372093,2.21437090041741,2.07093618417891,0.0509638201344434,0.438930528373402,0.408775689978573,TNFRSF1B/SYT11/TLR9/GRN/PLCG2/C5AR1,6
GO:0048871,multicellular organismal-level homeostasis,36/468,434/7427,0.0829493087557604,1.31637717121588,1.76134820039332,0.0525821000751185,0.438931110118301,0.408776231757185,INPP5D/BCL6/SYK/IL10RA/DLL1/MAFB/NCKAP1L/KMT2A/IKZF1/IRF4/EGR1/LGALS9/GADD45G/JAM2/TLR9/ALPL/FLCN/TNFSF14/UCP2/HEPH/NR1H3/CDH23/ABHD6/ZFP36/WHRN/CUBN/CEBPA/BMAL1/FFAR4/TSPAN12/CFTR/HFE/AVPR2/CDK5RAP3/MPL/RP1L1,36
GO:0006956,complement activation,4/468,23/7427,0.173913043478261,2.75994054254924,2.19207641614847,0.0530995472698797,0.438931110118301,0.408776231757185,SERPING1/C3/CFI/CFB,4
GO:0032232,negative regulation of actin filament bundle assembly,4/468,23/7427,0.173913043478261,2.75994054254924,2.19207641614847,0.0530995472698797,0.438931110118301,0.408776231757185,WAS/ARHGAP6/ARHGEF18/CGNL1,4
GO:0060338,regulation of type I interferon-mediated signaling pathway,4/468,23/7427,0.173913043478261,2.75994054254924,2.19207641614847,0.0530995472698797,0.438931110118301,0.408776231757185,STING1/STAT2/TRIM56/SAMHD1,4
GO:0010038,response to metal ion,16/468,164/7427,0.0975609756097561,1.54825932874713,1.84109802745139,0.0532102726744789,0.438931110118301,0.408776231757185,HAAO/LCAT/KMT2A/LGMN/CAPN3/CACNA1G/TLR9/UCP2/PLCG2/SLC30A3/CEBPA/HFE/FBP1/RYR3/KCNJ10/HMGCS2,16
GO:0051607,defense response to virus,16/468,164/7427,0.0975609756097561,1.54825932874713,1.84109802745139,0.0532102726744789,0.438931110118301,0.408776231757185,STING1/STAT2/PML/TRIM56/MAP3K14/TRIM38/SHFL/ZNFX1/SAMHD1/TLR9/CD37/RAB2B/APOBEC3F/NLRP4/ATG14/IRF1,16
GO:0002279,mast cell activation involved in immune response,5/468,33/7427,0.151515151515152,2.40449365449365,2.09683380159492,0.0535994878030663,0.438931110118301,0.408776231757185,SYK/PIK3CG/LGALS9/MRGPRX2/CLNK,5
GO:0002712,regulation of B cell mediated immunity,5/468,33/7427,0.151515151515152,2.40449365449365,2.09683380159492,0.0535994878030663,0.438931110118301,0.408776231757185,BCL6/HLA-E/CD28/C3/TBX21,5
GO:0002889,regulation of immunoglobulin mediated immune response,5/468,33/7427,0.151515151515152,2.40449365449365,2.09683380159492,0.0535994878030663,0.438931110118301,0.408776231757185,BCL6/HLA-E/CD28/C3/TBX21,5
GO:0046503,glycerolipid catabolic process,5/468,33/7427,0.151515151515152,2.40449365449365,2.09683380159492,0.0535994878030663,0.438931110118301,0.408776231757185,PIK3CG/PLA2G4C/ABHD6/PNPLA1/LIPC,5
GO:0000303,response to superoxide,3/468,14/7427,0.214285714285714,3.40064102564103,2.33142378177291,0.0538020702872024,0.438931110118301,0.408776231757185,SOD3/UCP2/GCH1,3
GO:0000305,response to oxygen radical,3/468,14/7427,0.214285714285714,3.40064102564103,2.33142378177291,0.0538020702872024,0.438931110118301,0.408776231757185,SOD3/UCP2/GCH1,3
GO:0002223,stimulatory C-type lectin receptor signaling pathway,3/468,14/7427,0.214285714285714,3.40064102564103,2.33142378177291,0.0538020702872024,0.438931110118301,0.408776231757185,SYK/PLCG2/CLEC7A,3
GO:0009310,amine catabolic process,3/468,14/7427,0.214285714285714,3.40064102564103,2.33142378177291,0.0538020702872024,0.438931110118301,0.408776231757185,PDE1B/MOXD1/DMGDH,3
GO:0021602,cranial nerve morphogenesis,3/468,14/7427,0.214285714285714,3.40064102564103,2.33142378177291,0.0538020702872024,0.438931110118301,0.408776231757185,EGR2/MAFB/TIFAB,3
GO:0034505,tooth mineralization,3/468,14/7427,0.214285714285714,3.40064102564103,2.33142378177291,0.0538020702872024,0.438931110118301,0.408776231757185,ALPL/CFTR/SLC24A4,3
GO:0070102,interleukin-6-mediated signaling pathway,3/468,14/7427,0.214285714285714,3.40064102564103,2.33142378177291,0.0538020702872024,0.438931110118301,0.408776231757185,GFI1/CEBPA/ST18,3
GO:0090103,cochlea morphogenesis,3/468,14/7427,0.214285714285714,3.40064102564103,2.33142378177291,0.0538020702872024,0.438931110118301,0.408776231757185,TIFAB/TBX18/VANGL2,3
GO:0090280,positive regulation of calcium ion import,3/468,14/7427,0.214285714285714,3.40064102564103,2.33142378177291,0.0538020702872024,0.438931110118301,0.408776231757185,P2RX1/CXCL12/AKAP5,3
GO:1903902,positive regulation of viral life cycle,3/468,14/7427,0.214285714285714,3.40064102564103,2.33142378177291,0.0538020702872024,0.438931110118301,0.408776231757185,TRIM38/CD4/LGALS9,3
GO:1990840,response to lectin,3/468,14/7427,0.214285714285714,3.40064102564103,2.33142378177291,0.0538020702872024,0.438931110118301,0.408776231757185,SYK/PLCG2/CLEC7A,3
GO:1990858,cellular response to lectin,3/468,14/7427,0.214285714285714,3.40064102564103,2.33142378177291,0.0538020702872024,0.438931110118301,0.408776231757185,SYK/PLCG2/CLEC7A,3
GO:2000318,positive regulation of T-helper 17 type immune response,3/468,14/7427,0.214285714285714,3.40064102564103,2.33142378177291,0.0538020702872024,0.438931110118301,0.408776231757185,TYK2/NFKBID/CLEC7A,3
GO:0070372,regulation of ERK1 and ERK2 cascade,14/468,139/7427,0.100719424460432,1.59838283219578,1.84675517151266,0.0544765739165496,0.442541525793724,0.412138609316795,SYK/SIRPA/CD4/PRKD2/LGALS9/TLR9/FLCN/GPNMB/BTN2A2/FBLN1/C5AR1/HAVCR2/FFAR4/GLIPR2,14
GO:0007600,sensory perception,21/468,230/7427,0.091304347826087,1.44896878483835,1.79362353775034,0.0544934462461769,0.442541525793724,0.412138609316795,KCNE1/PNOC/GRIN2D/CXCL12/SEMA5B/PRCD/HOXD1/CDH23/DHRS3/WHRN/C5AR1/FFAR4/COL4A3/MRGPRX2/KCNJ10/OR13A1/IMPG2/LRIT3/SLC24A4/RP1L1/CACNB2,21
GO:0071396,cellular response to lipid,27/468,311/7427,0.0868167202572347,1.37775166955231,1.76480041821118,0.0547536819299211,0.443642019646309,0.413163498461724,SYK/TNFRSF1B/SIRPA/ZNF366/PTAFR/CD4/SNRNP70/GFI1/TIFAB/HCK/TLR9/PPP1R9B/PLCG2/CYP26B1/NR1H3/TLR5/ZFP36/CASP7/HAVCR2/BMAL1/CFTR/FBP1/CD14/WNT2/SAFB2/ZNF683/HMGCS2,27
GO:0008154,actin polymerization or depolymerization,11/468,102/7427,0.107843137254902,1.71143371878666,1.87610740260682,0.0554183687685319,0.447743860122329,0.416983539589829,VILL/NCKAP1L/WAS/LIMA1/PLEKHG2/ARHGAP6/HCK/CXCL12/PPP1R9B/GBA2/DAAM2,11
GO:2000106,regulation of leukocyte apoptotic process,7/468,55/7427,0.127272727272727,2.01977466977467,1.96842957941337,0.055811196932791,0.447743860122329,0.416983539589829,DOCK8/BCL6/PRKD2/LGALS9/CXCL12/PDCD1/CD3G,7
GO:0008016,regulation of heart contraction,10/468,90/7427,0.111111111111111,1.76329534662868,1.88921589407852,0.0558313179385852,0.447743860122329,0.416983539589829,SHOX2/PIK3CG/KCNE1/SLC9A1/CACNA1G/TBX18/TBX5/GCH1/SLC8A3/CACNB2,10
GO:0008306,associative learning,6/468,44/7427,0.136363636363636,2.16404428904429,2.00819734810092,0.0560151863239912,0.447743860122329,0.416983539589829,PDE1B/KMT2A/LGMN/RELN/MAP1A/SLC6A1,6
GO:0050854,regulation of antigen receptor-mediated signaling pathway,6/468,44/7427,0.136363636363636,2.16404428904429,2.00819734810092,0.0560151863239912,0.447743860122329,0.416983539589829,NFAM1/PRKD2/PRKCH/TESPA1/SLA2/BTN2A2,6
GO:0120162,positive regulation of cold-induced thermogenesis,6/468,44/7427,0.136363636363636,2.16404428904429,2.00819734810092,0.0560151863239912,0.447743860122329,0.416983539589829,SYK/IRF4/GADD45G/ALPL/UCP2/FFAR4,6
GO:0050900,leukocyte migration,20/468,218/7427,0.091743119266055,1.45593193758331,1.77181237218165,0.0572086748053814,0.456258422158614,0.424913145179455,DOCK8/TNFRSF14/SYK/PIK3CG/SIRPA/CH25H/NCKAP1L/C3/SELPLG/LGMN/LGALS9/BST1/HCK/JAM2/CXCL12/TBX21/TNFSF14/SELP/C5AR1/CXCR3,20
GO:0099536,synaptic signaling,31/468,368/7427,0.0842391304347826,1.33684620029729,1.71874303755853,0.0582023650352429,0.463144994251363,0.431326604888519,LZTS1/SYT11/GRIA3/P2RX1/KMT2A/HRH2/PLPPR4/COLQ/LGMN/PNOC/NAPB/GRIN2D/CACNA1G/STX11/PRRT2/RELN/CACNA1E/ABHD6/MAP1A/GRIN3A/SYT2/SYNJ1/AKAP5/SLC6A1/CYP46A1/SLC8A3/KCNJ10/EGR3/DRP2/LRIT3/CACNB2,31
GO:0008064,regulation of actin polymerization or depolymerization,9/468,79/7427,0.113924050632911,1.80793573515093,1.87211606495283,0.0593611640629946,0.470348441653488,0.438035170348616,VILL/NCKAP1L/WAS/LIMA1/PLEKHG2/HCK/CXCL12/GBA2/DAAM2,9
GO:0002687,positive regulation of leukocyte migration,10/468,91/7427,0.10989010989011,1.74391847468771,1.85158374642011,0.0593720692444239,0.470348441653488,0.438035170348616,DOCK8/TNFRSF14/NCKAP1L/LGMN/LGALS9/JAM2/CXCL12/TNFSF14/SELP/C5AR1,10
GO:0002448,mast cell mediated immunity,5/468,34/7427,0.147058823529412,2.3337732528909,2.02133404173866,0.0597305944029486,0.471090297763389,0.43872606041797,SYK/PIK3CG/LGALS9/MRGPRX2/CLNK,5
GO:2000404,regulation of T cell migration,5/468,34/7427,0.147058823529412,2.3337732528909,2.02133404173866,0.0597305944029486,0.471090297763389,0.43872606041797,DOCK8/TNFRSF14/LGALS9/CXCL12/TNFSF14,5
GO:0008015,blood circulation,22/468,246/7427,0.0894308943089431,1.41923771801821,1.73405320795284,0.060031629508888,0.471213155366135,0.438840477616332,SERPING1/SHOX2/PIK3CG/DLL1/EMILIN2/P2RX1/SCPEP1/HRH2/GNB3/KCNE1/SLC9A1/CACNA1G/CXCL12/TBX18/TBX5/GCH1/SLC2A5/GRIP2/SLC8A3/AVPR2/CDK5RAP3/CACNB2,22
GO:0042417,dopamine metabolic process,4/468,24/7427,0.166666666666667,2.64494301994302,2.09304991587905,0.0606734959678634,0.471213155366135,0.438840477616332,PDE1B/MOXD1/MDGA1/GCH1,4
GO:0045730,respiratory burst,4/468,24/7427,0.166666666666667,2.64494301994302,2.09304991587905,0.0606734959678634,0.471213155366135,0.438840477616332,PIK3CG/HCK/GRN/CLEC7A,4
GO:0046461,neutral lipid catabolic process,4/468,24/7427,0.166666666666667,2.64494301994302,2.09304991587905,0.0606734959678634,0.471213155366135,0.438840477616332,PIK3CG/ABHD6/PNPLA1/LIPC,4
GO:0046464,acylglycerol catabolic process,4/468,24/7427,0.166666666666667,2.64494301994302,2.09304991587905,0.0606734959678634,0.471213155366135,0.438840477616332,PIK3CG/ABHD6/PNPLA1/LIPC,4
GO:0070884,regulation of calcineurin-NFAT signaling cascade,4/468,24/7427,0.166666666666667,2.64494301994302,2.09304991587905,0.0606734959678634,0.471213155366135,0.438840477616332,SLC9A1/PLCG2/AKAP5/CLEC7A,4
GO:0106056,regulation of calcineurin-mediated signaling,4/468,24/7427,0.166666666666667,2.64494301994302,2.09304991587905,0.0606734959678634,0.471213155366135,0.438840477616332,SLC9A1/PLCG2/AKAP5/CLEC7A,4
GO:0009308,amine metabolic process,6/468,45/7427,0.133333333333333,2.11595441595442,1.94711979638624,0.0613575432892505,0.475487541350466,0.442821210254033,PDE1B/MOXD1/MDGA1/GCH1/HDC/DMGDH,6
GO:0002285,lymphocyte activation involved in immune response,13/468,129/7427,0.10077519379845,1.59926787252369,1.78049558714298,0.062105571328186,0.47821296464529,0.445359395036837,BCL6/DLL1/CD28/NCKAP1L/KMT2A/IRF4/SEMA6D/NFKBID/LGALS9/TBX21/PLCG2/HAVCR2/ZNF683,13
GO:0002520,immune system development,11/468,104/7427,0.105769230769231,1.67852153188692,1.80701920068134,0.0621125638645274,0.47821296464529,0.445359395036837,BCL6/HLA-E/MAFB/RCBTB2/CD28/KMT2A/LGALS9/SAMHD1/PDCD1/TBX21/HAVCR2,11
GO:0051924,regulation of calcium ion transport,11/468,104/7427,0.105769230769231,1.67852153188692,1.80701920068134,0.0621125638645274,0.47821296464529,0.445359395036837,PML/PIK3CG/P2RX1/CD4/CAPN3/TLR9/CXCL12/UCP2/AKAP5/CXCR3/CACNB2,11
GO:0002708,positive regulation of lymphocyte mediated immunity,8/468,68/7427,0.117647058823529,1.86701860231272,1.86251788247173,0.0626627360565245,0.480369293433314,0.447367582508808,HLA-E/CD28/C3/CD1D/MR1/TBX21/CLNK/HLA-C,8
GO:0019724,B cell mediated immunity,8/468,68/7427,0.117647058823529,1.86701860231272,1.86251788247173,0.0626627360565245,0.480369293433314,0.447367582508808,INPP5D/BCL6/HLA-E/CD28/C3/TBX21/SLA2/CFI,8
GO:0002218,activation of innate immune response,18/468,194/7427,0.0927835051546392,1.47244250594766,1.72908991435729,0.062963875917816,0.4816397992251,0.448550803652218,STING1/TRIM56/SYK/IRF4/GFI1/TIFAB/HCK/ZNFX1/TLR9/SLC15A3/PLCG2/NR1H3/TLR5/CD300LF/HAVCR2/CD14/CLEC7A/IRF1,18
GO:0002286,T cell activation involved in immune response,9/468,80/7427,0.1125,1.78533653846154,1.8313559262154,0.063348120585011,0.482503779273842,0.449355427659258,BCL6/NCKAP1L/KMT2A/IRF4/SEMA6D/NFKBID/LGALS9/TBX21/HAVCR2,9
GO:0030832,regulation of actin filament length,9/468,80/7427,0.1125,1.78533653846154,1.8313559262154,0.063348120585011,0.482503779273842,0.449355427659258,VILL/NCKAP1L/WAS/LIMA1/PLEKHG2/HCK/CXCL12/GBA2/DAAM2,9
GO:0003209,cardiac atrium morphogenesis,3/468,15/7427,0.2,3.17393162393162,2.1854998708439,0.0642102176726671,0.485948392046121,0.452563393092684,SHOX2/TBX5/WNT2,3
GO:0035590,purinergic nucleotide receptor signaling pathway,3/468,15/7427,0.2,3.17393162393162,2.1854998708439,0.0642102176726671,0.485948392046121,0.452563393092684,P2RX1/PTAFR/P2RY11,3
GO:0097107,postsynaptic density assembly,3/468,15/7427,0.2,3.17393162393162,2.1854998708439,0.0642102176726671,0.485948392046121,0.452563393092684,RELN/CSMD2/LRRC4B,3
GO:0001913,T cell mediated cytotoxicity,5/468,35/7427,0.142857142857143,2.26709401709402,1.94844819839819,0.0662440140208948,0.498160587467913,0.463936602033506,HLA-E/NCKAP1L/CD1D/MR1/HLA-C,5
GO:0002711,positive regulation of T cell mediated immunity,5/468,35/7427,0.142857142857143,2.26709401709402,1.94844819839819,0.0662440140208948,0.498160587467913,0.463936602033506,HLA-E/CD1D/MR1/TBX21/HLA-C,5
GO:0048524,positive regulation of viral process,5/468,35/7427,0.142857142857143,2.26709401709402,1.94844819839819,0.0662440140208948,0.498160587467913,0.463936602033506,TRIM38/CD28/CD4/LGALS9/STOM,5
GO:0042472,inner ear morphogenesis,6/468,46/7427,0.130434782608696,2.06995540691193,1.88761739849795,0.0669915515491453,0.502719301393058,0.468182129080969,MAFB/TIFAB/CDH23/WHRN/TBX18/VANGL2,6
GO:0021545,cranial nerve development,4/468,25/7427,0.16,2.5391452991453,1.99895061561171,0.0687869063636966,0.510803811974256,0.475711228055276,EGR2/MAFB/TIFAB/SLC24A4,4
GO:0046189,phenol-containing compound biosynthetic process,4/468,25/7427,0.16,2.5391452991453,1.99895061561171,0.0687869063636966,0.510803811974256,0.475711228055276,MOXD1/GCH1/ASIP/HDC,4
GO:0071354,cellular response to interleukin-6,4/468,25/7427,0.16,2.5391452991453,1.99895061561171,0.0687869063636966,0.510803811974256,0.475711228055276,SELPLG/GFI1/CEBPA/ST18,4
GO:0086065,cell communication involved in cardiac conduction,4/468,25/7427,0.16,2.5391452991453,1.99895061561171,0.0687869063636966,0.510803811974256,0.475711228055276,CACNA1G/TBX18/TBX5/CACNB2,4
GO:0120163,negative regulation of cold-induced thermogenesis,4/468,25/7427,0.16,2.5391452991453,1.99895061561171,0.0687869063636966,0.510803811974256,0.475711228055276,FLCN/NR1H3/ABHD6/BMAL1,4
GO:0006909,phagocytosis,14/468,144/7427,0.0972222222222222,1.5428834283001,1.70592391166078,0.0690789151504425,0.511903544146092,0.476735407847462,SYK/SYT11/TMEM175/SIRPA/ELMO1/DOCK2/NCKAP1L/C3/HCK/PLCG2/NR1H3/CD300LF/CD14/CLEC7A,14
GO:0002637,regulation of immunoglobulin production,6/468,47/7427,0.127659574468085,2.02591380250955,1.82961032136428,0.0729169775602607,0.536390200222416,0.499539813296227,BCL6/HLA-E/CD28/TLR9/TBX21/CD37,6
GO:0035282,segmentation,6/468,47/7427,0.127659574468085,2.02591380250955,1.82961032136428,0.0729169775602607,0.536390200222416,0.499539813296227,EGR2/DLL1/MAFB/TIFAB/MEOX2/TBX18,6
GO:2000401,regulation of lymphocyte migration,6/468,47/7427,0.127659574468085,2.02591380250955,1.82961032136428,0.0729169775602607,0.536390200222416,0.499539813296227,DOCK8/TNFRSF14/LGALS9/JAM2/CXCL12/TNFSF14,6
GO:0002639,positive regulation of immunoglobulin production,5/468,36/7427,0.138888888888889,2.20411918328585,1.87800223741677,0.0731372637356964,0.536390200222416,0.499539813296227,HLA-E/CD28/TLR9/TBX21/CD37,5
GO:0050688,regulation of defense response to virus,5/468,36/7427,0.138888888888889,2.20411918328585,1.87800223741677,0.0731372637356964,0.536390200222416,0.499539813296227,STING1/PML/TRIM38/CD37/APOBEC3F,5
GO:0002758,innate immune response-activating signaling pathway,17/468,185/7427,0.0918918918918919,1.45829290829291,1.63691723596921,0.0744171258407673,0.543387160623812,0.506056077558894,STING1/TRIM56/SYK/IRF4/GFI1/TIFAB/HCK/TLR9/SLC15A3/PLCG2/NR1H3/TLR5/CD300LF/HAVCR2/CD14/CLEC7A/IRF1,17
GO:0006953,acute-phase response,3/468,16/7427,0.1875,2.9755608974359,2.05134632149851,0.0754661954872541,0.543387160623812,0.506056077558894,APOL2/ITIH4/CEBPA,3
GO:0019433,triglyceride catabolic process,3/468,16/7427,0.1875,2.9755608974359,2.05134632149851,0.0754661954872541,0.543387160623812,0.506056077558894,PIK3CG/PNPLA1/LIPC,3
GO:0033622,integrin activation,3/468,16/7427,0.1875,2.9755608974359,2.05134632149851,0.0754661954872541,0.543387160623812,0.506056077558894,CXCL12/COL16A1/SELP,3
GO:0045061,thymic T cell selection,3/468,16/7427,0.1875,2.9755608974359,2.05134632149851,0.0754661954872541,0.543387160623812,0.506056077558894,DOCK2/CD28/CD3G,3
GO:0045980,negative regulation of nucleotide metabolic process,3/468,16/7427,0.1875,2.9755608974359,2.05134632149851,0.0754661954872541,0.543387160623812,0.506056077558894,FLCN/FBP1/ALDOB,3
GO:0055075,potassium ion homeostasis,3/468,16/7427,0.1875,2.9755608974359,2.05134632149851,0.0754661954872541,0.543387160623812,0.506056077558894,KLHL3/KCTD7/KCNJ10,3
GO:0060402,calcium ion transport into cytosol,3/468,16/7427,0.1875,2.9755608974359,2.05134632149851,0.0754661954872541,0.543387160623812,0.506056077558894,PML/CD4/SLC8A3,3
GO:1900543,negative regulation of purine nucleotide metabolic process,3/468,16/7427,0.1875,2.9755608974359,2.05134632149851,0.0754661954872541,0.543387160623812,0.506056077558894,FLCN/FBP1/ALDOB,3
GO:0007613,memory,7/468,59/7427,0.11864406779661,1.88284079385774,1.76547092856758,0.0759409963660727,0.545701260755799,0.508211197371676,SYT11/LGMN/RELN/MAP1A/CEBPA/SLC6A1/SLC8A3,7
GO:0051048,negative regulation of secretion,8/468,71/7427,0.112676056338028,1.78813049235584,1.73034788028692,0.0767953614291017,0.548633534301404,0.510942021646426,TNFRSF1B/SYT11/NCKAP1L/LGALS9/TIFAB/UCP2/NR1H3/FFAR4,8
GO:0001774,microglial cell activation,4/468,26/7427,0.153846153846154,2.44148586456279,1.90932052234866,0.0774287416978648,0.548633534301404,0.510942021646426,SYT11/TLR9/GRN/C5AR1,4
GO:0015844,monoamine transport,4/468,26/7427,0.153846153846154,2.44148586456279,1.90932052234866,0.0774287416978648,0.548633534301404,0.510942021646426,SYK/SYT11/P2RX1/CXCL12,4
GO:0035315,hair cell differentiation,4/468,26/7427,0.153846153846154,2.44148586456279,1.90932052234866,0.0774287416978648,0.548633534301404,0.510942021646426,DLL1/CDH23/WHRN/TMEM132E,4
GO:0042771,intrinsic apoptotic signaling pathway in response to DNA damage by p53 class mediator,4/468,26/7427,0.153846153846154,2.44148586456279,1.90932052234866,0.0774287416978648,0.548633534301404,0.510942021646426,PML/CDKN1A/CDIP1/RPS27L,4
GO:0070741,response to interleukin-6,4/468,26/7427,0.153846153846154,2.44148586456279,1.90932052234866,0.0774287416978648,0.548633534301404,0.510942021646426,SELPLG/GFI1/CEBPA/ST18,4
GO:1900271,regulation of long-term synaptic potentiation,4/468,26/7427,0.153846153846154,2.44148586456279,1.90932052234866,0.0774287416978648,0.548633534301404,0.510942021646426,LGMN/RELN/AKAP5/CYP46A1,4
GO:0006935,chemotaxis,21/468,240/7427,0.0875,1.38859508547009,1.58692383443134,0.0779475933943246,0.550118233538914,0.512324720994026,SYK/PIK3CG/CH25H/DOCK2/NCKAP1L/PTAFR/C3/LGMN/SEMA6D/PRKD2/LGALS9/BST1/CXCL12/SEMA5B/GPNMB/TNFSF14/C5AR1/CCL3L3/LTB4R2/EGR3/CXCR3,21
GO:0042330,taxis,21/468,240/7427,0.0875,1.38859508547009,1.58692383443134,0.0779475933943246,0.550118233538914,0.512324720994026,SYK/PIK3CG/CH25H/DOCK2/NCKAP1L/PTAFR/C3/LGMN/SEMA6D/PRKD2/LGALS9/BST1/CXCL12/SEMA5B/GPNMB/TNFSF14/C5AR1/CCL3L3/LTB4R2/EGR3/CXCR3,21
GO:0042100,B cell proliferation,6/468,48/7427,0.125,1.98370726495727,1.77302444378403,0.0791327104477628,0.556274804471724,0.518058331140232,INPP5D/BCL6/CDKN1A/NCKAP1L/BST1/TLR9,6
GO:0062208,positive regulation of pattern recognition receptor signaling pathway,6/468,48/7427,0.125,1.98370726495727,1.77302444378403,0.0791327104477628,0.556274804471724,0.518058331140232,STING1/TLR9/SLC15A3/PLCG2/NR1H3/CD14,6
GO:0019233,sensory perception of pain,5/468,37/7427,0.135135135135135,2.14454839454839,1.80983833972234,0.0804063732306448,0.563002892876779,0.524324195103272,PNOC/GRIN2D/CXCL12/HOXD1/MRGPRX2,5
GO:0048525,negative regulation of viral process,5/468,37/7427,0.135135135135135,2.14454839454839,1.80983833972234,0.0804063732306448,0.563002892876779,0.524324195103272,SHFL/CH25H/ZNFX1/ZFP36/APOBEC3F,5
GO:0044057,regulation of system process,21/468,241/7427,0.0871369294605809,1.38283328013618,1.56675677027562,0.0806170077286168,0.56336875538446,0.524664922597368,EGR2/CLDN15/TNFRSF1B/SHOX2/PIK3CG/P2RX1/HRH2/KCNE1/SLC9A1/TIFAB/GRIN2D/JAM2/CACNA1G/RELN/NR1H3/TBX18/TBX5/GCH1/SLC8A3/AVPR2/CACNB2,21
GO:0040017,positive regulation of locomotion,29/468,352/7427,0.0823863636363636,1.30744342463092,1.53249935177878,0.0815114257915132,0.568502238314535,0.529445731611749,DOCK8/TNFRSF14/VSIR/BCL6/PIK3CG/CASS4/ROR2/NCKAP1L/LGMN/SEMA6D/PRKD2/LGALS9/JAM2/CXCL12/SYNE2/SEMA5B/GPNMB/GRN/TNFSF14/PLCG2/RELN/SELP/FBLN1/C5AR1/CCL3L3/DAAM2/GLIPR2/CLEC7A/CXCR3,29
GO:0010959,regulation of metal ion transport,15/468,161/7427,0.093167701863354,1.47853957636566,1.59187910700105,0.0820476722363272,0.570515388451747,0.531320576907698,PML/PIK3CG/P2RX1/KCNE1/CD4/CAPN3/TLR9/CXCL12/UCP2/HEPH/ISCU/AKAP5/HFE/CXCR3/CACNB2,15
GO:0030595,leukocyte chemotaxis,12/468,122/7427,0.0983606557377049,1.56094997898277,1.62002203616175,0.082120854339976,0.570515388451747,0.531320576907698,SYK/PIK3CG/CH25H/NCKAP1L/C3/LGMN/LGALS9/BST1/CXCL12/TNFSF14/C5AR1/CXCR3,12
GO:0003013,circulatory system process,24/468,283/7427,0.0848056537102474,1.34583673099574,1.53822757675822,0.0828535502970976,0.57448358363894,0.535016154273041,SERPING1/SHOX2/PIK3CG/DLL1/EMILIN2/P2RX1/SCPEP1/HRH2/GNB3/KCNE1/SLC9A1/CACNA1G/CXCL12/ABCC3/TBX18/TBX5/GCH1/SLC2A5/SLC6A1/GRIP2/SLC8A3/AVPR2/CDK5RAP3/CACNB2,24
GO:0019725,cellular homeostasis,31/468,381/7427,0.0813648293963255,1.29123202548399,1.5134123715754,0.0834810204594705,0.577708151311939,0.538019191861466,PML/HAAO/TMEM175/TTC7A/P2RX1/GNB3/STEAP4/CAPN3/SLC9A1/CXCL12/ALPL/WDTC1/GRN/UCP2/TMEM94/PLCG2/CDH23/MAP1A/TMEM178A/CP/USF1/CYB561A3/ISCU/KCTD7/CFTR/HFE/SLC8A3/RYR3/CXCR3/SLC24A4/CACNB2,31
GO:0002221,pattern recognition receptor signaling pathway,16/468,175/7427,0.0914285714285714,1.45094017094017,1.56543857911978,0.0846013125993464,0.584324017312379,0.544180543178626,STING1/TRIM56/SYK/IRF4/GFI1/TIFAB/TLR9/SLC15A3/PLCG2/NR1H3/TLR5/CD300LF/HAVCR2/CD14/CLEC7A/IRF1,16
GO:0045926,negative regulation of growth,11/468,110/7427,0.1,1.58696581196581,1.60830940701156,0.0852773663845745,0.584678975649737,0.544511115626628,BCL6/PML/TSPYL2/CDKN1A/LGMN/SEMA6D/PPP1R9B/RGMA/TBX5/FBP1/HYAL1,11
GO:0002228,natural killer cell mediated immunity,6/468,49/7427,0.122448979591837,1.94322344322344,1.71779083633575,0.0856367831946745,0.584678975649737,0.544511115626628,INPP5D/HLA-E/LGALS9/HAVCR2/CLNK/HLA-C,6
GO:0035710,"CD4-positive, alpha-beta T cell activation",9/468,85/7427,0.105882352941176,1.68031674208145,1.63583845110824,0.0857916463328705,0.584678975649737,0.544511115626628,VSIR/BCL6/CD28/NCKAP1L/KMT2A/IRF4/NFKBID/LGALS9/TBX21,9
GO:0002269,leukocyte activation involved in inflammatory response,4/468,27/7427,0.148148148148148,2.35106046217157,1.82376042654651,0.0865853110483123,0.584678975649737,0.544511115626628,SYT11/TLR9/GRN/C5AR1,4
GO:0006826,iron ion transport,4/468,27/7427,0.148148148148148,2.35106046217157,1.82376042654651,0.0865853110483123,0.584678975649737,0.544511115626628,STEAP4/HEPH/ISCU/HFE,4
GO:0007218,neuropeptide signaling pathway,4/468,27/7427,0.148148148148148,2.35106046217157,1.82376042654651,0.0865853110483123,0.584678975649737,0.544511115626628,PNOC/LTB4R/LTB4R2/GPR83,4
GO:0009620,response to fungus,4/468,27/7427,0.148148148148148,2.35106046217157,1.82376042654651,0.0865853110483123,0.584678975649737,0.544511115626628,SYK/PLCG2/CLEC7A/GNLY,4
GO:2000316,regulation of T-helper 17 type immune response,4/468,27/7427,0.148148148148148,2.35106046217157,1.82376042654651,0.0865853110483123,0.584678975649737,0.544511115626628,TYK2/NFKBID/TBX21/CLEC7A,4
GO:0002532,production of molecular mediator involved in inflammatory response,7/468,61/7427,0.114754098360656,1.82110830881323,1.66984625830417,0.0874124047728616,0.584678975649737,0.544511115626628,STING1/SYK/SIRPA/P2RX1/GRN/ZFP36/CLEC7A,7
GO:0009309,amine biosynthetic process,3/468,17/7427,0.176470588235294,2.80052790346908,1.92726836878398,0.0875230255892448,0.584678975649737,0.544511115626628,MOXD1/GCH1/HDC,3
GO:0033198,response to ATP,3/468,17/7427,0.176470588235294,2.80052790346908,1.92726836878398,0.0875230255892448,0.584678975649737,0.544511115626628,P2RX1/P2RY11/RYR3,3
GO:0035235,ionotropic glutamate receptor signaling pathway,3/468,17/7427,0.176470588235294,2.80052790346908,1.92726836878398,0.0875230255892448,0.584678975649737,0.544511115626628,GRIA3/GRIN2D/GRIN3A,3
GO:0036092,phosphatidylinositol-3-phosphate biosynthetic process,3/468,17/7427,0.176470588235294,2.80052790346908,1.92726836878398,0.0875230255892448,0.584678975649737,0.544511115626628,PIK3CG/SYNJ1/ATG14,3
GO:0042401,biogenic amine biosynthetic process,3/468,17/7427,0.176470588235294,2.80052790346908,1.92726836878398,0.0875230255892448,0.584678975649737,0.544511115626628,MOXD1/GCH1/HDC,3
GO:0098698,postsynaptic specialization assembly,3/468,17/7427,0.176470588235294,2.80052790346908,1.92726836878398,0.0875230255892448,0.584678975649737,0.544511115626628,RELN/CSMD2/LRRC4B,3
GO:0038066,p38MAPK cascade,5/468,38/7427,0.131578947368421,2.08811291048133,1.74381299210355,0.088045957822623,0.584678975649737,0.544511115626628,MAP3K6/LGALS9/GADD45G/ZFP36/GADD45B,5
GO:0170035,L-amino acid catabolic process,5/468,38/7427,0.131578947368421,2.08811291048133,1.74381299210355,0.088045957822623,0.584678975649737,0.544511115626628,HAAO/CSAD/PIPOX/IL4I1/HDC,5
GO:0170040,proteinogenic amino acid catabolic process,5/468,38/7427,0.131578947368421,2.08811291048133,1.74381299210355,0.088045957822623,0.584678975649737,0.544511115626628,HAAO/CSAD/PIPOX/IL4I1/HDC,5
GO:1901264,carbohydrate derivative transport,5/468,38/7427,0.131578947368421,2.08811291048133,1.74381299210355,0.088045957822623,0.584678975649737,0.544511115626628,SLC15A3/SLC28A3/PSAP/ABCC3/CALHM5,5
GO:2000379,positive regulation of reactive oxygen species metabolic process,5/468,38/7427,0.131578947368421,2.08811291048133,1.74381299210355,0.088045957822623,0.584678975649737,0.544511115626628,SYK/SIRPA/CDKN1A/PLCG2/CLEC7A,5
GO:0140352,export from cell,35/468,440/7427,0.0795454545454545,1.26235916860917,1.47131002239468,0.0883679461906209,0.584678975649737,0.544511115626628,TVP23A/SYK/TNFRSF1B/PIK3CG/SYT11/TNFAIP2/P2RX1/NCKAP1L/KCNE1/NAPB/LGALS9/SLC9A1/HCK/MYOM1/CXCL12/STX11/PRRT2/UCP2/SYTL3/HEPH/RAB2B/NR1H3/SYT2/SYNJ1/RAB37/BMAL1/FFAR4/CFTR/HFE/MRGPRX2/SLC8A3/CLNK/CCKAR/SLC47A1/SLC24A4,35
GO:0007268,chemical synaptic transmission,29/468,355/7427,0.0816901408450704,1.29639460695799,1.48402196316138,0.088433311470216,0.584678975649737,0.544511115626628,LZTS1/SYT11/GRIA3/P2RX1/KMT2A/HRH2/PLPPR4/COLQ/LGMN/PNOC/NAPB/GRIN2D/CACNA1G/STX11/PRRT2/RELN/CACNA1E/ABHD6/MAP1A/GRIN3A/SYT2/SYNJ1/AKAP5/SLC6A1/CYP46A1/SLC8A3/KCNJ10/EGR3/CACNB2,29
GO:0098916,anterograde trans-synaptic signaling,29/468,355/7427,0.0816901408450704,1.29639460695799,1.48402196316138,0.088433311470216,0.584678975649737,0.544511115626628,LZTS1/SYT11/GRIA3/P2RX1/KMT2A/HRH2/PLPPR4/COLQ/LGMN/PNOC/NAPB/GRIN2D/CACNA1G/STX11/PRRT2/RELN/CACNA1E/ABHD6/MAP1A/GRIN3A/SYT2/SYNJ1/AKAP5/SLC6A1/CYP46A1/SLC8A3/KCNJ10/EGR3/CACNB2,29
GO:0071674,mononuclear cell migration,13/468,137/7427,0.0948905109489051,1.5058799675588,1.5497833193929,0.090190104197245,0.595187756270131,0.554297935570218,DOCK8/TNFRSF14/PIK3CG/SIRPA/CH25H/LGMN/LGALS9/JAM2/CXCL12/TBX21/TNFSF14/C5AR1/CXCR3,13
GO:0048839,inner ear development,9/468,86/7427,0.104651162790698,1.66077817531306,1.5982852247263,0.0907850132549942,0.598004244718545,0.556920929266017,DLL1/MAFB/PLPPR4/TIFAB/CDH23/WHRN/TBX18/CEBPA/VANGL2,9
GO:2000147,positive regulation of cell motility,28/468,342/7427,0.0818713450292398,1.29927025541061,1.46937843170049,0.0910029002069088,0.598331452931562,0.557225658042888,DOCK8/TNFRSF14/VSIR/BCL6/PIK3CG/CASS4/ROR2/NCKAP1L/LGMN/SEMA6D/PRKD2/LGALS9/JAM2/CXCL12/SYNE2/SEMA5B/GPNMB/GRN/TNFSF14/PLCG2/RELN/SELP/FBLN1/C5AR1/CCL3L3/DAAM2/GLIPR2/CLEC7A,28
GO:0002526,acute inflammatory response,6/468,50/7427,0.12,1.90435897435897,1.6638452982829,0.0924263978622504,0.606454481666376,0.564790628946358,APOL2/HLA-E/PIK3CG/ITIH4/C3/CEBPA,6
GO:0060326,cell chemotaxis,15/468,164/7427,0.0914634146341463,1.45149312070044,1.51614947588577,0.092579360006984,0.606454481666376,0.564790628946358,SYK/PIK3CG/CH25H/NCKAP1L/C3/LGMN/PRKD2/LGALS9/BST1/CXCL12/TNFSF14/C5AR1/CCL3L3/EGR3/CXCR3,15
GO:0099537,trans-synaptic signaling,29/468,357/7427,0.0812324929971989,1.28913189207307,1.45193568788005,0.093261824969513,0.609802043045143,0.567908210485792,LZTS1/SYT11/GRIA3/P2RX1/KMT2A/HRH2/PLPPR4/COLQ/LGMN/PNOC/NAPB/GRIN2D/CACNA1G/STX11/PRRT2/RELN/CACNA1E/ABHD6/MAP1A/GRIN3A/SYT2/SYNJ1/AKAP5/SLC6A1/CYP46A1/SLC8A3/KCNJ10/EGR3/CACNB2,29
GO:0007204,positive regulation of cytosolic calcium ion concentration,7/468,62/7427,0.112903225806452,1.79173559415495,1.62336665077723,0.0934971508428978,0.610219019354472,0.568296540227135,PML/PIK3CG/CD4/C5AR1/FFAR4/SLC8A3/CXCR3,7
GO:0008217,regulation of blood pressure,9/468,87/7427,0.103448275862069,1.64168877099912,1.56121608339698,0.0959462855605083,0.62344407092141,0.580613021378061,DLL1/EMILIN2/P2RX1/SCPEP1/GNB3/GCH1/SLC2A5/GRIP2/AVPR2,9
GO:0007193,adenylate cyclase-inhibiting G protein-coupled receptor signaling pathway,5/468,39/7427,0.128205128205128,2.03457155380232,1.67979534685137,0.096049297403692,0.62344407092141,0.580613021378061,OXER1/CXCL12/PSAP/C5AR1/AKAP5,5
GO:0021675,nerve development,5/468,39/7427,0.128205128205128,2.03457155380232,1.67979534685137,0.096049297403692,0.62344407092141,0.580613021378061,EGR2/MAFB/TIFAB/LRIT3/SLC24A4,5
GO:0048260,positive regulation of receptor-mediated endocytosis,4/468,28/7427,0.142857142857143,2.26709401709402,1.74192047111815,0.0962405422160883,0.623495916295326,0.580661304938044,SYK/C3/PLCG2/HFE,4
GO:0033993,response to lipid,36/468,458/7427,0.0786026200873363,1.2473967080954,1.41732159406075,0.0964078588592717,0.623495916295326,0.580661304938044,SYK/TNFRSF1B/SIRPA/IL10RA/LCAT/ZNF366/PTAFR/CD4/SNRNP70/LGALS9/GFI1/TIFAB/HCK/TLR9/PPP1R9B/ALPL/UCP2/PLCG2/CYP26B1/NR1H3/TLR5/ZFP36/SELP/CASP7/HAVCR2/CEBPA/GCH1/BMAL1/CFTR/FBP1/CD14/WNT2/SAFB2/ZNF683/HMGCS2/GPR83,36
GO:0044703,multi-organism reproductive process,10/468,100/7427,0.1,1.58696581196581,1.53241604761925,0.0977885437701353,0.631277405064194,0.587908199913298,APOL2/P2RX1/PLA2G4C/PNOC/LGALS9/IL11RA/GRN/COL16A1/FBLN1/HAVCR2,10
GO:0055082,intracellular chemical homeostasis,27/468,331/7427,0.081570996978852,1.29450383453405,1.42142885713206,0.0988638895217748,0.637063143168393,0.593296453709049,PML/TMEM175/TTC7A/P2RX1/STEAP4/CAPN3/SLC9A1/CXCL12/WDTC1/GRN/UCP2/TMEM94/PLCG2/CDH23/TMEM178A/CP/USF1/CYB561A3/ISCU/KCTD7/CFTR/HFE/SLC8A3/RYR3/CXCR3/SLC24A4/CACNB2,27
GO:1902106,negative regulation of leukocyte differentiation,7/468,63/7427,0.111111111111111,1.76329534662868,1.57773107793657,0.0998121624464929,0.639558480425719,0.595620359528206,INPP5D/BCL6/MAFB/DTX1/TBX21/TMEM178A/IRF1,7
GO:1903531,negative regulation of secretion by cell,7/468,63/7427,0.111111111111111,1.76329534662868,1.57773107793657,0.0998121624464929,0.639558480425719,0.595620359528206,TNFRSF1B/SYT11/NCKAP1L/LGALS9/UCP2/NR1H3/FFAR4,7
GO:0002230,positive regulation of defense response to virus by host,3/468,18/7427,0.166666666666667,2.64494301994302,1.81190029075497,0.100329949979632,0.639558480425719,0.595620359528206,STING1/PML/APOBEC3F,3
GO:0002313,mature B cell differentiation involved in immune response,3/468,18/7427,0.166666666666667,2.64494301994302,1.81190029075497,0.100329949979632,0.639558480425719,0.595620359528206,BCL6/DLL1/PLCG2,3
GO:0015909,long-chain fatty acid transport,3/468,18/7427,0.166666666666667,2.64494301994302,1.81190029075497,0.100329949979632,0.639558480425719,0.595620359528206,SYK/PROCA1/UCP2,3
GO:0071312,cellular response to alkaloid,3/468,18/7427,0.166666666666667,2.64494301994302,1.81190029075497,0.100329949979632,0.639558480425719,0.595620359528206,PPP1R9B/CASP7/RYR3,3
GO:0006801,superoxide metabolic process,5/468,40/7427,0.125,1.98370726495727,1.61766580653755,0.104408420063438,0.659646092656573,0.614327938561542,SYK/SOD3/BST1/GCH1/CLEC7A,5
GO:0030593,neutrophil chemotaxis,5/468,40/7427,0.125,1.98370726495727,1.61766580653755,0.104408420063438,0.659646092656573,0.614327938561542,SYK/PIK3CG/NCKAP1L/BST1/C5AR1,5
GO:0042157,lipoprotein metabolic process,5/468,40/7427,0.125,1.98370726495727,1.61766580653755,0.104408420063438,0.659646092656573,0.614327938561542,APOL2/APOL3/APOL1/LCAT/APOL6,5
GO:0045069,regulation of viral genome replication,5/468,40/7427,0.125,1.98370726495727,1.61766580653755,0.104408420063438,0.659646092656573,0.614327938561542,TRIM38/SHFL/CD28/ZNFX1/APOBEC3F,5
GO:0072538,T-helper 17 type immune response,5/468,40/7427,0.125,1.98370726495727,1.61766580653755,0.104408420063438,0.659646092656573,0.614327938561542,TYK2/IRF4/NFKBID/TBX21/CLEC7A,5
GO:0002377,immunoglobulin production,7/468,64/7427,0.109375,1.73574385683761,1.53290842834103,0.106354966894104,0.666162545565255,0.620396706536809,BCL6/HLA-E/CD28/SAMHD1/TLR9/TBX21/CD37,7
GO:0051289,protein homotetramerization,4/468,29/7427,0.137931034482759,2.18891836133215,1.66349251252929,0.106376251301958,0.666162545565255,0.620396706536809,DNM1/GRIA3/SAMHD1/RYR3,4
GO:0061756,leukocyte adhesion to vascular endothelial cell,4/468,29/7427,0.137931034482759,2.18891836133215,1.66349251252929,0.106376251301958,0.666162545565255,0.620396706536809,SELPLG/JAM2/CXCL12/SELP,4
GO:0061900,glial cell activation,4/468,29/7427,0.137931034482759,2.18891836133215,1.66349251252929,0.106376251301958,0.666162545565255,0.620396706536809,SYT11/TLR9/GRN/C5AR1,4
GO:0090102,cochlea development,4/468,29/7427,0.137931034482759,2.18891836133215,1.66349251252929,0.106376251301958,0.666162545565255,0.620396706536809,TIFAB/CDH23/TBX18/VANGL2,4
GO:0007519,skeletal muscle tissue development,9/468,89/7427,0.101123595505618,1.60479688850475,1.48847888583911,0.106769538195327,0.666763286478479,0.620956176123514,EGR2/SHOX2/DLL1/MSC/EGR1/MYOM1/CYP26B1/MEOX2/BMAL1,9
GO:0018958,phenol-containing compound metabolic process,6/468,52/7427,0.115384615384615,1.83111439842209,1.55958283424532,0.106847082736219,0.666763286478479,0.620956176123514,PDE1B/MOXD1/MDGA1/GCH1/ASIP/HDC,6
GO:0030335,positive regulation of cell migration,27/468,334/7427,0.0808383233532934,1.28287655458314,1.37177280202953,0.107059721487322,0.666920191471814,0.6211023016326,DOCK8/TNFRSF14/VSIR/PIK3CG/CASS4/ROR2/NCKAP1L/LGMN/SEMA6D/PRKD2/LGALS9/JAM2/CXCL12/SYNE2/SEMA5B/GPNMB/GRN/TNFSF14/PLCG2/RELN/SELP/FBLN1/C5AR1/CCL3L3/DAAM2/GLIPR2/CLEC7A,27
GO:0007599,hemostasis,12/468,128/7427,0.09375,1.48778044871795,1.44352620623767,0.107726796281916,0.669902472683176,0.623879698011025,SYK/SERPING1/PIK3CG/EMILIN2/P2RX1/WAS/VWF/PLCG2/SELP/FBLN1/USF1/AVPR2,12
GO:0006644,phospholipid metabolic process,16/468,182/7427,0.0879120879120879,1.39513477975016,1.39955102861544,0.109778163766133,0.680878069447957,0.634101263499022,INPP5D/PIK3CG/TMEM86B/TTC7A/LCAT/PLPPR4/GNB3/PLA2G4C/PROCA1/PLCG2/NR1H3/ABHD6/SYNJ1/LIPC/ATG14/HMGCS2,16
GO:0030308,negative regulation of cell growth,9/468,90/7427,0.1,1.58696581196581,1.45278645565484,0.112429340446076,0.680878069447957,0.634101263499022,BCL6/PML/TSPYL2/CDKN1A/SEMA6D/PPP1R9B/RGMA/FBP1/HYAL1,9
GO:0051090,regulation of DNA-binding transcription factor activity,9/468,90/7427,0.1,1.58696581196581,1.45278645565484,0.112429340446076,0.680878069447957,0.634101263499022,SYK/PRKD2/LGALS9/GFI1/HCK/PRKCH/TSSK4/HAVCR2/CDK5RAP3,9
GO:0006576,biogenic amine metabolic process,5/468,41/7427,0.121951219512195,1.93532416093392,1.55731479821853,0.113114189251965,0.680878069447957,0.634101263499022,PDE1B/MOXD1/MDGA1/GCH1/HDC,5
GO:0042632,cholesterol homeostasis,5/468,41/7427,0.121951219512195,1.93532416093392,1.55731479821853,0.113114189251965,0.680878069447957,0.634101263499022,LCAT/LIMA1/MYLIP/NR1H3/LIPC,5
GO:0071260,cellular response to mechanical stimulus,5/468,41/7427,0.121951219512195,1.93532416093392,1.55731479821853,0.113114189251965,0.680878069447957,0.634101263499022,MAP3K14/SLC9A1/TNFSF14/TLR5/IRF1,5
GO:0071496,cellular response to external stimulus,5/468,41/7427,0.121951219512195,1.93532416093392,1.55731479821853,0.113114189251965,0.680878069447957,0.634101263499022,MAP3K14/SLC9A1/TNFSF14/TLR5/IRF1,5
GO:1901606,alpha-amino acid catabolic process,5/468,41/7427,0.121951219512195,1.93532416093392,1.55731479821853,0.113114189251965,0.680878069447957,0.634101263499022,HAAO/CSAD/PIPOX/IL4I1/HDC,5
GO:0032612,interleukin-1 production,7/468,65/7427,0.107692307692308,1.70904010519395,1.48886922536992,0.11312258860713,0.680878069447957,0.634101263499022,PML/SIRPA/EGR1/LGALS9/HAVCR2/FFAR4/CLEC7A,7
GO:0032652,regulation of interleukin-1 production,7/468,65/7427,0.107692307692308,1.70904010519395,1.48886922536992,0.11312258860713,0.680878069447957,0.634101263499022,PML/SIRPA/EGR1/LGALS9/HAVCR2/FFAR4/CLEC7A,7
GO:0003002,regionalization,16/468,183/7427,0.0874316939890711,1.38751109242913,1.37640880886141,0.11371115216224,0.680878069447957,0.634101263499022,EGR2/HOXC6/DLL1/MAFB/KMT2A/C3/HOXA4/TIFAB/CYP26B1/RELN/MEOX2/POU5F1/TBX18/VANGL2/DAAM2/WNT2,16
GO:0001895,retina homeostasis,3/468,19/7427,0.157894736842105,2.5057354925776,1.70412709609934,0.113833485320124,0.680878069447957,0.634101263499022,CDH23/WHRN/RP1L1,3
GO:0002719,negative regulation of cytokine production involved in immune response,3/468,19/7427,0.157894736842105,2.5057354925776,1.70412709609934,0.113833485320124,0.680878069447957,0.634101263499022,BCL6/TBX21/HFE,3
GO:0002920,regulation of humoral immune response,3/468,19/7427,0.157894736842105,2.5057354925776,1.70412709609934,0.113833485320124,0.680878069447957,0.634101263499022,SERPING1/C3/CD37,3
GO:0003230,cardiac atrium development,3/468,19/7427,0.157894736842105,2.5057354925776,1.70412709609934,0.113833485320124,0.680878069447957,0.634101263499022,SHOX2/TBX5/WNT2,3
GO:0042908,xenobiotic transport,3/468,19/7427,0.157894736842105,2.5057354925776,1.70412709609934,0.113833485320124,0.680878069447957,0.634101263499022,SLC28A3/ABCC3/SLC47A1,3
GO:0048384,retinoic acid receptor signaling pathway,3/468,19/7427,0.157894736842105,2.5057354925776,1.70412709609934,0.113833485320124,0.680878069447957,0.634101263499022,PML/CYP26B1/DHRS3,3
GO:0060119,inner ear receptor cell development,3/468,19/7427,0.157894736842105,2.5057354925776,1.70412709609934,0.113833485320124,0.680878069447957,0.634101263499022,CDH23/WHRN/VANGL2,3
GO:0070229,negative regulation of lymphocyte apoptotic process,3/468,19/7427,0.157894736842105,2.5057354925776,1.70412709609934,0.113833485320124,0.680878069447957,0.634101263499022,DOCK8/BCL6/PDCD1,3
GO:0071715,icosanoid transport,3/468,19/7427,0.157894736842105,2.5057354925776,1.70412709609934,0.113833485320124,0.680878069447957,0.634101263499022,SYK/PROCA1/ABCC3,3
GO:0086091,regulation of heart rate by cardiac conduction,3/468,19/7427,0.157894736842105,2.5057354925776,1.70412709609934,0.113833485320124,0.680878069447957,0.634101263499022,KCNE1/CACNA1G/CACNB2,3
GO:0090022,regulation of neutrophil chemotaxis,3/468,19/7427,0.157894736842105,2.5057354925776,1.70412709609934,0.113833485320124,0.680878069447957,0.634101263499022,NCKAP1L/BST1/C5AR1,3
GO:0002220,innate immune response activating cell surface receptor signaling pathway,6/468,53/7427,0.113207547169811,1.79656507014998,1.50915764234672,0.114468677405082,0.680878069447957,0.634101263499022,SYK/PLCG2/NR1H3/TLR5/CD14/CLEC7A,6
GO:0009593,detection of chemical stimulus,6/468,53/7427,0.113207547169811,1.79656507014998,1.50915764234672,0.114468677405082,0.680878069447957,0.634101263499022,SSC5D/TLR9/FFAR4/CLEC7A/OR13A1/SLC24A4,6
GO:0048145,regulation of fibroblast proliferation,6/468,53/7427,0.113207547169811,1.79656507014998,1.50915764234672,0.114468677405082,0.680878069447957,0.634101263499022,PML/CDKN1A/KMT2A/FBLN1/IFI30/WNT2,6
GO:0060349,bone morphogenesis,6/468,53/7427,0.113207547169811,1.79656507014998,1.50915764234672,0.114468677405082,0.680878069447957,0.634101263499022,SHOX2/FREM1/TIFAB/ALPL/CYP26B1/DHRS3,6
GO:0045165,cell fate commitment,13/468,143/7427,0.0909090909090909,1.44269619269619,1.38616783726036,0.115730250186766,0.686087499857209,0.638952802346932,PML/CHD3/DLL1/IRF4/NOTCH4/TBX21/CYP26B1/PTCH2/TBX19/POU5F1/TBX18/TBX5/WNT2,13
GO:0048638,regulation of developmental growth,13/468,143/7427,0.0909090909090909,1.44269619269619,1.38616783726036,0.115730250186766,0.686087499857209,0.638952802346932,CDKN1A/DLL1/COLQ/LGMN/CAPN3/SEMA6D/CXCL12/GRN/RGMA/SYT2/TBX5/GDF5/WNT2,13
GO:0031295,T cell costimulation,4/468,30/7427,0.133333333333333,2.11595441595442,1.58820388421626,0.116972406173551,0.686585559008781,0.639416644481788,TNFRSF14/CD28/TNFSF14/CD5,4
GO:0045581,negative regulation of T cell differentiation,4/468,30/7427,0.133333333333333,2.11595441595442,1.58820388421626,0.116972406173551,0.686585559008781,0.639416644481788,BCL6/DTX1/TBX21/IRF1,4
GO:0060113,inner ear receptor cell differentiation,4/468,30/7427,0.133333333333333,2.11595441595442,1.58820388421626,0.116972406173551,0.686585559008781,0.639416644481788,DLL1/CDH23/WHRN/VANGL2,4
GO:1904063,negative regulation of cation transmembrane transport,4/468,30/7427,0.133333333333333,2.11595441595442,1.58820388421626,0.116972406173551,0.686585559008781,0.639416644481788,KCNE1/TLR9/UCP2/ISCU,4
GO:2000134,negative regulation of G1/S transition of mitotic cell cycle,4/468,30/7427,0.133333333333333,2.11595441595442,1.58820388421626,0.116972406173551,0.686585559008781,0.639416644481788,CDKN1A/GPNMB/BTN2A2/RPS27L,4
GO:2000516,"positive regulation of CD4-positive, alpha-beta T cell activation",4/468,30/7427,0.133333333333333,2.11595441595442,1.58820388421626,0.116972406173551,0.686585559008781,0.639416644481788,CD28/NCKAP1L/NFKBID/LGALS9,4
GO:0044706,multi-multicellular organism process,10/468,104/7427,0.0961538461538462,1.52592866535174,1.40063822858564,0.11867414181171,0.694282767145151,0.646585048963731,APOL2/P2RX1/PLA2G4C/PNOC/LGALS9/IL11RA/GRN/COL16A1/FBLN1/HAVCR2,10
GO:0062207,regulation of pattern recognition receptor signaling pathway,10/468,104/7427,0.0961538461538462,1.52592866535174,1.40063822858564,0.11867414181171,0.694282767145151,0.646585048963731,STING1/IRF4/GFI1/TLR9/SLC15A3/PLCG2/NR1H3/CD300LF/CD14/IRF1,10
GO:0051384,response to glucocorticoid,7/468,66/7427,0.106060606060606,1.68314555814556,1.44558551711915,0.12011156597995,0.700495778852453,0.652371222363219,LCAT/ALPL/UCP2/ZFP36/CEBPA/HMGCS2/GPR83,7
GO:0002752,cell surface pattern recognition receptor signaling pathway,5/468,42/7427,0.119047619047619,1.88924501424501,1.49864170774211,0.122156393435845,0.700495778852453,0.652371222363219,SYK/NR1H3/TLR5/CD14/CLEC7A,5
GO:0055092,sterol homeostasis,5/468,42/7427,0.119047619047619,1.88924501424501,1.49864170774211,0.122156393435845,0.700495778852453,0.652371222363219,LCAT/LIMA1/MYLIP/NR1H3/LIPC,5
GO:0070371,ERK1 and ERK2 cascade,14/468,158/7427,0.0886075949367089,1.40617223845072,1.33822280393205,0.122795158758236,0.700495778852453,0.652371222363219,SYK/SIRPA/CD4/PRKD2/LGALS9/TLR9/FLCN/GPNMB/BTN2A2/FBLN1/C5AR1/HAVCR2/FFAR4/GLIPR2,14
GO:0009913,epidermal cell differentiation,10/468,105/7427,0.0952380952380952,1.51139601139601,1.36856082584978,0.124255622404326,0.700495778852453,0.652371222363219,CDKN1A/DLL1/MAFB/PRKCH/CYP26B1/CDH23/PTCH2/ZFP36/WHRN/TMEM132E,10
GO:0051146,striated muscle cell differentiation,13/468,145/7427,0.0896551724137931,1.4227969348659,1.33326805849889,0.125094640207895,0.700495778852453,0.652371222363219,SHOX2/DLL1/MYH3/MYH11/DOCK2/CAPN3/SLC9A1/MYOM1/TNFSF14/CYP26B1/CASP7/TBX18/TBX5,13
GO:0110053,regulation of actin filament organization,13/468,145/7427,0.0896551724137931,1.4227969348659,1.33326805849889,0.125094640207895,0.700495778852453,0.652371222363219,VILL/NCKAP1L/WAS/LIMA1/SLC9A1/PLEKHG2/ARHGAP6/HCK/ARHGEF18/CXCL12/CGNL1/GBA2/DAAM2,13
GO:0007389,pattern specification process,17/468,200/7427,0.085,1.34892094017094,1.29714935853773,0.126982326644784,0.700495778852453,0.652371222363219,EGR2/HOXC6/DLL1/MAFB/KMT2A/C3/HOXA4/TIFAB/CYP26B1/RELN/MEOX2/POU5F1/TBX18/TBX5/VANGL2/DAAM2/WNT2,17
GO:0016064,immunoglobulin mediated immune response,7/468,67/7427,0.104477611940299,1.65802398265085,1.40303077527613,0.127317969764721,0.700495778852453,0.652371222363219,INPP5D/BCL6/HLA-E/CD28/C3/TBX21/CFI,7
GO:0071466,cellular response to xenobiotic stimulus,7/468,67/7427,0.104477611940299,1.65802398265085,1.40303077527613,0.127317969764721,0.700495778852453,0.652371222363219,PPP1R9B/SLC28A3/CYP26B1/ABCC3/CEBPA/FBP1/CYP46A1,7
GO:0003156,regulation of animal organ formation,2/468,10/7427,0.2,3.17393162393162,1.78385159672365,0.127527158939708,0.700495778852453,0.652371222363219,POU5F1/WNT2,2
GO:0006000,fructose metabolic process,2/468,10/7427,0.2,3.17393162393162,1.78385159672365,0.127527158939708,0.700495778852453,0.652371222363219,FBP1/ALDOB,2
GO:0006833,water transport,2/468,10/7427,0.2,3.17393162393162,1.78385159672365,0.127527158939708,0.700495778852453,0.652371222363219,CFTR/AVPR2,2
GO:0010522,regulation of calcium ion transport into cytosol,2/468,10/7427,0.2,3.17393162393162,1.78385159672365,0.127527158939708,0.700495778852453,0.652371222363219,PML/CD4,2
GO:0010623,programmed cell death involved in cell development,2/468,10/7427,0.2,3.17393162393162,1.78385159672365,0.127527158939708,0.700495778852453,0.652371222363219,TEX11/TMEM215,2
GO:0021692,cerebellar Purkinje cell layer morphogenesis,2/468,10/7427,0.2,3.17393162393162,1.78385159672365,0.127527158939708,0.700495778852453,0.652371222363219,DLL1/WHRN,2
GO:0032413,negative regulation of ion transmembrane transporter activity,2/468,10/7427,0.2,3.17393162393162,1.78385159672365,0.127527158939708,0.700495778852453,0.652371222363219,KCNE1/TLR9,2
GO:0032817,regulation of natural killer cell proliferation,2/468,10/7427,0.2,3.17393162393162,1.78385159672365,0.127527158939708,0.700495778852453,0.652371222363219,HLA-E/TYK2,2
GO:0032819,positive regulation of natural killer cell proliferation,2/468,10/7427,0.2,3.17393162393162,1.78385159672365,0.127527158939708,0.700495778852453,0.652371222363219,HLA-E/TYK2,2
GO:0038095,Fc-epsilon receptor signaling pathway,2/468,10/7427,0.2,3.17393162393162,1.78385159672365,0.127527158939708,0.700495778852453,0.652371222363219,SYK/PLCG2,2
GO:0043301,negative regulation of leukocyte degranulation,2/468,10/7427,0.2,3.17393162393162,1.78385159672365,0.127527158939708,0.700495778852453,0.652371222363219,NCKAP1L/LGALS9,2
GO:0043691,reverse cholesterol transport,2/468,10/7427,0.2,3.17393162393162,1.78385159672365,0.127527158939708,0.700495778852453,0.652371222363219,LCAT/LIPC,2
GO:0045060,negative thymic T cell selection,2/468,10/7427,0.2,3.17393162393162,1.78385159672365,0.127527158939708,0.700495778852453,0.652371222363219,DOCK2/CD28,2
GO:0046485,ether lipid metabolic process,2/468,10/7427,0.2,3.17393162393162,1.78385159672365,0.127527158939708,0.700495778852453,0.652371222363219,TMEM86B/PLA2G4C,2
GO:0048302,regulation of isotype switching to IgG isotypes,2/468,10/7427,0.2,3.17393162393162,1.78385159672365,0.127527158939708,0.700495778852453,0.652371222363219,CD28/TBX21,2
GO:0050433,regulation of catecholamine secretion,2/468,10/7427,0.2,3.17393162393162,1.78385159672365,0.127527158939708,0.700495778852453,0.652371222363219,SYT11/CXCL12,2
GO:0050872,white fat cell differentiation,2/468,10/7427,0.2,3.17393162393162,1.78385159672365,0.127527158939708,0.700495778852453,0.652371222363219,CEBPA/FFAR4,2
GO:0061709,reticulophagy,2/468,10/7427,0.2,3.17393162393162,1.78385159672365,0.127527158939708,0.700495778852453,0.652371222363219,STING1/CDK5RAP3,2
GO:0070230,positive regulation of lymphocyte apoptotic process,2/468,10/7427,0.2,3.17393162393162,1.78385159672365,0.127527158939708,0.700495778852453,0.652371222363219,LGALS9/PDCD1,2
GO:0071493,cellular response to UV-B,2/468,10/7427,0.2,3.17393162393162,1.78385159672365,0.127527158939708,0.700495778852453,0.652371222363219,CDKN1A/HYAL1,2
GO:0097186,amelogenesis,2/468,10/7427,0.2,3.17393162393162,1.78385159672365,0.127527158939708,0.700495778852453,0.652371222363219,CFTR/SLC24A4,2
GO:0140105,interleukin-10-mediated signaling pathway,2/468,10/7427,0.2,3.17393162393162,1.78385159672365,0.127527158939708,0.700495778852453,0.652371222363219,TYK2/IL10RA,2
GO:1903236,regulation of leukocyte tethering or rolling,2/468,10/7427,0.2,3.17393162393162,1.78385159672365,0.127527158939708,0.700495778852453,0.652371222363219,CXCL12/SELP,2
GO:0009072,aromatic amino acid metabolic process,3/468,20/7427,0.15,2.38044871794872,1.60302791055436,0.127978335652925,0.700495778852453,0.652371222363219,HAAO/IL4I1/HDC,3
GO:0035767,endothelial cell chemotaxis,3/468,20/7427,0.15,2.38044871794872,1.60302791055436,0.127978335652925,0.700495778852453,0.652371222363219,LGMN/PRKD2/EGR3,3
GO:0045671,negative regulation of osteoclast differentiation,3/468,20/7427,0.15,2.38044871794872,1.60302791055436,0.127978335652925,0.700495778852453,0.652371222363219,INPP5D/MAFB/TMEM178A,3
GO:1990806,ligand-gated ion channel signaling pathway,3/468,20/7427,0.15,2.38044871794872,1.60302791055436,0.127978335652925,0.700495778852453,0.652371222363219,GRIA3/GRIN2D/GRIN3A,3
GO:0006911,"phagocytosis, engulfment",4/468,31/7427,0.129032258064516,2.04769782189137,1.51581226731257,0.1280073815727,0.700495778852453,0.652371222363219,ELMO1/NCKAP1L/C3/PLCG2,4
GO:0031294,lymphocyte costimulation,4/468,31/7427,0.129032258064516,2.04769782189137,1.51581226731257,0.1280073815727,0.700495778852453,0.652371222363219,TNFRSF14/CD28/TNFSF14/CD5,4
GO:0045622,regulation of T-helper cell differentiation,4/468,31/7427,0.129032258064516,2.04769782189137,1.51581226731257,0.1280073815727,0.700495778852453,0.652371222363219,BCL6/IRF4/NFKBID/TBX21,4
GO:0048146,positive regulation of fibroblast proliferation,4/468,31/7427,0.129032258064516,2.04769782189137,1.51581226731257,0.1280073815727,0.700495778852453,0.652371222363219,PML/CDKN1A/FBLN1/WNT2,4
GO:1902807,negative regulation of cell cycle G1/S phase transition,4/468,31/7427,0.129032258064516,2.04769782189137,1.51581226731257,0.1280073815727,0.700495778852453,0.652371222363219,CDKN1A/GPNMB/BTN2A2/RPS27L,4
GO:0050728,negative regulation of inflammatory response,9/468,93/7427,0.0967741935483871,1.53577336641853,1.34827699056081,0.130382856019947,0.709909391874243,0.661138113498437,SYK/TNFRSF1B/SYT11/SIRPA/IL10RA/HCK/GRN/NR1H3/FFAR4,9
GO:0032611,interleukin-1 beta production,6/468,55/7427,0.109090909090909,1.73123543123543,1.41147401972336,0.130505392571492,0.709909391874243,0.661138113498437,PML/SIRPA/EGR1/LGALS9/FFAR4/CLEC7A,6
GO:0032651,regulation of interleukin-1 beta production,6/468,55/7427,0.109090909090909,1.73123543123543,1.41147401972336,0.130505392571492,0.709909391874243,0.661138113498437,PML/SIRPA/EGR1/LGALS9/FFAR4/CLEC7A,6
GO:0002437,inflammatory response to antigenic stimulus,5/468,43/7427,0.116279069767442,1.84530908368118,1.44155394995775,0.131523837291292,0.709909391874243,0.661138113498437,SYK/HLA-E/CD28/C3/HCK,5
GO:0033627,cell adhesion mediated by integrin,5/468,43/7427,0.116279069767442,1.84530908368118,1.44155394995775,0.131523837291292,0.709909391874243,0.661138113498437,SYK/PIK3CG/EMILIN2/NCKAP1L/COL16A1,5
GO:0034198,cellular response to amino acid starvation,5/468,43/7427,0.116279069767442,1.84530908368118,1.44155394995775,0.131523837291292,0.709909391874243,0.661138113498437,CDKN1A/SZT2/PRKCH/FLCN/UCP2,5
GO:0070373,negative regulation of ERK1 and ERK2 cascade,5/468,43/7427,0.116279069767442,1.84530908368118,1.44155394995775,0.131523837291292,0.709909391874243,0.661138113498437,SIRPA/TLR9/FLCN/BTN2A2/FBLN1,5
GO:1990868,response to chemokine,5/468,43/7427,0.116279069767442,1.84530908368118,1.44155394995775,0.131523837291292,0.709909391874243,0.661138113498437,DOCK8/CXCL12/CCL3L3/MPL/CXCR3,5
GO:1990869,cellular response to chemokine,5/468,43/7427,0.116279069767442,1.84530908368118,1.44155394995775,0.131523837291292,0.709909391874243,0.661138113498437,DOCK8/CXCL12/CCL3L3/MPL/CXCR3,5
GO:0002685,regulation of leukocyte migration,12/468,133/7427,0.0902255639097744,1.43184885290148,1.30317185577568,0.132280720077133,0.712912911082365,0.663935288808192,DOCK8/TNFRSF14/NCKAP1L/LGMN/LGALS9/BST1/JAM2/CXCL12/TNFSF14/SELP/C5AR1/CXCR3,12
GO:0010876,lipid localization,17/468,202/7427,0.0841584158415842,1.33556528729796,1.25389383886739,0.135318122363698,0.728179366486645,0.678152927905974,APOL2/APOL3/APOL1/SYK/EEPD1/LCAT/C3/PLPPR4/APOL6/PROCA1/ATP8B4/UCP2/NR1H3/PSAP/ABCC3/CFTR/LIPC,17
GO:0051606,detection of stimulus,10/468,107/7427,0.0934579439252336,1.48314561865964,1.30539328579608,0.13584114129619,0.729889636843726,0.679745701477355,CD1D/SSC5D/TLR9/CXCL12/SEMA5B/WHRN/FFAR4/CLEC7A/OR13A1/SLC24A4,10
GO:0055088,lipid homeostasis,8/468,81/7427,0.0987654320987654,1.56737364144772,1.33141419840003,0.136496135407858,0.732302795845776,0.681993074745618,LCAT/LIMA1/MYLIP/NR1H3/USF1/CEBPA/PNPLA1/LIPC,8
GO:0001894,tissue homeostasis,12/468,134/7427,0.0895522388059701,1.42116341370073,1.27578329224337,0.13753475817389,0.734551253490278,0.684087061756331,INPP5D/SYK/IL10RA/KMT2A/JAM2/TLR9/ALPL/CDH23/WHRN/CUBN/TSPAN12/RP1L1,12
GO:0006874,intracellular calcium ion homeostasis,12/468,134/7427,0.0895522388059701,1.42116341370073,1.27578329224337,0.13753475817389,0.734551253490278,0.684087061756331,PML/P2RX1/CAPN3/CXCL12/PLCG2/CDH23/TMEM178A/SLC8A3/RYR3/CXCR3/SLC24A4/CACNB2,12
GO:0060249,anatomical structure homeostasis,12/468,134/7427,0.0895522388059701,1.42116341370073,1.27578329224337,0.13753475817389,0.734551253490278,0.684087061756331,INPP5D/SYK/IL10RA/KMT2A/JAM2/TLR9/ALPL/CDH23/WHRN/CUBN/TSPAN12/RP1L1,12
GO:1901342,regulation of vasculature development,15/468,175/7427,0.0857142857142857,1.36025641025641,1.25062994901249,0.138148342490272,0.736722120296699,0.686108788474531,PML/PIK3CG/DLL1/EMILIN2/C3/PRKD2/PPP1R16B/CXCL12/GPNMB/GRN/C5AR1/TSPAN12/COL4A3/HYAL1/CXCR3,15
GO:0002690,positive regulation of leukocyte chemotaxis,6/468,56/7427,0.107142857142857,1.70032051282051,1.36412646909915,0.138906969758634,0.737158363592145,0.686515061546389,NCKAP1L/LGMN/LGALS9/CXCL12/TNFSF14/C5AR1,6
GO:0062014,negative regulation of small molecule metabolic process,6/468,56/7427,0.107142857142857,1.70032051282051,1.36412646909915,0.138906969758634,0.737158363592145,0.686515061546389,CH25H/GFI1/FLCN/WDTC1/FBP1/ALDOB,6
GO:0099068,postsynapse assembly,6/468,56/7427,0.107142857142857,1.70032051282051,1.36412646909915,0.138906969758634,0.737158363592145,0.686515061546389,LZTS1/ELMO1/PPP1R9B/RELN/CSMD2/LRRC4B,6
GO:0032956,regulation of actin cytoskeleton organization,16/468,189/7427,0.0846560846560847,1.3434631212409,1.24030560332368,0.139059112164838,0.737158363592145,0.686515061546389,VILL/ARAP3/NCKAP1L/WAS/LIMA1/SLC9A1/PLEKHG2/ARHGAP6/BST1/HCK/ARHGEF18/CXCL12/CGNL1/VANGL2/GBA2/DAAM2,16
GO:0048640,negative regulation of developmental growth,5/468,44/7427,0.113636363636364,1.80337024087024,1.38596615476151,0.141204433569151,0.746261830558106,0.694993113879632,CDKN1A/LGMN/SEMA6D/RGMA/TBX5,5
GO:0002717,positive regulation of natural killer cell mediated immunity,3/468,21/7427,0.142857142857143,2.26709401709402,1.50783428672817,0.142708178445825,0.746261830558106,0.694993113879632,HLA-E/CLNK/HLA-C,3
GO:0014075,response to amine,3/468,21/7427,0.142857142857143,2.26709401709402,1.50783428672817,0.142708178445825,0.746261830558106,0.694993113879632,PDE1B/CD4/PPP1R9B,3
GO:0036336,dendritic cell migration,3/468,21/7427,0.142857142857143,2.26709401709402,1.50783428672817,0.142708178445825,0.746261830558106,0.694993113879632,DOCK8/PIK3CG/LGALS9,3
GO:0043647,inositol phosphate metabolic process,3/468,21/7427,0.142857142857143,2.26709401709402,1.50783428672817,0.142708178445825,0.746261830558106,0.694993113879632,PTAFR/PLCG2/SYNJ1,3
GO:0046677,response to antibiotic,3/468,21/7427,0.142857142857143,2.26709401709402,1.50783428672817,0.142708178445825,0.746261830558106,0.694993113879632,SLC9A1/ALPL/HYAL1,3
GO:0007611,learning or memory,12/468,135/7427,0.0888888888888889,1.41063627730294,1.24861299076471,0.142900777973083,0.746261830558106,0.694993113879632,SYT11/PDE1B/KMT2A/LGMN/TIFAB/PPP1R9B/RELN/MAP1A/SYNJ1/CEBPA/SLC6A1/SLC8A3,12
GO:0042445,hormone metabolic process,9/468,95/7427,0.0947368421052632,1.50344129554656,1.28063802125091,0.143143052932191,0.746261830558106,0.694993113879632,SCPEP1/GNB3/EGR1/CYP26B1/DHRS3/MEP1A/HFE/CYP46A1/PCSK1,9
GO:0045664,regulation of neuron differentiation,8/468,82/7427,0.0975609756097561,1.54825932874713,1.29456552367328,0.143487965411854,0.746261830558106,0.694993113879632,BCL6/DLL1/DTX1/CXCL12/RELN/RAB37/GDF5/CDK5RAP3,8
GO:0007596,blood coagulation,11/468,122/7427,0.0901639344262295,1.43087081406754,1.24435375645108,0.145629055019192,0.746261830558106,0.694993113879632,SYK/SERPING1/PIK3CG/EMILIN2/P2RX1/WAS/VWF/PLCG2/SELP/FBLN1/USF1,11
GO:0042471,ear morphogenesis,6/468,57/7427,0.105263157894737,1.67049032838507,1.31772013568424,0.147554009482443,0.746261830558106,0.694993113879632,MAFB/TIFAB/CDH23/WHRN/TBX18/VANGL2,6
GO:0050906,detection of stimulus involved in sensory perception,6/468,57/7427,0.105263157894737,1.67049032838507,1.31772013568424,0.147554009482443,0.746261830558106,0.694993113879632,CXCL12/SEMA5B/WHRN/FFAR4/OR13A1/SLC24A4,6
GO:0050878,regulation of body fluid levels,15/468,177/7427,0.0847457627118644,1.34488628132696,1.2042607457031,0.147589533799413,0.746261830558106,0.694993113879632,SYK/SERPING1/PIK3CG/EMILIN2/P2RX1/WAS/TIFAB/VWF/PLCG2/NR1H3/SELP/FBLN1/USF1/CFTR/AVPR2,15
GO:0006869,lipid transport,16/468,191/7427,0.0837696335078534,1.32939544457869,1.19594711088785,0.148165035990597,0.746261830558106,0.694993113879632,APOL2/APOL3/APOL1/SYK/EEPD1/LCAT/PLPPR4/APOL6/PROCA1/ATP8B4/UCP2/NR1H3/PSAP/ABCC3/CFTR/LIPC,16
GO:0001905,activation of membrane attack complex,2/468,11/7427,0.181818181818182,2.88539238539239,1.62270738065198,0.149632980330804,0.746261830558106,0.694993113879632,C3/CFB,2
GO:0006851,mitochondrial calcium ion transmembrane transport,2/468,11/7427,0.181818181818182,2.88539238539239,1.62270738065198,0.149632980330804,0.746261830558106,0.694993113879632,UCP2/SLC8A3,2
GO:0019430,removal of superoxide radicals,2/468,11/7427,0.181818181818182,2.88539238539239,1.62270738065198,0.149632980330804,0.746261830558106,0.694993113879632,SOD3/GCH1,2
GO:0030277,maintenance of gastrointestinal epithelium,2/468,11/7427,0.181818181818182,2.88539238539239,1.62270738065198,0.149632980330804,0.746261830558106,0.694993113879632,IL10RA/TLR9,2
GO:0030812,negative regulation of nucleotide catabolic process,2/468,11/7427,0.181818181818182,2.88539238539239,1.62270738065198,0.149632980330804,0.746261830558106,0.694993113879632,FLCN/FBP1,2
GO:0031128,developmental induction,2/468,11/7427,0.181818181818182,2.88539238539239,1.62270738065198,0.149632980330804,0.746261830558106,0.694993113879632,POU5F1/WNT2,2
GO:0032309,icosanoid secretion,2/468,11/7427,0.181818181818182,2.88539238539239,1.62270738065198,0.149632980330804,0.746261830558106,0.694993113879632,SYK/PROCA1,2
GO:0033122,negative regulation of purine nucleotide catabolic process,2/468,11/7427,0.181818181818182,2.88539238539239,1.62270738065198,0.149632980330804,0.746261830558106,0.694993113879632,FLCN/FBP1,2
GO:0034162,toll-like receptor 9 signaling pathway,2/468,11/7427,0.181818181818182,2.88539238539239,1.62270738065198,0.149632980330804,0.746261830558106,0.694993113879632,TLR9/HAVCR2,2
GO:0043374,"CD8-positive, alpha-beta T cell differentiation",2/468,11/7427,0.181818181818182,2.88539238539239,1.62270738065198,0.149632980330804,0.746261830558106,0.694993113879632,NCKAP1L/IRF1,2
GO:0043383,negative T cell selection,2/468,11/7427,0.181818181818182,2.88539238539239,1.62270738065198,0.149632980330804,0.746261830558106,0.694993113879632,DOCK2/CD28,2
GO:0045820,negative regulation of glycolytic process,2/468,11/7427,0.181818181818182,2.88539238539239,1.62270738065198,0.149632980330804,0.746261830558106,0.694993113879632,FLCN/FBP1,2
GO:0048291,isotype switching to IgG isotypes,2/468,11/7427,0.181818181818182,2.88539238539239,1.62270738065198,0.149632980330804,0.746261830558106,0.694993113879632,CD28/TBX21,2
GO:0048641,regulation of skeletal muscle tissue development,2/468,11/7427,0.181818181818182,2.88539238539239,1.62270738065198,0.149632980330804,0.746261830558106,0.694993113879632,SHOX2/DLL1,2
GO:0060008,Sertoli cell differentiation,2/468,11/7427,0.181818181818182,2.88539238539239,1.62270738065198,0.149632980330804,0.746261830558106,0.694993113879632,NUP210L/SAFB2,2
GO:0060117,auditory receptor cell development,2/468,11/7427,0.181818181818182,2.88539238539239,1.62270738065198,0.149632980330804,0.746261830558106,0.694993113879632,CDH23/WHRN,2
GO:0060263,regulation of respiratory burst,2/468,11/7427,0.181818181818182,2.88539238539239,1.62270738065198,0.149632980330804,0.746261830558106,0.694993113879632,GRN/CLEC7A,2
GO:0060561,apoptotic process involved in morphogenesis,2/468,11/7427,0.181818181818182,2.88539238539239,1.62270738065198,0.149632980330804,0.746261830558106,0.694993113879632,PML/TNFRSF1B,2
GO:0090026,positive regulation of monocyte chemotaxis,2/468,11/7427,0.181818181818182,2.88539238539239,1.62270738065198,0.149632980330804,0.746261830558106,0.694993113879632,LGMN/CXCL12,2
GO:0097048,dendritic cell apoptotic process,2/468,11/7427,0.181818181818182,2.88539238539239,1.62270738065198,0.149632980330804,0.746261830558106,0.694993113879632,LGALS9/CXCL12,2
GO:0098719,sodium ion import across plasma membrane,2/468,11/7427,0.181818181818182,2.88539238539239,1.62270738065198,0.149632980330804,0.746261830558106,0.694993113879632,SLC9A1/SLC6A1,2
GO:0099505,regulation of presynaptic membrane potential,2/468,11/7427,0.181818181818182,2.88539238539239,1.62270738065198,0.149632980330804,0.746261830558106,0.694993113879632,GRIA3/GRIN2D,2
GO:0099638,endosome to plasma membrane protein transport,2/468,11/7427,0.181818181818182,2.88539238539239,1.62270738065198,0.149632980330804,0.746261830558106,0.694993113879632,AKAP5/GRIP2,2
GO:2000668,regulation of dendritic cell apoptotic process,2/468,11/7427,0.181818181818182,2.88539238539239,1.62270738065198,0.149632980330804,0.746261830558106,0.694993113879632,LGALS9/CXCL12,2
GO:2001028,positive regulation of endothelial cell chemotaxis,2/468,11/7427,0.181818181818182,2.88539238539239,1.62270738065198,0.149632980330804,0.746261830558106,0.694993113879632,LGMN/PRKD2,2
GO:0009952,anterior/posterior pattern specification,9/468,96/7427,0.09375,1.48778044871795,1.24739895640636,0.149753063668805,0.746261830558106,0.694993113879632,HOXC6/DLL1/KMT2A/HOXA4/TIFAB/MEOX2/TBX18/VANGL2/WNT2,9
GO:0060538,skeletal muscle organ development,9/468,96/7427,0.09375,1.48778044871795,1.24739895640636,0.149753063668805,0.746261830558106,0.694993113879632,EGR2/SHOX2/DLL1/MSC/EGR1/MYOM1/CYP26B1/MEOX2/BMAL1,9
GO:0002444,myeloid leukocyte mediated immunity,7/468,70/7427,0.1,1.58696581196581,1.27949451675203,0.150195855249671,0.746261830558106,0.694993113879632,SYK/HLA-E/PIK3CG/C3/LGALS9/MRGPRX2/CLNK,7
GO:0043367,"CD4-positive, alpha-beta T cell differentiation",7/468,70/7427,0.1,1.58696581196581,1.27949451675203,0.150195855249671,0.746261830558106,0.694993113879632,BCL6/NCKAP1L/KMT2A/IRF4/NFKBID/LGALS9/TBX21,7
GO:0042267,natural killer cell mediated cytotoxicity,5/468,45/7427,0.111111111111111,1.76329534662868,1.3317994522555,0.151185294854139,0.746261830558106,0.694993113879632,INPP5D/HLA-E/LGALS9/HAVCR2/HLA-C,5
GO:1990928,response to amino acid starvation,5/468,45/7427,0.111111111111111,1.76329534662868,1.3317994522555,0.151185294854139,0.746261830558106,0.694993113879632,CDKN1A/SZT2/PRKCH/FLCN/UCP2,5
GO:0022029,telencephalon cell migration,4/468,33/7427,0.121212121212121,1.92359492359492,1.37887775325941,0.151300785646881,0.746261830558106,0.694993113879632,CXCL12/SYNE2/MDGA1/RELN,4
GO:0034766,negative regulation of monoatomic ion transmembrane transport,4/468,33/7427,0.121212121212121,1.92359492359492,1.37887775325941,0.151300785646881,0.746261830558106,0.694993113879632,KCNE1/TLR9/UCP2/ISCU,4
GO:0050856,regulation of T cell receptor signaling pathway,4/468,33/7427,0.121212121212121,1.92359492359492,1.37887775325941,0.151300785646881,0.746261830558106,0.694993113879632,PRKD2/TESPA1/SLA2/BTN2A2,4
GO:0070231,T cell apoptotic process,4/468,33/7427,0.121212121212121,1.92359492359492,1.37887775325941,0.151300785646881,0.746261830558106,0.694993113879632,DOCK8/PRKD2/LGALS9/PDCD1,4
GO:2000107,negative regulation of leukocyte apoptotic process,4/468,33/7427,0.121212121212121,1.92359492359492,1.37887775325941,0.151300785646881,0.746261830558106,0.694993113879632,DOCK8/BCL6/CXCL12/PDCD1,4
GO:0050817,coagulation,11/468,123/7427,0.0894308943089431,1.41923771801821,1.21579261924927,0.151476255738812,0.746261830558106,0.694993113879632,SYK/SERPING1/PIK3CG/EMILIN2/P2RX1/WAS/VWF/PLCG2/SELP/FBLN1/USF1,11
GO:0034330,cell junction organization,32/468,421/7427,0.0760095011876485,1.20624479769373,1.12983744735551,0.152352491171465,0.749540540936238,0.698046574530974,LZTS1/TNS1/CLDN15/ELMO1/IL10RA/C3/PLPPR4/COLQ/LGMN/SLC9A1/ARHGAP6/PCDHGC3/PRKCH/PPP1R9B/FLCN/GRN/COL16A1/MDGA1/RELN/CSMD2/COL17A1/LRRN1/WHRN/C5AR1/TBX5/VANGL2/SLC6A1/SLC8A3/LRRC4B/DRP2/LRIT3/CACNB2,32
GO:0055074,calcium ion homeostasis,13/468,151/7427,0.0860927152317881,1.36626195732156,1.17912791515275,0.155670667171742,0.750403853156572,0.698850576589892,PML/P2RX1/CAPN3/CXCL12/ALPL/PLCG2/CDH23/TMEM178A/SLC8A3/RYR3/CXCR3/SLC24A4/CACNB2,13
GO:0051050,positive regulation of transport,30/468,393/7427,0.0763358778625954,1.21142428394337,1.11680395254699,0.156046174362024,0.750403853156572,0.698850576589892,SYK/SYT11/SIRPA/EEPD1/DLL1/P2RX1/DOCK2/NCKAP1L/C3/KCNE1/CD4/CAPN3/MYOM1/CXCL12/PRRT2/HEPH/PLCG2/RAB2B/NR1H3/CD300LF/SYT2/SLC30A3/AKAP5/FFAR4/CFTR/HFE/CD14/CLEC7A/CXCR3/CACNB2,30
GO:0002287,alpha-beta T cell activation involved in immune response,6/468,58/7427,0.103448275862069,1.64168877099912,1.27221683681417,0.156438321593622,0.750403853156572,0.698850576589892,BCL6/KMT2A/IRF4/NFKBID/LGALS9/TBX21,6
GO:0002293,alpha-beta T cell differentiation involved in immune response,6/468,58/7427,0.103448275862069,1.64168877099912,1.27221683681417,0.156438321593622,0.750403853156572,0.698850576589892,BCL6/KMT2A/IRF4/NFKBID/LGALS9/TBX21,6
GO:0002294,"CD4-positive, alpha-beta T cell differentiation involved in immune response",6/468,58/7427,0.103448275862069,1.64168877099912,1.27221683681417,0.156438321593622,0.750403853156572,0.698850576589892,BCL6/KMT2A/IRF4/NFKBID/LGALS9/TBX21,6
GO:0018205,peptidyl-lysine modification,6/468,58/7427,0.103448275862069,1.64168877099912,1.27221683681417,0.156438321593622,0.750403853156572,0.698850576589892,EGR2/PML/TRIM38/CAPN3/EGR1/NFATC2IP,6
GO:0055007,cardiac muscle cell differentiation,6/468,58/7427,0.103448275862069,1.64168877099912,1.27221683681417,0.156438321593622,0.750403853156572,0.698850576589892,SHOX2/DLL1/MYH11/SLC9A1/TBX18/TBX5,6
GO:0008544,epidermis development,14/468,165/7427,0.0848484848484849,1.34651644651645,1.16725215032684,0.156765916783577,0.750403853156572,0.698850576589892,CDKN1A/DLL1/MAFB/WAS/PRKCH/CYP26B1/CDH23/PTCH2/ZFP36/COL17A1/WHRN/VANGL2/COL7A1/TMEM132E,14
GO:0098657,import into cell,36/468,481/7427,0.0748440748440749,1.18774988005757,1.10410861274624,0.156790063222563,0.750403853156572,0.698850576589892,SYK/SLC36A1/PIK3CG/SYT11/TMEM175/SIRPA/DNM1/ELMO1/IL10RA/DLL1/P2RX1/DOCK2/NCKAP1L/C3/SLC9A1/HCK/CACNA1G/SLC15A3/NECAP2/PLCG2/NR1H3/CACNA1E/CD300LF/CUBN/SYNJ1/ISCU/AKAP5/SLC2A5/SLC6A1/HFE/CD14/SLC8A3/CLEC7A/KCNJ10/SLC47A1/SLC24A4,36
GO:0007186,G protein-coupled receptor signaling pathway,29/468,379/7427,0.0765171503957784,1.21430101707147,1.11054937036161,0.157882034013318,0.750403853156572,0.698850576589892,GPR162/PIK3CG/OXER1/PTAFR/C3/HRH2/PLPPR4/GNB3/PNOC/PRKD2/CXCL12/PPP1R9B/P2RY11/PSAP/ABHD6/C5AR1/CCL3L3/AKAP5/LTB4R/FFAR4/LTB4R2/MRGPRX2/OR13A1/AVPR2/MPL/CXCR3/CCKAR/SLC24A4/GPR83,29
GO:0002369,T cell cytokine production,3/468,22/7427,0.136363636363636,2.16404428904429,1.41789899338248,0.157966337657672,0.750403853156572,0.698850576589892,TNFRSF1B/TBX21/HFE,3
GO:0002724,regulation of T cell cytokine production,3/468,22/7427,0.136363636363636,2.16404428904429,1.41789899338248,0.157966337657672,0.750403853156572,0.698850576589892,TNFRSF1B/TBX21/HFE,3
GO:0014002,astrocyte development,3/468,22/7427,0.136363636363636,2.16404428904429,1.41789899338248,0.157966337657672,0.750403853156572,0.698850576589892,DLL1/GRN/C5AR1,3
GO:0021799,cerebral cortex radially oriented cell migration,3/468,22/7427,0.136363636363636,2.16404428904429,1.41789899338248,0.157966337657672,0.750403853156572,0.698850576589892,SYNE2/MDGA1/RELN,3
GO:0030224,monocyte differentiation,3/468,22/7427,0.136363636363636,2.16404428904429,1.41789899338248,0.157966337657672,0.750403853156572,0.698850576589892,INPP5D/PDE1B/CD4,3
GO:0032527,protein exit from endoplasmic reticulum,3/468,22/7427,0.136363636363636,2.16404428904429,1.41789899338248,0.157966337657672,0.750403853156572,0.698850576589892,STING1/SYVN1/OS9,3
GO:0035136,forelimb morphogenesis,3/468,22/7427,0.136363636363636,2.16404428904429,1.41789899338248,0.157966337657672,0.750403853156572,0.698850576589892,SHOX2/TBX5/GDF5,3
GO:0042491,inner ear auditory receptor cell differentiation,3/468,22/7427,0.136363636363636,2.16404428904429,1.41789899338248,0.157966337657672,0.750403853156572,0.698850576589892,DLL1/CDH23/WHRN,3
GO:0045191,regulation of isotype switching,3/468,22/7427,0.136363636363636,2.16404428904429,1.41789899338248,0.157966337657672,0.750403853156572,0.698850576589892,BCL6/CD28/TBX21,3
GO:0045214,sarcomere organization,3/468,22/7427,0.136363636363636,2.16404428904429,1.41789899338248,0.157966337657672,0.750403853156572,0.698850576589892,MYH3/CAPN3/MYOM1,3
GO:0048634,regulation of muscle organ development,3/468,22/7427,0.136363636363636,2.16404428904429,1.41789899338248,0.157966337657672,0.750403853156572,0.698850576589892,SHOX2/DLL1/TIFAB,3
GO:0050832,defense response to fungus,3/468,22/7427,0.136363636363636,2.16404428904429,1.41789899338248,0.157966337657672,0.750403853156572,0.698850576589892,PLCG2/CLEC7A/GNLY,3
GO:0090279,regulation of calcium ion import,3/468,22/7427,0.136363636363636,2.16404428904429,1.41789899338248,0.157966337657672,0.750403853156572,0.698850576589892,P2RX1/CXCL12/AKAP5,3
GO:0001909,leukocyte mediated cytotoxicity,8/468,84/7427,0.0952380952380952,1.51139601139601,1.22232641206418,0.157989091231895,0.750403853156572,0.698850576589892,INPP5D/HLA-E/NCKAP1L/CD1D/LGALS9/MR1/HAVCR2/HLA-C,8
GO:0030041,actin filament polymerization,8/468,84/7427,0.0952380952380952,1.51139601139601,1.22232641206418,0.157989091231895,0.750403853156572,0.698850576589892,VILL/NCKAP1L/WAS/PLEKHG2/ARHGAP6/HCK/GBA2/DAAM2,8
GO:0007269,neurotransmitter secretion,7/468,71/7427,0.0985915492957746,1.56461418081136,1.23961572407449,0.158224034261296,0.750403853156572,0.698850576589892,SYT11/P2RX1/NAPB/STX11/PRRT2/SYT2/SYNJ1,7
GO:0099643,signal release from synapse,7/468,71/7427,0.0985915492957746,1.56461418081136,1.23961572407449,0.158224034261296,0.750403853156572,0.698850576589892,SYT11/P2RX1/NAPB/STX11/PRRT2/SYT2/SYNJ1,7
GO:0060047,heart contraction,10/468,111/7427,0.0900900900900901,1.42969892969893,1.18281246771827,0.160649509741677,0.76089255146624,0.708618693891735,SHOX2/PIK3CG/KCNE1/SLC9A1/CACNA1G/TBX18/TBX5/GCH1/SLC8A3/CACNB2,10
GO:0000041,transition metal ion transport,5/468,46/7427,0.108695652173913,1.72496283909327,1.27898084303019,0.16145282452548,0.762666264059935,0.71027055117311,STEAP4/HEPH/SLC30A3/ISCU/HFE,5
GO:0002027,regulation of heart rate,5/468,46/7427,0.108695652173913,1.72496283909327,1.27898084303019,0.16145282452548,0.762666264059935,0.71027055117311,SHOX2/KCNE1/CACNA1G/GCH1/CACNB2,5
GO:0030100,regulation of endocytosis,14/468,166/7427,0.0843373493975904,1.33840490165791,1.14345598337224,0.161989501507916,0.762762887728081,0.710360536726771,SYK/SYT11/SIRPA/DLL1/DOCK2/NCKAP1L/C3/HCK/PLCG2/NR1H3/CD300LF/HFE/CD14/CLEC7A,14
GO:0017157,regulation of exocytosis,9/468,98/7427,0.0918367346938776,1.45741758241758,1.1820354783536,0.163418213082102,0.762762887728081,0.710360536726771,SYK/SYT11/P2RX1/NCKAP1L/LGALS9/RAB2B/SYT2/RAB37/CFTR,9
GO:0032922,circadian regulation of gene expression,4/468,34/7427,0.117647058823529,1.86701860231272,1.31396713187704,0.163510144479405,0.762762887728081,0.710360536726771,PML/KMT2A/EGR1/BMAL1,4
GO:0035914,skeletal muscle cell differentiation,4/468,34/7427,0.117647058823529,1.86701860231272,1.31396713187704,0.163510144479405,0.762762887728081,0.710360536726771,EGR2/EGR1/CYP26B1/BMAL1,4
GO:0045620,negative regulation of lymphocyte differentiation,4/468,34/7427,0.117647058823529,1.86701860231272,1.31396713187704,0.163510144479405,0.762762887728081,0.710360536726771,BCL6/DTX1/TBX21/IRF1,4
GO:0045646,regulation of erythrocyte differentiation,4/468,34/7427,0.117647058823529,1.86701860231272,1.31396713187704,0.163510144479405,0.762762887728081,0.710360536726771,INPP5D/MAFB/NCKAP1L/ZFP36,4
GO:1901224,positive regulation of non-canonical NF-kappaB signal transduction,4/468,34/7427,0.117647058823529,1.86701860231272,1.31396713187704,0.163510144479405,0.762762887728081,0.710360536726771,TRIM56/LGALS9/TNFSF14/HAVCR2,4
GO:0050729,positive regulation of inflammatory response,8/468,85/7427,0.0941176470588235,1.49361488185018,1.18690920540817,0.165490124468157,0.762762887728081,0.710360536726771,HLA-E/PIK3CG/CD28/C3/TLR9/GRN/PLCG2/CEBPA,8
GO:0032231,regulation of actin filament bundle assembly,6/468,59/7427,0.101694915254237,1.61386353759235,1.2275805980728,0.165551226336363,0.762762887728081,0.710360536726771,WAS/LIMA1/SLC9A1/ARHGAP6/ARHGEF18/CGNL1,6
GO:0051261,protein depolymerization,6/468,59/7427,0.101694915254237,1.61386353759235,1.2275805980728,0.165551226336363,0.762762887728081,0.710360536726771,VILL/LIMA1/NCKAP5L/PPP1R9B/MAP1A/SYNJ1,6
GO:1902414,protein localization to cell junction,6/468,59/7427,0.101694915254237,1.61386353759235,1.2275805980728,0.165551226336363,0.762762887728081,0.710360536726771,ARHGEF18/CGNL1/RELN/MAP1A/GRIP2/MPP4,6
GO:0050808,synapse organization,22/468,280/7427,0.0785714285714286,1.24690170940171,1.0921145724907,0.165904511338068,0.762762887728081,0.710360536726771,LZTS1/ELMO1/IL10RA/C3/PLPPR4/COLQ/LGMN/PCDHGC3/PPP1R9B/GRN/MDGA1/RELN/CSMD2/LRRN1/C5AR1/VANGL2/SLC6A1/SLC8A3/LRRC4B/DRP2/LRIT3/CACNB2,22
GO:0050890,cognition,13/468,153/7427,0.0849673202614379,1.34840232389252,1.12919017553934,0.16666250124857,0.762762887728081,0.710360536726771,SYT11/PDE1B/KMT2A/LGMN/TIFAB/PPP1R9B/RELN/MAP1A/C5AR1/SYNJ1/CEBPA/SLC6A1/SLC8A3,13
GO:1902903,regulation of supramolecular fiber organization,16/468,195/7427,0.082051282051282,1.30212579443349,1.10867149888102,0.167331585000894,0.762762887728081,0.710360536726771,VILL/PDE4DIP/NCKAP1L/WAS/LIMA1/SLC9A1/PLEKHG2/ARHGAP6/HCK/ARHGEF18/CXCL12/CGNL1/MAP1A/GBA2/DAAM2/ANKRD53,16
GO:0046486,glycerolipid metabolic process,15/468,181/7427,0.0828729281767956,1.31516503754073,1.11315370685099,0.167495720170034,0.762762887728081,0.710360536726771,INPP5D/PIK3CG/TMEM86B/TTC7A/LCAT/C3/GNB3/PLA2G4C/PLCG2/NR1H3/ABHD6/SYNJ1/PNPLA1/LIPC/ATG14,15
GO:0001959,regulation of cytokine-mediated signaling pathway,9/468,99/7427,0.0909090909090909,1.44269619269619,1.14989354132008,0.170466830524586,0.762762887728081,0.710360536726771,STING1/STAT2/TRIM56/SYK/GFI1/SPPL2B/SAMHD1/NR1H3/CD300LF,9
GO:0043583,ear development,9/468,99/7427,0.0909090909090909,1.44269619269619,1.14989354132008,0.170466830524586,0.762762887728081,0.710360536726771,DLL1/MAFB/PLPPR4/TIFAB/CDH23/WHRN/TBX18/CEBPA/VANGL2,9
GO:0007423,sensory organ development,21/468,267/7427,0.0786516853932584,1.24817535772592,1.0709883749801,0.171560075141251,0.762762887728081,0.710360536726771,PHACTR4/DLL1/MAFB/PLPPR4/TIFAB/MYOM1/BHLHE22/GRN/CYP26B1/CDH23/WHRN/RAB37/TBX18/CEBPA/VANGL2/TSPAN12/WNT2/TMEM132E/IMPG2/TMEM215/RP1L1,21
GO:0009063,amino acid catabolic process,5/468,47/7427,0.106382978723404,1.68826150209129,1.22744264181219,0.171992806307054,0.762762887728081,0.710360536726771,HAAO/CSAD/PIPOX/IL4I1/HDC,5
GO:0019216,regulation of lipid metabolic process,13/468,154/7427,0.0844155844155844,1.33964646464646,1.10447946526486,0.172302466475327,0.762762887728081,0.710360536726771,PIK3CG/CH25H/C3/GNB3/EGR1/GFI1/WDTC1/C1QTNF2/PLCG2/NR1H3/PSAP/ABHD6/ATG14,13
GO:0001675,acrosome assembly,2/468,12/7427,0.166666666666667,2.64494301994302,1.47881172355505,0.172421411363022,0.762762887728081,0.710360536726771,CCDC136/GARIN1A,2
GO:0001787,natural killer cell proliferation,2/468,12/7427,0.166666666666667,2.64494301994302,1.47881172355505,0.172421411363022,0.762762887728081,0.710360536726771,HLA-E/TYK2,2
GO:0002092,positive regulation of receptor internalization,2/468,12/7427,0.166666666666667,2.64494301994302,1.47881172355505,0.172421411363022,0.762762887728081,0.710360536726771,SYK/PLCG2,2
GO:0002902,regulation of B cell apoptotic process,2/468,12/7427,0.166666666666667,2.64494301994302,1.47881172355505,0.172421411363022,0.762762887728081,0.710360536726771,BCL6/PDCD1,2
GO:0009651,response to salt stress,2/468,12/7427,0.166666666666667,2.64494301994302,1.47881172355505,0.172421411363022,0.762762887728081,0.710360536726771,CAPN3/FBP1,2
GO:0030449,regulation of complement activation,2/468,12/7427,0.166666666666667,2.64494301994302,1.47881172355505,0.172421411363022,0.762762887728081,0.710360536726771,SERPING1/C3,2
GO:0032958,inositol phosphate biosynthetic process,2/468,12/7427,0.166666666666667,2.64494301994302,1.47881172355505,0.172421411363022,0.762762887728081,0.710360536726771,PTAFR/PLCG2,2
GO:0033081,regulation of T cell differentiation in thymus,2/468,12/7427,0.166666666666667,2.64494301994302,1.47881172355505,0.172421411363022,0.762762887728081,0.710360536726771,TESPA1/EGR3,2
GO:0042573,retinoic acid metabolic process,2/468,12/7427,0.166666666666667,2.64494301994302,1.47881172355505,0.172421411363022,0.762762887728081,0.710360536726771,SCPEP1/CYP26B1,2
GO:0042730,fibrinolysis,2/468,12/7427,0.166666666666667,2.64494301994302,1.47881172355505,0.172421411363022,0.762762887728081,0.710360536726771,SERPING1/USF1,2
GO:0043032,positive regulation of macrophage activation,2/468,12/7427,0.166666666666667,2.64494301994302,1.47881172355505,0.172421411363022,0.762762887728081,0.710360536726771,HAVCR2/CEBPA,2
GO:0045907,positive regulation of vasoconstriction,2/468,12/7427,0.166666666666667,2.64494301994302,1.47881172355505,0.172421411363022,0.762762887728081,0.710360536726771,HRH2/AVPR2,2
GO:0045939,negative regulation of steroid metabolic process,2/468,12/7427,0.166666666666667,2.64494301994302,1.47881172355505,0.172421411363022,0.762762887728081,0.710360536726771,CH25H/GFI1,2
GO:0048143,astrocyte activation,2/468,12/7427,0.166666666666667,2.64494301994302,1.47881172355505,0.172421411363022,0.762762887728081,0.710360536726771,GRN/C5AR1,2
GO:0050432,catecholamine secretion,2/468,12/7427,0.166666666666667,2.64494301994302,1.47881172355505,0.172421411363022,0.762762887728081,0.710360536726771,SYT11/CXCL12,2
GO:0050862,positive regulation of T cell receptor signaling pathway,2/468,12/7427,0.166666666666667,2.64494301994302,1.47881172355505,0.172421411363022,0.762762887728081,0.710360536726771,PRKD2/TESPA1,2
GO:0051044,positive regulation of membrane protein ectodomain proteolysis,2/468,12/7427,0.166666666666667,2.64494301994302,1.47881172355505,0.172421411363022,0.762762887728081,0.710360536726771,TNFRSF1B/RGMA,2
GO:0052547,regulation of peptidase activity,2/468,12/7427,0.166666666666667,2.64494301994302,1.47881172355505,0.172421411363022,0.762762887728081,0.710360536726771,VSIR/GRN,2
GO:0055023,positive regulation of cardiac muscle tissue growth,2/468,12/7427,0.166666666666667,2.64494301994302,1.47881172355505,0.172421411363022,0.762762887728081,0.710360536726771,TBX5/WNT2,2
GO:0055090,acylglycerol homeostasis,2/468,12/7427,0.166666666666667,2.64494301994302,1.47881172355505,0.172421411363022,0.762762887728081,0.710360536726771,NR1H3/LIPC,2
GO:0060045,positive regulation of cardiac muscle cell proliferation,2/468,12/7427,0.166666666666667,2.64494301994302,1.47881172355505,0.172421411363022,0.762762887728081,0.710360536726771,TBX5/WNT2,2
GO:0060964,regulation of miRNA-mediated gene silencing,2/468,12/7427,0.166666666666667,2.64494301994302,1.47881172355505,0.172421411363022,0.762762887728081,0.710360536726771,ZSWIM8/ZFP36,2
GO:0070328,triglyceride homeostasis,2/468,12/7427,0.166666666666667,2.64494301994302,1.47881172355505,0.172421411363022,0.762762887728081,0.710360536726771,NR1H3/LIPC,2
GO:0071450,cellular response to oxygen radical,2/468,12/7427,0.166666666666667,2.64494301994302,1.47881172355505,0.172421411363022,0.762762887728081,0.710360536726771,SOD3/GCH1,2
GO:0071451,cellular response to superoxide,2/468,12/7427,0.166666666666667,2.64494301994302,1.47881172355505,0.172421411363022,0.762762887728081,0.710360536726771,SOD3/GCH1,2
GO:0072111,cell proliferation involved in kidney development,2/468,12/7427,0.166666666666667,2.64494301994302,1.47881172355505,0.172421411363022,0.762762887728081,0.710360536726771,EGR1/FLCN,2
GO:0086010,membrane depolarization during action potential,2/468,12/7427,0.166666666666667,2.64494301994302,1.47881172355505,0.172421411363022,0.762762887728081,0.710360536726771,CACNA1G/CACNB2,2
GO:0110110,positive regulation of animal organ morphogenesis,2/468,12/7427,0.166666666666667,2.64494301994302,1.47881172355505,0.172421411363022,0.762762887728081,0.710360536726771,POU5F1/WNT2,2
GO:1900368,regulation of post-transcriptional gene silencing by regulatory ncRNA,2/468,12/7427,0.166666666666667,2.64494301994302,1.47881172355505,0.172421411363022,0.762762887728081,0.710360536726771,ZSWIM8/ZFP36,2
GO:1905207,regulation of cardiocyte differentiation,2/468,12/7427,0.166666666666667,2.64494301994302,1.47881172355505,0.172421411363022,0.762762887728081,0.710360536726771,DLL1/TBX5,2
GO:0002673,regulation of acute inflammatory response,3/468,23/7427,0.130434782608696,2.06995540691193,1.3326723017727,0.173696356215841,0.762762887728081,0.710360536726771,HLA-E/PIK3CG/C3,3
GO:0002701,negative regulation of production of molecular mediator of immune response,3/468,23/7427,0.130434782608696,2.06995540691193,1.3326723017727,0.173696356215841,0.762762887728081,0.710360536726771,BCL6/TBX21/HFE,3
GO:0016339,calcium-dependent cell-cell adhesion via plasma membrane cell adhesion molecules,3/468,23/7427,0.130434782608696,2.06995540691193,1.3326723017727,0.173696356215841,0.762762887728081,0.710360536726771,PCDHGC3/CDH23/SELP,3
GO:0032703,negative regulation of interleukin-2 production,3/468,23/7427,0.130434782608696,2.06995540691193,1.3326723017727,0.173696356215841,0.762762887728081,0.710360536726771,TBX21/ZFP36/HAVCR2,3
GO:0035456,response to interferon-beta,3/468,23/7427,0.130434782608696,2.06995540691193,1.3326723017727,0.173696356215841,0.762762887728081,0.710360536726771,STING1/SHFL/IRF1,3
GO:0051180,vitamin transport,3/468,23/7427,0.130434782608696,2.06995540691193,1.3326723017727,0.173696356215841,0.762762887728081,0.710360536726771,CUBN/SLC2A5/SLC47A1,3
GO:0097242,amyloid-beta clearance,3/468,23/7427,0.130434782608696,2.06995540691193,1.3326723017727,0.173696356215841,0.762762887728081,0.710360536726771,SYK/C3/C5AR1,3
GO:0061061,muscle structure development,26/468,340/7427,0.0764705882352941,1.21356209150327,1.0453443790137,0.17459314157902,0.762786358314968,0.710382394867705,EGR2/SHOX2/MEF2B/DLL1/MYH3/MSC/MYH11/DOCK2/CAPN3/EGR1/SLC9A1/TIFAB/MYOM1/NOTCH4/CHD2/TNFSF14/CYP26B1/MEOX2/CASP7/TBX18/TBX5/BMAL1/VANGL2/WNT2/PDLIM1/EGR3,26
GO:0001912,positive regulation of leukocyte mediated cytotoxicity,4/468,35/7427,0.114285714285714,1.81367521367521,1.25121260362568,0.176060612925665,0.762786358314968,0.710382394867705,HLA-E/CD1D/MR1/HLA-C,4
GO:0001961,positive regulation of cytokine-mediated signaling pathway,4/468,35/7427,0.114285714285714,1.81367521367521,1.25121260362568,0.176060612925665,0.762786358314968,0.710382394867705,STING1/TRIM56/GFI1/CD300LF,4
GO:0042088,T-helper 1 type immune response,4/468,35/7427,0.114285714285714,1.81367521367521,1.25121260362568,0.176060612925665,0.762786358314968,0.710382394867705,SYVN1/LGALS9/TBX21/HAVCR2,4
GO:0043368,positive T cell selection,4/468,35/7427,0.114285714285714,1.81367521367521,1.25121260362568,0.176060612925665,0.762786358314968,0.710382394867705,DOCK2/IRF4/TBX21/CD3G,4
GO:0045604,regulation of epidermal cell differentiation,4/468,35/7427,0.114285714285714,1.81367521367521,1.25121260362568,0.176060612925665,0.762786358314968,0.710382394867705,DLL1/PRKCH/PTCH2/ZFP36,4
GO:0045806,negative regulation of endocytosis,4/468,35/7427,0.114285714285714,1.81367521367521,1.25121260362568,0.176060612925665,0.762786358314968,0.710382394867705,SYT11/SIRPA/NR1H3/CD300LF,4
GO:0046638,positive regulation of alpha-beta T cell differentiation,4/468,35/7427,0.114285714285714,1.81367521367521,1.25121260362568,0.176060612925665,0.762786358314968,0.710382394867705,SYK/NCKAP1L/NFKBID/LGALS9,4
GO:0046854,phosphatidylinositol phosphate biosynthetic process,4/468,35/7427,0.114285714285714,1.81367521367521,1.25121260362568,0.176060612925665,0.762786358314968,0.710382394867705,PIK3CG/TTC7A/SYNJ1/ATG14,4
GO:0070098,chemokine-mediated signaling pathway,4/468,35/7427,0.114285714285714,1.81367521367521,1.25121260362568,0.176060612925665,0.762786358314968,0.710382394867705,CXCL12/CCL3L3/MPL/CXCR3,4
GO:0086001,cardiac muscle cell action potential,4/468,35/7427,0.114285714285714,1.81367521367521,1.25121260362568,0.176060612925665,0.762786358314968,0.710382394867705,KCNE1/CACNA1G/TBX18/CACNB2,4
GO:0006836,neurotransmitter transport,9/468,100/7427,0.09,1.42826923076923,1.11810028549081,0.17765479295085,0.768756810859092,0.715942673090441,SYT11/P2RX1/NAPB/STX11/PRRT2/SYT2/SYNJ1/SLC6A1/KCNJ10,9
GO:0015850,organic hydroxy compound transport,10/468,114/7427,0.087719298245614,1.39207527365422,1.09395907145667,0.180614889573147,0.780616235980175,0.726987347300241,SYK/SYT11/EEPD1/P2RX1/LCAT/CXCL12/NR1H3/ABCC3/CFTR/LIPC,10
GO:0006941,striated muscle contraction,8/468,87/7427,0.0919540229885057,1.45927890755477,1.11741649479555,0.180970506305667,0.781203993846187,0.727534725784281,PIK3CG/MYH3/KCNE1/SLC9A1/CACNA1G/SLC8A3/RYR3/CACNB2,8
GO:0044344,cellular response to fibroblast growth factor stimulus,5/468,48/7427,0.104166666666667,1.65308938746439,1.17712198455768,0.182790491872087,0.787054231055639,0.732983047551039,PRKD2/ZFP36/HYAL1/EGR3/LRIT3,5
GO:0002688,regulation of leukocyte chemotaxis,7/468,74/7427,0.0945945945945946,1.50118387618388,1.12358943850177,0.183432093771472,0.787054231055639,0.732983047551039,NCKAP1L/LGMN/LGALS9/BST1/CXCL12/TNFSF14/C5AR1,7
GO:0007286,spermatid development,7/468,74/7427,0.0945945945945946,1.50118387618388,1.12358943850177,0.183432093771472,0.787054231055639,0.732983047551039,CCDC159/JAM2/CCDC136/TSSK4/CFTR/GARIN1A/NUP210L,7
GO:0030048,actin filament-based movement,7/468,74/7427,0.0945945945945946,1.50118387618388,1.12358943850177,0.183432093771472,0.787054231055639,0.732983047551039,MYH3/WAS/KCNE1/SLC9A1/CACNA1G/SYNE2/CACNB2,7
GO:0030168,platelet activation,7/468,74/7427,0.0945945945945946,1.50118387618388,1.12358943850177,0.183432093771472,0.787054231055639,0.732983047551039,SYK/PIK3CG/EMILIN2/P2RX1/VWF/PLCG2/SELP,7
GO:0002292,T cell differentiation involved in immune response,6/468,61/7427,0.0983606557377049,1.56094997898277,1.14077547802922,0.184425910296424,0.789413914469773,0.735180619042178,BCL6/KMT2A/IRF4/NFKBID/LGALS9/TBX21,6
GO:0031644,regulation of nervous system process,6/468,61/7427,0.0983606557377049,1.56094997898277,1.14077547802922,0.184425910296424,0.789413914469773,0.735180619042178,EGR2/TNFRSF1B/GRIN2D/JAM2/RELN/SLC8A3,6
GO:0002886,regulation of myeloid leukocyte mediated immunity,4/468,36/7427,0.111111111111111,1.76329534662868,1.19047216311824,0.18892603157441,0.79653671378821,0.741814076999097,SYK/HLA-E/C3/LGALS9,4
GO:0021885,forebrain cell migration,4/468,36/7427,0.111111111111111,1.76329534662868,1.19047216311824,0.18892603157441,0.79653671378821,0.741814076999097,CXCL12/SYNE2/MDGA1/RELN,4
GO:0031343,positive regulation of cell killing,4/468,36/7427,0.111111111111111,1.76329534662868,1.19047216311824,0.18892603157441,0.79653671378821,0.741814076999097,HLA-E/CD1D/MR1/HLA-C,4
GO:0045765,regulation of angiogenesis,14/468,171/7427,0.0818713450292398,1.29927025541061,1.02669146852265,0.189423065507739,0.79653671378821,0.741814076999097,PML/PIK3CG/DLL1/EMILIN2/C3/PRKD2/PPP1R16B/GPNMB/GRN/C5AR1/TSPAN12/COL4A3/HYAL1/CXCR3,14
GO:0002335,mature B cell differentiation,3/468,24/7427,0.125,1.98370726495727,1.25168372594434,0.189842479108409,0.79653671378821,0.741814076999097,BCL6/DLL1/PLCG2,3
GO:0043372,"positive regulation of CD4-positive, alpha-beta T cell differentiation",3/468,24/7427,0.125,1.98370726495727,1.25168372594434,0.189842479108409,0.79653671378821,0.741814076999097,NCKAP1L/NFKBID/LGALS9,3
GO:0045071,negative regulation of viral genome replication,3/468,24/7427,0.125,1.98370726495727,1.25168372594434,0.189842479108409,0.79653671378821,0.741814076999097,SHFL/ZNFX1/APOBEC3F,3
GO:0048592,eye morphogenesis,7/468,75/7427,0.0933333333333333,1.48116809116809,1.08605465770017,0.192187332105931,0.79653671378821,0.741814076999097,PHACTR4/DLL1/RAB37/TSPAN12/WNT2/IMPG2/TMEM215,7
GO:1904018,positive regulation of vasculature development,9/468,102/7427,0.0882352941176471,1.40026395173454,1.05552793326488,0.192433572699792,0.79653671378821,0.741814076999097,DLL1/EMILIN2/C3/PRKD2/CXCL12/GRN/C5AR1/HYAL1/CXCR3,9
GO:0031640,killing of cells of another organism,5/468,49/7427,0.102040816326531,1.61935286935287,1.12796039059069,0.193830686039975,0.79653671378821,0.741814076999097,APOL1/C3/CXCL12/CFB/GNLY,5
GO:0072332,intrinsic apoptotic signaling pathway by p53 class mediator,5/468,49/7427,0.102040816326531,1.61935286935287,1.12796039059069,0.193830686039975,0.79653671378821,0.741814076999097,PML/CDKN1A/CDIP1/TIFAB/RPS27L,5
GO:0141061,disruption of cell in another organism,5/468,49/7427,0.102040816326531,1.61935286935287,1.12796039059069,0.193830686039975,0.79653671378821,0.741814076999097,APOL1/C3/CXCL12/CFB/GNLY,5
GO:0003333,amino acid transmembrane transport,6/468,62/7427,0.0967741935483871,1.53577336641853,1.09854428907774,0.194168277380731,0.79653671378821,0.741814076999097,SLC36A1/SLC38A10/UCP2/SLC6A1/KCNJ10/SLC47A1,6
GO:0048144,fibroblast proliferation,6/468,62/7427,0.0967741935483871,1.53577336641853,1.09854428907774,0.194168277380731,0.79653671378821,0.741814076999097,PML/CDKN1A/KMT2A/FBLN1/IFI30/WNT2,6
GO:0034612,response to tumor necrosis factor,11/468,130/7427,0.0846153846153846,1.34281722550953,1.02256075184106,0.195625571477217,0.79653671378821,0.741814076999097,TNFRSF14/SYK/TNFRSF1B/TNFRSF25/SNRNP70/SPPL2B/ZFP36/CEBPA/GCH1/ST18/HYAL1,11
GO:0002053,positive regulation of mesenchymal cell proliferation,2/468,13/7427,0.153846153846154,2.44148586456279,1.34890931590502,0.195719170045233,0.79653671378821,0.741814076999097,SHOX2/WNT2,2
GO:0002070,epithelial cell maturation,2/468,13/7427,0.153846153846154,2.44148586456279,1.34890931590502,0.195719170045233,0.79653671378821,0.741814076999097,KCNE1/CEBPA,2
GO:0002524,hypersensitivity,2/468,13/7427,0.153846153846154,2.44148586456279,1.34890931590502,0.195719170045233,0.79653671378821,0.741814076999097,HLA-E/C3,2
GO:0002643,regulation of tolerance induction,2/468,13/7427,0.153846153846154,2.44148586456279,1.34890931590502,0.195719170045233,0.79653671378821,0.741814076999097,PDCD1/HAVCR2,2
GO:0005980,glycogen catabolic process,2/468,13/7427,0.153846153846154,2.44148586456279,1.34890931590502,0.195719170045233,0.79653671378821,0.741814076999097,GABARAPL1/PYGM,2
GO:0008207,C21-steroid hormone metabolic process,2/468,13/7427,0.153846153846154,2.44148586456279,1.34890931590502,0.195719170045233,0.79653671378821,0.741814076999097,EGR1/CYP46A1,2
GO:0009251,glucan catabolic process,2/468,13/7427,0.153846153846154,2.44148586456279,1.34890931590502,0.195719170045233,0.79653671378821,0.741814076999097,GABARAPL1/PYGM,2
GO:0010224,response to UV-B,2/468,13/7427,0.153846153846154,2.44148586456279,1.34890931590502,0.195719170045233,0.79653671378821,0.741814076999097,CDKN1A/HYAL1,2
GO:0019432,triglyceride biosynthetic process,2/468,13/7427,0.153846153846154,2.44148586456279,1.34890931590502,0.195719170045233,0.79653671378821,0.741814076999097,C3/NR1H3,2
GO:0031643,positive regulation of myelination,2/468,13/7427,0.153846153846154,2.44148586456279,1.34890931590502,0.195719170045233,0.79653671378821,0.741814076999097,EGR2/TNFRSF1B,2
GO:0032410,negative regulation of transporter activity,2/468,13/7427,0.153846153846154,2.44148586456279,1.34890931590502,0.195719170045233,0.79653671378821,0.741814076999097,KCNE1/TLR9,2
GO:0033630,positive regulation of cell adhesion mediated by integrin,2/468,13/7427,0.153846153846154,2.44148586456279,1.34890931590502,0.195719170045233,0.79653671378821,0.741814076999097,SYK/NCKAP1L,2
GO:0034368,protein-lipid complex remodeling,2/468,13/7427,0.153846153846154,2.44148586456279,1.34890931590502,0.195719170045233,0.79653671378821,0.741814076999097,LCAT/LIPC,2
GO:0034369,plasma lipoprotein particle remodeling,2/468,13/7427,0.153846153846154,2.44148586456279,1.34890931590502,0.195719170045233,0.79653671378821,0.741814076999097,LCAT/LIPC,2
GO:0043011,myeloid dendritic cell differentiation,2/468,13/7427,0.153846153846154,2.44148586456279,1.34890931590502,0.195719170045233,0.79653671378821,0.741814076999097,IRF4/BATF3,2
GO:0045064,T-helper 2 cell differentiation,2/468,13/7427,0.153846153846154,2.44148586456279,1.34890931590502,0.195719170045233,0.79653671378821,0.741814076999097,BCL6/KMT2A,2
GO:0045472,response to ether,2/468,13/7427,0.153846153846154,2.44148586456279,1.34890931590502,0.195719170045233,0.79653671378821,0.741814076999097,CD4/ZNF683,2
GO:0045623,negative regulation of T-helper cell differentiation,2/468,13/7427,0.153846153846154,2.44148586456279,1.34890931590502,0.195719170045233,0.79653671378821,0.741814076999097,BCL6/TBX21,2
GO:0045655,regulation of monocyte differentiation,2/468,13/7427,0.153846153846154,2.44148586456279,1.34890931590502,0.195719170045233,0.79653671378821,0.741814076999097,INPP5D/CD4,2
GO:0050855,regulation of B cell receptor signaling pathway,2/468,13/7427,0.153846153846154,2.44148586456279,1.34890931590502,0.195719170045233,0.79653671378821,0.741814076999097,NFAM1/PRKCH,2
GO:0060147,regulation of post-transcriptional gene silencing,2/468,13/7427,0.153846153846154,2.44148586456279,1.34890931590502,0.195719170045233,0.79653671378821,0.741814076999097,ZSWIM8/ZFP36,2
GO:0060340,positive regulation of type I interferon-mediated signaling pathway,2/468,13/7427,0.153846153846154,2.44148586456279,1.34890931590502,0.195719170045233,0.79653671378821,0.741814076999097,STING1/TRIM56,2
GO:0060966,regulation of gene silencing by regulatory ncRNA,2/468,13/7427,0.153846153846154,2.44148586456279,1.34890931590502,0.195719170045233,0.79653671378821,0.741814076999097,ZSWIM8/ZFP36,2
GO:0071318,cellular response to ATP,2/468,13/7427,0.153846153846154,2.44148586456279,1.34890931590502,0.195719170045233,0.79653671378821,0.741814076999097,P2RY11/RYR3,2
GO:0150105,protein localization to cell-cell junction,2/468,13/7427,0.153846153846154,2.44148586456279,1.34890931590502,0.195719170045233,0.79653671378821,0.741814076999097,ARHGEF18/CGNL1,2
GO:1903779,regulation of cardiac conduction,2/468,13/7427,0.153846153846154,2.44148586456279,1.34890931590502,0.195719170045233,0.79653671378821,0.741814076999097,TBX5/SLC8A3,2
GO:2000279,negative regulation of DNA biosynthetic process,2/468,13/7427,0.153846153846154,2.44148586456279,1.34890931590502,0.195719170045233,0.79653671378821,0.741814076999097,PML/CDKN1A,2
GO:2001044,regulation of integrin-mediated signaling pathway,2/468,13/7427,0.153846153846154,2.44148586456279,1.34890931590502,0.195719170045233,0.79653671378821,0.741814076999097,PHACTR4/BST1,2
GO:0050921,positive regulation of chemotaxis,8/468,89/7427,0.0898876404494382,1.42648612311534,1.04963435068263,0.197055688012712,0.800145071074449,0.745174537582319,NCKAP1L/LGMN/PRKD2/LGALS9/CXCL12/TNFSF14/C5AR1/CXCR3,8
GO:0070374,positive regulation of ERK1 and ERK2 cascade,8/468,89/7427,0.0898876404494382,1.42648612311534,1.04963435068263,0.197055688012712,0.800145071074449,0.745174537582319,CD4/PRKD2/LGALS9/GPNMB/C5AR1/HAVCR2/FFAR4/GLIPR2,8
GO:0014706,striated muscle tissue development,15/468,187/7427,0.0802139037433155,1.27296722884958,0.980367739609778,0.199788454238537,0.810316455788455,0.75464714095742,EGR2/SHOX2/DLL1/MSC/MYH11/EGR1/SLC9A1/MYOM1/CACNA1G/CYP26B1/MEOX2/TBX18/TBX5/BMAL1/WNT2,15
GO:0030218,erythrocyte differentiation,7/468,76/7427,0.0921052631578947,1.46167903733693,1.04906094996585,0.20110716867255,0.813120259534861,0.75725832139923,INPP5D/BCL6/MAFB/NCKAP1L/IKZF1/ZFP36/CDK5RAP3,7
GO:0050806,positive regulation of synaptic transmission,7/468,76/7427,0.0921052631578947,1.46167903733693,1.04906094996585,0.20110716867255,0.813120259534861,0.75725832139923,GRIA3/LGMN/GRIN2D/RELN/AKAP5/CYP46A1/SLC8A3,7
GO:0003015,heart process,10/468,117/7427,0.0854700854700855,1.35638103586822,1.00757134767719,0.201660436576974,0.813120259534861,0.75725832139923,SHOX2/PIK3CG/KCNE1/SLC9A1/CACNA1G/TBX18/TBX5/GCH1/SLC8A3/CACNB2,10
GO:0031032,actomyosin structure organization,10/468,117/7427,0.0854700854700855,1.35638103586822,1.00757134767719,0.201660436576974,0.813120259534861,0.75725832139923,MYH3/MYH11/WAS/CAPN3/SLC9A1/ARHGAP6/MYOM1/ARHGEF18/CGNL1/PDLIM1,10
GO:0045600,positive regulation of fat cell differentiation,4/468,37/7427,0.108108108108108,1.71563871563872,1.13161696886015,0.202079929555473,0.813120259534861,0.75725832139923,ZFP36/CEBPA/FFAR4/FNDC5,4
GO:0060760,positive regulation of response to cytokine stimulus,4/468,37/7427,0.108108108108108,1.71563871563872,1.13161696886015,0.202079929555473,0.813120259534861,0.75725832139923,STING1/TRIM56/GFI1/CD300LF,4
GO:0071277,cellular response to calcium ion,4/468,37/7427,0.108108108108108,1.71563871563872,1.13161696886015,0.202079929555473,0.813120259534861,0.75725832139923,LGMN/CAPN3/PLCG2/RYR3,4
GO:0043123,positive regulation of canonical NF-kappaB signal transduction,11/468,131/7427,0.083969465648855,1.3325667123377,0.995861615040165,0.202364210864651,0.813344065588208,0.757466751818087,APOL3/TRIM38/CD4/LGALS9/TIFAB/TLR9/TNFSF14/PLCG2/CASP7/UNC5CL/CLEC7A,11
GO:0046165,alcohol biosynthetic process,6/468,63/7427,0.0952380952380952,1.51139601139601,1.05705528518674,0.204100500005387,0.819396702617565,0.763103568393673,PTAFR/MOXD1/PLCG2/GCH1/CFTR/HMGCS2,6
GO:0007266,Rho protein signal transduction,8/468,90/7427,0.0888888888888889,1.41063627730294,1.01635701723117,0.205311917043604,0.820097378207631,0.763756107074091,DOCK8/BCL6/PHACTR4/WAS/ARHGAP6/ARHGEF18/FLCN/VANGL2,8
GO:0009268,response to pH,3/468,25/7427,0.12,1.90435897435897,1.17452779119211,0.206350057209961,0.820097378207631,0.763756107074091,LGMN/SLC9A1/HYAL1,3
GO:0032620,interleukin-17 production,3/468,25/7427,0.12,1.90435897435897,1.17452779119211,0.206350057209961,0.820097378207631,0.763756107074091,VSIR/TYK2/NCKAP1L,3
GO:0032660,regulation of interleukin-17 production,3/468,25/7427,0.12,1.90435897435897,1.17452779119211,0.206350057209961,0.820097378207631,0.763756107074091,VSIR/TYK2/NCKAP1L,3
GO:0033628,regulation of cell adhesion mediated by integrin,3/468,25/7427,0.12,1.90435897435897,1.17452779119211,0.206350057209961,0.820097378207631,0.763756107074091,SYK/PIK3CG/NCKAP1L,3
GO:0043277,apoptotic cell clearance,3/468,25/7427,0.12,1.90435897435897,1.17452779119211,0.206350057209961,0.820097378207631,0.763756107074091,C3/NR1H3/CD300LF,3
GO:0046173,polyol biosynthetic process,3/468,25/7427,0.12,1.90435897435897,1.17452779119211,0.206350057209961,0.820097378207631,0.763756107074091,PTAFR/PLCG2/GCH1,3
GO:0050691,regulation of defense response to virus by host,3/468,25/7427,0.12,1.90435897435897,1.17452779119211,0.206350057209961,0.820097378207631,0.763756107074091,STING1/PML/APOBEC3F,3
GO:1904861,excitatory synapse assembly,3/468,25/7427,0.12,1.90435897435897,1.17452779119211,0.206350057209961,0.820097378207631,0.763756107074091,RELN/CSMD2/LRRC4B,3
GO:0006650,glycerophospholipid metabolic process,12/468,146/7427,0.0821917808219178,1.30435546188971,0.963139053393708,0.208866151309945,0.824994378195367,0.768316679691881,INPP5D/PIK3CG/TMEM86B/TTC7A/LCAT/PLA2G4C/PLCG2/NR1H3/ABHD6/SYNJ1/LIPC/ATG14,12
GO:0042594,response to starvation,10/468,118/7427,0.0847457627118644,1.34488628132696,0.979298125155072,0.208900582715733,0.824994378195367,0.768316679691881,CDKN1A/SZT2/GABARAPL1/PRKCH/FLCN/UCP2/ZFP36/HFE/ATG14/HMGCS2,10
GO:0048562,embryonic organ morphogenesis,11/468,132/7427,0.0833333333333333,1.32247150997151,0.969376862121486,0.20920279067625,0.824994378195367,0.768316679691881,SHOX2/PHACTR4/DLL1/MAFB/HOXA4/TIFAB/CDH23/WHRN/TBX18/VANGL2/HYAL1,11
GO:0031960,response to corticosteroid,7/468,77/7427,0.0909090909090909,1.44269619269619,1.01259192728556,0.210184229557842,0.824994378195367,0.768316679691881,LCAT/ALPL/UCP2/ZFP36/CEBPA/HMGCS2/GPR83,7
GO:0045598,regulation of fat cell differentiation,7/468,77/7427,0.0909090909090909,1.44269619269619,1.01259192728556,0.210184229557842,0.824994378195367,0.768316679691881,GNB3/FLCN/ZFP36/CEBPA/BMAL1/FFAR4/FNDC5,7
GO:0071675,regulation of mononuclear cell migration,8/468,91/7427,0.0879120879120879,1.39513477975016,0.983474884311521,0.213703166929214,0.824994378195367,0.768316679691881,DOCK8/TNFRSF14/LGMN/LGALS9/JAM2/CXCL12/TNFSF14/C5AR1,8
GO:0040008,regulation of growth,22/468,291/7427,0.0756013745704467,1.19976796780921,0.901512818342698,0.214187192099832,0.824994378195367,0.768316679691881,BCL6/PML/TSPYL2/CDKN1A/DLL1/COLQ/LGMN/CAPN3/SEMA6D/SLC9A1/CXCL12/PPP1R9B/GRN/CDK11A/RGMA/PTCH2/SYT2/TBX5/GDF5/FBP1/WNT2/HYAL1,22
GO:0060627,regulation of vesicle-mediated transport,22/468,291/7427,0.0756013745704467,1.19976796780921,0.901512818342698,0.214187192099832,0.824994378195367,0.768316679691881,SYK/SYT11/SIRPA/DLL1/P2RX1/DOCK2/NCKAP1L/C3/LGALS9/HCK/PRRT2/PLCG2/RAB2B/NR1H3/CD300LF/SYT2/RAB37/AKAP5/CFTR/HFE/CD14/CLEC7A,22
GO:0001508,action potential,6/468,64/7427,0.09375,1.48778044871795,1.01628135127569,0.214212106878969,0.824994378195367,0.768316679691881,P2RX1/KCNE1/SLC9A1/CACNA1G/TBX18/CACNB2,6
GO:0060078,regulation of postsynaptic membrane potential,6/468,64/7427,0.09375,1.48778044871795,1.01628135127569,0.214212106878969,0.824994378195367,0.768316679691881,GRIA3/P2RX1/GRIN2D/RELN/GRIN3A/SLC8A3,6
GO:0006805,xenobiotic metabolic process,4/468,38/7427,0.105263157894737,1.67049032838507,1.07452979783178,0.215495690935808,0.824994378195367,0.768316679691881,SLC28A3/CYP26B1/ABCC3/CYP46A1,4
GO:0006809,nitric oxide biosynthetic process,4/468,38/7427,0.105263157894737,1.67049032838507,1.07452979783178,0.215495690935808,0.824994378195367,0.768316679691881,SIRPA/TLR5/GCH1/CLEC7A,4
GO:0030239,myofibril assembly,4/468,38/7427,0.105263157894737,1.67049032838507,1.07452979783178,0.215495690935808,0.824994378195367,0.768316679691881,MYH3/MYH11/CAPN3/MYOM1,4
GO:0051899,membrane depolarization,4/468,38/7427,0.105263157894737,1.67049032838507,1.07452979783178,0.215495690935808,0.824994378195367,0.768316679691881,KMT2A/CACNA1G/TBX5/CACNB2,4
GO:0099024,plasma membrane invagination,4/468,38/7427,0.105263157894737,1.67049032838507,1.07452979783178,0.215495690935808,0.824994378195367,0.768316679691881,ELMO1/NCKAP1L/C3/PLCG2,4
GO:1903051,negative regulation of proteolysis involved in protein catabolic process,4/468,38/7427,0.105263157894737,1.67049032838507,1.07452979783178,0.215495690935808,0.824994378195367,0.768316679691881,PML/MAP1A/LAMP3/HFE,4
GO:0060759,regulation of response to cytokine stimulus,9/468,105/7427,0.0857142857142857,1.36025641025641,0.964092013530385,0.215547486345644,0.824994378195367,0.768316679691881,STING1/STAT2/TRIM56/SYK/GFI1/SPPL2B/SAMHD1/NR1H3/CD300LF,9
GO:0071774,response to fibroblast growth factor,5/468,51/7427,0.0980392156862745,1.5558488352606,1.03290008871925,0.21657607642681,0.824994378195367,0.768316679691881,PRKD2/ZFP36/HYAL1/EGR3/LRIT3,5
GO:0141060,disruption of anatomical structure in another organism,5/468,51/7427,0.0980392156862745,1.5558488352606,1.03290008871925,0.21657607642681,0.824994378195367,0.768316679691881,APOL1/C3/CXCL12/CFB/GNLY,5
GO:0051493,regulation of cytoskeleton organization,21/468,277/7427,0.075812274368231,1.20311487549755,0.893419804551362,0.217145830685911,0.824994378195367,0.768316679691881,VILL/PDE4DIP/ARAP3/NCKAP1L/WAS/LIMA1/SLC9A1/PLEKHG2/ARHGAP6/BST1/HCK/ARHGEF18/CXCL12/CGNL1/MAP1A/VANGL2/GBA2/DAAM2/MAP6/CENATAC/ANKRD53,21
GO:0000272,polysaccharide catabolic process,2/468,14/7427,0.142857142857143,2.26709401709402,1.23056012691708,0.219372020004905,0.824994378195367,0.768316679691881,GABARAPL1/PYGM,2
GO:0002407,dendritic cell chemotaxis,2/468,14/7427,0.142857142857143,2.26709401709402,1.23056012691708,0.219372020004905,0.824994378195367,0.768316679691881,PIK3CG/LGALS9,2
GO:0002433,immune response-regulating cell surface receptor signaling pathway involved in phagocytosis,2/468,14/7427,0.142857142857143,2.26709401709402,1.23056012691708,0.219372020004905,0.824994378195367,0.768316679691881,SYK/HCK,2
GO:0006907,pinocytosis,2/468,14/7427,0.142857142857143,2.26709401709402,1.23056012691708,0.219372020004905,0.824994378195367,0.768316679691881,DOCK2/NR1H3,2
GO:0006958,"complement activation, classical pathway",2/468,14/7427,0.142857142857143,2.26709401709402,1.23056012691708,0.219372020004905,0.824994378195367,0.768316679691881,C3/CFI,2
GO:0010092,specification of animal organ identity,2/468,14/7427,0.142857142857143,2.26709401709402,1.23056012691708,0.219372020004905,0.824994378195367,0.768316679691881,POU5F1/WNT2,2
GO:0017158,regulation of calcium ion-dependent exocytosis,2/468,14/7427,0.142857142857143,2.26709401709402,1.23056012691708,0.219372020004905,0.824994378195367,0.768316679691881,SYT11/SYT2,2
GO:0019886,antigen processing and presentation of exogenous peptide antigen via MHC class II,2/468,14/7427,0.142857142857143,2.26709401709402,1.23056012691708,0.219372020004905,0.824994378195367,0.768316679691881,LGMN/IFI30,2
GO:0021697,cerebellar cortex formation,2/468,14/7427,0.142857142857143,2.26709401709402,1.23056012691708,0.219372020004905,0.824994378195367,0.768316679691881,DLL1/WHRN,2
GO:0032350,regulation of hormone metabolic process,2/468,14/7427,0.142857142857143,2.26709401709402,1.23056012691708,0.219372020004905,0.824994378195367,0.768316679691881,GNB3/EGR1,2
GO:0032682,negative regulation of chemokine production,2/468,14/7427,0.142857142857143,2.26709401709402,1.23056012691708,0.219372020004905,0.824994378195367,0.768316679691881,SIRPA/LGALS9,2
GO:0032928,regulation of superoxide anion generation,2/468,14/7427,0.142857142857143,2.26709401709402,1.23056012691708,0.219372020004905,0.824994378195367,0.768316679691881,SYK/CLEC7A,2
GO:0032930,positive regulation of superoxide anion generation,2/468,14/7427,0.142857142857143,2.26709401709402,1.23056012691708,0.219372020004905,0.824994378195367,0.768316679691881,SYK/CLEC7A,2
GO:0033233,regulation of protein sumoylation,2/468,14/7427,0.142857142857143,2.26709401709402,1.23056012691708,0.219372020004905,0.824994378195367,0.768316679691881,CAPN3/EGR1,2
GO:0034122,negative regulation of toll-like receptor signaling pathway,2/468,14/7427,0.142857142857143,2.26709401709402,1.23056012691708,0.219372020004905,0.824994378195367,0.768316679691881,IRF4/CD300LF,2
GO:0034755,iron ion transmembrane transport,2/468,14/7427,0.142857142857143,2.26709401709402,1.23056012691708,0.219372020004905,0.824994378195367,0.768316679691881,HEPH/ISCU,2
GO:0038096,Fc-gamma receptor signaling pathway involved in phagocytosis,2/468,14/7427,0.142857142857143,2.26709401709402,1.23056012691708,0.219372020004905,0.824994378195367,0.768316679691881,SYK/HCK,2
GO:0045494,photoreceptor cell maintenance,2/468,14/7427,0.142857142857143,2.26709401709402,1.23056012691708,0.219372020004905,0.824994378195367,0.768316679691881,CDH23/RP1L1,2
GO:0045777,positive regulation of blood pressure,2/468,14/7427,0.142857142857143,2.26709401709402,1.23056012691708,0.219372020004905,0.824994378195367,0.768316679691881,GRIP2/AVPR2,2
GO:0048015,phosphatidylinositol-mediated signaling,2/468,14/7427,0.142857142857143,2.26709401709402,1.23056012691708,0.219372020004905,0.824994378195367,0.768316679691881,PIK3CG/PLCG2,2
GO:0050974,detection of mechanical stimulus involved in sensory perception,2/468,14/7427,0.142857142857143,2.26709401709402,1.23056012691708,0.219372020004905,0.824994378195367,0.768316679691881,CXCL12/WHRN,2
GO:0051155,positive regulation of striated muscle cell differentiation,2/468,14/7427,0.142857142857143,2.26709401709402,1.23056012691708,0.219372020004905,0.824994378195367,0.768316679691881,SHOX2/CYP26B1,2
GO:0060416,response to growth hormone,2/468,14/7427,0.142857142857143,2.26709401709402,1.23056012691708,0.219372020004905,0.824994378195367,0.768316679691881,TYK2/HMGCS2,2
GO:0060421,positive regulation of heart growth,2/468,14/7427,0.142857142857143,2.26709401709402,1.23056012691708,0.219372020004905,0.824994378195367,0.768316679691881,TBX5/WNT2,2
GO:0090023,positive regulation of neutrophil chemotaxis,2/468,14/7427,0.142857142857143,2.26709401709402,1.23056012691708,0.219372020004905,0.824994378195367,0.768316679691881,NCKAP1L/C5AR1,2
GO:0090313,regulation of protein targeting to membrane,2/468,14/7427,0.142857142857143,2.26709401709402,1.23056012691708,0.219372020004905,0.824994378195367,0.768316679691881,KCNE1/STOM,2
GO:1903170,negative regulation of calcium ion transmembrane transport,2/468,14/7427,0.142857142857143,2.26709401709402,1.23056012691708,0.219372020004905,0.824994378195367,0.768316679691881,TLR9/UCP2,2
GO:1903306,negative regulation of regulated secretory pathway,2/468,14/7427,0.142857142857143,2.26709401709402,1.23056012691708,0.219372020004905,0.824994378195367,0.768316679691881,NCKAP1L/LGALS9,2
GO:1903579,negative regulation of ATP metabolic process,2/468,14/7427,0.142857142857143,2.26709401709402,1.23056012691708,0.219372020004905,0.824994378195367,0.768316679691881,FLCN/FBP1,2
GO:2001026,regulation of endothelial cell chemotaxis,2/468,14/7427,0.142857142857143,2.26709401709402,1.23056012691708,0.219372020004905,0.824994378195367,0.768316679691881,LGMN/PRKD2,2
GO:0035051,cardiocyte differentiation,7/468,78/7427,0.0897435897435897,1.42420008766163,0.976631914969513,0.219410931057862,0.824994378195367,0.768316679691881,SHOX2/DLL1/MYH11/SLC9A1/POU5F1/TBX18/TBX5,7
GO:0007610,behavior,23/468,307/7427,0.0749185667752443,1.1889320415379,0.876721766730406,0.220391114060559,0.827804849750167,0.770934069858922,EGR2/SYT11/PDE1B/P2RX1/KMT2A/LGMN/EGR1/TIFAB/GRIN2D/CXCL12/PPP1R9B/GRN/RELN/CDH23/MAP1A/SYNJ1/CEBPA/SLC6A1/SLC8A3/KCNJ10/ASIP/SLC24A4/GPR83,23
GO:0030099,myeloid cell differentiation,19/468,249/7427,0.0763052208835341,1.21093776816668,0.877969186273035,0.223084604952703,0.833824620397956,0.776540277996646,INPP5D/BCL6/PML/DLL1/MAFB/PDE1B/NCKAP1L/IKZF1/IRF4/CD4/TIFAB/UCP2/ZFP36/TMEM178A/CEBPA/BATF3/CDK5RAP3/MPL/CD101,19
GO:0048168,regulation of neuronal synaptic plasticity,3/468,26/7427,0.115384615384615,1.83111439842209,1.10085281884333,0.223165880972408,0.833824620397956,0.776540277996646,KMT2A/GRIN2D/KCNJ10,3
GO:0060391,positive regulation of SMAD protein signal transduction,3/468,26/7427,0.115384615384615,1.83111439842209,1.10085281884333,0.223165880972408,0.833824620397956,0.776540277996646,SH2B1/GDF5/HFE,3
GO:1902622,regulation of neutrophil migration,3/468,26/7427,0.115384615384615,1.83111439842209,1.10085281884333,0.223165880972408,0.833824620397956,0.776540277996646,NCKAP1L/BST1/C5AR1,3
GO:2000008,regulation of protein localization to cell surface,3/468,26/7427,0.115384615384615,1.83111439842209,1.10085281884333,0.223165880972408,0.833824620397956,0.776540277996646,MAP1A/TMEM35A/HFE,3
GO:0043161,proteasome-mediated ubiquitin-dependent protein catabolic process,20/468,264/7427,0.0757575757575758,1.20224682724683,0.867687190155319,0.225125726068457,0.840264645986886,0.782537869263197,PML/TRIM38/KLHL6/KLHL3/SYVN1/ZSWIM8/FLCN/TBX21/RELN/MAP1A/RNF122/FBXO48/RFPL1/CEBPA/BMAL1/HFE/NLRP4/VHL/PSMB10/ZNF418,20
GO:0050804,modulation of chemical synaptic transmission,18/468,235/7427,0.0765957446808511,1.21554828150573,0.870724244653807,0.226047436204621,0.841937937779933,0.784096204724102,LZTS1/SYT11/GRIA3/P2RX1/KMT2A/PLPPR4/LGMN/GRIN2D/PRRT2/RELN/ABHD6/MAP1A/GRIN3A/SYT2/AKAP5/CYP46A1/SLC8A3/KCNJ10,18
GO:0099177,regulation of trans-synaptic signaling,18/468,235/7427,0.0765957446808511,1.21554828150573,0.870724244653807,0.226047436204621,0.841937937779933,0.784096204724102,LZTS1/SYT11/GRIA3/P2RX1/KMT2A/PLPPR4/LGMN/GRIN2D/PRRT2/RELN/ABHD6/MAP1A/GRIN3A/SYT2/AKAP5/CYP46A1/SLC8A3/KCNJ10,18
GO:0002312,B cell activation involved in immune response,5/468,52/7427,0.0961538461538462,1.52592866535174,0.986903030530303,0.228249373627937,0.845513317434156,0.787425953262,BCL6/DLL1/CD28/TBX21/PLCG2,5
GO:0045638,negative regulation of myeloid cell differentiation,5/468,52/7427,0.0961538461538462,1.52592866535174,0.986903030530303,0.228249373627937,0.845513317434156,0.787425953262,INPP5D/DLL1/MAFB/ZFP36/TMEM178A,5
GO:0090398,cellular senescence,5/468,52/7427,0.0961538461538462,1.52592866535174,0.986903030530303,0.228249373627937,0.845513317434156,0.787425953262,BCL6/PML/CDKN1A/BMAL1/PRELP,5
GO:0048515,spermatid differentiation,7/468,79/7427,0.0886075949367089,1.40617223845072,0.941165911666723,0.228779504549923,0.845513317434156,0.787425953262,CCDC159/JAM2/CCDC136/TSSK4/CFTR/GARIN1A/NUP210L,7
GO:0055002,striated muscle cell development,7/468,79/7427,0.0886075949367089,1.40617223845072,0.941165911666723,0.228779504549923,0.845513317434156,0.787425953262,SHOX2/MYH3/MYH11/CAPN3/MYOM1/TBX18/TBX5,7
GO:0016445,somatic diversification of immunoglobulins,4/468,39/7427,0.102564102564103,1.62765724304186,1.01910371728694,0.229146707339479,0.845513317434156,0.787425953262,BCL6/CD28/SAMHD1/TBX21,4
GO:0051453,regulation of intracellular pH,4/468,39/7427,0.102564102564103,1.62765724304186,1.01910371728694,0.229146707339479,0.845513317434156,0.787425953262,TMEM175/SLC9A1/GRN/CFTR,4
GO:0098869,cellular oxidant detoxification,4/468,39/7427,0.102564102564103,1.62765724304186,1.01910371728694,0.229146707339479,0.845513317434156,0.787425953262,SOD3/IPCEF1/CP/GCH1,4
GO:1903036,positive regulation of response to wounding,4/468,39/7427,0.102564102564103,1.62765724304186,1.01910371728694,0.229146707339479,0.845513317434156,0.787425953262,EMILIN2/GRN/USF1/CLEC7A,4
GO:0007565,female pregnancy,8/468,93/7427,0.0860215053763441,1.36513188126091,0.918856637677102,0.230867512787909,0.850980044545692,0.792517112346387,APOL2/PNOC/LGALS9/IL11RA/GRN/COL16A1/FBLN1/HAVCR2,8
GO:0045017,glycerolipid biosynthetic process,10/468,121/7427,0.0826446280991736,1.31154199336018,0.895976102508825,0.231246238438978,0.851493654376238,0.792995436817549,INPP5D/PIK3CG/TTC7A/LCAT/C3/PLA2G4C/PLCG2/NR1H3/SYNJ1/ATG14,10
GO:0048738,cardiac muscle tissue development,9/468,107/7427,0.0841121495327103,1.33483105679367,0.904667654085427,0.231535974220773,0.851678862774861,0.793167921267919,SHOX2/DLL1/MSC/MYH11/SLC9A1/CACNA1G/TBX18/TBX5/WNT2,9
GO:0006661,phosphatidylinositol biosynthetic process,6/468,66/7427,0.0909090909090909,1.44269619269619,0.936777231462363,0.234930479961991,0.859201179347519,0.800173449360532,INPP5D/PIK3CG/TTC7A/PLCG2/SYNJ1/ATG14,6
GO:0008630,intrinsic apoptotic signaling pathway in response to DNA damage,6/468,66/7427,0.0909090909090909,1.44269619269619,0.936777231462363,0.234930479961991,0.859201179347519,0.800173449360532,PML/TNFRSF1B/CDKN1A/CDIP1/CXCL12/RPS27L,6
GO:0010927,cellular component assembly involved in morphogenesis,6/468,66/7427,0.0909090909090909,1.44269619269619,0.936777231462363,0.234930479961991,0.859201179347519,0.800173449360532,MYH3/MYH11/CAPN3/MYOM1/CCDC136/GARIN1A,6
GO:0032989,cellular anatomical entity morphogenesis,6/468,66/7427,0.0909090909090909,1.44269619269619,0.936777231462363,0.234930479961991,0.859201179347519,0.800173449360532,MYH3/MYH11/CAPN3/MYOM1/CCDC136/GARIN1A,6
GO:0032535,regulation of cellular component size,14/468,179/7427,0.0782122905027933,1.24120231103471,0.847082809752004,0.237503100680666,0.859201179347519,0.800173449360532,DNM1/VILL/NCKAP1L/WAS/GNB3/SEMA6D/LIMA1/PLEKHG2/HCK/CXCL12/WDTC1/RGMA/GBA2/DAAM2,14
GO:0090066,regulation of anatomical structure size,19/468,252/7427,0.0753968253968254,1.19652184235518,0.823051717155076,0.238806603952935,0.859201179347519,0.800173449360532,DNM1/VILL/P2RX1/NCKAP1L/SCPEP1/WAS/HRH2/GNB3/SEMA6D/LIMA1/PLEKHG2/HCK/CXCL12/WDTC1/RGMA/GBA2/DAAM2/GRIP2/AVPR2,19
GO:0045444,fat cell differentiation,10/468,122/7427,0.0819672131147541,1.3007916491523,0.868685476740411,0.238890629815745,0.859201179347519,0.800173449360532,EGR2/MAFB/GNB3/STEAP4/FLCN/ZFP36/CEBPA/BMAL1/FFAR4/FNDC5,10
GO:1990266,neutrophil migration,5/468,53/7427,0.0943396226415094,1.49713755845831,0.941867744092387,0.240101529484484,0.859201179347519,0.800173449360532,SYK/PIK3CG/NCKAP1L/BST1/C5AR1,5
GO:0009988,cell-cell recognition,3/468,27/7427,0.111111111111111,1.76329534662868,1.03035199824515,0.24023845221292,0.859201179347519,0.800173449360532,DOCK8/DOCK2/HAVCR2,3
GO:0010543,regulation of platelet activation,3/468,27/7427,0.111111111111111,1.76329534662868,1.03035199824515,0.24023845221292,0.859201179347519,0.800173449360532,SYK/EMILIN2/SELP,3
GO:0042092,type 2 immune response,3/468,27/7427,0.111111111111111,1.76329534662868,1.03035199824515,0.24023845221292,0.859201179347519,0.800173449360532,BCL6/KMT2A/TBX21,3
GO:0048645,animal organ formation,3/468,27/7427,0.111111111111111,1.76329534662868,1.03035199824515,0.24023845221292,0.859201179347519,0.800173449360532,POU5F1/TBX5/WNT2,3
GO:0060042,retina morphogenesis in camera-type eye,3/468,27/7427,0.111111111111111,1.76329534662868,1.03035199824515,0.24023845221292,0.859201179347519,0.800173449360532,DLL1/TSPAN12/IMPG2,3
GO:0097106,postsynaptic density organization,3/468,27/7427,0.111111111111111,1.76329534662868,1.03035199824515,0.24023845221292,0.859201179347519,0.800173449360532,RELN/CSMD2/LRRC4B,3
GO:0030166,proteoglycan biosynthetic process,4/468,40/7427,0.1,1.58696581196581,0.965240938486811,0.243006517036817,0.859201179347519,0.800173449360532,GAL3ST4/VANGL2/CHST13/HS3ST2,4
GO:0042310,vasoconstriction,4/468,40/7427,0.1,1.58696581196581,0.965240938486811,0.243006517036817,0.859201179347519,0.800173449360532,P2RX1/HRH2/GRIP2/AVPR2,4
GO:0002888,positive regulation of myeloid leukocyte mediated immunity,2/468,15/7427,0.133333333333333,2.11595441595442,1.12189279786325,0.243243066517557,0.859201179347519,0.800173449360532,HLA-E/C3,2
GO:0003323,type B pancreatic cell development,2/468,15/7427,0.133333333333333,2.11595441595442,1.12189279786325,0.243243066517557,0.859201179347519,0.800173449360532,DLL1/BMAL1,2
GO:0007617,mating behavior,2/468,15/7427,0.133333333333333,2.11595441595442,1.12189279786325,0.243243066517557,0.859201179347519,0.800173449360532,P2RX1/PPP1R9B,2
GO:0016486,peptide hormone processing,2/468,15/7427,0.133333333333333,2.11595441595442,1.12189279786325,0.243243066517557,0.859201179347519,0.800173449360532,MEP1A/PCSK1,2
GO:0019083,viral transcription,2/468,15/7427,0.133333333333333,2.11595441595442,1.12189279786325,0.243243066517557,0.859201179347519,0.800173449360532,ZFP36/USF1,2
GO:0030194,positive regulation of blood coagulation,2/468,15/7427,0.133333333333333,2.11595441595442,1.12189279786325,0.243243066517557,0.859201179347519,0.800173449360532,EMILIN2/USF1,2
GO:0032691,negative regulation of interleukin-1 beta production,2/468,15/7427,0.133333333333333,2.11595441595442,1.12189279786325,0.243243066517557,0.859201179347519,0.800173449360532,PML/FFAR4,2
GO:0034367,protein-containing complex remodeling,2/468,15/7427,0.133333333333333,2.11595441595442,1.12189279786325,0.243243066517557,0.859201179347519,0.800173449360532,LCAT/LIPC,2
GO:0035640,exploration behavior,2/468,15/7427,0.133333333333333,2.11595441595442,1.12189279786325,0.243243066517557,0.859201179347519,0.800173449360532,KMT2A/GRN,2
GO:0043555,regulation of translation in response to stress,2/468,15/7427,0.133333333333333,2.11595441595442,1.12189279786325,0.243243066517557,0.859201179347519,0.800173449360532,PML/PRKCH,2
GO:0044346,fibroblast apoptotic process,2/468,15/7427,0.133333333333333,2.11595441595442,1.12189279786325,0.243243066517557,0.859201179347519,0.800173449360532,PIK3CG/CASP7,2
GO:0045830,positive regulation of isotype switching,2/468,15/7427,0.133333333333333,2.11595441595442,1.12189279786325,0.243243066517557,0.859201179347519,0.800173449360532,CD28/TBX21,2
GO:0046475,glycerophospholipid catabolic process,2/468,15/7427,0.133333333333333,2.11595441595442,1.12189279786325,0.243243066517557,0.859201179347519,0.800173449360532,PLA2G4C/LIPC,2
GO:0050849,negative regulation of calcium-mediated signaling,2/468,15/7427,0.133333333333333,2.11595441595442,1.12189279786325,0.243243066517557,0.859201179347519,0.800173449360532,SLA2/SLC24A4,2
GO:0050891,multicellular organismal-level water homeostasis,2/468,15/7427,0.133333333333333,2.11595441595442,1.12189279786325,0.243243066517557,0.859201179347519,0.800173449360532,CFTR/AVPR2,2
GO:0051968,"positive regulation of synaptic transmission, glutamatergic",2/468,15/7427,0.133333333333333,2.11595441595442,1.12189279786325,0.243243066517557,0.859201179347519,0.800173449360532,GRIN2D/RELN,2
GO:0060216,definitive hemopoiesis,2/468,15/7427,0.133333333333333,2.11595441595442,1.12189279786325,0.243243066517557,0.859201179347519,0.800173449360532,KMT2A/CDK5RAP3,2
GO:0060914,heart formation,2/468,15/7427,0.133333333333333,2.11595441595442,1.12189279786325,0.243243066517557,0.859201179347519,0.800173449360532,POU5F1/TBX5,2
GO:0071624,positive regulation of granulocyte chemotaxis,2/468,15/7427,0.133333333333333,2.11595441595442,1.12189279786325,0.243243066517557,0.859201179347519,0.800173449360532,NCKAP1L/C5AR1,2
GO:0097094,craniofacial suture morphogenesis,2/468,15/7427,0.133333333333333,2.11595441595442,1.12189279786325,0.243243066517557,0.859201179347519,0.800173449360532,FREM1/TIFAB,2
GO:0098810,neurotransmitter reuptake,2/468,15/7427,0.133333333333333,2.11595441595442,1.12189279786325,0.243243066517557,0.859201179347519,0.800173449360532,SLC6A1/KCNJ10,2
GO:1900048,positive regulation of hemostasis,2/468,15/7427,0.133333333333333,2.11595441595442,1.12189279786325,0.243243066517557,0.859201179347519,0.800173449360532,EMILIN2/USF1,2
GO:1900745,positive regulation of p38MAPK cascade,2/468,15/7427,0.133333333333333,2.11595441595442,1.12189279786325,0.243243066517557,0.859201179347519,0.800173449360532,GADD45G/GADD45B,2
GO:1902742,apoptotic process involved in development,2/468,15/7427,0.133333333333333,2.11595441595442,1.12189279786325,0.243243066517557,0.859201179347519,0.800173449360532,PML/TNFRSF1B,2
GO:0030038,contractile actin filament bundle assembly,6/468,67/7427,0.0895522388059701,1.42116341370073,0.897999535612687,0.245515317030575,0.864651467997778,0.805249299317582,WAS/SLC9A1/ARHGAP6/ARHGEF18/CGNL1/PDLIM1,6
GO:0030833,regulation of actin filament polymerization,6/468,67/7427,0.0895522388059701,1.42116341370073,0.897999535612687,0.245515317030575,0.864651467997778,0.805249299317582,VILL/NCKAP1L/PLEKHG2/HCK/GBA2/DAAM2,6
GO:0043149,stress fiber assembly,6/468,67/7427,0.0895522388059701,1.42116341370073,0.897999535612687,0.245515317030575,0.864651467997778,0.805249299317582,WAS/SLC9A1/ARHGAP6/ARHGEF18/CGNL1/PDLIM1,6
GO:0043085,positive regulation of catalytic activity,13/468,166/7427,0.0783132530120482,1.24280455153949,0.820426406023227,0.246776576740024,0.868173766930638,0.808529613817296,DOCK8/VSIR/LCP2/PIK3CG/CASS4/PHACTR4/CDKN1A/CD4/GRN/P2RY11/PSAP/GCH1/AVPR2,13
GO:0032940,secretion by cell,29/468,402/7427,0.0721393034825871,1.14482608325892,0.774218649698562,0.247003613194772,0.868173766930638,0.808529613817296,TVP23A/SYK/TNFRSF1B/PIK3CG/SYT11/TNFAIP2/P2RX1/NCKAP1L/NAPB/LGALS9/HCK/MYOM1/CXCL12/STX11/PRRT2/UCP2/SYTL3/RAB2B/NR1H3/SYT2/SYNJ1/RAB37/BMAL1/FFAR4/CFTR/HFE/MRGPRX2/CLNK/CCKAR,29
GO:0051260,protein homooligomerization,7/468,81/7427,0.0864197530864198,1.37145193626675,0.871659072329869,0.247910415688456,0.869642355625087,0.809897309427563,DNM1/GRIA3/IKZF4/STEAP4/SAMHD1/KCTD7/RYR3,7
GO:2000377,regulation of reactive oxygen species metabolic process,7/468,81/7427,0.0864197530864198,1.37145193626675,0.871659072329869,0.247910415688456,0.869642355625087,0.809897309427563,SYK/SIRPA/CDKN1A/BST1/PLCG2/GCH1/CLEC7A,7
GO:0051960,regulation of nervous system development,17/468,225/7427,0.0755555555555556,1.1990408357075,0.786201499401329,0.251671665307358,0.880921043537523,0.820401143486553,EGR2/TNFRSF1B/SHOX2/DLL1/SEMA6D/JAM2/ZNF335/PRKCH/CXCL12/RGMA/RELN/LRRN1/BMAL1/DAAM2/MAP6/WNT2/LRRC4B,17
GO:0010507,negative regulation of autophagy,5/468,54/7427,0.0925925925925926,1.46941278885723,0.897752578563762,0.252116284037447,0.880921043537523,0.820401143486553,SYK/LZTS1/IL10RA/SNRNP70/VHL,5
GO:0030301,cholesterol transport,5/468,54/7427,0.0925925925925926,1.46941278885723,0.897752578563762,0.252116284037447,0.880921043537523,0.820401143486553,EEPD1/LCAT/NR1H3/CFTR/LIPC,5
GO:0032755,positive regulation of interleukin-6 production,5/468,54/7427,0.0925925925925926,1.46941278885723,0.897752578563762,0.252116284037447,0.880921043537523,0.820401143486553,SYK/LGALS9/TLR9/PLCG2/CLEC7A,5
GO:0071805,potassium ion transmembrane transport,6/468,68/7427,0.0882352941176471,1.40026395173454,0.859841721764457,0.25623575840645,0.884637268143178,0.823862060827895,TMEM175/KCNE1/SLC9A1/KCNJ10/SLC24A4/KCNH4,6
GO:1903305,regulation of regulated secretory pathway,6/468,68/7427,0.0882352941176471,1.40026395173454,0.859841721764457,0.25623575840645,0.884637268143178,0.823862060827895,SYK/SYT11/P2RX1/NCKAP1L/LGALS9/SYT2,6
GO:0021510,spinal cord development,4/468,41/7427,0.0975609756097561,1.54825932874713,0.912851823550394,0.257048930851395,0.884637268143178,0.823862060827895,DLL1/MDGA1/RELN/DAAM2,4
GO:0035418,protein localization to synapse,4/468,41/7427,0.0975609756097561,1.54825932874713,0.912851823550394,0.257048930851395,0.884637268143178,0.823862060827895,RELN/MAP1A/GRIP2/MPP4,4
GO:0045682,regulation of epidermis development,4/468,41/7427,0.0975609756097561,1.54825932874713,0.912851823550394,0.257048930851395,0.884637268143178,0.823862060827895,DLL1/PRKCH/PTCH2/ZFP36,4
GO:0055013,cardiac muscle cell development,4/468,41/7427,0.0975609756097561,1.54825932874713,0.912851823550394,0.257048930851395,0.884637268143178,0.823862060827895,SHOX2/MYH11/TBX18/TBX5,4
GO:0140962,multicellular organismal-level chemical homeostasis,4/468,41/7427,0.0975609756097561,1.54825932874713,0.912851823550394,0.257048930851395,0.884637268143178,0.823862060827895,HEPH/CFTR/HFE/AVPR2,4
GO:0051017,actin filament bundle assembly,8/468,96/7427,0.0833333333333333,1.32247150997151,0.824655080101087,0.25747795010835,0.884637268143178,0.823862060827895,WAS/LIMA1/SLC9A1/ARHGAP6/ARHGEF18/CGNL1/SHROOM1/PDLIM1,8
GO:0061572,actin filament bundle organization,8/468,96/7427,0.0833333333333333,1.32247150997151,0.824655080101087,0.25747795010835,0.884637268143178,0.823862060827895,WAS/LIMA1/SLC9A1/ARHGAP6/ARHGEF18/CGNL1/SHROOM1/PDLIM1,8
GO:0002691,regulation of cellular extravasation,3/468,28/7427,0.107142857142857,1.70032051282051,0.96275621316859,0.257518201412539,0.884637268143178,0.823862060827895,BST1/CXCL12/SELP,3
GO:0032088,negative regulation of NF-kappaB transcription factor activity,3/468,28/7427,0.107142857142857,1.70032051282051,0.96275621316859,0.257518201412539,0.884637268143178,0.823862060827895,GFI1/HAVCR2/CDK5RAP3,3
GO:0050881,musculoskeletal movement,3/468,28/7427,0.107142857142857,1.70032051282051,0.96275621316859,0.257518201412539,0.884637268143178,0.823862060827895,MYH3/MAP1A/SLC8A3,3
GO:0060135,maternal process involved in female pregnancy,3/468,28/7427,0.107142857142857,1.70032051282051,0.96275621316859,0.257518201412539,0.884637268143178,0.823862060827895,APOL2/LGALS9/HAVCR2,3
GO:0086002,cardiac muscle cell action potential involved in contraction,3/468,28/7427,0.107142857142857,1.70032051282051,0.96275621316859,0.257518201412539,0.884637268143178,0.823862060827895,KCNE1/CACNA1G/CACNB2,3
GO:0089718,amino acid import across plasma membrane,3/468,28/7427,0.107142857142857,1.70032051282051,0.96275621316859,0.257518201412539,0.884637268143178,0.823862060827895,SLC36A1/KCNJ10/SLC47A1,3
GO:0098815,modulation of excitatory postsynaptic potential,3/468,28/7427,0.107142857142857,1.70032051282051,0.96275621316859,0.257518201412539,0.884637268143178,0.823862060827895,GRIN2D/RELN/SLC8A3,3
GO:0007584,response to nutrient,7/468,82/7427,0.0853658536585366,1.35472691265374,0.837591277270168,0.257656511047605,0.884637268143178,0.823862060827895,MAFB/CD4/ALPL/CYP26B1/USF1/CEBPA/HMGCS2,7
GO:0051494,negative regulation of cytoskeleton organization,7/468,82/7427,0.0853658536585366,1.35472691265374,0.837591277270168,0.257656511047605,0.884637268143178,0.823862060827895,VILL/WAS/LIMA1/ARHGAP6/ARHGEF18/CGNL1/CENATAC,7
GO:0046903,secretion,32/468,450/7427,0.0711111111111111,1.12850902184236,0.729344133530362,0.259539115800575,0.887460510000726,0.826491343968834,TVP23A/SYK/TNFRSF1B/PIK3CG/SYT11/TNFAIP2/P2RX1/NCKAP1L/HRH2/PROCA1/NAPB/LGALS9/TIFAB/HCK/MYOM1/CXCL12/STX11/PRRT2/UCP2/SYTL3/RAB2B/NR1H3/SYT2/SYNJ1/RAB37/BMAL1/FFAR4/CFTR/HFE/MRGPRX2/CLNK/CCKAR,32
GO:0010721,negative regulation of cell development,11/468,139/7427,0.079136690647482,1.25587222529669,0.789684011453226,0.259614113170862,0.887460510000726,0.826491343968834,INPP5D/BCL6/MAFB/DTX1/SEMA6D/TBX21/RGMA/TMEM178A/CEBPA/DAAM2/IRF1,11
GO:0006936,muscle contraction,13/468,168/7427,0.0773809523809524,1.22800925925926,0.775167769639814,0.260260652802374,0.887460510000726,0.826491343968834,PIK3CG/P2RX1/MYH3/MYH11/KCNE1/SLC9A1/TIFAB/CACNA1G/LTB4R/GRIP2/SLC8A3/RYR3/CACNB2,13
GO:0032970,regulation of actin filament-based process,16/468,212/7427,0.0754716981132076,1.19771004676665,0.757365437822449,0.261535945608692,0.887460510000726,0.826491343968834,VILL/ARAP3/NCKAP1L/WAS/LIMA1/SLC9A1/PLEKHG2/ARHGAP6/BST1/HCK/ARHGEF18/CXCL12/CGNL1/VANGL2/GBA2/DAAM2,16
GO:0030029,actin filament-based process,31/468,436/7427,0.0711009174311927,1.12834725162707,0.716287129407202,0.264029386139057,0.887460510000726,0.826491343968834,BCL6/PHACTR4/ELMO1/VILL/MYH3/MYH11/DOCK2/ARAP3/NCKAP1L/WAS/KCNE1/CAPN3/LIMA1/SLC9A1/PLEKHG2/ARHGAP6/BST1/HCK/MYOM1/CACNA1G/ARHGEF18/CXCL12/SYNE2/PPP1R9B/CGNL1/SHROOM1/VANGL2/GBA2/DAAM2/PDLIM1/CACNB2,31
GO:0051492,regulation of stress fiber assembly,5/468,55/7427,0.0909090909090909,1.44269619269619,0.854518460033348,0.264277373184042,0.887460510000726,0.826491343968834,WAS/SLC9A1/ARHGAP6/ARHGEF18/CGNL1,5
GO:0031099,regeneration,8/468,97/7427,0.0824742268041237,1.30883778306459,0.793946588319892,0.266553495940055,0.887460510000726,0.826491343968834,CDKN1A/CAPN3/CXCL12/GRN/UCP2/RGMA/CEBPA/OMG,8
GO:0051962,positive regulation of nervous system development,11/468,140/7427,0.0785714285714286,1.24690170940171,0.764787375873421,0.267139550663201,0.887460510000726,0.826491343968834,EGR2/TNFRSF1B/SHOX2/ZNF335/PRKCH/CXCL12/RELN/LRRN1/MAP6/WNT2/LRRC4B,11
GO:0001783,B cell apoptotic process,2/468,16/7427,0.125,1.98370726495727,1.02144372366376,0.267211190950458,0.887460510000726,0.826491343968834,BCL6/PDCD1,2
GO:0002495,antigen processing and presentation of peptide antigen via MHC class II,2/468,16/7427,0.125,1.98370726495727,1.02144372366376,0.267211190950458,0.887460510000726,0.826491343968834,LGMN/IFI30,2
GO:0002577,regulation of antigen processing and presentation,2/468,16/7427,0.125,1.98370726495727,1.02144372366376,0.267211190950458,0.887460510000726,0.826491343968834,WAS/HFE,2
GO:0003309,type B pancreatic cell differentiation,2/468,16/7427,0.125,1.98370726495727,1.02144372366376,0.267211190950458,0.887460510000726,0.826491343968834,DLL1/BMAL1,2
GO:0006766,vitamin metabolic process,2/468,16/7427,0.125,1.98370726495727,1.02144372366376,0.267211190950458,0.887460510000726,0.826491343968834,GFI1/CYP26B1,2
GO:0008156,negative regulation of DNA replication,2/468,16/7427,0.125,1.98370726495727,1.02144372366376,0.267211190950458,0.887460510000726,0.826491343968834,BCL6/TSPYL2,2
GO:0009583,detection of light stimulus,2/468,16/7427,0.125,1.98370726495727,1.02144372366376,0.267211190950458,0.887460510000726,0.826491343968834,SEMA5B/SLC24A4,2
GO:0014829,vascular associated smooth muscle contraction,2/468,16/7427,0.125,1.98370726495727,1.02144372366376,0.267211190950458,0.887460510000726,0.826491343968834,P2RX1/GRIP2,2
GO:0015872,dopamine transport,2/468,16/7427,0.125,1.98370726495727,1.02144372366376,0.267211190950458,0.887460510000726,0.826491343968834,SYT11/CXCL12,2
GO:0016082,synaptic vesicle priming,2/468,16/7427,0.125,1.98370726495727,1.02144372366376,0.267211190950458,0.887460510000726,0.826491343968834,NAPB/SYNJ1,2
GO:0030212,hyaluronan metabolic process,2/468,16/7427,0.125,1.98370726495727,1.02144372366376,0.267211190950458,0.887460510000726,0.826491343968834,ITIH4/HYAL1,2
GO:0030970,"retrograde protein transport, ER to cytosol",2/468,16/7427,0.125,1.98370726495727,1.02144372366376,0.267211190950458,0.887460510000726,0.826491343968834,SYVN1/OS9,2
GO:0031664,regulation of lipopolysaccharide-mediated signaling pathway,2/468,16/7427,0.125,1.98370726495727,1.02144372366376,0.267211190950458,0.887460510000726,0.826491343968834,SIRPA/CD14,2
GO:0032607,interferon-alpha production,2/468,16/7427,0.125,1.98370726495727,1.02144372366376,0.267211190950458,0.887460510000726,0.826491343968834,TLR9/HAVCR2,2
GO:0032647,regulation of interferon-alpha production,2/468,16/7427,0.125,1.98370726495727,1.02144372366376,0.267211190950458,0.887460510000726,0.826491343968834,TLR9/HAVCR2,2
GO:0032693,negative regulation of interleukin-10 production,2/468,16/7427,0.125,1.98370726495727,1.02144372366376,0.267211190950458,0.887460510000726,0.826491343968834,VSIR/DLL1,2
GO:0035024,negative regulation of Rho protein signal transduction,2/468,16/7427,0.125,1.98370726495727,1.02144372366376,0.267211190950458,0.887460510000726,0.826491343968834,BCL6/FLCN,2
GO:0040036,regulation of fibroblast growth factor receptor signaling pathway,2/468,16/7427,0.125,1.98370726495727,1.02144372366376,0.267211190950458,0.887460510000726,0.826491343968834,PRKD2/LRIT3,2
GO:0043304,regulation of mast cell degranulation,2/468,16/7427,0.125,1.98370726495727,1.02144372366376,0.267211190950458,0.887460510000726,0.826491343968834,SYK/LGALS9,2
GO:0043371,"negative regulation of CD4-positive, alpha-beta T cell differentiation",2/468,16/7427,0.125,1.98370726495727,1.02144372366376,0.267211190950458,0.887460510000726,0.826491343968834,BCL6/TBX21,2
GO:0048536,spleen development,2/468,16/7427,0.125,1.98370726495727,1.02144372366376,0.267211190950458,0.887460510000726,0.826491343968834,RCBTB2/KMT2A,2
GO:0060586,multicellular organismal-level iron ion homeostasis,2/468,16/7427,0.125,1.98370726495727,1.02144372366376,0.267211190950458,0.887460510000726,0.826491343968834,HEPH/HFE,2
GO:0090278,negative regulation of peptide hormone secretion,2/468,16/7427,0.125,1.98370726495727,1.02144372366376,0.267211190950458,0.887460510000726,0.826491343968834,UCP2/FFAR4,2
GO:0099174,regulation of presynapse organization,2/468,16/7427,0.125,1.98370726495727,1.02144372366376,0.267211190950458,0.887460510000726,0.826491343968834,MDGA1/LRRC4B,2
GO:0140896,cGAS/STING signaling pathway,2/468,16/7427,0.125,1.98370726495727,1.02144372366376,0.267211190950458,0.887460510000726,0.826491343968834,STING1/TRIM56,2
GO:1903513,endoplasmic reticulum to cytosol transport,2/468,16/7427,0.125,1.98370726495727,1.02144372366376,0.267211190950458,0.887460510000726,0.826491343968834,SYVN1/OS9,2
GO:1905606,regulation of presynapse assembly,2/468,16/7427,0.125,1.98370726495727,1.02144372366376,0.267211190950458,0.887460510000726,0.826491343968834,MDGA1/LRRC4B,2
GO:0008610,lipid biosynthetic process,24/468,332/7427,0.072289156626506,1.14720420142107,0.711606699691851,0.269004630066704,0.892583460025436,0.831262343695914,INPP5D/PIK3CG/TTC7A/GAL3ST4/P2RX1/LCAT/CH25H/C3/PLA2G4C/PRKD2/EGR1/GFI1/WDTC1/PLCG2/NR1H3/ABHD6/CASP7/SYNJ1/CFTR/PNPLA1/LIPC/ATG14/ACSM5/HMGCS2,24
GO:0071356,cellular response to tumor necrosis factor,10/468,126/7427,0.0793650793650794,1.25949667616334,0.76182089205187,0.270341319319636,0.895018230880972,0.833529844068011,TNFRSF14/SYK/TNFRSF1B/TNFRSF25/SNRNP70/SPPL2B/ZFP36/CEBPA/ST18/HYAL1,10
GO:0002200,somatic diversification of immune receptors,4/468,42/7427,0.0952380952380952,1.51139601139601,0.86185402175317,0.27124814531619,0.895018230880972,0.833529844068011,BCL6/CD28/SAMHD1/TBX21,4
GO:0010324,membrane invagination,4/468,42/7427,0.0952380952380952,1.51139601139601,0.86185402175317,0.27124814531619,0.895018230880972,0.833529844068011,ELMO1/NCKAP1L/C3/PLCG2,4
GO:0030641,regulation of cellular pH,4/468,42/7427,0.0952380952380952,1.51139601139601,0.86185402175317,0.27124814531619,0.895018230880972,0.833529844068011,TMEM175/SLC9A1/GRN/CFTR,4
GO:0046209,nitric oxide metabolic process,4/468,42/7427,0.0952380952380952,1.51139601139601,0.86185402175317,0.27124814531619,0.895018230880972,0.833529844068011,SIRPA/TLR5/GCH1/CLEC7A,4
GO:1902476,chloride transmembrane transport,4/468,42/7427,0.0952380952380952,1.51139601139601,0.86185402175317,0.27124814531619,0.895018230880972,0.833529844068011,APOL1/UCP2/CFTR/SLC6A1,4
GO:0051051,negative regulation of transport,15/468,199/7427,0.0753768844221106,1.19620538590388,0.72753748046326,0.272001406534279,0.89667192126268,0.835069924748429,TNFRSF1B/SYT11/SIRPA/NCKAP1L/KCNE1/LGALS9/TIFAB/TLR9/OS9/PRRT2/UCP2/NR1H3/CD300LF/ISCU/FFAR4,15
GO:0001755,neural crest cell migration,3/468,29/7427,0.103448275862069,1.64168877099912,0.897828228285673,0.274957657194529,0.898094018954032,0.836394323320462,PHACTR4/SEMA6D/SEMA5B,3
GO:0001756,somitogenesis,3/468,29/7427,0.103448275862069,1.64168877099912,0.897828228285673,0.274957657194529,0.898094018954032,0.836394323320462,DLL1/MEOX2/TBX18,3
GO:0007215,glutamate receptor signaling pathway,3/468,29/7427,0.103448275862069,1.64168877099912,0.897828228285673,0.274957657194529,0.898094018954032,0.836394323320462,GRIA3/GRIN2D/GRIN3A,3
GO:0042789,mRNA transcription by RNA polymerase II,3/468,29/7427,0.103448275862069,1.64168877099912,0.897828228285673,0.274957657194529,0.898094018954032,0.836394323320462,POLR2A/NR1H3/C5AR1,3
GO:0050879,multicellular organismal movement,3/468,29/7427,0.103448275862069,1.64168877099912,0.897828228285673,0.274957657194529,0.898094018954032,0.836394323320462,MYH3/MAP1A/SLC8A3,3
GO:0061082,myeloid leukocyte cytokine production,3/468,29/7427,0.103448275862069,1.64168877099912,0.897828228285673,0.274957657194529,0.898094018954032,0.836394323320462,BCL6/SYK/PLCG2,3
GO:0072539,T-helper 17 cell differentiation,3/468,29/7427,0.103448275862069,1.64168877099912,0.897828228285673,0.274957657194529,0.898094018954032,0.836394323320462,IRF4/NFKBID/TBX21,3
GO:0099084,postsynaptic specialization organization,3/468,29/7427,0.103448275862069,1.64168877099912,0.897828228285673,0.274957657194529,0.898094018954032,0.836394323320462,RELN/CSMD2/LRRC4B,3
GO:0099172,presynapse organization,3/468,29/7427,0.103448275862069,1.64168877099912,0.897828228285673,0.274957657194529,0.898094018954032,0.836394323320462,MDGA1/C5AR1/LRRC4B,3
GO:1901799,negative regulation of proteasomal protein catabolic process,3/468,29/7427,0.103448275862069,1.64168877099912,0.897828228285673,0.274957657194529,0.898094018954032,0.836394323320462,MAP1A/LAMP3/HFE,3
GO:0006029,proteoglycan metabolic process,5/468,56/7427,0.0892857142857143,1.41693376068376,0.812128687362231,0.276568589206141,0.900049836968201,0.838215775250856,GAL3ST4/VANGL2/HYAL1/CHST13/HS3ST2,5
GO:0015807,L-amino acid transport,5/468,56/7427,0.0892857142857143,1.41693376068376,0.812128687362231,0.276568589206141,0.900049836968201,0.838215775250856,SLC36A1/SLC38A10/UCP2/KCNJ10/SLC47A1,5
GO:0019079,viral genome replication,5/468,56/7427,0.0892857142857143,1.41693376068376,0.812128687362231,0.276568589206141,0.900049836968201,0.838215775250856,TRIM38/SHFL/CD28/ZNFX1/APOBEC3F,5
GO:0032007,negative regulation of TOR signaling,5/468,56/7427,0.0892857142857143,1.41693376068376,0.812128687362231,0.276568589206141,0.900049836968201,0.838215775250856,SYK/SZT2/FLCN/BMAL1/VHL,5
GO:0034101,erythrocyte homeostasis,7/468,84/7427,0.0833333333333333,1.32247150997151,0.770763625434624,0.277468672693661,0.902153627761747,0.840175034125806,INPP5D/BCL6/MAFB/NCKAP1L/IKZF1/ZFP36/CDK5RAP3,7
GO:0060537,muscle tissue development,15/468,200/7427,0.075,1.19022435897436,0.707178551969266,0.278406432309108,0.904375963217806,0.842244693560936,EGR2/SHOX2/DLL1/MSC/MYH11/EGR1/SLC9A1/MYOM1/CACNA1G/CYP26B1/MEOX2/TBX18/TBX5/BMAL1/WNT2,15
GO:0050767,regulation of neurogenesis,14/468,186/7427,0.0752688172043011,1.1944903961033,0.696598187180042,0.283140577697478,0.91029192355887,0.847754223233583,EGR2/TNFRSF1B/SHOX2/DLL1/SEMA6D/ZNF335/PRKCH/CXCL12/RGMA/RELN/BMAL1/DAAM2/MAP6/WNT2,14
GO:0045766,positive regulation of angiogenesis,8/468,99/7427,0.0808080808080808,1.28239661572995,0.733518945669736,0.284974197176031,0.91029192355887,0.847754223233583,DLL1/EMILIN2/C3/PRKD2/GRN/C5AR1/HYAL1/CXCR3,8
GO:1901888,regulation of cell junction assembly,12/468,157/7427,0.0764331210191083,1.2129674995917,0.699395660709806,0.285524701407778,0.91029192355887,0.847754223233583,LZTS1/ELMO1/COLQ/SLC9A1/ARHGAP6/PRKCH/PPP1R9B/COL16A1/MDGA1/LRRN1/TBX5/LRRC4B,12
GO:0006721,terpenoid metabolic process,4/468,43/7427,0.0930232558139535,1.47624726694494,0.812171715736587,0.285578843575154,0.91029192355887,0.847754223233583,SCPEP1/CYP26B1/DHRS3/HMGCS2,4
GO:0051262,protein tetramerization,4/468,43/7427,0.0930232558139535,1.47624726694494,0.812171715736587,0.285578843575154,0.91029192355887,0.847754223233583,DNM1/GRIA3/SAMHD1/RYR3,4
GO:0086003,cardiac muscle cell contraction,4/468,43/7427,0.0930232558139535,1.47624726694494,0.812171715736587,0.285578843575154,0.91029192355887,0.847754223233583,KCNE1/SLC9A1/CACNA1G/CACNB2,4
GO:1902475,L-alpha-amino acid transmembrane transport,4/468,43/7427,0.0930232558139535,1.47624726694494,0.812171715736587,0.285578843575154,0.91029192355887,0.847754223233583,SLC38A10/UCP2/KCNJ10/SLC47A1,4
GO:0042093,T-helper cell differentiation,5/468,57/7427,0.087719298245614,1.39207527365422,0.77054874757472,0.288973837256497,0.91029192355887,0.847754223233583,BCL6/KMT2A/IRF4/NFKBID/TBX21,5
GO:0002438,acute inflammatory response to antigenic stimulus,2/468,17/7427,0.117647058823529,1.86701860231272,0.928048670706591,0.291169612998619,0.91029192355887,0.847754223233583,HLA-E/C3,2
GO:0002792,negative regulation of peptide secretion,2/468,17/7427,0.117647058823529,1.86701860231272,0.928048670706591,0.291169612998619,0.91029192355887,0.847754223233583,UCP2/FFAR4,2
GO:0006910,"phagocytosis, recognition",2/468,17/7427,0.117647058823529,1.86701860231272,0.928048670706591,0.291169612998619,0.91029192355887,0.847754223233583,C3/CLEC7A,2
GO:0010464,regulation of mesenchymal cell proliferation,2/468,17/7427,0.117647058823529,1.86701860231272,0.928048670706591,0.291169612998619,0.91029192355887,0.847754223233583,SHOX2/WNT2,2
GO:0010669,epithelial structure maintenance,2/468,17/7427,0.117647058823529,1.86701860231272,0.928048670706591,0.291169612998619,0.91029192355887,0.847754223233583,IL10RA/TLR9,2
GO:0014850,response to muscle activity,2/468,17/7427,0.117647058823529,1.86701860231272,0.928048670706591,0.291169612998619,0.91029192355887,0.847754223233583,CAPN3/FNDC5,2
GO:0021680,cerebellar Purkinje cell layer development,2/468,17/7427,0.117647058823529,1.86701860231272,0.928048670706591,0.291169612998619,0.91029192355887,0.847754223233583,DLL1/WHRN,2
GO:0021696,cerebellar cortex morphogenesis,2/468,17/7427,0.117647058823529,1.86701860231272,0.928048670706591,0.291169612998619,0.91029192355887,0.847754223233583,DLL1/WHRN,2
GO:0031116,positive regulation of microtubule polymerization,2/468,17/7427,0.117647058823529,1.86701860231272,0.928048670706591,0.291169612998619,0.91029192355887,0.847754223233583,PDE4DIP/ANKRD53,2
GO:0032801,receptor catabolic process,2/468,17/7427,0.117647058823529,1.86701860231272,0.928048670706591,0.291169612998619,0.91029192355887,0.847754223233583,LGMN/MYLIP,2
GO:0032941,secretion by tissue,2/468,17/7427,0.117647058823529,1.86701860231272,0.928048670706591,0.291169612998619,0.91029192355887,0.847754223233583,TIFAB/NR1H3,2
GO:0034143,regulation of toll-like receptor 4 signaling pathway,2/468,17/7427,0.117647058823529,1.86701860231272,0.928048670706591,0.291169612998619,0.91029192355887,0.847754223233583,NR1H3/CD14,2
GO:0035751,regulation of lysosomal lumen pH,2/468,17/7427,0.117647058823529,1.86701860231272,0.928048670706591,0.291169612998619,0.91029192355887,0.847754223233583,TMEM175/GRN,2
GO:0042044,fluid transport,2/468,17/7427,0.117647058823529,1.86701860231272,0.928048670706591,0.291169612998619,0.91029192355887,0.847754223233583,CFTR/AVPR2,2
GO:0045606,positive regulation of epidermal cell differentiation,2/468,17/7427,0.117647058823529,1.86701860231272,0.928048670706591,0.291169612998619,0.91029192355887,0.847754223233583,PRKCH/PTCH2,2
GO:0045954,positive regulation of natural killer cell mediated cytotoxicity,2/468,17/7427,0.117647058823529,1.86701860231272,0.928048670706591,0.291169612998619,0.91029192355887,0.847754223233583,HLA-E/HLA-C,2
GO:0046460,neutral lipid biosynthetic process,2/468,17/7427,0.117647058823529,1.86701860231272,0.928048670706591,0.291169612998619,0.91029192355887,0.847754223233583,C3/NR1H3,2
GO:0046463,acylglycerol biosynthetic process,2/468,17/7427,0.117647058823529,1.86701860231272,0.928048670706591,0.291169612998619,0.91029192355887,0.847754223233583,C3/NR1H3,2
GO:0048821,erythrocyte development,2/468,17/7427,0.117647058823529,1.86701860231272,0.928048670706591,0.291169612998619,0.91029192355887,0.847754223233583,BCL6/NCKAP1L,2
GO:0050820,positive regulation of coagulation,2/468,17/7427,0.117647058823529,1.86701860231272,0.928048670706591,0.291169612998619,0.91029192355887,0.847754223233583,EMILIN2/USF1,2
GO:0060043,regulation of cardiac muscle cell proliferation,2/468,17/7427,0.117647058823529,1.86701860231272,0.928048670706591,0.291169612998619,0.91029192355887,0.847754223233583,TBX5/WNT2,2
GO:0071634,regulation of transforming growth factor beta production,2/468,17/7427,0.117647058823529,1.86701860231272,0.928048670706591,0.291169612998619,0.91029192355887,0.847754223233583,LGALS9/FBLN1,2
GO:0090382,phagosome maturation,2/468,17/7427,0.117647058823529,1.86701860231272,0.928048670706591,0.291169612998619,0.91029192355887,0.847754223233583,SYT11/TMEM175,2
GO:1901798,positive regulation of signal transduction by p53 class mediator,2/468,17/7427,0.117647058823529,1.86701860231272,0.928048670706591,0.291169612998619,0.91029192355887,0.847754223233583,PML/CDK5RAP3,2
GO:2000108,positive regulation of leukocyte apoptotic process,2/468,17/7427,0.117647058823529,1.86701860231272,0.928048670706591,0.291169612998619,0.91029192355887,0.847754223233583,LGALS9/PDCD1,2
GO:2000647,negative regulation of stem cell proliferation,2/468,17/7427,0.117647058823529,1.86701860231272,0.928048670706591,0.291169612998619,0.91029192355887,0.847754223233583,FBLN1/CEBPA,2
GO:0002762,negative regulation of myeloid leukocyte differentiation,3/468,30/7427,0.1,1.58696581196581,0.835357940376958,0.292511573974638,0.91029192355887,0.847754223233583,INPP5D/MAFB/TMEM178A,3
GO:0009880,embryonic pattern specification,3/468,30/7427,0.1,1.58696581196581,0.835357940376958,0.292511573974638,0.91029192355887,0.847754223233583,DLL1/TIFAB/MEOX2,3
GO:0019229,regulation of vasoconstriction,3/468,30/7427,0.1,1.58696581196581,0.835357940376958,0.292511573974638,0.91029192355887,0.847754223233583,P2RX1/HRH2/AVPR2,3
GO:0021795,cerebral cortex cell migration,3/468,30/7427,0.1,1.58696581196581,0.835357940376958,0.292511573974638,0.91029192355887,0.847754223233583,SYNE2/MDGA1/RELN,3
GO:0038093,Fc receptor signaling pathway,3/468,30/7427,0.1,1.58696581196581,0.835357940376958,0.292511573974638,0.91029192355887,0.847754223233583,SYK/HCK/PLCG2,3
GO:0044380,protein localization to cytoskeleton,3/468,30/7427,0.1,1.58696581196581,0.835357940376958,0.292511573974638,0.91029192355887,0.847754223233583,PPP1R9B/GOLGB1/MAP1A,3
GO:0051966,"regulation of synaptic transmission, glutamatergic",3/468,30/7427,0.1,1.58696581196581,0.835357940376958,0.292511573974638,0.91029192355887,0.847754223233583,PLPPR4/GRIN2D/RELN,3
GO:0071622,regulation of granulocyte chemotaxis,3/468,30/7427,0.1,1.58696581196581,0.835357940376958,0.292511573974638,0.91029192355887,0.847754223233583,NCKAP1L/BST1/C5AR1,3
GO:0072348,sulfur compound transport,3/468,30/7427,0.1,1.58696581196581,0.835357940376958,0.292511573974638,0.91029192355887,0.847754223233583,SLC36A1/UCP2/SLC47A1,3
GO:0090497,mesenchymal cell migration,3/468,30/7427,0.1,1.58696581196581,0.835357940376958,0.292511573974638,0.91029192355887,0.847754223233583,PHACTR4/SEMA6D/SEMA5B,3
GO:0097028,dendritic cell differentiation,3/468,30/7427,0.1,1.58696581196581,0.835357940376958,0.292511573974638,0.91029192355887,0.847754223233583,IRF4/LGALS9/BATF3,3
GO:0140374,antiviral innate immune response,3/468,30/7427,0.1,1.58696581196581,0.835357940376958,0.292511573974638,0.91029192355887,0.847754223233583,STING1/APOBEC3F/NLRP4,3
GO:2000027,regulation of animal organ morphogenesis,3/468,30/7427,0.1,1.58696581196581,0.835357940376958,0.292511573974638,0.91029192355887,0.847754223233583,POU5F1/VANGL2/WNT2,3
GO:2000059,negative regulation of ubiquitin-dependent protein catabolic process,3/468,30/7427,0.1,1.58696581196581,0.835357940376958,0.292511573974638,0.91029192355887,0.847754223233583,PML/MAP1A/HFE,3
GO:0007219,Notch signaling pathway,8/468,100/7427,0.08,1.26957264957265,0.703784523362376,0.294306319282568,0.913479561682455,0.850722868358814,BCL6/DLL1/DTX2/DTX1/NOTCH4/DTX3/CEBPA/GRIP2,8
GO:0007626,locomotory behavior,8/468,100/7427,0.08,1.26957264957265,0.703784523362376,0.294306319282568,0.913479561682455,0.850722868358814,PDE1B/EGR1/GRIN2D/CXCL12/GRN/RELN/CDH23/KCNJ10,8
GO:0032271,regulation of protein polymerization,8/468,100/7427,0.08,1.26957264957265,0.703784523362376,0.294306319282568,0.913479561682455,0.850722868358814,VILL/PDE4DIP/NCKAP1L/PLEKHG2/HCK/GBA2/DAAM2/ANKRD53,8
GO:0002534,cytokine production involved in inflammatory response,4/468,44/7427,0.0909090909090909,1.44269619269619,0.76373496142211,0.300016284575754,0.923647163627585,0.860191948843943,STING1/SIRPA/ZFP36/CLEC7A,4
GO:0006885,regulation of pH,4/468,44/7427,0.0909090909090909,1.44269619269619,0.76373496142211,0.300016284575754,0.923647163627585,0.860191948843943,TMEM175/SLC9A1/GRN/CFTR,4
GO:0031110,regulation of microtubule polymerization or depolymerization,4/468,44/7427,0.0909090909090909,1.44269619269619,0.76373496142211,0.300016284575754,0.923647163627585,0.860191948843943,PDE4DIP/MAP1A/GBA2/ANKRD53,4
GO:0032732,positive regulation of interleukin-1 production,4/468,44/7427,0.0909090909090909,1.44269619269619,0.76373496142211,0.300016284575754,0.923647163627585,0.860191948843943,EGR1/LGALS9/HAVCR2/CLEC7A,4
GO:0045833,negative regulation of lipid metabolic process,4/468,44/7427,0.0909090909090909,1.44269619269619,0.76373496142211,0.300016284575754,0.923647163627585,0.860191948843943,PIK3CG/CH25H/GFI1/WDTC1,4
GO:1900015,regulation of cytokine production involved in inflammatory response,4/468,44/7427,0.0909090909090909,1.44269619269619,0.76373496142211,0.300016284575754,0.923647163627585,0.860191948843943,STING1/SIRPA/ZFP36/CLEC7A,4
GO:2001057,reactive nitrogen species metabolic process,4/468,44/7427,0.0909090909090909,1.44269619269619,0.76373496142211,0.300016284575754,0.923647163627585,0.860191948843943,SIRPA/TLR5/GCH1/CLEC7A,4
GO:0007229,integrin-mediated signaling pathway,6/468,72/7427,0.0833333333333333,1.32247150997151,0.713006093780915,0.300248742652139,0.923647163627585,0.860191948843943,SYK/PHACTR4/FYB1/BST1/HCK/COL16A1,6
GO:0008037,cell recognition,6/468,72/7427,0.0833333333333333,1.32247150997151,0.713006093780915,0.300248742652139,0.923647163627585,0.860191948843943,DOCK8/DOCK2/C3/CD5/HAVCR2/CLEC7A,6
GO:0048639,positive regulation of developmental growth,6/468,72/7427,0.0833333333333333,1.32247150997151,0.713006093780915,0.300248742652139,0.923647163627585,0.860191948843943,DLL1/CAPN3/CXCL12/SYT2/TBX5/WNT2,6
GO:0015918,sterol transport,5/468,58/7427,0.0862068965517242,1.3680739758326,0.729746148616971,0.30147718779073,0.923647163627585,0.860191948843943,EEPD1/LCAT/NR1H3/CFTR/LIPC,5
GO:0048565,digestive tract development,5/468,58/7427,0.0862068965517242,1.3680739758326,0.729746148616971,0.30147718779073,0.923647163627585,0.860191948843943,SHOX2/RCBTB2/TLR9/VANGL2/HMGCS2,5
GO:0070252,actin-mediated cell contraction,5/468,58/7427,0.0862068965517242,1.3680739758326,0.729746148616971,0.30147718779073,0.923647163627585,0.860191948843943,MYH3/KCNE1/SLC9A1/CACNA1G/CACNB2,5
GO:0071621,granulocyte chemotaxis,5/468,58/7427,0.0862068965517242,1.3680739758326,0.729746148616971,0.30147718779073,0.923647163627585,0.860191948843943,SYK/PIK3CG/NCKAP1L/BST1/C5AR1,5
GO:0098656,monoatomic anion transmembrane transport,5/468,58/7427,0.0862068965517242,1.3680739758326,0.729746148616971,0.30147718779073,0.923647163627585,0.860191948843943,APOL1/UCP2/ABCC3/CFTR/SLC6A1,5
GO:0032006,regulation of TOR signaling,7/468,87/7427,0.0804597701149425,1.27686904411042,0.673616906194133,0.307861317309288,0.933785332171589,0.869633618023464,SYK/SZT2/NCKAP1L/FLCN/RELN/BMAL1/VHL,7
GO:0009612,response to mechanical stimulus,9/468,116/7427,0.0775862068965517,1.23126657824934,0.650999204903378,0.30809677297582,0.933785332171589,0.869633618023464,MAP3K14/SLC9A1/TIFAB/CXCL12/TNFSF14/TLR5/WHRN/GDF5/IRF1,9
GO:0030193,regulation of blood coagulation,3/468,31/7427,0.0967741935483871,1.53577336641853,0.775158470646092,0.31013702316056,0.933785332171589,0.869633618023464,SERPING1/EMILIN2/USF1,3
GO:0030203,glycosaminoglycan metabolic process,3/468,31/7427,0.0967741935483871,1.53577336641853,0.775158470646092,0.31013702316056,0.933785332171589,0.869633618023464,ITIH4/HYAL1/HS3ST2,3
GO:0031113,regulation of microtubule polymerization,3/468,31/7427,0.0967741935483871,1.53577336641853,0.775158470646092,0.31013702316056,0.933785332171589,0.869633618023464,PDE4DIP/GBA2/ANKRD53,3
GO:0033363,secretory granule organization,3/468,31/7427,0.0967741935483871,1.53577336641853,0.775158470646092,0.31013702316056,0.933785332171589,0.869633618023464,KCNE1/CCDC136/GARIN1A,3
GO:0043029,T cell homeostasis,3/468,31/7427,0.0967741935483871,1.53577336641853,0.775158470646092,0.31013702316056,0.933785332171589,0.869633618023464,NCKAP1L/LGALS9/TNFSF14,3
GO:0043300,regulation of leukocyte degranulation,3/468,31/7427,0.0967741935483871,1.53577336641853,0.775158470646092,0.31013702316056,0.933785332171589,0.869633618023464,SYK/NCKAP1L/LGALS9,3
GO:0045005,DNA-templated DNA replication maintenance of fidelity,3/468,31/7427,0.0967741935483871,1.53577336641853,0.775158470646092,0.31013702316056,0.933785332171589,0.869633618023464,BOD1L1/POLG/SAMHD1,3
GO:0045428,regulation of nitric oxide biosynthetic process,3/468,31/7427,0.0967741935483871,1.53577336641853,0.775158470646092,0.31013702316056,0.933785332171589,0.869633618023464,SIRPA/TLR5/CLEC7A,3
GO:0140467,integrated stress response signaling,3/468,31/7427,0.0967741935483871,1.53577336641853,0.775158470646092,0.31013702316056,0.933785332171589,0.869633618023464,MAFB/CEBPA/BATF3,3
GO:0180064,protein O-linked glycosylation via xylose,3/468,31/7427,0.0967741935483871,1.53577336641853,0.775158470646092,0.31013702316056,0.933785332171589,0.869633618023464,VANGL2/CHST13/HS3ST2,3
GO:0030509,BMP signaling pathway,6/468,73/7427,0.0821917808219178,1.30435546188971,0.677653519009152,0.311478606822343,0.933785332171589,0.869633618023464,EGR1/RGMA/HIVEP1/POU5F1/GDF5/HFE,6
GO:0030101,natural killer cell activation,5/468,59/7427,0.0847457627118644,1.34488628132696,0.689690267578008,0.314062924962431,0.933785332171589,0.869633618023464,HLA-E/TYK2/HAVCR2/CLNK/ZNF683,5
GO:0006821,chloride transport,4/468,45/7427,0.0888888888888889,1.41063627730294,0.716479108124763,0.31453638113396,0.933785332171589,0.869633618023464,APOL1/UCP2/CFTR/SLC6A1,4
GO:0019751,polyol metabolic process,4/468,45/7427,0.0888888888888889,1.41063627730294,0.716479108124763,0.31453638113396,0.933785332171589,0.869633618023464,PTAFR/PLCG2/SYNJ1/GCH1,4
GO:0032273,positive regulation of protein polymerization,4/468,45/7427,0.0888888888888889,1.41063627730294,0.716479108124763,0.31453638113396,0.933785332171589,0.869633618023464,PDE4DIP/NCKAP1L/HCK/ANKRD53,4
GO:0097009,energy homeostasis,4/468,45/7427,0.0888888888888889,1.41063627730294,0.716479108124763,0.31453638113396,0.933785332171589,0.869633618023464,DLL1/FLCN/CEBPA/BMAL1,4
GO:0001975,response to amphetamine,2/468,18/7427,0.111111111111111,1.76329534662868,0.840767761388069,0.315024570875993,0.933785332171589,0.869633618023464,PDE1B/PPP1R9B,2
GO:0002504,antigen processing and presentation of peptide or polysaccharide antigen via MHC class II,2/468,18/7427,0.111111111111111,1.76329534662868,0.840767761388069,0.315024570875993,0.933785332171589,0.869633618023464,LGMN/IFI30,2
GO:0002862,negative regulation of inflammatory response to antigenic stimulus,2/468,18/7427,0.111111111111111,1.76329534662868,0.840767761388069,0.315024570875993,0.933785332171589,0.869633618023464,SYK/HCK,2
GO:0003254,regulation of membrane depolarization,2/468,18/7427,0.111111111111111,1.76329534662868,0.840767761388069,0.315024570875993,0.933785332171589,0.869633618023464,CACNA1G/TBX5,2
GO:0009954,proximal/distal pattern formation,2/468,18/7427,0.111111111111111,1.76329534662868,0.840767761388069,0.315024570875993,0.933785332171589,0.869633618023464,DLL1/CYP26B1,2
GO:0010743,regulation of macrophage derived foam cell differentiation,2/468,18/7427,0.111111111111111,1.76329534662868,0.840767761388069,0.315024570875993,0.933785332171589,0.869633618023464,PRKCH/NR1H3,2
GO:0010875,positive regulation of cholesterol efflux,2/468,18/7427,0.111111111111111,1.76329534662868,0.840767761388069,0.315024570875993,0.933785332171589,0.869633618023464,EEPD1/NR1H3,2
GO:0015012,heparan sulfate proteoglycan biosynthetic process,2/468,18/7427,0.111111111111111,1.76329534662868,0.840767761388069,0.315024570875993,0.933785332171589,0.869633618023464,VANGL2/HS3ST2,2
GO:0021587,cerebellum morphogenesis,2/468,18/7427,0.111111111111111,1.76329534662868,0.840767761388069,0.315024570875993,0.933785332171589,0.869633618023464,DLL1/WHRN,2
GO:0031112,positive regulation of microtubule polymerization or depolymerization,2/468,18/7427,0.111111111111111,1.76329534662868,0.840767761388069,0.315024570875993,0.933785332171589,0.869633618023464,PDE4DIP/ANKRD53,2
GO:0035458,cellular response to interferon-beta,2/468,18/7427,0.111111111111111,1.76329534662868,0.840767761388069,0.315024570875993,0.933785332171589,0.869633618023464,STING1/IRF1,2
GO:0045070,positive regulation of viral genome replication,2/468,18/7427,0.111111111111111,1.76329534662868,0.840767761388069,0.315024570875993,0.933785332171589,0.869633618023464,TRIM38/CD28,2
GO:0045840,positive regulation of mitotic nuclear division,2/468,18/7427,0.111111111111111,1.76329534662868,0.840767761388069,0.315024570875993,0.933785332171589,0.869633618023464,CD28/SH2B1,2
GO:0046856,phosphatidylinositol dephosphorylation,2/468,18/7427,0.111111111111111,1.76329534662868,0.840767761388069,0.315024570875993,0.933785332171589,0.869633618023464,INPP5D/SYNJ1,2
GO:0050860,negative regulation of T cell receptor signaling pathway,2/468,18/7427,0.111111111111111,1.76329534662868,0.840767761388069,0.315024570875993,0.933785332171589,0.869633618023464,SLA2/BTN2A2,2
GO:0071480,cellular response to gamma radiation,2/468,18/7427,0.111111111111111,1.76329534662868,0.840767761388069,0.315024570875993,0.933785332171589,0.869633618023464,CDKN1A/EGR1,2
GO:0071604,transforming growth factor beta production,2/468,18/7427,0.111111111111111,1.76329534662868,0.840767761388069,0.315024570875993,0.933785332171589,0.869633618023464,LGALS9/FBLN1,2
GO:0090025,regulation of monocyte chemotaxis,2/468,18/7427,0.111111111111111,1.76329534662868,0.840767761388069,0.315024570875993,0.933785332171589,0.869633618023464,LGMN/CXCL12,2
GO:0090330,regulation of platelet aggregation,2/468,18/7427,0.111111111111111,1.76329534662868,0.840767761388069,0.315024570875993,0.933785332171589,0.869633618023464,SYK/EMILIN2,2
GO:0099558,maintenance of synapse structure,2/468,18/7427,0.111111111111111,1.76329534662868,0.840767761388069,0.315024570875993,0.933785332171589,0.869633618023464,GRN/CSMD2,2
GO:2000010,positive regulation of protein localization to cell surface,2/468,18/7427,0.111111111111111,1.76329534662868,0.840767761388069,0.315024570875993,0.933785332171589,0.869633618023464,MAP1A/TMEM35A,2
GO:0030036,actin cytoskeleton organization,27/468,387/7427,0.0697674418604651,1.10718545020871,0.561606298880407,0.316927999040865,0.937978141033734,0.873538377945094,BCL6/PHACTR4/ELMO1/VILL/MYH3/MYH11/DOCK2/ARAP3/NCKAP1L/WAS/CAPN3/LIMA1/SLC9A1/PLEKHG2/ARHGAP6/BST1/HCK/MYOM1/ARHGEF18/CXCL12/PPP1R9B/CGNL1/SHROOM1/VANGL2/GBA2/DAAM2/PDLIM1,27
GO:0051259,protein complex oligomerization,9/468,117/7427,0.0769230769230769,1.22074293228139,0.624091159135707,0.316966467675724,0.937978141033734,0.873538377945094,STING1/DNM1/GRIA3/IKZF4/STEAP4/SLC9A1/SAMHD1/KCTD7/RYR3,9
GO:0010001,glial cell differentiation,10/468,132/7427,0.0757575757575758,1.20224682724683,0.607971212054909,0.319672608759616,0.94519989140312,0.880263988945628,EGR2/TNFRSF1B/DLL1/DTX1/GRN/RELN/C5AR1/DAAM2/SLC8A3/KCNJ10,10
GO:0046718,symbiont entry into host cell,6/468,74/7427,0.0810810810810811,1.28672903672904,0.642809421231929,0.322776828562126,0.953585697006215,0.888073683760283,TNFRSF14/TRIM38/CH25H/SELPLG/CD4/LGALS9,6
GO:0009895,negative regulation of catabolic process,14/468,192/7427,0.0729166666666667,1.15716257122507,0.572146772931645,0.324304031232005,0.956138849623943,0.890451432983605,PML/SYK/LZTS1/PIK3CG/IL10RA/SNRNP70/FLCN/MAP1A/ZFP36/LAMP3/HFE/FBP1/VHL/CDK5RAP3,14
GO:0015711,organic anion transport,14/468,192/7427,0.0729166666666667,1.15716257122507,0.572146772931645,0.324304031232005,0.956138849623943,0.890451432983605,SYK/SLC36A1/PROCA1/SLC38A10/UCP2/PSAP/ABCC3/SLCO5A1/SLC2A5/CFTR/SLC6A1/KCNJ10/CALHM5/SLC47A1,14
GO:0006906,vesicle fusion,5/468,60/7427,0.0833333333333333,1.32247150997151,0.650352212705638,0.326715591024678,0.956138849623943,0.890451432983605,SYT11/TMEM175/STX11/PRRT2/SYT2,5
GO:0042177,negative regulation of protein catabolic process,5/468,60/7427,0.0833333333333333,1.32247150997151,0.650352212705638,0.326715591024678,0.956138849623943,0.890451432983605,SNRNP70/MAP1A/LAMP3/HFE/CDK5RAP3,5
GO:0070555,response to interleukin-1,5/468,60/7427,0.0833333333333333,1.32247150997151,0.650352212705638,0.326715591024678,0.956138849623943,0.890451432983605,SIRPA/EGR1/LGALS9/ST18/HYAL1,5
GO:0001706,endoderm formation,3/468,32/7427,0.09375,1.48778044871795,0.717062927098705,0.327793452719577,0.956138849623943,0.890451432983605,SOX7/POU5F1/COL7A1,3
GO:0010332,response to gamma radiation,3/468,32/7427,0.09375,1.48778044871795,0.717062927098705,0.327793452719577,0.956138849623943,0.890451432983605,PML/CDKN1A/EGR1,3
GO:0031100,animal organ regeneration,3/468,32/7427,0.09375,1.48778044871795,0.717062927098705,0.327793452719577,0.956138849623943,0.890451432983605,CXCL12/UCP2/CEBPA,3
GO:0045685,regulation of glial cell differentiation,3/468,32/7427,0.09375,1.48778044871795,0.717062927098705,0.327793452719577,0.956138849623943,0.890451432983605,EGR2/TNFRSF1B/DAAM2,3
GO:0045815,transcription initiation-coupled chromatin remodeling,3/468,32/7427,0.09375,1.48778044871795,0.717062927098705,0.327793452719577,0.956138849623943,0.890451432983605,KMT2A/EGR1/APOBEC3F,3
GO:1900046,regulation of hemostasis,3/468,32/7427,0.09375,1.48778044871795,0.717062927098705,0.327793452719577,0.956138849623943,0.890451432983605,SERPING1/EMILIN2/USF1,3
GO:0032984,protein-containing complex disassembly,10/468,133/7427,0.075187969924812,1.1932073774179,0.583033658391309,0.328090025146115,0.956138849623943,0.890451432983605,VILL/SHFL/GABARAPL1/NAPB/LIMA1/NCKAP5L/PPP1R9B/MAP1A/SYNJ1/ATG14,10
GO:0009581,detection of external stimulus,4/468,46/7427,0.0869565217391304,1.37997027127462,0.670344287562439,0.329115767477625,0.956138849623943,0.890451432983605,CXCL12/SEMA5B/WHRN/SLC24A4,4
GO:0033273,response to vitamin,4/468,46/7427,0.0869565217391304,1.37997027127462,0.670344287562439,0.329115767477625,0.956138849623943,0.890451432983605,CD4/ALPL/CYP26B1/CEBPA,4
GO:0051058,negative regulation of small GTPase mediated signal transduction,4/468,46/7427,0.0869565217391304,1.37997027127462,0.670344287562439,0.329115767477625,0.956138849623943,0.890451432983605,BCL6/FLCN/CGNL1/FBP1,4
GO:0055006,cardiac cell development,4/468,46/7427,0.0869565217391304,1.37997027127462,0.670344287562439,0.329115767477625,0.956138849623943,0.890451432983605,SHOX2/MYH11/TBX18/TBX5,4
GO:0060395,SMAD protein signal transduction,4/468,46/7427,0.0869565217391304,1.37997027127462,0.670344287562439,0.329115767477625,0.956138849623943,0.890451432983605,PML/SH2B1/GDF5/HFE,4
GO:0071347,cellular response to interleukin-1,4/468,46/7427,0.0869565217391304,1.37997027127462,0.670344287562439,0.329115767477625,0.956138849623943,0.890451432983605,SIRPA/EGR1/ST18/HYAL1,4
GO:0002262,myeloid cell homeostasis,8/468,104/7427,0.0769230769230769,1.22074293228139,0.587876284394255,0.332293336450476,0.956138849623943,0.890451432983605,INPP5D/BCL6/MAFB/NCKAP1L/IKZF1/ZFP36/CDK5RAP3/MPL,8
GO:0033209,tumor necrosis factor-mediated signaling pathway,6/468,75/7427,0.08,1.26957264957265,0.60845811896258,0.334132436949621,0.956138849623943,0.890451432983605,TNFRSF14/SYK/TNFRSF1B/TNFRSF25/SPPL2B/ST18,6
GO:0044409,symbiont entry into host,6/468,75/7427,0.08,1.26957264957265,0.60845811896258,0.334132436949621,0.956138849623943,0.890451432983605,TNFRSF14/TRIM38/CH25H/SELPLG/CD4/LGALS9,6
GO:0071322,cellular response to carbohydrate stimulus,6/468,75/7427,0.08,1.26957264957265,0.60845811896258,0.334132436949621,0.956138849623943,0.890451432983605,UCP2/USF1/SLC2A5/CFTR/FBP1/CLEC7A,6
GO:0045637,regulation of myeloid cell differentiation,9/468,119/7427,0.0756302521008403,1.20022624434389,0.570981705438257,0.33486004354588,0.956138849623943,0.890451432983605,INPP5D/DLL1/MAFB/NCKAP1L/CD4/ZFP36/TMEM178A/MPL/CD101,9
GO:0034329,cell junction assembly,19/468,269/7427,0.0706319702602231,1.1209052203476,0.523784118997462,0.335435693205834,0.956138849623943,0.890451432983605,LZTS1/TNS1/CLDN15/ELMO1/COLQ/SLC9A1/ARHGAP6/PRKCH/PPP1R9B/FLCN/COL16A1/MDGA1/RELN/CSMD2/COL17A1/LRRN1/TBX5/LRRC4B/LRIT3,19
GO:0022603,regulation of anatomical structure morphogenesis,31/468,452/7427,0.0685840707964602,1.08840575599425,0.502926632719788,0.335658355085843,0.956138849623943,0.890451432983605,STAT2/BCL6/PML/LZTS1/SHOX2/PIK3CG/DLL1/EMILIN2/C3/SEMA6D/PRKD2/HCK/PPP1R16B/ARHGEF18/CXCL12/HECW2/GPNMB/GRN/RGMA/RELN/C5AR1/SYT2/POU5F1/VANGL2/TSPAN12/MAP6/COL4A3/WNT2/HYAL1/MPL/CXCR3,31
GO:0031667,response to nutrient levels,18/468,254/7427,0.0708661417322835,1.12462144155058,0.524066252800171,0.336261250924677,0.956138849623943,0.890451432983605,SYK/CDKN1A/MAFB/SZT2/GABARAPL1/CD4/PRKCH/ALPL/FLCN/UCP2/CYP26B1/ZFP36/USF1/CEBPA/HFE/FBP1/ATG14/HMGCS2,18
GO:1903530,regulation of secretion by cell,18/468,254/7427,0.0708661417322835,1.12462144155058,0.524066252800171,0.336261250924677,0.956138849623943,0.890451432983605,SYK/TNFRSF1B/SYT11/P2RX1/NCKAP1L/LGALS9/MYOM1/CXCL12/UCP2/RAB2B/NR1H3/SYT2/RAB37/BMAL1/FFAR4/CFTR/HFE/CCKAR,18
GO:0042060,wound healing,16/468,224/7427,0.0714285714285714,1.13354700854701,0.526294033810105,0.337598361782692,0.956138849623943,0.890451432983605,SYK/SERPING1/PIK3CG/SYT11/CDKN1A/EMILIN2/P2RX1/WAS/VWF/PLCG2/SELP/FBLN1/CASP7/USF1/VANGL2/CLEC7A,16
GO:0048545,response to steroid hormone,12/468,164/7427,0.0731707317073171,1.16119449656035,0.541303821188893,0.33819028464192,0.956138849623943,0.890451432983605,LCAT/ZNF366/PPP1R9B/ALPL/UCP2/NR1H3/ZFP36/CEBPA/BMAL1/SAFB2/HMGCS2/GPR83,12
GO:0001778,plasma membrane repair,2/468,19/7427,0.105263157894737,1.67049032838507,0.758832306142674,0.338694110353154,0.956138849623943,0.890451432983605,SYT11/CASP7,2
GO:0002431,Fc receptor mediated stimulatory signaling pathway,2/468,19/7427,0.105263157894737,1.67049032838507,0.758832306142674,0.338694110353154,0.956138849623943,0.890451432983605,SYK/HCK,2
GO:0006346,DNA methylation-dependent constitutive heterochromatin formation,2/468,19/7427,0.105263157894737,1.67049032838507,0.758832306142674,0.338694110353154,0.956138849623943,0.890451432983605,KMT2A/MBD1,2
GO:0007095,mitotic G2 DNA damage checkpoint signaling,2/468,19/7427,0.105263157894737,1.67049032838507,0.758832306142674,0.338694110353154,0.956138849623943,0.890451432983605,CDKN1A/CDK5RAP3,2
GO:0009409,response to cold,2/468,19/7427,0.105263157894737,1.67049032838507,0.758832306142674,0.338694110353154,0.956138849623943,0.890451432983605,SLC9A1/UCP2,2
GO:0010447,response to acidic pH,2/468,19/7427,0.105263157894737,1.67049032838507,0.758832306142674,0.338694110353154,0.956138849623943,0.890451432983605,LGMN/SLC9A1,2
GO:0019098,reproductive behavior,2/468,19/7427,0.105263157894737,1.67049032838507,0.758832306142674,0.338694110353154,0.956138849623943,0.890451432983605,P2RX1/PPP1R9B,2
GO:0021801,cerebral cortex radial glia-guided migration,2/468,19/7427,0.105263157894737,1.67049032838507,0.758832306142674,0.338694110353154,0.956138849623943,0.890451432983605,SYNE2/RELN,2
GO:0022030,telencephalon glial cell migration,2/468,19/7427,0.105263157894737,1.67049032838507,0.758832306142674,0.338694110353154,0.956138849623943,0.890451432983605,SYNE2/RELN,2
GO:0030947,regulation of vascular endothelial growth factor receptor signaling pathway,2/468,19/7427,0.105263157894737,1.67049032838507,0.758832306142674,0.338694110353154,0.956138849623943,0.890451432983605,DLL1/PRKD2,2
GO:0035115,embryonic forelimb morphogenesis,2/468,19/7427,0.105263157894737,1.67049032838507,0.758832306142674,0.338694110353154,0.956138849623943,0.890451432983605,SHOX2/TBX5,2
GO:0035883,enteroendocrine cell differentiation,2/468,19/7427,0.105263157894737,1.67049032838507,0.758832306142674,0.338694110353154,0.956138849623943,0.890451432983605,DLL1/BMAL1,2
GO:0045920,negative regulation of exocytosis,2/468,19/7427,0.105263157894737,1.67049032838507,0.758832306142674,0.338694110353154,0.956138849623943,0.890451432983605,NCKAP1L/LGALS9,2
GO:0046427,positive regulation of receptor signaling pathway via JAK-STAT,2/468,19/7427,0.105263157894737,1.67049032838507,0.758832306142674,0.338694110353154,0.956138849623943,0.890451432983605,TYK2/IL10RA,2
GO:0046639,negative regulation of alpha-beta T cell differentiation,2/468,19/7427,0.105263157894737,1.67049032838507,0.758832306142674,0.338694110353154,0.956138849623943,0.890451432983605,BCL6/TBX21,2
GO:0048483,autonomic nervous system development,2/468,19/7427,0.105263157894737,1.67049032838507,0.758832306142674,0.338694110353154,0.956138849623943,0.890451432983605,EGR2/PHACTR4,2
GO:0051043,regulation of membrane protein ectodomain proteolysis,2/468,19/7427,0.105263157894737,1.67049032838507,0.758832306142674,0.338694110353154,0.956138849623943,0.890451432983605,TNFRSF1B/RGMA,2
GO:0051281,positive regulation of release of sequestered calcium ion into cytosol,2/468,19/7427,0.105263157894737,1.67049032838507,0.758832306142674,0.338694110353154,0.956138849623943,0.890451432983605,CAPN3/CXCR3,2
GO:0070498,interleukin-1-mediated signaling pathway,2/468,19/7427,0.105263157894737,1.67049032838507,0.758832306142674,0.338694110353154,0.956138849623943,0.890451432983605,EGR1/ST18,2
GO:0070972,protein localization to endoplasmic reticulum,2/468,19/7427,0.105263157894737,1.67049032838507,0.758832306142674,0.338694110353154,0.956138849623943,0.890451432983605,STING1/OS9,2
GO:0071467,cellular response to pH,2/468,19/7427,0.105263157894737,1.67049032838507,0.758832306142674,0.338694110353154,0.956138849623943,0.890451432983605,SLC9A1/HYAL1,2
GO:0072540,T-helper 17 cell lineage commitment,2/468,19/7427,0.105263157894737,1.67049032838507,0.758832306142674,0.338694110353154,0.956138849623943,0.890451432983605,IRF4/TBX21,2
GO:0140448,signaling receptor ligand precursor processing,2/468,19/7427,0.105263157894737,1.67049032838507,0.758832306142674,0.338694110353154,0.956138849623943,0.890451432983605,MEP1A/PCSK1,2
GO:0150146,cell junction disassembly,2/468,19/7427,0.105263157894737,1.67049032838507,0.758832306142674,0.338694110353154,0.956138849623943,0.890451432983605,C3/VANGL2,2
GO:1900017,positive regulation of cytokine production involved in inflammatory response,2/468,19/7427,0.105263157894737,1.67049032838507,0.758832306142674,0.338694110353154,0.956138849623943,0.890451432983605,STING1/CLEC7A,2
GO:1902624,positive regulation of neutrophil migration,2/468,19/7427,0.105263157894737,1.67049032838507,0.758832306142674,0.338694110353154,0.956138849623943,0.890451432983605,NCKAP1L/C5AR1,2
GO:2000319,regulation of T-helper 17 cell differentiation,2/468,19/7427,0.105263157894737,1.67049032838507,0.758832306142674,0.338694110353154,0.956138849623943,0.890451432983605,NFKBID/TBX21,2
GO:0110020,regulation of actomyosin structure organization,5/468,61/7427,0.0819672131147541,1.3007916491523,0.611704697754272,0.339420026803986,0.957428259589039,0.891652259570219,WAS/SLC9A1/ARHGAP6/ARHGEF18/CGNL1,5
GO:0051046,regulation of secretion,19/468,270/7427,0.0703703703703704,1.1167537195315,0.506773713001993,0.341431554985435,0.95796304143921,0.892150301528252,SYK/TNFRSF1B/SYT11/P2RX1/NCKAP1L/LGALS9/TIFAB/MYOM1/CXCL12/UCP2/RAB2B/NR1H3/SYT2/RAB37/BMAL1/FFAR4/CFTR/HFE/CCKAR,19
GO:0009582,detection of abiotic stimulus,4/468,47/7427,0.0851063829787234,1.35060920167303,0.625274962260095,0.343731856888841,0.95796304143921,0.892150301528252,CXCL12/SEMA5B/WHRN/SLC24A4,4
GO:0019730,antimicrobial humoral response,4/468,47/7427,0.0851063829787234,1.35060920167303,0.625274962260095,0.343731856888841,0.95796304143921,0.892150301528252,HLA-E/CXCL12/CCL3L3/GNLY,4
GO:0043271,negative regulation of monoatomic ion transport,4/468,47/7427,0.0851063829787234,1.35060920167303,0.625274962260095,0.343731856888841,0.95796304143921,0.892150301528252,KCNE1/TLR9/UCP2/ISCU,4
GO:0072593,reactive oxygen species metabolic process,9/468,120/7427,0.075,1.19022435897436,0.544771249370872,0.34387324685918,0.95796304143921,0.892150301528252,SYK/SIRPA/SOD3/CDKN1A/BST1/UCP2/PLCG2/GCH1/CLEC7A,9
GO:0061458,reproductive system development,10/468,135/7427,0.0740740740740741,1.17553023108579,0.533731038682571,0.345052522215888,0.95796304143921,0.892150301528252,C3/TIFAB/NOTCH4/TLR9/PPP1R9B/TLR5/PSAP/TEX11/NUP210L/SAFB2,10
GO:0016032,viral process,14/468,195/7427,0.0717948717948718,1.1393600701293,0.511391416029626,0.345419394664187,0.95796304143921,0.892150301528252,TNFRSF14/TRIM38/SHFL/CH25H/CD28/SELPLG/CD4/LGALS9/ZNFX1/ZFP36/APOBEC3F/STOM/USF1/LAMP3,14
GO:0002204,somatic recombination of immunoglobulin genes involved in immune response,3/468,33/7427,0.0909090909090909,1.44269619269619,0.660921704923907,0.345442719426847,0.95796304143921,0.892150301528252,BCL6/CD28/TBX21,3
GO:0002208,somatic diversification of immunoglobulins involved in immune response,3/468,33/7427,0.0909090909090909,1.44269619269619,0.660921704923907,0.345442719426847,0.95796304143921,0.892150301528252,BCL6/CD28/TBX21,3
GO:0006509,membrane protein ectodomain proteolysis,3/468,33/7427,0.0909090909090909,1.44269619269619,0.660921704923907,0.345442719426847,0.95796304143921,0.892150301528252,TNFRSF1B/SPPL2B/RGMA,3
GO:0009299,mRNA transcription,3/468,33/7427,0.0909090909090909,1.44269619269619,0.660921704923907,0.345442719426847,0.95796304143921,0.892150301528252,POLR2A/NR1H3/C5AR1,3
GO:0010812,negative regulation of cell-substrate adhesion,3/468,33/7427,0.0909090909090909,1.44269619269619,0.660921704923907,0.345442719426847,0.95796304143921,0.892150301528252,BCL6/ARHGAP6/FBLN1,3
GO:0016126,sterol biosynthetic process,3/468,33/7427,0.0909090909090909,1.44269619269619,0.660921704923907,0.345442719426847,0.95796304143921,0.892150301528252,CH25H/CFTR/HMGCS2,3
GO:0031641,regulation of myelination,3/468,33/7427,0.0909090909090909,1.44269619269619,0.660921704923907,0.345442719426847,0.95796304143921,0.892150301528252,EGR2/TNFRSF1B/JAM2,3
GO:0031648,protein destabilization,3/468,33/7427,0.0909090909090909,1.44269619269619,0.660921704923907,0.345442719426847,0.95796304143921,0.892150301528252,CAPN3/FLCN/MYLIP,3
GO:0034331,cell junction maintenance,3/468,33/7427,0.0909090909090909,1.44269619269619,0.660921704923907,0.345442719426847,0.95796304143921,0.892150301528252,GRN/CSMD2/WHRN,3
GO:0044773,mitotic DNA damage checkpoint signaling,3/468,33/7427,0.0909090909090909,1.44269619269619,0.660921704923907,0.345442719426847,0.95796304143921,0.892150301528252,CDKN1A/RPS27L/CDK5RAP3,3
GO:0045190,isotype switching,3/468,33/7427,0.0909090909090909,1.44269619269619,0.660921704923907,0.345442719426847,0.95796304143921,0.892150301528252,BCL6/CD28/TBX21,3
GO:0060415,muscle tissue morphogenesis,3/468,33/7427,0.0909090909090909,1.44269619269619,0.660921704923907,0.345442719426847,0.95796304143921,0.892150301528252,SHOX2/VANGL2/WNT2,3
GO:0071300,cellular response to retinoic acid,3/468,33/7427,0.0909090909090909,1.44269619269619,0.660921704923907,0.345442719426847,0.95796304143921,0.892150301528252,SNRNP70/CYP26B1/WNT2,3
GO:0080164,regulation of nitric oxide metabolic process,3/468,33/7427,0.0909090909090909,1.44269619269619,0.660921704923907,0.345442719426847,0.95796304143921,0.892150301528252,SIRPA/TLR5/CLEC7A,3
GO:0170039,proteinogenic amino acid metabolic process,6/468,76/7427,0.0789473684210526,1.2528677462888,0.574584628463118,0.345534602801942,0.95796304143921,0.892150301528252,HAAO/CSAD/PIPOX/UCP2/IL4I1/HDC,6
GO:0010498,proteasomal protein catabolic process,23/468,332/7427,0.0692771084337349,1.09940402636186,0.480533642739622,0.34774259512105,0.96155297120804,0.895493600577572,PML/TRIM38/TMEM259/KLHL6/KLHL3/SYVN1/OS9/ZSWIM8/FLCN/TBX21/RELN/MAP1A/RNF122/FBXO48/RFPL1/CEBPA/BMAL1/LAMP3/HFE/NLRP4/VHL/PSMB10/ZNF418,23
GO:0055001,muscle cell development,7/468,91/7427,0.0769230769230769,1.22074293228139,0.549420453257227,0.349291931349834,0.96155297120804,0.895493600577572,SHOX2/MYH3/MYH11/CAPN3/MYOM1/TBX18/TBX5,7
GO:0048598,embryonic morphogenesis,21/468,302/7427,0.0695364238410596,1.10351927322126,0.476276586279491,0.350669646647814,0.96155297120804,0.895493600577572,SHOX2/PHACTR4/DLL1/MAFB/MYH3/HOXA4/TIFAB/SOX7/RGMA/CYP26B1/CDH23/TBX19/WHRN/POU5F1/TBX18/TBX5/VANGL2/GDF5/WNT2/COL7A1/HYAL1,21
GO:0046474,glycerophospholipid biosynthetic process,8/468,106/7427,0.0754716981132076,1.19771004676665,0.531647099415332,0.351590022133413,0.96155297120804,0.895493600577572,INPP5D/PIK3CG/TTC7A/LCAT/PLA2G4C/PLCG2/SYNJ1/ATG14,8
GO:0023061,signal release,15/468,211/7427,0.0710900473933649,1.12817474784299,0.489804101913164,0.351714663281986,0.96155297120804,0.895493600577572,SYK/SYT11/P2RX1/NAPB/CXCL12/STX11/PRRT2/UCP2/SYT2/SYNJ1/BMAL1/FFAR4/CFTR/HFE/CCKAR,15
GO:0031109,microtubule polymerization or depolymerization,5/468,62/7427,0.0806451612903226,1.27981113868211,0.573721927378242,0.352161408332342,0.96155297120804,0.895493600577572,PDE4DIP/NCKAP5L/MAP1A/GBA2/ANKRD53,5
GO:0045639,positive regulation of myeloid cell differentiation,5/468,62/7427,0.0806451612903226,1.27981113868211,0.573721927378242,0.352161408332342,0.96155297120804,0.895493600577572,INPP5D/NCKAP1L/CD4/MPL/CD101,5
GO:0090174,organelle membrane fusion,5/468,62/7427,0.0806451612903226,1.27981113868211,0.573721927378242,0.352161408332342,0.96155297120804,0.895493600577572,SYT11/TMEM175/STX11/PRRT2/SYT2,5
GO:0007416,synapse assembly,10/468,136/7427,0.0735294117647059,1.16688662644545,0.509359512782996,0.353588704695155,0.96155297120804,0.895493600577572,LZTS1/ELMO1/COLQ/PPP1R9B/MDGA1/RELN/CSMD2/LRRN1/LRRC4B/LRIT3,10
GO:0019058,viral life cycle,11/468,151/7427,0.0728476821192053,1.15606781004132,0.502437962223067,0.35377341112844,0.96155297120804,0.895493600577572,TNFRSF14/TRIM38/SHFL/CH25H/CD28/SELPLG/CD4/LGALS9/ZNFX1/APOBEC3F/LAMP3,11
GO:0071772,response to BMP,6/468,77/7427,0.0779220779220779,1.23659673659674,0.541174623709439,0.356972662512711,0.96155297120804,0.895493600577572,EGR1/RGMA/HIVEP1/POU5F1/GDF5/HFE,6
GO:0071773,cellular response to BMP stimulus,6/468,77/7427,0.0779220779220779,1.23659673659674,0.541174623709439,0.356972662512711,0.96155297120804,0.895493600577572,EGR1/RGMA/HIVEP1/POU5F1/GDF5/HFE,6
GO:0170033,L-amino acid metabolic process,6/468,77/7427,0.0779220779220779,1.23659673659674,0.541174623709439,0.356972662512711,0.96155297120804,0.895493600577572,HAAO/CSAD/PIPOX/UCP2/IL4I1/HDC,6
GO:0043410,positive regulation of MAPK cascade,16/468,227/7427,0.0704845814977974,1.11856621107722,0.470472889593438,0.357413275547474,0.96155297120804,0.895493600577572,SYK/PIK3CG/CD4/PRKD2/LGALS9/GADD45G/TLR9/GPNMB/PLCG2/C5AR1/HAVCR2/UNC5CL/FFAR4/GLIPR2/CLEC7A/GADD45B,16
GO:0014013,regulation of gliogenesis,4/468,48/7427,0.0833333333333333,1.32247150997151,0.581219525331321,0.358362890072182,0.96155297120804,0.895493600577572,EGR2/TNFRSF1B/PRKCH/DAAM2,4
GO:0010563,negative regulation of phosphorus metabolic process,7/468,92/7427,0.0760869565217391,1.20747398736529,0.519259545513429,0.359756376291366,0.96155297120804,0.895493600577572,CDKN1A/FLCN/FBLN1/FBP1/ATG14/CDK5RAP3/ALDOB,7
GO:0045936,negative regulation of phosphate metabolic process,7/468,92/7427,0.0760869565217391,1.20747398736529,0.519259545513429,0.359756376291366,0.96155297120804,0.895493600577572,CDKN1A/FLCN/FBLN1/FBP1/ATG14/CDK5RAP3/ALDOB,7
GO:0050769,positive regulation of neurogenesis,9/468,122/7427,0.0737704918032787,1.17071248423707,0.493017197029742,0.362005905931965,0.96155297120804,0.895493600577572,EGR2/TNFRSF1B/SHOX2/ZNF335/PRKCH/CXCL12/RELN/MAP6/WNT2,9
GO:0050920,regulation of chemotaxis,9/468,122/7427,0.0737704918032787,1.17071248423707,0.493017197029742,0.362005905931965,0.96155297120804,0.895493600577572,NCKAP1L/LGMN/PRKD2/LGALS9/BST1/CXCL12/TNFSF14/C5AR1/CXCR3,9
GO:0002455,humoral immune response mediated by circulating immunoglobulin,2/468,20/7427,0.1,1.58696581196581,0.681606326181074,0.362106974208735,0.96155297120804,0.895493600577572,C3/CFI,2
GO:0002828,regulation of type 2 immune response,2/468,20/7427,0.1,1.58696581196581,0.681606326181074,0.362106974208735,0.96155297120804,0.895493600577572,BCL6/TBX21,2
GO:0006968,cellular defense response,2/468,20/7427,0.1,1.58696581196581,0.681606326181074,0.362106974208735,0.96155297120804,0.895493600577572,C5AR1/GNLY,2
GO:0007019,microtubule depolymerization,2/468,20/7427,0.1,1.58696581196581,0.681606326181074,0.362106974208735,0.96155297120804,0.895493600577572,NCKAP5L/MAP1A,2
GO:0010575,positive regulation of vascular endothelial growth factor production,2/468,20/7427,0.1,1.58696581196581,0.681606326181074,0.362106974208735,0.96155297120804,0.895493600577572,C3/C5AR1,2
GO:0010830,regulation of myotube differentiation,2/468,20/7427,0.1,1.58696581196581,0.681606326181074,0.362106974208735,0.96155297120804,0.895493600577572,SHOX2/CYP26B1,2
GO:0016202,regulation of striated muscle tissue development,2/468,20/7427,0.1,1.58696581196581,0.681606326181074,0.362106974208735,0.96155297120804,0.895493600577572,SHOX2/DLL1,2
GO:0021575,hindbrain morphogenesis,2/468,20/7427,0.1,1.58696581196581,0.681606326181074,0.362106974208735,0.96155297120804,0.895493600577572,DLL1/WHRN,2
GO:0030195,negative regulation of blood coagulation,2/468,20/7427,0.1,1.58696581196581,0.681606326181074,0.362106974208735,0.96155297120804,0.895493600577572,SERPING1/USF1,2
GO:0031646,positive regulation of nervous system process,2/468,20/7427,0.1,1.58696581196581,0.681606326181074,0.362106974208735,0.96155297120804,0.895493600577572,EGR2/TNFRSF1B,2
GO:0032692,negative regulation of interleukin-1 production,2/468,20/7427,0.1,1.58696581196581,0.681606326181074,0.362106974208735,0.96155297120804,0.895493600577572,PML/FFAR4,2
GO:0032816,positive regulation of natural killer cell activation,2/468,20/7427,0.1,1.58696581196581,0.681606326181074,0.362106974208735,0.96155297120804,0.895493600577572,HLA-E/TYK2,2
GO:0034381,plasma lipoprotein particle clearance,2/468,20/7427,0.1,1.58696581196581,0.681606326181074,0.362106974208735,0.96155297120804,0.895493600577572,MYLIP/LIPC,2
GO:0042461,photoreceptor cell development,2/468,20/7427,0.1,1.58696581196581,0.681606326181074,0.362106974208735,0.96155297120804,0.895493600577572,RAB37/RP1L1,2
GO:0045429,positive regulation of nitric oxide biosynthetic process,2/468,20/7427,0.1,1.58696581196581,0.681606326181074,0.362106974208735,0.96155297120804,0.895493600577572,TLR5/CLEC7A,2
GO:0045684,positive regulation of epidermis development,2/468,20/7427,0.1,1.58696581196581,0.681606326181074,0.362106974208735,0.96155297120804,0.895493600577572,PRKCH/PTCH2,2
GO:0045687,positive regulation of glial cell differentiation,2/468,20/7427,0.1,1.58696581196581,0.681606326181074,0.362106974208735,0.96155297120804,0.895493600577572,EGR2/TNFRSF1B,2
GO:0046622,positive regulation of organ growth,2/468,20/7427,0.1,1.58696581196581,0.681606326181074,0.362106974208735,0.96155297120804,0.895493600577572,TBX5/WNT2,2
GO:0048265,response to pain,2/468,20/7427,0.1,1.58696581196581,0.681606326181074,0.362106974208735,0.96155297120804,0.895493600577572,RELN/GCH1,2
GO:0050654,chondroitin sulfate proteoglycan metabolic process,2/468,20/7427,0.1,1.58696581196581,0.681606326181074,0.362106974208735,0.96155297120804,0.895493600577572,HYAL1/CHST13,2
GO:0051926,negative regulation of calcium ion transport,2/468,20/7427,0.1,1.58696581196581,0.681606326181074,0.362106974208735,0.96155297120804,0.895493600577572,TLR9/UCP2,2
GO:0051937,catecholamine transport,2/468,20/7427,0.1,1.58696581196581,0.681606326181074,0.362106974208735,0.96155297120804,0.895493600577572,SYT11/CXCL12,2
GO:0061081,positive regulation of myeloid leukocyte cytokine production involved in immune response,2/468,20/7427,0.1,1.58696581196581,0.681606326181074,0.362106974208735,0.96155297120804,0.895493600577572,SYK/PLCG2,2
GO:0086009,membrane repolarization,2/468,20/7427,0.1,1.58696581196581,0.681606326181074,0.362106974208735,0.96155297120804,0.895493600577572,KCNE1/SLC24A4,2
GO:1900047,negative regulation of hemostasis,2/468,20/7427,0.1,1.58696581196581,0.681606326181074,0.362106974208735,0.96155297120804,0.895493600577572,SERPING1/USF1,2
GO:1904994,regulation of leukocyte adhesion to vascular endothelial cell,2/468,20/7427,0.1,1.58696581196581,0.681606326181074,0.362106974208735,0.96155297120804,0.895493600577572,CXCL12/SELP,2
GO:0007507,heart development,21/468,304/7427,0.0690789473684211,1.0962592780027,0.444400869784449,0.36218875543019,0.96155297120804,0.895493600577572,TNFRSF1B/SHOX2/CDKN1A/MEF2B/DLL1/MSC/MYH11/ADAP2/SLC9A1/CACNA1G/CNTRL/DHRS3/CASP7/TBX19/POU5F1/TBX18/TBX5/VANGL2/WNT2/PDLIM1/CCM2L,21
GO:0001523,retinoid metabolic process,3/468,34/7427,0.0882352941176471,1.40026395173454,0.606600222015432,0.363049097647567,0.96155297120804,0.895493600577572,SCPEP1/CYP26B1/DHRS3,3
GO:0005977,glycogen metabolic process,3/468,34/7427,0.0882352941176471,1.40026395173454,0.606600222015432,0.363049097647567,0.96155297120804,0.895493600577572,GABARAPL1/PPP1R3E/PYGM,3
GO:0009311,oligosaccharide metabolic process,3/468,34/7427,0.0882352941176471,1.40026395173454,0.606600222015432,0.363049097647567,0.96155297120804,0.895493600577572,GAL3ST4/MAN2B2/ST6GAL2,3
GO:0014015,positive regulation of gliogenesis,3/468,34/7427,0.0882352941176471,1.40026395173454,0.606600222015432,0.363049097647567,0.96155297120804,0.895493600577572,EGR2/TNFRSF1B/PRKCH,3
GO:0016101,diterpenoid metabolic process,3/468,34/7427,0.0882352941176471,1.40026395173454,0.606600222015432,0.363049097647567,0.96155297120804,0.895493600577572,SCPEP1/CYP26B1/DHRS3,3
GO:0030042,actin filament depolymerization,3/468,34/7427,0.0882352941176471,1.40026395173454,0.606600222015432,0.363049097647567,0.96155297120804,0.895493600577572,VILL/LIMA1/PPP1R9B,3
GO:0043433,negative regulation of DNA-binding transcription factor activity,3/468,34/7427,0.0882352941176471,1.40026395173454,0.606600222015432,0.363049097647567,0.96155297120804,0.895493600577572,GFI1/HAVCR2/CDK5RAP3,3
GO:0043470,regulation of carbohydrate catabolic process,3/468,34/7427,0.0882352941176471,1.40026395173454,0.606600222015432,0.363049097647567,0.96155297120804,0.895493600577572,FLCN/FBP1/ALDOB,3
GO:0045661,regulation of myoblast differentiation,3/468,34/7427,0.0882352941176471,1.40026395173454,0.606600222015432,0.363049097647567,0.96155297120804,0.895493600577572,DLL1/CAPN3/TNFSF14,3
GO:0050818,regulation of coagulation,3/468,34/7427,0.0882352941176471,1.40026395173454,0.606600222015432,0.363049097647567,0.96155297120804,0.895493600577572,SERPING1/EMILIN2/USF1,3
GO:0050907,detection of chemical stimulus involved in sensory perception,3/468,34/7427,0.0882352941176471,1.40026395173454,0.606600222015432,0.363049097647567,0.96155297120804,0.895493600577572,FFAR4/OR13A1/SLC24A4,3
GO:0061053,somite development,3/468,34/7427,0.0882352941176471,1.40026395173454,0.606600222015432,0.363049097647567,0.96155297120804,0.895493600577572,DLL1/MEOX2/TBX18,3
GO:0090303,positive regulation of wound healing,3/468,34/7427,0.0882352941176471,1.40026395173454,0.606600222015432,0.363049097647567,0.96155297120804,0.895493600577572,EMILIN2/USF1/CLEC7A,3
GO:1905515,non-motile cilium assembly,3/468,34/7427,0.0882352941176471,1.40026395173454,0.606600222015432,0.363049097647567,0.96155297120804,0.895493600577572,VANGL2/TMEM80/KCNJ10,3
GO:0048593,camera-type eye morphogenesis,5/468,63/7427,0.0793650793650794,1.25949667616334,0.536379492436912,0.364925279739838,0.964367919787968,0.898115160194941,PHACTR4/DLL1/TSPAN12/WNT2/IMPG2,5
GO:0055123,digestive system development,5/468,63/7427,0.0793650793650794,1.25949667616334,0.536379492436912,0.364925279739838,0.964367919787968,0.898115160194941,SHOX2/RCBTB2/TLR9/VANGL2/HMGCS2,5
GO:0098754,detoxification,5/468,63/7427,0.0793650793650794,1.25949667616334,0.536379492436912,0.364925279739838,0.964367919787968,0.898115160194941,SOD3/IPCEF1/CP/GCH1/SLC47A1,5
GO:1902904,negative regulation of supramolecular fiber organization,6/468,78/7427,0.0769230769230769,1.22074293228139,0.508214399149134,0.368436140133948,0.968576129359272,0.902034262786094,VILL/WAS/LIMA1/ARHGAP6/ARHGEF18/CGNL1,6
GO:0030162,regulation of proteolysis,15/468,214/7427,0.0700934579439252,1.11235921399473,0.432498488235526,0.372383309673046,0.968576129359272,0.902034262786094,VSIR/PML/TNFRSF1B/TMEM259/CAPN3/GRN/RGMA/NR1H3/MAP1A/RFPL1/CEBPA/LAMP3/HFE/CDK5RAP3/ZNF418,15
GO:0043254,regulation of protein-containing complex assembly,15/468,214/7427,0.0700934579439252,1.11235921399473,0.432498488235526,0.372383309673046,0.968576129359272,0.902034262786094,SYK/VILL/PDE4DIP/LCAT/NCKAP1L/NAPB/PLEKHG2/HCK/PRRT2/PLCG2/SELP/GBA2/DAAM2/CLEC7A/ANKRD53,15
GO:0006720,isoprenoid metabolic process,4/468,49/7427,0.0816326530612245,1.2954822954823,0.538129944845634,0.372987974875045,0.968576129359272,0.902034262786094,SCPEP1/CYP26B1/DHRS3/HMGCS2,4
GO:0019218,regulation of steroid metabolic process,4/468,49/7427,0.0816326530612245,1.2954822954823,0.538129944845634,0.372987974875045,0.968576129359272,0.902034262786094,CH25H/GNB3/EGR1/GFI1,4
GO:0034763,negative regulation of transmembrane transport,4/468,49/7427,0.0816326530612245,1.2954822954823,0.538129944845634,0.372987974875045,0.968576129359272,0.902034262786094,KCNE1/TLR9/UCP2/ISCU,4
GO:0006820,monoatomic anion transport,5/468,64/7427,0.078125,1.23981704059829,0.499654274210356,0.377697582524657,0.968576129359272,0.902034262786094,APOL1/UCP2/ABCC3/CFTR/SLC6A1,5
GO:0043467,regulation of generation of precursor metabolites and energy,5/468,64/7427,0.078125,1.23981704059829,0.499654274210356,0.377697582524657,0.968576129359272,0.902034262786094,PPP1R3E/FLCN/ISCU/FBP1/ALDOB,5
GO:0045861,negative regulation of proteolysis,5/468,64/7427,0.078125,1.23981704059829,0.499654274210356,0.377697582524657,0.968576129359272,0.902034262786094,PML/NR1H3/MAP1A/LAMP3/HFE,5
GO:0002381,immunoglobulin production involved in immunoglobulin-mediated immune response,3/468,35/7427,0.0857142857142857,1.36025641025641,0.553977008853179,0.380579268090246,0.968576129359272,0.902034262786094,BCL6/CD28/TBX21,3
GO:0006022,aminoglycan metabolic process,3/468,35/7427,0.0857142857142857,1.36025641025641,0.553977008853179,0.380579268090246,0.968576129359272,0.902034262786094,ITIH4/HYAL1/HS3ST2,3
GO:0044042,glucan metabolic process,3/468,35/7427,0.0857142857142857,1.36025641025641,0.553977008853179,0.380579268090246,0.968576129359272,0.902034262786094,GABARAPL1/PPP1R3E/PYGM,3
GO:0045666,positive regulation of neuron differentiation,3/468,35/7427,0.0857142857142857,1.36025641025641,0.553977008853179,0.380579268090246,0.968576129359272,0.902034262786094,BCL6/CXCL12/GDF5,3
GO:0046513,ceramide biosynthetic process,3/468,35/7427,0.0857142857142857,1.36025641025641,0.553977008853179,0.380579268090246,0.968576129359272,0.902034262786094,P2RX1/CASP7/PNPLA1,3
GO:0051149,positive regulation of muscle cell differentiation,3/468,35/7427,0.0857142857142857,1.36025641025641,0.553977008853179,0.380579268090246,0.968576129359272,0.902034262786094,SHOX2/NOTCH4/CYP26B1,3
GO:0061844,antimicrobial humoral immune response mediated by antimicrobial peptide,3/468,35/7427,0.0857142857142857,1.36025641025641,0.553977008853179,0.380579268090246,0.968576129359272,0.902034262786094,CXCL12/CCL3L3/GNLY,3
GO:0097006,regulation of plasma lipoprotein particle levels,3/468,35/7427,0.0857142857142857,1.36025641025641,0.553977008853179,0.380579268090246,0.968576129359272,0.902034262786094,LCAT/MYLIP/LIPC,3
GO:0141137,"positive regulation of gene expression, epigenetic",3/468,35/7427,0.0857142857142857,1.36025641025641,0.553977008853179,0.380579268090246,0.968576129359272,0.902034262786094,KMT2A/EGR1/APOBEC3F,3
GO:0150052,regulation of postsynapse assembly,3/468,35/7427,0.0857142857142857,1.36025641025641,0.553977008853179,0.380579268090246,0.968576129359272,0.902034262786094,LZTS1/ELMO1/PPP1R9B,3
GO:0051701,biological process involved in interaction with host,7/468,94/7427,0.074468085106383,1.1817830514639,0.459942407758265,0.380756880213303,0.968576129359272,0.902034262786094,TNFRSF14/TRIM38/CH25H/SELPLG/CD4/LGALS9/FBLN1,7
GO:0001504,neurotransmitter uptake,2/468,21/7427,0.0952380952380952,1.51139601139601,0.60855818879754,0.385201584289041,0.968576129359272,0.902034262786094,SLC6A1/KCNJ10,2
GO:0001941,postsynaptic membrane organization,2/468,21/7427,0.0952380952380952,1.51139601139601,0.60855818879754,0.385201584289041,0.968576129359272,0.902034262786094,COLQ/RELN,2
GO:0002295,T-helper cell lineage commitment,2/468,21/7427,0.0952380952380952,1.51139601139601,0.60855818879754,0.385201584289041,0.968576129359272,0.902034262786094,IRF4/TBX21,2
GO:0006084,acetyl-CoA metabolic process,2/468,21/7427,0.0952380952380952,1.51139601139601,0.60855818879754,0.385201584289041,0.968576129359272,0.902034262786094,PIPOX/HMGCS2,2
GO:0006516,glycoprotein catabolic process,2/468,21/7427,0.0952380952380952,1.51139601139601,0.60855818879754,0.385201584289041,0.968576129359272,0.902034262786094,MAN2B2/HYAL1,2
GO:0008206,bile acid metabolic process,2/468,21/7427,0.0952380952380952,1.51139601139601,0.60855818879754,0.385201584289041,0.968576129359272,0.902034262786094,GBA2/CYP46A1,2
GO:0010463,mesenchymal cell proliferation,2/468,21/7427,0.0952380952380952,1.51139601139601,0.60855818879754,0.385201584289041,0.968576129359272,0.902034262786094,SHOX2/WNT2,2
GO:0010742,macrophage derived foam cell differentiation,2/468,21/7427,0.0952380952380952,1.51139601139601,0.60855818879754,0.385201584289041,0.968576129359272,0.902034262786094,PRKCH/NR1H3,2
GO:0019369,arachidonate metabolic process,2/468,21/7427,0.0952380952380952,1.51139601139601,0.60855818879754,0.385201584289041,0.968576129359272,0.902034262786094,PLA2G4C/ABHD6,2
GO:0033280,response to vitamin D,2/468,21/7427,0.0952380952380952,1.51139601139601,0.60855818879754,0.385201584289041,0.968576129359272,0.902034262786094,CD4/ALPL,2
GO:0045746,negative regulation of Notch signaling pathway,2/468,21/7427,0.0952380952380952,1.51139601139601,0.60855818879754,0.385201584289041,0.968576129359272,0.902034262786094,BCL6/DLL1,2
GO:0048147,negative regulation of fibroblast proliferation,2/468,21/7427,0.0952380952380952,1.51139601139601,0.60855818879754,0.385201584289041,0.968576129359272,0.902034262786094,KMT2A/IFI30,2
GO:0048679,regulation of axon regeneration,2/468,21/7427,0.0952380952380952,1.51139601139601,0.60855818879754,0.385201584289041,0.968576129359272,0.902034262786094,GRN/RGMA,2
GO:0050819,negative regulation of coagulation,2/468,21/7427,0.0952380952380952,1.51139601139601,0.60855818879754,0.385201584289041,0.968576129359272,0.902034262786094,SERPING1/USF1,2
GO:0060441,epithelial tube branching involved in lung morphogenesis,2/468,21/7427,0.0952380952380952,1.51139601139601,0.60855818879754,0.385201584289041,0.968576129359272,0.902034262786094,VANGL2/WNT2,2
GO:0099560,synaptic membrane adhesion,2/468,21/7427,0.0952380952380952,1.51139601139601,0.60855818879754,0.385201584289041,0.968576129359272,0.902034262786094,MDGA1/LRRC4B,2
GO:1901861,regulation of muscle tissue development,2/468,21/7427,0.0952380952380952,1.51139601139601,0.60855818879754,0.385201584289041,0.968576129359272,0.902034262786094,SHOX2/DLL1,2
GO:2000463,positive regulation of excitatory postsynaptic potential,2/468,21/7427,0.0952380952380952,1.51139601139601,0.60855818879754,0.385201584289041,0.968576129359272,0.902034262786094,GRIN2D/RELN,2
GO:0044093,positive regulation of molecular function,18/468,262/7427,0.0687022900763359,1.09028185554903,0.385806913284967,0.386277533232742,0.968576129359272,0.902034262786094,DOCK8/VSIR/LCP2/PIK3CG/CASS4/PHACTR4/CDKN1A/CD4/PRKD2/LGALS9/PRKCH/GRN/P2RY11/PSAP/TSSK4/GCH1/CFTR/AVPR2,18
GO:0097435,supramolecular fiber organization,27/468,401/7427,0.0673316708229426,1.06853059658546,0.365872364303534,0.387540091409052,0.968576129359272,0.902034262786094,ELMO1/VILL/PDE4DIP/MYH3/MYH11/NCKAP1L/WAS/CAPN3/LIMA1/CCDC88B/SLC9A1/PLEKHG2/ARHGAP6/HCK/MYOM1/NCKAP5L/ARHGEF18/CXCL12/PPP1R9B/CGNL1/MAP1A/SHROOM1/GBA2/DAAM2/PDLIM1/VHL/ANKRD53,27
GO:2000278,regulation of DNA biosynthetic process,4/468,50/7427,0.08,1.26957264957265,0.495961447007302,0.387587117979759,0.968576129359272,0.902034262786094,PML/CDKN1A/PRKD2/SH2B1,4
GO:0045862,positive regulation of proteolysis,9/468,125/7427,0.072,1.14261538461538,0.416991738191671,0.389391715832086,0.968576129359272,0.902034262786094,VSIR/TNFRSF1B/TMEM259/CAPN3/GRN/RGMA/RFPL1/CEBPA/CDK5RAP3,9
GO:0046434,organophosphate catabolic process,9/468,125/7427,0.072,1.14261538461538,0.416991738191671,0.389391715832086,0.968576129359272,0.902034262786094,PLA2G4C/SAMHD1/FLCN/UCP2/PLCG2/ABHD6/FBP1/LIPC/ALDOB,9
GO:0003206,cardiac chamber morphogenesis,5/468,65/7427,0.0769230769230769,1.22074293228139,0.463524356639576,0.390464681328986,0.968576129359272,0.902034262786094,SHOX2/DHRS3/TBX5/VANGL2/WNT2,5
GO:0008584,male gonad development,5/468,65/7427,0.0769230769230769,1.22074293228139,0.463524356639576,0.390464681328986,0.968576129359272,0.902034262786094,TLR9/TLR5/TEX11/NUP210L/SAFB2,5
GO:0048706,embryonic skeletal system development,5/468,65/7427,0.0769230769230769,1.22074293228139,0.463524356639576,0.390464681328986,0.968576129359272,0.902034262786094,SHOX2/HOXC6/HOXA4/HOXD1/HYAL1,5
GO:0060048,cardiac muscle contraction,5/468,65/7427,0.0769230769230769,1.22074293228139,0.463524356639576,0.390464681328986,0.968576129359272,0.902034262786094,PIK3CG/KCNE1/SLC9A1/CACNA1G/CACNB2,5
GO:0120254,olefinic compound metabolic process,5/468,65/7427,0.0769230769230769,1.22074293228139,0.463524356639576,0.390464681328986,0.968576129359272,0.902034262786094,PLA2G4C/EGR1/DHRS3/ABHD6/CYP46A1,5
GO:0043122,regulation of canonical NF-kappaB signal transduction,13/468,186/7427,0.0698924731182796,1.10916965352449,0.391008421309624,0.390486549412231,0.968576129359272,0.902034262786094,APOL3/SIRPA/TRIM38/CD4/CAPN3/LGALS9/TIFAB/TLR9/TNFSF14/PLCG2/CASP7/UNC5CL/CLEC7A,13
GO:0071214,cellular response to abiotic stimulus,13/468,186/7427,0.0698924731182796,1.10916965352449,0.391008421309624,0.390486549412231,0.968576129359272,0.902034262786094,DDB2/MAP3K14/CDKN1A/CAPN3/EGR1/SLC9A1/TIFAB/TNFSF14/TLR5/FBP1/IRF1/HYAL1/SLC24A4,13
GO:0104004,cellular response to environmental stimulus,13/468,186/7427,0.0698924731182796,1.10916965352449,0.391008421309624,0.390486549412231,0.968576129359272,0.902034262786094,DDB2/MAP3K14/CDKN1A/CAPN3/EGR1/SLC9A1/TIFAB/TNFSF14/TLR5/FBP1/IRF1/HYAL1/SLC24A4,13
GO:0099504,synaptic vesicle cycle,8/468,110/7427,0.0727272727272727,1.15415695415695,0.422396116558352,0.390530743500185,0.968576129359272,0.902034262786094,SYT11/DNM1/P2RX1/NAPB/STX11/PRRT2/SYT2/SYNJ1,8
GO:0016052,carbohydrate catabolic process,7/468,95/7427,0.0736842105263158,1.16934322986955,0.430769944243315,0.391277244165854,0.968576129359272,0.902034262786094,GABARAPL1/MAN2B2/FLCN/UCP2/PYGM/FBP1/ALDOB,7
GO:0030856,regulation of epithelial cell differentiation,6/468,80/7427,0.075,1.19022435897436,0.443591365047992,0.39139850392862,0.968576129359272,0.902034262786094,DLL1/NOTCH4/TLR9/PRKCH/PTCH2/ZFP36,6
GO:0009416,response to light stimulus,11/468,156/7427,0.0705128205128205,1.11901435459128,0.389575425231914,0.394639845489305,0.968576129359272,0.902034262786094,PML/DDB2/CDKN1A/PDE1B/KMT2A/SEMA5B/CASP7/USF1/HYAL1/LRIT3/SLC24A4,11
GO:0042692,muscle cell differentiation,14/468,202/7427,0.0693069306930693,1.09987729542185,0.373207629372564,0.395601477487939,0.968576129359272,0.902034262786094,SHOX2/DLL1/MYH3/MYH11/DOCK2/CAPN3/SLC9A1/MYOM1/NOTCH4/TNFSF14/CYP26B1/CASP7/TBX18/TBX5,14
GO:0016447,somatic recombination of immunoglobulin gene segments,3/468,36/7427,0.0833333333333333,1.32247150997151,0.502942088819704,0.398002289591686,0.968576129359272,0.902034262786094,BCL6/CD28/TBX21,3
GO:0031102,neuron projection regeneration,3/468,36/7427,0.0833333333333333,1.32247150997151,0.502942088819704,0.398002289591686,0.968576129359272,0.902034262786094,GRN/RGMA/OMG,3
GO:0032507,maintenance of protein location in cell,3/468,36/7427,0.0833333333333333,1.32247150997151,0.502942088819704,0.398002289591686,0.968576129359272,0.902034262786094,PML/CD4/OS9,3
GO:0044774,mitotic DNA integrity checkpoint signaling,3/468,36/7427,0.0833333333333333,1.32247150997151,0.502942088819704,0.398002289591686,0.968576129359272,0.902034262786094,CDKN1A/RPS27L/CDK5RAP3,3
GO:0048644,muscle organ morphogenesis,3/468,36/7427,0.0833333333333333,1.32247150997151,0.502942088819704,0.398002289591686,0.968576129359272,0.902034262786094,SHOX2/VANGL2/WNT2,3
GO:0051153,regulation of striated muscle cell differentiation,3/468,36/7427,0.0833333333333333,1.32247150997151,0.502942088819704,0.398002289591686,0.968576129359272,0.902034262786094,SHOX2/DLL1/CYP26B1,3
GO:0009743,response to carbohydrate,8/468,111/7427,0.0720720720720721,1.14375914375914,0.395719178788639,0.400301491372641,0.968576129359272,0.902034262786094,EGR1/UCP2/USF1/SLC2A5/CFTR/FBP1/CLEC7A/HMGCS2,8
GO:0009755,hormone-mediated signaling pathway,8/468,111/7427,0.0720720720720721,1.14375914375914,0.395719178788639,0.400301491372641,0.968576129359272,0.902034262786094,PML/ZNF366/CYP26B1/NR1H3/DHRS3/BMAL1/SAFB2/ASIP,8
GO:0007015,actin filament organization,17/468,249/7427,0.0682730923694779,1.08347063467545,0.347423061505952,0.401630722788683,0.968576129359272,0.902034262786094,ELMO1/VILL/NCKAP1L/WAS/LIMA1/SLC9A1/PLEKHG2/ARHGAP6/HCK/ARHGEF18/CXCL12/PPP1R9B/CGNL1/SHROOM1/GBA2/DAAM2/PDLIM1,17
GO:0061564,axon development,17/468,249/7427,0.0682730923694779,1.08347063467545,0.347423061505952,0.401630722788683,0.968576129359272,0.902034262786094,EGR2/SHOX2/SZT2/NFASC/PLPPR4/SEMA6D/CXCL12/BHLHE22/SEMA5B/GRN/RGMA/RELN/MAP1A/KIAA1755/VANGL2/MAP6/CCKAR,17
GO:0051963,regulation of synapse assembly,7/468,96/7427,0.0729166666666667,1.15716257122507,0.401911203795816,0.401800784147904,0.968576129359272,0.902034262786094,LZTS1/ELMO1/COLQ/PPP1R9B/MDGA1/LRRN1/LRRC4B,7
GO:0007606,sensory perception of chemical stimulus,4/468,51/7427,0.0784313725490196,1.24467906820848,0.454672233219297,0.402141249175754,0.968576129359272,0.902034262786094,C5AR1/FFAR4/OR13A1/SLC24A4,4
GO:0060079,excitatory postsynaptic potential,4/468,51/7427,0.0784313725490196,1.24467906820848,0.454672233219297,0.402141249175754,0.968576129359272,0.902034262786094,P2RX1/GRIN2D/RELN/SLC8A3,4
GO:0070936,protein K48-linked ubiquitination,4/468,51/7427,0.0784313725490196,1.24467906820848,0.454672233219297,0.402141249175754,0.968576129359272,0.902034262786094,TRIM38/KLHL3/SYVN1/NLRP4,4
GO:1901222,regulation of non-canonical NF-kappaB signal transduction,4/468,51/7427,0.0784313725490196,1.24467906820848,0.454672233219297,0.402141249175754,0.968576129359272,0.902034262786094,TRIM56/LGALS9/TNFSF14/HAVCR2,4
GO:0009887,animal organ morphogenesis,31/468,466/7427,0.0665236051502146,1.05570687062103,0.322101601755693,0.402294109524939,0.968576129359272,0.902034262786094,PML/SYK/SHOX2/PHACTR4/DLL1/MAFB/KLHL3/FREM1/HOXA4/TMT1A/TIFAB/ZNF335/ALPL/CYP26B1/CDH23/DHRS3/TBX19/WHRN/RAB37/POU5F1/TBX18/TBX5/VANGL2/TSPAN12/CFTR/WNT2/HYAL1/CCM2L/IMPG2/TMEM215/SLC24A4,31
GO:0002244,hematopoietic progenitor cell differentiation,5/468,66/7427,0.0757575757575758,1.20224682724683,0.427968945805571,0.403213386359067,0.968576129359272,0.902034262786094,TMEM91/TIFAB/CHD2/FLCN/SLC8A3,5
GO:0006694,steroid biosynthetic process,5/468,66/7427,0.0757575757575758,1.20224682724683,0.427968945805571,0.403213386359067,0.968576129359272,0.902034262786094,CH25H/EGR1/GFI1/CFTR/HMGCS2,5
GO:0007044,cell-substrate junction assembly,5/468,66/7427,0.0757575757575758,1.20224682724683,0.427968945805571,0.403213386359067,0.968576129359272,0.902034262786094,TNS1/SLC9A1/ARHGAP6/COL16A1/COL17A1,5
GO:0046546,development of primary male sexual characteristics,5/468,66/7427,0.0757575757575758,1.20224682724683,0.427968945805571,0.403213386359067,0.968576129359272,0.902034262786094,TLR9/TLR5/TEX11/NUP210L/SAFB2,5
GO:0001667,ameboidal-type cell migration,10/468,142/7427,0.0704225352112676,1.1175815577224,0.36685596440919,0.405297203593358,0.968576129359272,0.902034262786094,PML/TNS1/PHACTR4/SEMA6D/SEMA5B/PLCG2/DAAM2/GLIPR2/LTB4R2/PDLIM1,10
GO:0003007,heart morphogenesis,9/468,127/7427,0.0708661417322835,1.12462144155058,0.3673331996756,0.407713262927117,0.968576129359272,0.902034262786094,SHOX2/DLL1/DHRS3/TBX19/POU5F1/TBX5/VANGL2/WNT2/CCM2L,9
GO:0010810,regulation of cell-substrate adhesion,9/468,127/7427,0.0708661417322835,1.12462144155058,0.3673331996756,0.407713262927117,0.968576129359272,0.902034262786094,BCL6/CASS4/EGFL6/SLC9A1/ARHGAP6/BST1/EGFLAM/COL16A1/FBLN1,9
GO:0000266,mitochondrial fission,2/468,22/7427,0.0909090909090909,1.44269619269619,0.539239350174163,0.407925108952178,0.968576129359272,0.902034262786094,STAT2/UCP2,2
GO:0003009,skeletal muscle contraction,2/468,22/7427,0.0909090909090909,1.44269619269619,0.539239350174163,0.407925108952178,0.968576129359272,0.902034262786094,MYH3/SLC8A3,2
GO:0007140,male meiotic nuclear division,2/468,22/7427,0.0909090909090909,1.44269619269619,0.539239350174163,0.407925108952178,0.968576129359272,0.902034262786094,CYP26B1/TEX11,2
GO:0007528,neuromuscular junction development,2/468,22/7427,0.0909090909090909,1.44269619269619,0.539239350174163,0.407925108952178,0.968576129359272,0.902034262786094,COLQ/CACNB2,2
GO:0007622,rhythmic behavior,2/468,22/7427,0.0909090909090909,1.44269619269619,0.539239350174163,0.407925108952178,0.968576129359272,0.902034262786094,EGR2/EGR1,2
GO:0010574,regulation of vascular endothelial growth factor production,2/468,22/7427,0.0909090909090909,1.44269619269619,0.539239350174163,0.407925108952178,0.968576129359272,0.902034262786094,C3/C5AR1,2
GO:0010770,positive regulation of cell morphogenesis,2/468,22/7427,0.0909090909090909,1.44269619269619,0.539239350174163,0.407925108952178,0.968576129359272,0.902034262786094,RELN/MPL,2
GO:0031018,endocrine pancreas development,2/468,22/7427,0.0909090909090909,1.44269619269619,0.539239350174163,0.407925108952178,0.968576129359272,0.902034262786094,DLL1/BMAL1,2
GO:0032435,negative regulation of proteasomal ubiquitin-dependent protein catabolic process,2/468,22/7427,0.0909090909090909,1.44269619269619,0.539239350174163,0.407925108952178,0.968576129359272,0.902034262786094,MAP1A/HFE,2
GO:0035633,maintenance of blood-brain barrier,2/468,22/7427,0.0909090909090909,1.44269619269619,0.539239350174163,0.407925108952178,0.968576129359272,0.902034262786094,JAM2/TSPAN12,2
GO:0038094,Fc-gamma receptor signaling pathway,2/468,22/7427,0.0909090909090909,1.44269619269619,0.539239350174163,0.407925108952178,0.968576129359272,0.902034262786094,SYK/HCK,2
GO:0045616,regulation of keratinocyte differentiation,2/468,22/7427,0.0909090909090909,1.44269619269619,0.539239350174163,0.407925108952178,0.968576129359272,0.902034262786094,PRKCH/ZFP36,2
GO:0048546,digestive tract morphogenesis,2/468,22/7427,0.0909090909090909,1.44269619269619,0.539239350174163,0.407925108952178,0.968576129359272,0.902034262786094,SHOX2/VANGL2,2
GO:0071827,plasma lipoprotein particle organization,2/468,22/7427,0.0909090909090909,1.44269619269619,0.539239350174163,0.407925108952178,0.968576129359272,0.902034262786094,LCAT/LIPC,2
GO:0090077,foam cell differentiation,2/468,22/7427,0.0909090909090909,1.44269619269619,0.539239350174163,0.407925108952178,0.968576129359272,0.902034262786094,PRKCH/NR1H3,2
GO:1900744,regulation of p38MAPK cascade,2/468,22/7427,0.0909090909090909,1.44269619269619,0.539239350174163,0.407925108952178,0.968576129359272,0.902034262786094,GADD45G/GADD45B,2
GO:1904407,positive regulation of nitric oxide metabolic process,2/468,22/7427,0.0909090909090909,1.44269619269619,0.539239350174163,0.407925108952178,0.968576129359272,0.902034262786094,TLR5/CLEC7A,2
GO:2000772,regulation of cellular senescence,2/468,22/7427,0.0909090909090909,1.44269619269619,0.539239350174163,0.407925108952178,0.968576129359272,0.902034262786094,BCL6/BMAL1,2
GO:0005975,carbohydrate metabolic process,19/468,281/7427,0.0676156583629893,1.07303738175624,0.323663578121461,0.408710702628257,0.968576129359272,0.902034262786094,GAL3ST4/GNB3/GABARAPL1/MAN2B2/ABO/PPP1R3E/FLCN/WDTC1/UCP2/USF1/PYGM/GBA2/SLC2A5/HEXD/FBP1/HYAL1/CHST13/ALDOB/ST6GAL2,19
GO:0007188,adenylate cyclase-modulating G protein-coupled receptor signaling pathway,8/468,112/7427,0.0714285714285714,1.13354700854701,0.369286125576052,0.410074191175635,0.968576129359272,0.902034262786094,OXER1/CXCL12/PSAP/C5AR1/AKAP5/FFAR4/AVPR2/CXCR3,8
GO:0010506,regulation of autophagy,13/468,189/7427,0.0687830687830688,1.09156378600823,0.330652899319238,0.413064127287607,0.968576129359272,0.902034262786094,STING1/SYK/LZTS1/IL10RA/SNRNP70/TLR9/FLCN/PSAP/RAB37/LAMP3/ATG14/VHL/CDK5RAP3,13
GO:0051258,protein polymerization,10/468,143/7427,0.0699300699300699,1.10976630207399,0.343699629814513,0.413956752842403,0.968576129359272,0.902034262786094,VILL/PDE4DIP/NCKAP1L/WAS/PLEKHG2/ARHGAP6/HCK/GBA2/DAAM2/ANKRD53,10
GO:0003205,cardiac chamber development,6/468,82/7427,0.0731707317073171,1.16119449656035,0.380617030867058,0.414342369930482,0.968576129359272,0.902034262786094,SHOX2/CNTRL/DHRS3/TBX5/VANGL2/WNT2,6
GO:0006813,potassium ion transport,6/468,82/7427,0.0731707317073171,1.16119449656035,0.380617030867058,0.414342369930482,0.968576129359272,0.902034262786094,TMEM175/KCNE1/SLC9A1/KCNJ10/SLC24A4/KCNH4,6
GO:0046488,phosphatidylinositol metabolic process,6/468,82/7427,0.0731707317073171,1.16119449656035,0.380617030867058,0.414342369930482,0.968576129359272,0.902034262786094,INPP5D/PIK3CG/TTC7A/PLCG2/SYNJ1/ATG14,6
GO:0003281,ventricular septum development,3/468,37/7427,0.0810810810810811,1.28672903672904,0.453395597997953,0.415289556653704,0.968576129359272,0.902034262786094,CNTRL/TBX5/VANGL2,3
GO:0007566,embryo implantation,3/468,37/7427,0.0810810810810811,1.28672903672904,0.453395597997953,0.415289556653704,0.968576129359272,0.902034262786094,IL11RA/GRN/FBLN1,3
GO:0007631,feeding behavior,3/468,37/7427,0.0810810810810811,1.28672903672904,0.453395597997953,0.415289556653704,0.968576129359272,0.902034262786094,ASIP/SLC24A4/GPR83,3
GO:0032412,regulation of monoatomic ion transmembrane transporter activity,3/468,37/7427,0.0810810810810811,1.28672903672904,0.453395597997953,0.415289556653704,0.968576129359272,0.902034262786094,KCNE1/TLR9/CFTR,3
GO:0032835,glomerulus development,3/468,37/7427,0.0810810810810811,1.28672903672904,0.453395597997953,0.415289556653704,0.968576129359272,0.902034262786094,EGR1/VANGL2/COL4A3,3
GO:0035019,somatic stem cell population maintenance,3/468,37/7427,0.0810810810810811,1.28672903672904,0.453395597997953,0.415289556653704,0.968576129359272,0.902034262786094,MED15/POU5F1/VANGL2,3
GO:0045185,maintenance of protein location,3/468,37/7427,0.0810810810810811,1.28672903672904,0.453395597997953,0.415289556653704,0.968576129359272,0.902034262786094,PML/CD4/OS9,3
GO:0048814,regulation of dendrite morphogenesis,3/468,37/7427,0.0810810810810811,1.28672903672904,0.453395597997953,0.415289556653704,0.968576129359272,0.902034262786094,LZTS1/HECW2/RELN,3
GO:0060390,regulation of SMAD protein signal transduction,3/468,37/7427,0.0810810810810811,1.28672903672904,0.453395597997953,0.415289556653704,0.968576129359272,0.902034262786094,SH2B1/GDF5/HFE,3
GO:0060411,cardiac septum morphogenesis,3/468,37/7427,0.0810810810810811,1.28672903672904,0.453395597997953,0.415289556653704,0.968576129359272,0.902034262786094,DHRS3/TBX5/VANGL2,3
GO:0030326,embryonic limb morphogenesis,5/468,67/7427,0.0746268656716418,1.18430284475061,0.392968295949244,0.415930972595236,0.968576129359272,0.902034262786094,SHOX2/MYH3/CYP26B1/TBX5/GDF5,5
GO:0035113,embryonic appendage morphogenesis,5/468,67/7427,0.0746268656716418,1.18430284475061,0.392968295949244,0.415930972595236,0.968576129359272,0.902034262786094,SHOX2/MYH3/CYP26B1/TBX5/GDF5,5
GO:0098661,inorganic anion transmembrane transport,4/468,52/7427,0.0769230769230769,1.22074293228139,0.414223226815281,0.416632238804739,0.968576129359272,0.902034262786094,APOL1/UCP2/CFTR/SLC6A1,4
GO:1901890,positive regulation of cell junction assembly,4/468,52/7427,0.0769230769230769,1.22074293228139,0.414223226815281,0.416632238804739,0.968576129359272,0.902034262786094,COL16A1/LRRN1/TBX5/LRRC4B,4
GO:0008654,phospholipid biosynthetic process,9/468,128/7427,0.0703125,1.11583533653846,0.342800422487445,0.416878215945165,0.968576129359272,0.902034262786094,INPP5D/PIK3CG/TTC7A/LCAT/PLA2G4C/PLCG2/SYNJ1/ATG14/HMGCS2,9
GO:0032868,response to insulin,9/468,128/7427,0.0703125,1.11583533653846,0.342800422487445,0.416878215945165,0.968576129359272,0.902034262786094,ZNF592/EGR1/SLC9A1/ALPL/WDTC1/UCP2/USF1/FBP1/HMGCS2,9
GO:0044403,biological process involved in symbiotic interaction,8/468,113/7427,0.0707964601769912,1.12351561909084,0.343092009803379,0.419842883036126,0.968576129359272,0.902034262786094,TNFRSF14/APOL1/TRIM38/CH25H/SELPLG/CD4/LGALS9/FBLN1,8
GO:1901699,cellular response to nitrogen compound,23/468,345/7427,0.0666666666666667,1.05797720797721,0.285966963665719,0.420118081874653,0.968576129359272,0.902034262786094,STING1/SYK/PIK3CG/TYK2/KCNE1/ZNF592/LGMN/EGR1/SLC9A1/TIFAB/GRIN2D/TLR9/PPP1R9B/WDTC1/UCP2/P2RY11/CASP7/USF1/CFTR/FBP1/SLC8A3/RYR3/HMGCS2,23
GO:0007409,axonogenesis,15/468,221/7427,0.0678733031674208,1.07712611671888,0.301840459947638,0.421182051405165,0.968576129359272,0.902034262786094,EGR2/SHOX2/SZT2/NFASC/PLPPR4/SEMA6D/CXCL12/SEMA5B/RGMA/RELN/MAP1A/KIAA1755/VANGL2/MAP6/CCKAR,15
GO:0051093,negative regulation of developmental process,29/468,439/7427,0.0660592255125285,1.04833732453322,0.270748089818676,0.422797530976812,0.968576129359272,0.902034262786094,INPP5D/BCL6/PML/CDKN1A/DLL1/MAFB/DTX1/LGMN/SEMA6D/NOTCH4/PDCD1/FLCN/TBX21/RGMA/NR1H3/ZFP36/TMEM178A/GRIN3A/BICRA/TEX11/CEBPA/TBX5/BMAL1/DAAM2/GDF5/COL4A3/IRF1/CXCR3/TMEM215,29
GO:0009611,response to wounding,20/468,299/7427,0.0668896321070234,1.06151559328817,0.281555455196627,0.423949452672003,0.968576129359272,0.902034262786094,SYK/SERPING1/PIK3CG/SYT11/CDKN1A/EMILIN2/P2RX1/WAS/GRN/VWF/PLCG2/RGMA/ZFP36/SELP/FBLN1/CASP7/USF1/POU5F1/VANGL2/CLEC7A,20
GO:0065009,regulation of molecular function,30/468,455/7427,0.0659340659340659,1.04635108481262,0.264614654991223,0.424736970022704,0.968576129359272,0.902034262786094,DOCK8/VSIR/SYK/TSPYL2/LCP2/PIK3CG/CASS4/PHACTR4/CDKN1A/SZT2/KCNE1/CD4/PRKD2/LGALS9/GFI1/HCK/TLR9/PRKCH/GRN/P2RY11/PSAP/ZFP36/TSSK4/HAVCR2/GCH1/AKAP5/CFTR/LTB4R2/AVPR2/CDK5RAP3,30
GO:0006665,sphingolipid metabolic process,6/468,83/7427,0.072289156626506,1.14720420142107,0.349719539940323,0.425783694270117,0.968576129359272,0.902034262786094,P2RX1/PRKD2/PSAP/CASP7/GBA2/PNPLA1,6
GO:0007030,Golgi organization,6/468,83/7427,0.072289156626506,1.14720420142107,0.349719539940323,0.425783694270117,0.968576129359272,0.902034262786094,TJAP1/PDE4DIP/ATP8B4/GOLGA8B/RAB2B/GOLGB1,6
GO:0048284,organelle fusion,6/468,83/7427,0.072289156626506,1.14720420142107,0.349719539940323,0.425783694270117,0.968576129359272,0.902034262786094,SYT11/TMEM175/MIGA2/STX11/PRRT2/SYT2,6
GO:0001666,response to hypoxia,11/468,160/7427,0.06875,1.0910389957265,0.301881743962865,0.427553341449561,0.968576129359272,0.902034262786094,PML/SOD3/EGR1/SLC9A1/CXCL12/UCP2/USF1/PDLIM1/SLC8A3/VHL/MPL,11
GO:0045860,positive regulation of protein kinase activity,5/468,68/7427,0.0735294117647059,1.16688662644545,0.35850364141082,0.428605195943552,0.968576129359272,0.902034262786094,LCP2/PIK3CG/CASS4/CDKN1A/CD4,5
GO:0060348,bone development,8/468,114/7427,0.0701754385964912,1.11366021892338,0.317132030275995,0.429601721582173,0.968576129359272,0.902034262786094,SHOX2/MIGA2/FREM1/SLC38A10/TIFAB/ALPL/CYP26B1/DHRS3,8
GO:0001937,negative regulation of endothelial cell proliferation,2/468,23/7427,0.0869565217391304,1.37997027127462,0.47326818739692,0.430232609212782,0.968576129359272,0.902034262786094,COL4A3/CXCR3,2
GO:0001953,negative regulation of cell-matrix adhesion,2/468,23/7427,0.0869565217391304,1.37997027127462,0.47326818739692,0.430232609212782,0.968576129359272,0.902034262786094,BCL6/ARHGAP6,2
GO:0003044,regulation of systemic arterial blood pressure mediated by a chemical signal,2/468,23/7427,0.0869565217391304,1.37997027127462,0.47326818739692,0.430232609212782,0.968576129359272,0.902034262786094,SLC2A5/AVPR2,2
GO:0010043,response to zinc ion,2/468,23/7427,0.0869565217391304,1.37997027127462,0.47326818739692,0.430232609212782,0.968576129359272,0.902034262786094,HAAO/SLC30A3,2
GO:0010874,regulation of cholesterol efflux,2/468,23/7427,0.0869565217391304,1.37997027127462,0.47326818739692,0.430232609212782,0.968576129359272,0.902034262786094,EEPD1/NR1H3,2
GO:0010883,regulation of lipid storage,2/468,23/7427,0.0869565217391304,1.37997027127462,0.47326818739692,0.430232609212782,0.968576129359272,0.902034262786094,C3/NR1H3,2
GO:0019748,secondary metabolic process,2/468,23/7427,0.0869565217391304,1.37997027127462,0.47326818739692,0.430232609212782,0.968576129359272,0.902034262786094,LCAT/ASIP,2
GO:0030851,granulocyte differentiation,2/468,23/7427,0.0869565217391304,1.37997027127462,0.47326818739692,0.430232609212782,0.968576129359272,0.902034262786094,INPP5D/CEBPA,2
GO:0034694,response to prostaglandin,2/468,23/7427,0.0869565217391304,1.37997027127462,0.47326818739692,0.430232609212782,0.968576129359272,0.902034262786094,PPP1R9B/HMGCS2,2
GO:0045648,positive regulation of erythrocyte differentiation,2/468,23/7427,0.0869565217391304,1.37997027127462,0.47326818739692,0.430232609212782,0.968576129359272,0.902034262786094,INPP5D/NCKAP1L,2
GO:0046839,phospholipid dephosphorylation,2/468,23/7427,0.0869565217391304,1.37997027127462,0.47326818739692,0.430232609212782,0.968576129359272,0.902034262786094,INPP5D/SYNJ1,2
GO:0046888,negative regulation of hormone secretion,2/468,23/7427,0.0869565217391304,1.37997027127462,0.47326818739692,0.430232609212782,0.968576129359272,0.902034262786094,UCP2/FFAR4,2
GO:0048713,regulation of oligodendrocyte differentiation,2/468,23/7427,0.0869565217391304,1.37997027127462,0.47326818739692,0.430232609212782,0.968576129359272,0.902034262786094,TNFRSF1B/DAAM2,2
GO:0050858,negative regulation of antigen receptor-mediated signaling pathway,2/468,23/7427,0.0869565217391304,1.37997027127462,0.47326818739692,0.430232609212782,0.968576129359272,0.902034262786094,SLA2/BTN2A2,2
GO:0050982,detection of mechanical stimulus,2/468,23/7427,0.0869565217391304,1.37997027127462,0.47326818739692,0.430232609212782,0.968576129359272,0.902034262786094,CXCL12/WHRN,2
GO:0070293,renal absorption,2/468,23/7427,0.0869565217391304,1.37997027127462,0.47326818739692,0.430232609212782,0.968576129359272,0.902034262786094,KLHL3/AVPR2,2
GO:0070570,regulation of neuron projection regeneration,2/468,23/7427,0.0869565217391304,1.37997027127462,0.47326818739692,0.430232609212782,0.968576129359272,0.902034262786094,GRN/RGMA,2
GO:0098900,regulation of action potential,2/468,23/7427,0.0869565217391304,1.37997027127462,0.47326818739692,0.430232609212782,0.968576129359272,0.902034262786094,SLC9A1/TBX18,2
GO:0032008,positive regulation of TOR signaling,4/468,53/7427,0.0754716981132076,1.19771004676665,0.374577845838056,0.431042908953332,0.968576129359272,0.902034262786094,SYK/NCKAP1L/FLCN/RELN,4
GO:0046330,positive regulation of JNK cascade,4/468,53/7427,0.0754716981132076,1.19771004676665,0.374577845838056,0.431042908953332,0.968576129359272,0.902034262786094,GADD45G/TLR9/UNC5CL/GADD45B,4
GO:0001558,regulation of cell growth,14/468,207/7427,0.0676328502415459,1.07331021099137,0.277401001142729,0.431848938040677,0.968576129359272,0.902034262786094,BCL6/PML/TSPYL2/CDKN1A/SEMA6D/SLC9A1/CXCL12/PPP1R9B/CDK11A/RGMA/PTCH2/SYT2/FBP1/HYAL1,14
GO:0010761,fibroblast migration,3/468,38/7427,0.0789473684210526,1.2528677462888,0.405246603560006,0.43241474514381,0.968576129359272,0.902034262786094,PML/TNS1/PDLIM1,3
GO:0022898,regulation of transmembrane transporter activity,3/468,38/7427,0.0789473684210526,1.2528677462888,0.405246603560006,0.43241474514381,0.968576129359272,0.902034262786094,KCNE1/TLR9/CFTR,3
GO:0032731,positive regulation of interleukin-1 beta production,3/468,38/7427,0.0789473684210526,1.2528677462888,0.405246603560006,0.43241474514381,0.968576129359272,0.902034262786094,EGR1/LGALS9/CLEC7A,3
GO:0045670,regulation of osteoclast differentiation,3/468,38/7427,0.0789473684210526,1.2528677462888,0.405246603560006,0.43241474514381,0.968576129359272,0.902034262786094,INPP5D/MAFB/TMEM178A,3
GO:0046425,regulation of receptor signaling pathway via JAK-STAT,3/468,38/7427,0.0789473684210526,1.2528677462888,0.405246603560006,0.43241474514381,0.968576129359272,0.902034262786094,TYK2/IL10RA/VHL,3
GO:0140895,cell surface toll-like receptor signaling pathway,3/468,38/7427,0.0789473684210526,1.2528677462888,0.405246603560006,0.43241474514381,0.968576129359272,0.902034262786094,NR1H3/TLR5/CD14,3
GO:0031334,positive regulation of protein-containing complex assembly,7/468,99/7427,0.0707070707070707,1.12209703876371,0.31714435001939,0.433316476561511,0.968576129359272,0.902034262786094,SYK/PDE4DIP/NCKAP1L/HCK/PLCG2/CLEC7A/ANKRD53,7
GO:0051056,regulation of small GTPase mediated signal transduction,13/468,192/7427,0.0677083333333333,1.07450810185185,0.271245053446917,0.435687422760979,0.968576129359272,0.902034262786094,DOCK8/BCL6/PIK3CG/DOCK2/DENND4B/ARHGAP6/ARHGEF18/FLCN/CGNL1/RELN/PSD4/FBP1/ARHGAP23,13
GO:0030198,extracellular matrix organization,11/468,161/7427,0.0683229813664596,1.08426235600149,0.280301756950097,0.435782093767739,0.968576129359272,0.902034262786094,TNFRSF1B/COL6A6/MYH11/EGFL6/COL5A3/EGFLAM/COL6A5/PHLDB1/FBLN1/COL4A3/IMPG2,11
GO:0043062,extracellular structure organization,11/468,161/7427,0.0683229813664596,1.08426235600149,0.280301756950097,0.435782093767739,0.968576129359272,0.902034262786094,TNFRSF1B/COL6A6/MYH11/EGFL6/COL5A3/EGFLAM/COL6A5/PHLDB1/FBLN1/COL4A3/IMPG2,11
GO:0045229,external encapsulating structure organization,11/468,161/7427,0.0683229813664596,1.08426235600149,0.280301756950097,0.435782093767739,0.968576129359272,0.902034262786094,TNFRSF1B/COL6A6/MYH11/EGFL6/COL5A3/EGFLAM/COL6A5/PHLDB1/FBLN1/COL4A3/IMPG2,11
GO:0001936,regulation of endothelial cell proliferation,6/468,84/7427,0.0714285714285714,1.13354700854701,0.319200838805062,0.43719254208369,0.968576129359272,0.902034262786094,PRKD2/PPP1R16B/CXCL12/COL4A3/EGR3/CXCR3,6
GO:0001525,angiogenesis,21/468,317/7427,0.0662460567823344,1.05130227291111,0.242079725447414,0.438412021222154,0.968576129359272,0.902034262786094,PML/SYK/PIK3CG/TNFAIP2/DLL1/EMILIN2/C3/HSPA12B/PRKD2/PPP1R16B/NOTCH4/GPNMB/GRN/MEOX2/C5AR1/TSPAN12/COL4A3/HYAL1/EGR3/CXCR3/TMEM215,21
GO:0045927,positive regulation of growth,8/468,115/7427,0.0695652173913044,1.1039762170197,0.291401526137204,0.439344983221465,0.968576129359272,0.902034262786094,DLL1/CAPN3/SLC9A1/CXCL12/SYT2/TBX5/WNT2/HYAL1,8
GO:0048705,skeletal system morphogenesis,8/468,115/7427,0.0695652173913044,1.1039762170197,0.291401526137204,0.439344983221465,0.968576129359272,0.902034262786094,SHOX2/FREM1/HOXA4/TIFAB/ALPL/CYP26B1/DHRS3/HYAL1,8
GO:0002573,myeloid leukocyte differentiation,10/468,146/7427,0.0684931506849315,1.08696288490809,0.275195819160676,0.43992229424003,0.968576129359272,0.902034262786094,INPP5D/MAFB/PDE1B/IRF4/CD4/UCP2/TMEM178A/CEBPA/BATF3/CD101,10
GO:0016331,morphogenesis of embryonic epithelium,5/468,69/7427,0.072463768115942,1.14997522606218,0.324557133934765,0.44122430648481,0.968576129359272,0.902034262786094,PHACTR4/RGMA/TBX18/VANGL2/WNT2,5
GO:0072006,nephron development,5/468,69/7427,0.072463768115942,1.14997522606218,0.324557133934765,0.44122430648481,0.968576129359272,0.902034262786094,DLL1/KLHL3/EGR1/VANGL2/COL4A3,5
GO:0009267,cellular response to starvation,7/468,100/7427,0.07,1.11087606837607,0.289468761233939,0.443779606679281,0.968576129359272,0.902034262786094,CDKN1A/SZT2/GABARAPL1/PRKCH/FLCN/UCP2/ATG14,7
GO:0048608,reproductive structure development,9/468,131/7427,0.0687022900763359,1.09028185554903,0.270346463252112,0.444331311181873,0.968576129359272,0.902034262786094,C3/TIFAB/NOTCH4/TLR9/TLR5/PSAP/TEX11/NUP210L/SAFB2,9
GO:0006672,ceramide metabolic process,4/468,54/7427,0.0740740740740741,1.17553023108579,0.33570179874474,0.445357038946602,0.968576129359272,0.902034262786094,P2RX1/CASP7/GBA2/PNPLA1,4
GO:0042476,odontogenesis,4/468,54/7427,0.0740740740740741,1.17553023108579,0.33570179874474,0.445357038946602,0.968576129359272,0.902034262786094,TMT1A/ALPL/CFTR/SLC24A4,4
GO:1990748,cellular detoxification,4/468,54/7427,0.0740740740740741,1.17553023108579,0.33570179874474,0.445357038946602,0.968576129359272,0.902034262786094,SOD3/IPCEF1/CP/GCH1,4
GO:0048667,cell morphogenesis involved in neuron differentiation,19/468,287/7427,0.0662020905923345,1.05060454450698,0.226729663426563,0.445954706230178,0.968576129359272,0.902034262786094,EGR2/LZTS1/SHOX2/SZT2/NFASC/PLPPR4/SEMA6D/CXCL12/HECW2/SEMA5B/RGMA/RELN/CDH23/MAP1A/WHRN/KIAA1755/VANGL2/MAP6/CCKAR,19
GO:0009725,response to hormone,28/468,428/7427,0.0654205607476636,1.03820193306175,0.211113598136157,0.446392064431482,0.968576129359272,0.902034262786094,STAT2/PML/TYK2/LCAT/ZNF366/ZNF592/EGR1/SLC9A1/CXCL12/PPP1R9B/ALPL/WDTC1/UCP2/CYP26B1/NR1H3/DHRS3/ZFP36/USF1/CEBPA/BMAL1/FBP1/SAFB2/AVPR2/ASIP/CCKAR/HMGCS2/SLC24A4/GPR83,28
GO:0061025,membrane fusion,6/468,85/7427,0.0705882352941176,1.12021116138763,0.289050714008041,0.448560226577209,0.968576129359272,0.902034262786094,SYT11/TMEM175/CH25H/STX11/PRRT2/SYT2,6
GO:0002064,epithelial cell development,8/468,116/7427,0.0689655172413793,1.09445918066608,0.265895971544765,0.449067072869291,0.968576129359272,0.902034262786094,DLL1/KCNE1/PPP1R16B/NOTCH4/TLR9/CEBPA/BMAL1/NUP210L,8
GO:0045930,negative regulation of mitotic cell cycle,8/468,116/7427,0.0689655172413793,1.09445918066608,0.265895971544765,0.449067072869291,0.968576129359272,0.902034262786094,BCL6/PML/CDKN1A/GPNMB/BTN2A2/RPS27L/RFPL1/CDK5RAP3,8
GO:0000245,spliceosomal complex assembly,3/468,39/7427,0.0769230769230769,1.22074293228139,0.35841208772251,0.449353748294171,0.968576129359272,0.902034262786094,CELF6/RSRP1/ZRSR2,3
GO:0002562,somatic diversification of immune receptors via germline recombination within a single locus,3/468,39/7427,0.0769230769230769,1.22074293228139,0.35841208772251,0.449353748294171,0.968576129359272,0.902034262786094,BCL6/CD28/TBX21,3
GO:0008344,adult locomotory behavior,3/468,39/7427,0.0769230769230769,1.22074293228139,0.35841208772251,0.449353748294171,0.968576129359272,0.902034262786094,GRIN2D/CXCL12/KCNJ10,3
GO:0010972,negative regulation of G2/M transition of mitotic cell cycle,3/468,39/7427,0.0769230769230769,1.22074293228139,0.35841208772251,0.449353748294171,0.968576129359272,0.902034262786094,CDKN1A/RFPL1/CDK5RAP3,3
GO:0016444,somatic cell DNA recombination,3/468,39/7427,0.0769230769230769,1.22074293228139,0.35841208772251,0.449353748294171,0.968576129359272,0.902034262786094,BCL6/CD28/TBX21,3
GO:0046847,filopodium assembly,3/468,39/7427,0.0769230769230769,1.22074293228139,0.35841208772251,0.449353748294171,0.968576129359272,0.902034262786094,PPP1R16B/PPP1R9B/DAAM2,3
GO:0071470,cellular response to osmotic stress,3/468,39/7427,0.0769230769230769,1.22074293228139,0.35841208772251,0.449353748294171,0.968576129359272,0.902034262786094,CAPN3/TIFAB/FBP1,3
GO:0098586,cellular response to virus,3/468,39/7427,0.0769230769230769,1.22074293228139,0.35841208772251,0.449353748294171,0.968576129359272,0.902034262786094,TYK2/WDFY4/LGALS9,3
GO:1903078,positive regulation of protein localization to plasma membrane,3/468,39/7427,0.0769230769230769,1.22074293228139,0.35841208772251,0.449353748294171,0.968576129359272,0.902034262786094,PRKCH/PPP1R9B/AKAP5,3
GO:0007520,myoblast fusion,2/468,24/7427,0.0833333333333333,1.32247150997151,0.41031753600963,0.452086257404088,0.968576129359272,0.902034262786094,DOCK2/TNFSF14,2
GO:0010573,vascular endothelial growth factor production,2/468,24/7427,0.0833333333333333,1.32247150997151,0.41031753600963,0.452086257404088,0.968576129359272,0.902034262786094,C3/C5AR1,2
GO:0031297,replication fork processing,2/468,24/7427,0.0833333333333333,1.32247150997151,0.41031753600963,0.452086257404088,0.968576129359272,0.902034262786094,BOD1L1/SAMHD1,2
GO:0032373,positive regulation of sterol transport,2/468,24/7427,0.0833333333333333,1.32247150997151,0.41031753600963,0.452086257404088,0.968576129359272,0.902034262786094,EEPD1/NR1H3,2
GO:0032376,positive regulation of cholesterol transport,2/468,24/7427,0.0833333333333333,1.32247150997151,0.41031753600963,0.452086257404088,0.968576129359272,0.902034262786094,EEPD1/NR1H3,2
GO:0033120,positive regulation of RNA splicing,2/468,24/7427,0.0833333333333333,1.32247150997151,0.41031753600963,0.452086257404088,0.968576129359272,0.902034262786094,SNRNP70/POLR2A,2
GO:0033144,negative regulation of intracellular steroid hormone receptor signaling pathway,2/468,24/7427,0.0833333333333333,1.32247150997151,0.41031753600963,0.452086257404088,0.968576129359272,0.902034262786094,ZNF366/BMAL1,2
GO:0034110,regulation of homotypic cell-cell adhesion,2/468,24/7427,0.0833333333333333,1.32247150997151,0.41031753600963,0.452086257404088,0.968576129359272,0.902034262786094,SYK/EMILIN2,2
GO:0042149,cellular response to glucose starvation,2/468,24/7427,0.0833333333333333,1.32247150997151,0.41031753600963,0.452086257404088,0.968576129359272,0.902034262786094,SZT2/ATG14,2
GO:0042446,hormone biosynthetic process,2/468,24/7427,0.0833333333333333,1.32247150997151,0.41031753600963,0.452086257404088,0.968576129359272,0.902034262786094,EGR1/HFE,2
GO:0043373,"CD4-positive, alpha-beta T cell lineage commitment",2/468,24/7427,0.0833333333333333,1.32247150997151,0.41031753600963,0.452086257404088,0.968576129359272,0.902034262786094,IRF4/TBX21,2
GO:0050869,negative regulation of B cell activation,2/468,24/7427,0.0833333333333333,1.32247150997151,0.41031753600963,0.452086257404088,0.968576129359272,0.902034262786094,INPP5D/BCL6,2
GO:0055021,regulation of cardiac muscle tissue growth,2/468,24/7427,0.0833333333333333,1.32247150997151,0.41031753600963,0.452086257404088,0.968576129359272,0.902034262786094,TBX5/WNT2,2
GO:0060038,cardiac muscle cell proliferation,2/468,24/7427,0.0833333333333333,1.32247150997151,0.41031753600963,0.452086257404088,0.968576129359272,0.902034262786094,TBX5/WNT2,2
GO:0060976,coronary vasculature development,2/468,24/7427,0.0833333333333333,1.32247150997151,0.41031753600963,0.452086257404088,0.968576129359272,0.902034262786094,CNTRL/TBX5,2
GO:0071548,response to dexamethasone,2/468,24/7427,0.0833333333333333,1.32247150997151,0.41031753600963,0.452086257404088,0.968576129359272,0.902034262786094,UCP2/CEBPA,2
GO:0071825,protein-lipid complex organization,2/468,24/7427,0.0833333333333333,1.32247150997151,0.41031753600963,0.452086257404088,0.968576129359272,0.902034262786094,LCAT/LIPC,2
GO:1900016,negative regulation of cytokine production involved in inflammatory response,2/468,24/7427,0.0833333333333333,1.32247150997151,0.41031753600963,0.452086257404088,0.968576129359272,0.902034262786094,SIRPA/ZFP36,2
GO:1904894,positive regulation of receptor signaling pathway via STAT,2/468,24/7427,0.0833333333333333,1.32247150997151,0.41031753600963,0.452086257404088,0.968576129359272,0.902034262786094,TYK2/IL10RA,2
GO:0043408,regulation of MAPK cascade,22/468,335/7427,0.0656716417910448,1.04218650338053,0.204898392515954,0.452171807891087,0.968576129359272,0.902034262786094,SYK/PIK3CG/SIRPA/SLA/CD4/PRKD2/LGALS9/GADD45G/TLR9/FLCN/GPNMB/BTN2A2/PLCG2/FBLN1/C5AR1/HAVCR2/UNC5CL/FFAR4/GLIPR2/CLEC7A/GADD45B/CDK5RAP3,22
GO:0099003,vesicle-mediated transport in synapse,9/468,132/7427,0.0681818181818182,1.08202214452214,0.246565561988332,0.453452679651794,0.968576129359272,0.902034262786094,SYT11/DNM1/P2RX1/NAPB/STX11/PRRT2/SYT2/SYNJ1/GRIP2,9
GO:0002761,regulation of myeloid leukocyte differentiation,5/468,70/7427,0.0714285714285714,1.13354700854701,0.291111784845293,0.453777058979334,0.968576129359272,0.902034262786094,INPP5D/MAFB/CD4/TMEM178A/CD101,5
GO:0030216,keratinocyte differentiation,5/468,70/7427,0.0714285714285714,1.13354700854701,0.291111784845293,0.453777058979334,0.968576129359272,0.902034262786094,CDKN1A/MAFB/PRKCH/CYP26B1/ZFP36,5
GO:0035725,sodium ion transmembrane transport,5/468,70/7427,0.0714285714285714,1.13354700854701,0.291111784845293,0.453777058979334,0.968576129359272,0.902034262786094,SLC9A1/SLC28A3/SLC6A1/SLC8A3/SLC24A4,5
GO:0038061,non-canonical NF-kappaB signal transduction,5/468,70/7427,0.0714285714285714,1.13354700854701,0.291111784845293,0.453777058979334,0.968576129359272,0.902034262786094,TRIM56/MAP3K14/LGALS9/TNFSF14/HAVCR2,5
GO:0042063,gliogenesis,12/468,179/7427,0.0670391061452514,1.06388769517261,0.224368365722692,0.455426404906757,0.968576129359272,0.902034262786094,EGR2/TNFRSF1B/DLL1/DTX1/PRKCH/SYNE2/GRN/RELN/C5AR1/DAAM2/SLC8A3/KCNJ10,12
GO:0050790,regulation of catalytic activity,19/468,289/7427,0.0657439446366782,1.04333392482181,0.194856840247444,0.458376750533462,0.968576129359272,0.902034262786094,DOCK8/VSIR/TSPYL2/LCP2/PIK3CG/CASS4/PHACTR4/CDKN1A/SZT2/CD4/GRN/P2RY11/PSAP/ZFP36/GCH1/AKAP5/LTB4R2/AVPR2/CDK5RAP3,19
GO:0007411,axon guidance,8/468,117/7427,0.0683760683760684,1.08510482869457,0.240610970594225,0.458762530131204,0.968576129359272,0.902034262786094,EGR2/NFASC/SEMA6D/CXCL12/SEMA5B/RELN/KIAA1755/VANGL2,8
GO:0097529,myeloid leukocyte migration,8/468,117/7427,0.0683760683760684,1.08510482869457,0.240610970594225,0.458762530131204,0.968576129359272,0.902034262786094,SYK/PIK3CG/SIRPA/NCKAP1L/LGMN/BST1/CXCL12/C5AR1,8
GO:0003279,cardiac septum development,4/468,55/7427,0.0727272727272727,1.15415695415695,0.297562900343337,0.459559365673078,0.968576129359272,0.902034262786094,CNTRL/DHRS3/TBX5/VANGL2,4
GO:0006096,glycolytic process,4/468,55/7427,0.0727272727272727,1.15415695415695,0.297562900343337,0.459559365673078,0.968576129359272,0.902034262786094,FLCN/UCP2/FBP1/ALDOB,4
GO:0006939,smooth muscle contraction,4/468,55/7427,0.0727272727272727,1.15415695415695,0.297562900343337,0.459559365673078,0.968576129359272,0.902034262786094,P2RX1/MYH11/TIFAB/GRIP2,4
GO:0030148,sphingolipid biosynthetic process,4/468,55/7427,0.0727272727272727,1.15415695415695,0.297562900343337,0.459559365673078,0.968576129359272,0.902034262786094,P2RX1/PRKD2/CASP7/PNPLA1,4
GO:0099565,"chemical synaptic transmission, postsynaptic",4/468,55/7427,0.0727272727272727,1.15415695415695,0.297562900343337,0.459559365673078,0.968576129359272,0.902034262786094,P2RX1/GRIN2D/RELN/SLC8A3,4
GO:1902750,negative regulation of cell cycle G2/M phase transition,3/468,40/7427,0.075,1.19022435897436,0.31281607043607,0.466084604882605,0.968576129359272,0.902034262786094,CDKN1A/RFPL1/CDK5RAP3,3
GO:1904659,D-glucose transmembrane transport,3/468,40/7427,0.075,1.19022435897436,0.31281607043607,0.466084604882605,0.968576129359272,0.902034262786094,C3/SLC2A5/FFAR4,3
GO:0006937,regulation of muscle contraction,5/468,71/7427,0.0704225352112676,1.1175815577224,0.258151411649648,0.466252720787316,0.968576129359272,0.902034262786094,PIK3CG/P2RX1/SLC9A1/SLC8A3/CACNB2,5
GO:0097485,neuron projection guidance,8/468,118/7427,0.0677966101694915,1.07590902506157,0.215542252475589,0.468426034947223,0.968576129359272,0.902034262786094,EGR2/NFASC/SEMA6D/CXCL12/SEMA5B/RELN/KIAA1755/VANGL2,8
GO:0009411,response to UV,6/468,87/7427,0.0689655172413793,1.09445918066608,0.229817317592712,0.471138887248291,0.968576129359272,0.902034262786094,PML/DDB2/CDKN1A/CASP7/USF1/HYAL1,6
GO:0046890,regulation of lipid biosynthetic process,6/468,87/7427,0.0689655172413793,1.09445918066608,0.229817317592712,0.471138887248291,0.968576129359272,0.902034262786094,C3/EGR1/GFI1/WDTC1/NR1H3/ABHD6,6
GO:0002363,alpha-beta T cell lineage commitment,2/468,25/7427,0.08,1.26957264957265,0.350104966772508,0.473454622638361,0.968576129359272,0.902034262786094,IRF4/TBX21,2
GO:0030838,positive regulation of actin filament polymerization,2/468,25/7427,0.08,1.26957264957265,0.350104966772508,0.473454622638361,0.968576129359272,0.902034262786094,NCKAP1L/HCK,2
GO:0040014,regulation of multicellular organism growth,2/468,25/7427,0.08,1.26957264957265,0.350104966772508,0.473454622638361,0.968576129359272,0.902034262786094,LGMN/GDF5,2
GO:0042554,superoxide anion generation,2/468,25/7427,0.08,1.26957264957265,0.350104966772508,0.473454622638361,0.968576129359272,0.902034262786094,SYK/CLEC7A,2
GO:0043369,"CD4-positive or CD8-positive, alpha-beta T cell lineage commitment",2/468,25/7427,0.08,1.26957264957265,0.350104966772508,0.473454622638361,0.968576129359272,0.902034262786094,IRF4/TBX21,2
GO:0045124,regulation of bone resorption,2/468,25/7427,0.08,1.26957264957265,0.350104966772508,0.473454622638361,0.968576129359272,0.902034262786094,INPP5D/SYK,2
GO:0045912,negative regulation of carbohydrate metabolic process,2/468,25/7427,0.08,1.26957264957265,0.350104966772508,0.473454622638361,0.968576129359272,0.902034262786094,FLCN/FBP1,2
GO:0046530,photoreceptor cell differentiation,2/468,25/7427,0.08,1.26957264957265,0.350104966772508,0.473454622638361,0.968576129359272,0.902034262786094,RAB37/RP1L1,2
GO:0050709,negative regulation of protein secretion,2/468,25/7427,0.08,1.26957264957265,0.350104966772508,0.473454622638361,0.968576129359272,0.902034262786094,UCP2/NR1H3,2
GO:0051785,positive regulation of nuclear division,2/468,25/7427,0.08,1.26957264957265,0.350104966772508,0.473454622638361,0.968576129359272,0.902034262786094,CD28/SH2B1,2
GO:0051965,positive regulation of synapse assembly,2/468,25/7427,0.08,1.26957264957265,0.350104966772508,0.473454622638361,0.968576129359272,0.902034262786094,LRRN1/LRRC4B,2
GO:0060688,regulation of morphogenesis of a branching structure,2/468,25/7427,0.08,1.26957264957265,0.350104966772508,0.473454622638361,0.968576129359272,0.902034262786094,SHOX2/WNT2,2
GO:0061178,regulation of insulin secretion involved in cellular response to glucose stimulus,2/468,25/7427,0.08,1.26957264957265,0.350104966772508,0.473454622638361,0.968576129359272,0.902034262786094,UCP2/CFTR,2
GO:0140894,endolysosomal toll-like receptor signaling pathway,2/468,25/7427,0.08,1.26957264957265,0.350104966772508,0.473454622638361,0.968576129359272,0.902034262786094,TLR9/HAVCR2,2
GO:0019364,pyridine nucleotide catabolic process,4/468,56/7427,0.0714285714285714,1.13354700854701,0.260130905625314,0.473635579247457,0.968576129359272,0.902034262786094,FLCN/UCP2/FBP1/ALDOB,4
GO:0051091,positive regulation of DNA-binding transcription factor activity,4/468,56/7427,0.0714285714285714,1.13354700854701,0.260130905625314,0.473635579247457,0.968576129359272,0.902034262786094,PRKD2/LGALS9/PRKCH/TSSK4,4
GO:0071482,cellular response to light stimulus,4/468,56/7427,0.0714285714285714,1.13354700854701,0.260130905625314,0.473635579247457,0.968576129359272,0.902034262786094,DDB2/CDKN1A/HYAL1/SLC24A4,4
GO:0048812,neuron projection morphogenesis,21/468,323/7427,0.065015479876161,1.03177343812019,0.151405264675822,0.473849438874598,0.968576129359272,0.902034262786094,EGR2/LZTS1/SHOX2/PPP1R12C/SZT2/NCKAP1L/NFASC/PLPPR4/SEMA6D/ZNF335/CXCL12/HECW2/SEMA5B/RGMA/RELN/MAP1A/SYT2/KIAA1755/VANGL2/MAP6/CCKAR,21
GO:0031929,TOR signaling,7/468,103/7427,0.0679611650485437,1.07852045473405,0.208091447563194,0.474948077034103,0.968576129359272,0.902034262786094,SYK/SZT2/NCKAP1L/FLCN/RELN/BMAL1/VHL,7
GO:1902600,proton transmembrane transport,7/468,103/7427,0.0679611650485437,1.07852045473405,0.208091447563194,0.474948077034103,0.968576129359272,0.902034262786094,STING1/SLC36A1/TMEM175/SLC9A1/SLC15A3/UCP2/SLC47A1,7
GO:0001845,phagolysosome assembly,1/468,10/7427,0.1,1.58696581196581,0.481643437802227,0.478616831868527,0.968576129359272,0.902034262786094,TMEM175,1
GO:0002076,osteoblast development,1/468,10/7427,0.1,1.58696581196581,0.481643437802227,0.478616831868527,0.968576129359272,0.902034262786094,CEBPA,1
GO:0002357,defense response to tumor cell,1/468,10/7427,0.1,1.58696581196581,0.481643437802227,0.478616831868527,0.968576129359272,0.902034262786094,DLEC1,1
GO:0003091,renal water homeostasis,1/468,10/7427,0.1,1.58696581196581,0.481643437802227,0.478616831868527,0.968576129359272,0.902034262786094,AVPR2,1
GO:0003283,atrial septum development,1/468,10/7427,0.1,1.58696581196581,0.481643437802227,0.478616831868527,0.968576129359272,0.902034262786094,TBX5,1
GO:0006287,"base-excision repair, gap-filling",1/468,10/7427,0.1,1.58696581196581,0.481643437802227,0.478616831868527,0.968576129359272,0.902034262786094,POLG,1
GO:0006448,regulation of translational elongation,1/468,10/7427,0.1,1.58696581196581,0.481643437802227,0.478616831868527,0.968576129359272,0.902034262786094,SHFL,1
GO:0006677,glycosylceramide metabolic process,1/468,10/7427,0.1,1.58696581196581,0.481643437802227,0.478616831868527,0.968576129359272,0.902034262786094,GBA2,1
GO:0009110,vitamin biosynthetic process,1/468,10/7427,0.1,1.58696581196581,0.481643437802227,0.478616831868527,0.968576129359272,0.902034262786094,GFI1,1
GO:0009208,pyrimidine ribonucleoside triphosphate metabolic process,1/468,10/7427,0.1,1.58696581196581,0.481643437802227,0.478616831868527,0.968576129359272,0.902034262786094,NME9,1
GO:0010288,response to lead ion,1/468,10/7427,0.1,1.58696581196581,0.481643437802227,0.478616831868527,0.968576129359272,0.902034262786094,UCP2,1
GO:0010460,positive regulation of heart rate,1/468,10/7427,0.1,1.58696581196581,0.481643437802227,0.478616831868527,0.968576129359272,0.902034262786094,GCH1,1
GO:0015867,ATP transport,1/468,10/7427,0.1,1.58696581196581,0.481643437802227,0.478616831868527,0.968576129359272,0.902034262786094,CALHM5,1
GO:0016048,detection of temperature stimulus,1/468,10/7427,0.1,1.58696581196581,0.481643437802227,0.478616831868527,0.968576129359272,0.902034262786094,CXCL12,1
GO:0021819,layer formation in cerebral cortex,1/468,10/7427,0.1,1.58696581196581,0.481643437802227,0.478616831868527,0.968576129359272,0.902034262786094,RELN,1
GO:0030214,hyaluronan catabolic process,1/468,10/7427,0.1,1.58696581196581,0.481643437802227,0.478616831868527,0.968576129359272,0.902034262786094,HYAL1,1
GO:0030949,positive regulation of vascular endothelial growth factor receptor signaling pathway,1/468,10/7427,0.1,1.58696581196581,0.481643437802227,0.478616831868527,0.968576129359272,0.902034262786094,PRKD2,1
GO:0031645,negative regulation of nervous system process,1/468,10/7427,0.1,1.58696581196581,0.481643437802227,0.478616831868527,0.968576129359272,0.902034262786094,JAM2,1
GO:0031958,nuclear receptor-mediated corticosteroid signaling pathway,1/468,10/7427,0.1,1.58696581196581,0.481643437802227,0.478616831868527,0.968576129359272,0.902034262786094,BMAL1,1
GO:0032011,ARF protein signal transduction,1/468,10/7427,0.1,1.58696581196581,0.481643437802227,0.478616831868527,0.968576129359272,0.902034262786094,PSD4,1
GO:0032012,regulation of ARF protein signal transduction,1/468,10/7427,0.1,1.58696581196581,0.481643437802227,0.478616831868527,0.968576129359272,0.902034262786094,PSD4,1
GO:0032211,negative regulation of telomere maintenance via telomerase,1/468,10/7427,0.1,1.58696581196581,0.481643437802227,0.478616831868527,0.968576129359272,0.902034262786094,PML,1
GO:0032328,alanine transport,1/468,10/7427,0.1,1.58696581196581,0.481643437802227,0.478616831868527,0.968576129359272,0.902034262786094,SLC36A1,1
GO:0032482,Rab protein signal transduction,1/468,10/7427,0.1,1.58696581196581,0.481643437802227,0.478616831868527,0.968576129359272,0.902034262786094,DENND4B,1
GO:0032488,Cdc42 protein signal transduction,1/468,10/7427,0.1,1.58696581196581,0.481643437802227,0.478616831868527,0.968576129359272,0.902034262786094,WAS,1
GO:0033623,regulation of integrin activation,1/468,10/7427,0.1,1.58696581196581,0.481643437802227,0.478616831868527,0.968576129359272,0.902034262786094,SELP,1
GO:0034312,diol biosynthetic process,1/468,10/7427,0.1,1.58696581196581,0.481643437802227,0.478616831868527,0.968576129359272,0.902034262786094,GCH1,1
GO:0034587,piRNA processing,1/468,10/7427,0.1,1.58696581196581,0.481643437802227,0.478616831868527,0.968576129359272,0.902034262786094,GTSF1,1
GO:0035022,positive regulation of Rac protein signal transduction,1/468,10/7427,0.1,1.58696581196581,0.481643437802227,0.478616831868527,0.968576129359272,0.902034262786094,PIK3CG,1
GO:0035493,SNARE complex assembly,1/468,10/7427,0.1,1.58696581196581,0.481643437802227,0.478616831868527,0.968576129359272,0.902034262786094,PRRT2,1
GO:0035728,response to hepatocyte growth factor,1/468,10/7427,0.1,1.58696581196581,0.481643437802227,0.478616831868527,0.968576129359272,0.902034262786094,LGMN,1
GO:0035729,cellular response to hepatocyte growth factor stimulus,1/468,10/7427,0.1,1.58696581196581,0.481643437802227,0.478616831868527,0.968576129359272,0.902034262786094,LGMN,1
GO:0035743,"CD4-positive, alpha-beta T cell cytokine production",1/468,10/7427,0.1,1.58696581196581,0.481643437802227,0.478616831868527,0.968576129359272,0.902034262786094,TBX21,1
GO:0035771,interleukin-4-mediated signaling pathway,1/468,10/7427,0.1,1.58696581196581,0.481643437802227,0.478616831868527,0.968576129359272,0.902034262786094,CD300LF,1
GO:0035902,response to immobilization stress,1/468,10/7427,0.1,1.58696581196581,0.481643437802227,0.478616831868527,0.968576129359272,0.902034262786094,PPP1R9B,1
GO:0036507,protein demannosylation,1/468,10/7427,0.1,1.58696581196581,0.481643437802227,0.478616831868527,0.968576129359272,0.902034262786094,SYVN1,1
GO:0036508,"protein alpha-1,2-demannosylation",1/468,10/7427,0.1,1.58696581196581,0.481643437802227,0.478616831868527,0.968576129359272,0.902034262786094,SYVN1,1
GO:0039692,single stranded viral RNA replication via double stranded DNA intermediate,1/468,10/7427,0.1,1.58696581196581,0.481643437802227,0.478616831868527,0.968576129359272,0.902034262786094,APOBEC3F,1
GO:0042753,positive regulation of circadian rhythm,1/468,10/7427,0.1,1.58696581196581,0.481643437802227,0.478616831868527,0.968576129359272,0.902034262786094,BMAL1,1
GO:0043407,negative regulation of MAP kinase activity,1/468,10/7427,0.1,1.58696581196581,0.481643437802227,0.478616831868527,0.968576129359272,0.902034262786094,CDK5RAP3,1
GO:0043455,regulation of secondary metabolic process,1/468,10/7427,0.1,1.58696581196581,0.481643437802227,0.478616831868527,0.968576129359272,0.902034262786094,ASIP,1
GO:0044725,epigenetic programming in the zygotic pronuclei,1/468,10/7427,0.1,1.58696581196581,0.481643437802227,0.478616831868527,0.968576129359272,0.902034262786094,ASIP,1
GO:0045723,positive regulation of fatty acid biosynthetic process,1/468,10/7427,0.1,1.58696581196581,0.481643437802227,0.478616831868527,0.968576129359272,0.902034262786094,NR1H3,1
GO:0045779,negative regulation of bone resorption,1/468,10/7427,0.1,1.58696581196581,0.481643437802227,0.478616831868527,0.968576129359272,0.902034262786094,INPP5D,1
GO:0046349,amino sugar biosynthetic process,1/468,10/7427,0.1,1.58696581196581,0.481643437802227,0.478616831868527,0.968576129359272,0.902034262786094,UAP1L1,1
GO:0046426,negative regulation of receptor signaling pathway via JAK-STAT,1/468,10/7427,0.1,1.58696581196581,0.481643437802227,0.478616831868527,0.968576129359272,0.902034262786094,VHL,1
GO:0046479,glycosphingolipid catabolic process,1/468,10/7427,0.1,1.58696581196581,0.481643437802227,0.478616831868527,0.968576129359272,0.902034262786094,GBA2,1
GO:0048021,regulation of melanin biosynthetic process,1/468,10/7427,0.1,1.58696581196581,0.481643437802227,0.478616831868527,0.968576129359272,0.902034262786094,ASIP,1
GO:0048251,elastic fiber assembly,1/468,10/7427,0.1,1.58696581196581,0.481643437802227,0.478616831868527,0.968576129359272,0.902034262786094,MYH11,1
GO:0048715,negative regulation of oligodendrocyte differentiation,1/468,10/7427,0.1,1.58696581196581,0.481643437802227,0.478616831868527,0.968576129359272,0.902034262786094,DAAM2,1
GO:0050961,detection of temperature stimulus involved in sensory perception,1/468,10/7427,0.1,1.58696581196581,0.481643437802227,0.478616831868527,0.968576129359272,0.902034262786094,CXCL12,1
GO:0051383,kinetochore organization,1/468,10/7427,0.1,1.58696581196581,0.481643437802227,0.478616831868527,0.968576129359272,0.902034262786094,CENPT,1
GO:0051560,mitochondrial calcium ion homeostasis,1/468,10/7427,0.1,1.58696581196581,0.481643437802227,0.478616831868527,0.968576129359272,0.902034262786094,SLC8A3,1
GO:0055022,negative regulation of cardiac muscle tissue growth,1/468,10/7427,0.1,1.58696581196581,0.481643437802227,0.478616831868527,0.968576129359272,0.902034262786094,TBX5,1
GO:0060259,regulation of feeding behavior,1/468,10/7427,0.1,1.58696581196581,0.481643437802227,0.478616831868527,0.968576129359272,0.902034262786094,SLC24A4,1
GO:0060397,growth hormone receptor signaling pathway via JAK-STAT,1/468,10/7427,0.1,1.58696581196581,0.481643437802227,0.478616831868527,0.968576129359272,0.902034262786094,TYK2,1
GO:0061117,negative regulation of heart growth,1/468,10/7427,0.1,1.58696581196581,0.481643437802227,0.478616831868527,0.968576129359272,0.902034262786094,TBX5,1
GO:0061635,regulation of protein complex stability,1/468,10/7427,0.1,1.58696581196581,0.481643437802227,0.478616831868527,0.968576129359272,0.902034262786094,ATG14,1
GO:0070198,"protein localization to chromosome, telomeric region",1/468,10/7427,0.1,1.58696581196581,0.481643437802227,0.478616831868527,0.968576129359272,0.902034262786094,PML,1
GO:0070206,protein trimerization,1/468,10/7427,0.1,1.58696581196581,0.481643437802227,0.478616831868527,0.968576129359272,0.902034262786094,STEAP4,1
GO:0070294,renal sodium ion absorption,1/468,10/7427,0.1,1.58696581196581,0.481643437802227,0.478616831868527,0.968576129359272,0.902034262786094,KLHL3,1
GO:0070672,response to interleukin-15,1/468,10/7427,0.1,1.58696581196581,0.481643437802227,0.478616831868527,0.968576129359272,0.902034262786094,CD4,1
GO:0072578,neurotransmitter-gated ion channel clustering,1/468,10/7427,0.1,1.58696581196581,0.481643437802227,0.478616831868527,0.968576129359272,0.902034262786094,RELN,1
GO:0072672,neutrophil extravasation,1/468,10/7427,0.1,1.58696581196581,0.481643437802227,0.478616831868527,0.968576129359272,0.902034262786094,PIK3CG,1
GO:0086011,membrane repolarization during action potential,1/468,10/7427,0.1,1.58696581196581,0.481643437802227,0.478616831868527,0.968576129359272,0.902034262786094,KCNE1,1
GO:0099150,regulation of postsynaptic specialization assembly,1/468,10/7427,0.1,1.58696581196581,0.481643437802227,0.478616831868527,0.968576129359272,0.902034262786094,LRRC4B,1
GO:0099623,regulation of cardiac muscle cell membrane repolarization,1/468,10/7427,0.1,1.58696581196581,0.481643437802227,0.478616831868527,0.968576129359272,0.902034262786094,KCNE1,1
GO:0110156,mRNA methylguanosine-cap decapping,1/468,10/7427,0.1,1.58696581196581,0.481643437802227,0.478616831868527,0.968576129359272,0.902034262786094,ZFP36,1
GO:1900376,regulation of secondary metabolite biosynthetic process,1/468,10/7427,0.1,1.58696581196581,0.481643437802227,0.478616831868527,0.968576129359272,0.902034262786094,ASIP,1
GO:1902412,regulation of mitotic cytokinesis,1/468,10/7427,0.1,1.58696581196581,0.481643437802227,0.478616831868527,0.968576129359272,0.902034262786094,ANKRD53,1
GO:1903587,regulation of blood vessel endothelial cell proliferation involved in sprouting angiogenesis,1/468,10/7427,0.1,1.58696581196581,0.481643437802227,0.478616831868527,0.968576129359272,0.902034262786094,PPP1R16B,1
GO:1904627,response to phorbol 13-acetate 12-myristate,1/468,10/7427,0.1,1.58696581196581,0.481643437802227,0.478616831868527,0.968576129359272,0.902034262786094,FBP1,1
GO:2000269,regulation of fibroblast apoptotic process,1/468,10/7427,0.1,1.58696581196581,0.481643437802227,0.478616831868527,0.968576129359272,0.902034262786094,PIK3CG,1
GO:2000317,negative regulation of T-helper 17 type immune response,1/468,10/7427,0.1,1.58696581196581,0.481643437802227,0.478616831868527,0.968576129359272,0.902034262786094,TBX21,1
GO:2000328,regulation of T-helper 17 cell lineage commitment,1/468,10/7427,0.1,1.58696581196581,0.481643437802227,0.478616831868527,0.968576129359272,0.902034262786094,TBX21,1
GO:2000810,regulation of bicellular tight junction assembly,1/468,10/7427,0.1,1.58696581196581,0.481643437802227,0.478616831868527,0.968576129359272,0.902034262786094,PRKCH,1
GO:0006195,purine nucleotide catabolic process,5/468,72/7427,0.0694444444444445,1.10205959164293,0.225660588672241,0.478641077364568,0.968576129359272,0.902034262786094,SAMHD1/FLCN/UCP2/FBP1/ALDOB,5
GO:0033674,positive regulation of kinase activity,5/468,72/7427,0.0694444444444445,1.10205959164293,0.225660588672241,0.478641077364568,0.968576129359272,0.902034262786094,LCP2/PIK3CG/CASS4/CDKN1A/CD4,5
GO:0150115,cell-substrate junction organization,5/468,72/7427,0.0694444444444445,1.10205959164293,0.225660588672241,0.478641077364568,0.968576129359272,0.902034262786094,TNS1/SLC9A1/ARHGAP6/COL16A1/COL17A1,5
GO:1903050,regulation of proteolysis involved in protein catabolic process,9/468,135/7427,0.0666666666666667,1.05797720797721,0.176290062641502,0.48066437981679,0.968576129359272,0.902034262786094,PML/TMEM259/MAP1A/RFPL1/CEBPA/LAMP3/HFE/CDK5RAP3/ZNF418,9
GO:0006865,amino acid transport,6/468,88/7427,0.0681818181818182,1.08202214452214,0.200715537595866,0.482334040362271,0.968576129359272,0.902034262786094,SLC36A1/SLC38A10/UCP2/SLC6A1/KCNJ10/SLC47A1,6
GO:1901605,alpha-amino acid metabolic process,6/468,88/7427,0.0681818181818182,1.08202214452214,0.200715537595866,0.482334040362271,0.968576129359272,0.902034262786094,HAAO/CSAD/PIPOX/UCP2/IL4I1/HDC,6
GO:0006112,energy reserve metabolic process,3/468,41/7427,0.0731707317073171,1.16119449656035,0.268388848882259,0.48258742125349,0.968576129359272,0.902034262786094,GABARAPL1/PPP1R3E/PYGM,3
GO:0032409,regulation of transporter activity,3/468,41/7427,0.0731707317073171,1.16119449656035,0.268388848882259,0.48258742125349,0.968576129359272,0.902034262786094,KCNE1/TLR9/CFTR,3
GO:0034394,protein localization to cell surface,3/468,41/7427,0.0731707317073171,1.16119449656035,0.268388848882259,0.48258742125349,0.968576129359272,0.902034262786094,MAP1A/TMEM35A/HFE,3
GO:0048488,synaptic vesicle endocytosis,3/468,41/7427,0.0731707317073171,1.16119449656035,0.268388848882259,0.48258742125349,0.968576129359272,0.902034262786094,SYT11/DNM1/SYNJ1,3
GO:0048708,astrocyte differentiation,3/468,41/7427,0.0731707317073171,1.16119449656035,0.268388848882259,0.48258742125349,0.968576129359272,0.902034262786094,DLL1/GRN/C5AR1,3
GO:1904262,negative regulation of TORC1 signaling,3/468,41/7427,0.0731707317073171,1.16119449656035,0.268388848882259,0.48258742125349,0.968576129359272,0.902034262786094,SYK/SZT2/VHL,3
GO:0019941,modification-dependent protein catabolic process,25/468,388/7427,0.0644329896907216,1.02252951801921,0.118205929333886,0.484431246332085,0.968576129359272,0.902034262786094,PML/TRIM38/KLHL6/KLHL3/SYVN1/UBA7/OS9/HECW2/ZSWIM8/FLCN/TBX21/MYLIP/UBAP1L/RELN/MAP1A/RNF122/FBXO48/RFPL1/CEBPA/BMAL1/HFE/NLRP4/VHL/PSMB10/ZNF418,25
GO:0032869,cellular response to insulin stimulus,7/468,104/7427,0.0673076923076923,1.06815006574622,0.181495312298561,0.485242749034984,0.968576129359272,0.902034262786094,ZNF592/SLC9A1/WDTC1/UCP2/USF1/FBP1/HMGCS2,7
GO:0046032,ADP catabolic process,4/468,57/7427,0.0701754385964912,1.11366021892338,0.223377359465202,0.487572314492058,0.968576129359272,0.902034262786094,FLCN/UCP2/FBP1/ALDOB,4
GO:0048709,oligodendrocyte differentiation,4/468,57/7427,0.0701754385964912,1.11366021892338,0.223377359465202,0.487572314492058,0.968576129359272,0.902034262786094,TNFRSF1B/DAAM2/SLC8A3/KCNJ10,4
GO:0072526,pyridine-containing compound catabolic process,4/468,57/7427,0.0701754385964912,1.11366021892338,0.223377359465202,0.487572314492058,0.968576129359272,0.902034262786094,FLCN/UCP2/FBP1/ALDOB,4
GO:0090100,positive regulation of transmembrane receptor protein serine/threonine kinase signaling pathway,4/468,57/7427,0.0701754385964912,1.11366021892338,0.223377359465202,0.487572314492058,0.968576129359272,0.902034262786094,SH2B1/FLCN/GDF5/HFE,4
GO:1904950,negative regulation of establishment of protein localization,4/468,57/7427,0.0701754385964912,1.11366021892338,0.223377359465202,0.487572314492058,0.968576129359272,0.902034262786094,KCNE1/OS9/UCP2/NR1H3,4
GO:0099173,postsynapse organization,9/468,136/7427,0.0661764705882353,1.0501979638009,0.153210661207086,0.489669742620685,0.968576129359272,0.902034262786094,LZTS1/ELMO1/PLPPR4/COLQ/LGMN/PPP1R9B/RELN/CSMD2/LRRC4B,9
GO:0001568,blood vessel development,26/468,405/7427,0.0641975308641975,1.01879286694102,0.100859571472285,0.490766722211929,0.968576129359272,0.902034262786094,EGR2/PML/SYK/PIK3CG/TNFAIP2/DLL1/EMILIN2/C3/HSPA12B/PRKD2/EGR1/PPP1R16B/NOTCH4/GPNMB/GRN/CNTRL/MEOX2/C5AR1/TBX5/TSPAN12/COL4A3/WNT2/HYAL1/EGR3/CXCR3/TMEM215,26
GO:0097530,granulocyte migration,5/468,73/7427,0.0684931506849315,1.08696288490809,0.193624601363358,0.490932435492673,0.968576129359272,0.902034262786094,SYK/PIK3CG/NCKAP1L/BST1/C5AR1,5
GO:0072001,renal system development,10/468,152/7427,0.0657894736842105,1.04405645524067,0.142312099905822,0.491437542664354,0.968576129359272,0.902034262786094,DLL1/KLHL3/EGR1/FLCN/CNTRL/CYP26B1/TBX18/VANGL2/COL4A3/HMGCS2,10
GO:0007272,ensheathment of neurons,6/468,89/7427,0.0674157303370787,1.0698645923365,0.171945280369649,0.493456395400475,0.968576129359272,0.902034262786094,EGR2/TNFRSF1B/NFASC/JAM2/SLC8A3/KCNJ10,6
GO:0008366,axon ensheathment,6/468,89/7427,0.0674157303370787,1.0698645923365,0.171945280369649,0.493456395400475,0.968576129359272,0.902034262786094,EGR2/TNFRSF1B/NFASC/JAM2/SLC8A3/KCNJ10,6
GO:0042552,myelination,6/468,89/7427,0.0674157303370787,1.0698645923365,0.171945280369649,0.493456395400475,0.968576129359272,0.902034262786094,EGR2/TNFRSF1B/NFASC/JAM2/SLC8A3/KCNJ10,6
GO:1903034,regulation of response to wounding,6/468,89/7427,0.0674157303370787,1.0698645923365,0.171945280369649,0.493456395400475,0.968576129359272,0.902034262786094,SERPING1/EMILIN2/GRN/RGMA/USF1/CLEC7A,6
GO:0002360,T cell lineage commitment,2/468,26/7427,0.0769230769230769,1.22074293228139,0.292385115337999,0.49431201777719,0.968576129359272,0.902034262786094,IRF4/TBX21,2
GO:0002548,monocyte chemotaxis,2/468,26/7427,0.0769230769230769,1.22074293228139,0.292385115337999,0.49431201777719,0.968576129359272,0.902034262786094,LGMN/CXCL12,2
GO:0008542,visual learning,2/468,26/7427,0.0769230769230769,1.22074293228139,0.292385115337999,0.49431201777719,0.968576129359272,0.902034262786094,PDE1B/KMT2A,2
GO:0030201,heparan sulfate proteoglycan metabolic process,2/468,26/7427,0.0769230769230769,1.22074293228139,0.292385115337999,0.49431201777719,0.968576129359272,0.902034262786094,VANGL2/HS3ST2,2
GO:0030835,negative regulation of actin filament depolymerization,2/468,26/7427,0.0769230769230769,1.22074293228139,0.292385115337999,0.49431201777719,0.968576129359272,0.902034262786094,VILL/LIMA1,2
GO:0042304,regulation of fatty acid biosynthetic process,2/468,26/7427,0.0769230769230769,1.22074293228139,0.292385115337999,0.49431201777719,0.968576129359272,0.902034262786094,WDTC1/NR1H3,2
GO:0046006,regulation of activated T cell proliferation,2/468,26/7427,0.0769230769230769,1.22074293228139,0.292385115337999,0.49431201777719,0.968576129359272,0.902034262786094,LGALS9/BTN2A2,2
GO:0046605,regulation of centrosome cycle,2/468,26/7427,0.0769230769230769,1.22074293228139,0.292385115337999,0.49431201777719,0.968576129359272,0.902034262786094,CDK11A/CENATAC,2
GO:0050911,detection of chemical stimulus involved in sensory perception of smell,2/468,26/7427,0.0769230769230769,1.22074293228139,0.292385115337999,0.49431201777719,0.968576129359272,0.902034262786094,OR13A1/SLC24A4,2
GO:0050919,negative chemotaxis,2/468,26/7427,0.0769230769230769,1.22074293228139,0.292385115337999,0.49431201777719,0.968576129359272,0.902034262786094,SEMA6D/SEMA5B,2
GO:0072595,maintenance of protein localization in organelle,2/468,26/7427,0.0769230769230769,1.22074293228139,0.292385115337999,0.49431201777719,0.968576129359272,0.902034262786094,PML/OS9,2
GO:0099054,presynapse assembly,2/468,26/7427,0.0769230769230769,1.22074293228139,0.292385115337999,0.49431201777719,0.968576129359272,0.902034262786094,MDGA1/LRRC4B,2
GO:2000300,regulation of synaptic vesicle exocytosis,2/468,26/7427,0.0769230769230769,1.22074293228139,0.292385115337999,0.49431201777719,0.968576129359272,0.902034262786094,P2RX1/SYT2,2
GO:0003012,muscle system process,14/468,216/7427,0.0648148148148148,1.02858895220006,0.110574337770633,0.496861248582374,0.968576129359272,0.902034262786094,TNFRSF1B/PIK3CG/P2RX1/MYH3/MYH11/KCNE1/SLC9A1/TIFAB/CACNA1G/LTB4R/GRIP2/SLC8A3/RYR3/CACNB2,14
GO:0010817,regulation of hormone levels,14/468,216/7427,0.0648148148148148,1.02858895220006,0.110574337770633,0.496861248582374,0.968576129359272,0.902034262786094,SCPEP1/GNB3/EGR1/UCP2/CYP26B1/DHRS3/MEP1A/BMAL1/FFAR4/CFTR/HFE/CYP46A1/PCSK1/CCKAR,14
GO:0008645,hexose transmembrane transport,3/468,42/7427,0.0714285714285714,1.13354700854701,0.225066335764233,0.498844288633282,0.968576129359272,0.902034262786094,C3/SLC2A5/FFAR4,3
GO:0014032,neural crest cell development,3/468,42/7427,0.0714285714285714,1.13354700854701,0.225066335764233,0.498844288633282,0.968576129359272,0.902034262786094,PHACTR4/SEMA6D/SEMA5B,3
GO:0015908,fatty acid transport,3/468,42/7427,0.0714285714285714,1.13354700854701,0.225066335764233,0.498844288633282,0.968576129359272,0.902034262786094,SYK/PROCA1/UCP2,3
GO:0030225,macrophage differentiation,3/468,42/7427,0.0714285714285714,1.13354700854701,0.225066335764233,0.498844288633282,0.968576129359272,0.902034262786094,CD4/UCP2/CEBPA,3
GO:0033619,membrane protein proteolysis,3/468,42/7427,0.0714285714285714,1.13354700854701,0.225066335764233,0.498844288633282,0.968576129359272,0.902034262786094,TNFRSF1B/SPPL2B/RGMA,3
GO:0035194,regulatory ncRNA-mediated post-transcriptional gene silencing,3/468,42/7427,0.0714285714285714,1.13354700854701,0.225066335764233,0.498844288633282,0.968576129359272,0.902034262786094,ZSWIM8/GTSF1/ZFP36,3
GO:0050772,positive regulation of axonogenesis,3/468,42/7427,0.0714285714285714,1.13354700854701,0.225066335764233,0.498844288633282,0.968576129359272,0.902034262786094,SHOX2/CXCL12/MAP6,3
GO:0051092,positive regulation of NF-kappaB transcription factor activity,3/468,42/7427,0.0714285714285714,1.13354700854701,0.225066335764233,0.498844288633282,0.968576129359272,0.902034262786094,PRKD2/LGALS9/PRKCH,3
GO:0090277,positive regulation of peptide hormone secretion,3/468,42/7427,0.0714285714285714,1.13354700854701,0.225066335764233,0.498844288633282,0.968576129359272,0.902034262786094,FFAR4/CFTR/HFE,3
GO:0062012,regulation of small molecule metabolic process,10/468,153/7427,0.065359477124183,1.0372325568404,0.120672666372224,0.499925664638828,0.968576129359272,0.902034262786094,CH25H/GNB3/EGR1/GFI1/PPP1R3E/FLCN/WDTC1/NR1H3/FBP1/ALDOB,10
GO:0043632,modification-dependent macromolecule catabolic process,25/468,391/7427,0.0639386189258312,1.01468402299604,0.0773566225762362,0.500610513069059,0.968576129359272,0.902034262786094,PML/TRIM38/KLHL6/KLHL3/SYVN1/UBA7/OS9/HECW2/ZSWIM8/FLCN/TBX21/MYLIP/UBAP1L/RELN/MAP1A/RNF122/FBXO48/RFPL1/CEBPA/BMAL1/HFE/NLRP4/VHL/PSMB10/ZNF418,25
GO:0010631,epithelial cell migration,4/468,58/7427,0.0689655172413793,1.09445918066608,0.187275460419769,0.501357138692157,0.968576129359272,0.902034262786094,PLCG2/DAAM2/GLIPR2/LTB4R2,4
GO:0090132,epithelium migration,4/468,58/7427,0.0689655172413793,1.09445918066608,0.187275460419769,0.501357138692157,0.968576129359272,0.902034262786094,PLCG2/DAAM2/GLIPR2/LTB4R2,4
GO:1903432,regulation of TORC1 signaling,4/468,58/7427,0.0689655172413793,1.09445918066608,0.187275460419769,0.501357138692157,0.968576129359272,0.902034262786094,SYK/SZT2/FLCN/VHL,4
GO:0001944,vasculature development,27/468,423/7427,0.0638297872340426,1.01295690125477,0.0711582476745987,0.502047362703941,0.968576129359272,0.902034262786094,EGR2/PML/SYK/PIK3CG/TNFAIP2/DLL1/EMILIN2/C3/HSPA12B/PRKD2/EGR1/PPP1R16B/NOTCH4/CXCL12/GPNMB/GRN/CNTRL/MEOX2/C5AR1/TBX5/TSPAN12/COL4A3/WNT2/HYAL1/EGR3/CXCR3/TMEM215,27
GO:0030902,hindbrain development,5/468,74/7427,0.0675675675675676,1.0722741972742,0.162029403962087,0.503117624400684,0.968576129359272,0.902034262786094,EGR2/DLL1/MAFB/KCNE1/WHRN,5
GO:0046661,male sex differentiation,5/468,74/7427,0.0675675675675676,1.0722741972742,0.162029403962087,0.503117624400684,0.968576129359272,0.902034262786094,TLR9/TLR5/TEX11/NUP210L/SAFB2,5
GO:0001935,endothelial cell proliferation,6/468,90/7427,0.0666666666666667,1.05797720797721,0.143498140383818,0.504498850329481,0.968576129359272,0.902034262786094,PRKD2/PPP1R16B/CXCL12/COL4A3/EGR3/CXCR3,6
GO:0007254,JNK cascade,6/468,90/7427,0.0666666666666667,1.05797720797721,0.143498140383818,0.504498850329481,0.968576129359272,0.902034262786094,SIRPA/MAP3K6/GADD45G/TLR9/UNC5CL/GADD45B,6
GO:0015849,organic acid transport,10/468,154/7427,0.0649350649350649,1.03049728049728,0.0991725913906675,0.508376445411324,0.968576129359272,0.902034262786094,SYK/SLC36A1/PROCA1/SLC38A10/UCP2/PSAP/ABCC3/SLC6A1/KCNJ10/SLC47A1,10
GO:0046942,carboxylic acid transport,10/468,154/7427,0.0649350649350649,1.03049728049728,0.0991725913906675,0.508376445411324,0.968576129359272,0.902034262786094,SYK/SLC36A1/PROCA1/SLC38A10/UCP2/PSAP/ABCC3/SLC6A1/KCNJ10/SLC47A1,10
GO:0002921,negative regulation of humoral immune response,1/468,11/7427,0.0909090909090909,1.44269619269619,0.381016909180493,0.511515217022299,0.968576129359272,0.902034262786094,SERPING1,1
GO:0003084,positive regulation of systemic arterial blood pressure,1/468,11/7427,0.0909090909090909,1.44269619269619,0.381016909180493,0.511515217022299,0.968576129359272,0.902034262786094,AVPR2,1
GO:0003096,renal sodium ion transport,1/468,11/7427,0.0909090909090909,1.44269619269619,0.381016909180493,0.511515217022299,0.968576129359272,0.902034262786094,KLHL3,1
GO:0006047,UDP-N-acetylglucosamine metabolic process,1/468,11/7427,0.0909090909090909,1.44269619269619,0.381016909180493,0.511515217022299,0.968576129359272,0.902034262786094,UAP1L1,1
GO:0006098,pentose-phosphate shunt,1/468,11/7427,0.0909090909090909,1.44269619269619,0.381016909180493,0.511515217022299,0.968576129359272,0.902034262786094,ALDOB,1
GO:0006415,translational termination,1/468,11/7427,0.0909090909090909,1.44269619269619,0.381016909180493,0.511515217022299,0.968576129359272,0.902034262786094,SHFL,1
GO:0006656,phosphatidylcholine biosynthetic process,1/468,11/7427,0.0909090909090909,1.44269619269619,0.381016909180493,0.511515217022299,0.968576129359272,0.902034262786094,LCAT,1
GO:0007271,"synaptic transmission, cholinergic",1/468,11/7427,0.0909090909090909,1.44269619269619,0.381016909180493,0.511515217022299,0.968576129359272,0.902034262786094,COLQ,1
GO:0007602,phototransduction,1/468,11/7427,0.0909090909090909,1.44269619269619,0.381016909180493,0.511515217022299,0.968576129359272,0.902034262786094,SLC24A4,1
GO:0009068,aspartate family amino acid catabolic process,1/468,11/7427,0.0909090909090909,1.44269619269619,0.381016909180493,0.511515217022299,0.968576129359272,0.902034262786094,PIPOX,1
GO:0010878,cholesterol storage,1/468,11/7427,0.0909090909090909,1.44269619269619,0.381016909180493,0.511515217022299,0.968576129359272,0.902034262786094,NR1H3,1
GO:0010894,negative regulation of steroid biosynthetic process,1/468,11/7427,0.0909090909090909,1.44269619269619,0.381016909180493,0.511515217022299,0.968576129359272,0.902034262786094,GFI1,1
GO:0010984,regulation of lipoprotein particle clearance,1/468,11/7427,0.0909090909090909,1.44269619269619,0.381016909180493,0.511515217022299,0.968576129359272,0.902034262786094,MYLIP,1
GO:0016114,terpenoid biosynthetic process,1/468,11/7427,0.0909090909090909,1.44269619269619,0.381016909180493,0.511515217022299,0.968576129359272,0.902034262786094,HMGCS2,1
GO:0019377,glycolipid catabolic process,1/468,11/7427,0.0909090909090909,1.44269619269619,0.381016909180493,0.511515217022299,0.968576129359272,0.902034262786094,GBA2,1
GO:0022010,central nervous system myelination,1/468,11/7427,0.0909090909090909,1.44269619269619,0.381016909180493,0.511515217022299,0.968576129359272,0.902034262786094,KCNJ10,1
GO:0030431,sleep,1/468,11/7427,0.0909090909090909,1.44269619269619,0.381016909180493,0.511515217022299,0.968576129359272,0.902034262786094,MRGPRX2,1
GO:0031048,regulatory ncRNA-mediated heterochromatin formation,1/468,11/7427,0.0909090909090909,1.44269619269619,0.381016909180493,0.511515217022299,0.968576129359272,0.902034262786094,ZNFX1,1
GO:0032042,mitochondrial DNA metabolic process,1/468,11/7427,0.0909090909090909,1.44269619269619,0.381016909180493,0.511515217022299,0.968576129359272,0.902034262786094,POLG,1
GO:0032291,axon ensheathment in central nervous system,1/468,11/7427,0.0909090909090909,1.44269619269619,0.381016909180493,0.511515217022299,0.968576129359272,0.902034262786094,KCNJ10,1
GO:0032332,positive regulation of chondrocyte differentiation,1/468,11/7427,0.0909090909090909,1.44269619269619,0.381016909180493,0.511515217022299,0.968576129359272,0.902034262786094,GDF5,1
GO:0033003,regulation of mast cell activation,1/468,11/7427,0.0909090909090909,1.44269619269619,0.381016909180493,0.511515217022299,0.968576129359272,0.902034262786094,CD300LF,1
GO:0035774,positive regulation of insulin secretion involved in cellular response to glucose stimulus,1/468,11/7427,0.0909090909090909,1.44269619269619,0.381016909180493,0.511515217022299,0.968576129359272,0.902034262786094,CFTR,1
GO:0036342,post-anal tail morphogenesis,1/468,11/7427,0.0909090909090909,1.44269619269619,0.381016909180493,0.511515217022299,0.968576129359272,0.902034262786094,VANGL2,1
GO:0042415,norepinephrine metabolic process,1/468,11/7427,0.0909090909090909,1.44269619269619,0.381016909180493,0.511515217022299,0.968576129359272,0.902034262786094,MOXD1,1
GO:0043153,entrainment of circadian clock by photoperiod,1/468,11/7427,0.0909090909090909,1.44269619269619,0.381016909180493,0.511515217022299,0.968576129359272,0.902034262786094,PML,1
GO:0043650,dicarboxylic acid biosynthetic process,1/468,11/7427,0.0909090909090909,1.44269619269619,0.381016909180493,0.511515217022299,0.968576129359272,0.902034262786094,HAAO,1
GO:0044790,suppression of viral release by host,1/468,11/7427,0.0909090909090909,1.44269619269619,0.381016909180493,0.511515217022299,0.968576129359272,0.902034262786094,PML,1
GO:0045618,positive regulation of keratinocyte differentiation,1/468,11/7427,0.0909090909090909,1.44269619269619,0.381016909180493,0.511515217022299,0.968576129359272,0.902034262786094,PRKCH,1
GO:0045662,negative regulation of myoblast differentiation,1/468,11/7427,0.0909090909090909,1.44269619269619,0.381016909180493,0.511515217022299,0.968576129359272,0.902034262786094,DLL1,1
GO:0046039,GTP metabolic process,1/468,11/7427,0.0909090909090909,1.44269619269619,0.381016909180493,0.511515217022299,0.968576129359272,0.902034262786094,NME9,1
GO:0046782,regulation of viral transcription,1/468,11/7427,0.0909090909090909,1.44269619269619,0.381016909180493,0.511515217022299,0.968576129359272,0.902034262786094,ZFP36,1
GO:0048535,lymph node development,1/468,11/7427,0.0909090909090909,1.44269619269619,0.381016909180493,0.511515217022299,0.968576129359272,0.902034262786094,RCBTB2,1
GO:0048665,neuron fate specification,1/468,11/7427,0.0909090909090909,1.44269619269619,0.381016909180493,0.511515217022299,0.968576129359272,0.902034262786094,DLL1,1
GO:0048681,negative regulation of axon regeneration,1/468,11/7427,0.0909090909090909,1.44269619269619,0.381016909180493,0.511515217022299,0.968576129359272,0.902034262786094,RGMA,1
GO:0048846,axon extension involved in axon guidance,1/468,11/7427,0.0909090909090909,1.44269619269619,0.381016909180493,0.511515217022299,0.968576129359272,0.902034262786094,CXCL12,1
GO:0051131,chaperone-mediated protein complex assembly,1/468,11/7427,0.0909090909090909,1.44269619269619,0.381016909180493,0.511515217022299,0.968576129359272,0.902034262786094,TMEM35A,1
GO:0051132,NK T cell activation,1/468,11/7427,0.0909090909090909,1.44269619269619,0.381016909180493,0.511515217022299,0.968576129359272,0.902034262786094,TYK2,1
GO:0051954,positive regulation of amine transport,1/468,11/7427,0.0909090909090909,1.44269619269619,0.381016909180493,0.511515217022299,0.968576129359272,0.902034262786094,CXCL12,1
GO:0055070,copper ion homeostasis,1/468,11/7427,0.0909090909090909,1.44269619269619,0.381016909180493,0.511515217022299,0.968576129359272,0.902034262786094,CP,1
GO:0060384,innervation,1/468,11/7427,0.0909090909090909,1.44269619269619,0.381016909180493,0.511515217022299,0.968576129359272,0.902034262786094,LRIT3,1
GO:0060575,intestinal epithelial cell differentiation,1/468,11/7427,0.0909090909090909,1.44269619269619,0.381016909180493,0.511515217022299,0.968576129359272,0.902034262786094,TLR9,1
GO:0060973,cell migration involved in heart development,1/468,11/7427,0.0909090909090909,1.44269619269619,0.381016909180493,0.511515217022299,0.968576129359272,0.902034262786094,TBX5,1
GO:0061684,chaperone-mediated autophagy,1/468,11/7427,0.0909090909090909,1.44269619269619,0.381016909180493,0.511515217022299,0.968576129359272,0.902034262786094,SNRNP70,1
GO:0070341,fat cell proliferation,1/468,11/7427,0.0909090909090909,1.44269619269619,0.381016909180493,0.511515217022299,0.968576129359272,0.902034262786094,CEBPA,1
GO:0071801,regulation of podosome assembly,1/468,11/7427,0.0909090909090909,1.44269619269619,0.381016909180493,0.511515217022299,0.968576129359272,0.902034262786094,HCK,1
GO:0090051,negative regulation of cell migration involved in sprouting angiogenesis,1/468,11/7427,0.0909090909090909,1.44269619269619,0.381016909180493,0.511515217022299,0.968576129359272,0.902034262786094,MEOX2,1
GO:0090208,positive regulation of triglyceride metabolic process,1/468,11/7427,0.0909090909090909,1.44269619269619,0.381016909180493,0.511515217022299,0.968576129359272,0.902034262786094,NR1H3,1
GO:0090314,positive regulation of protein targeting to membrane,1/468,11/7427,0.0909090909090909,1.44269619269619,0.381016909180493,0.511515217022299,0.968576129359272,0.902034262786094,STOM,1
GO:0097623,potassium ion export across plasma membrane,1/468,11/7427,0.0909090909090909,1.44269619269619,0.381016909180493,0.511515217022299,0.968576129359272,0.902034262786094,KCNE1,1
GO:0099625,ventricular cardiac muscle cell membrane repolarization,1/468,11/7427,0.0909090909090909,1.44269619269619,0.381016909180493,0.511515217022299,0.968576129359272,0.902034262786094,KCNE1,1
GO:0120255,olefinic compound biosynthetic process,1/468,11/7427,0.0909090909090909,1.44269619269619,0.381016909180493,0.511515217022299,0.968576129359272,0.902034262786094,EGR1,1
GO:1900034,regulation of cellular response to heat,1/468,11/7427,0.0909090909090909,1.44269619269619,0.381016909180493,0.511515217022299,0.968576129359272,0.902034262786094,IER5,1
GO:1900407,regulation of cellular response to oxidative stress,1/468,11/7427,0.0909090909090909,1.44269619269619,0.381016909180493,0.511515217022299,0.968576129359272,0.902034262786094,GCH1,1
GO:1901741,positive regulation of myoblast fusion,1/468,11/7427,0.0909090909090909,1.44269619269619,0.381016909180493,0.511515217022299,0.968576129359272,0.902034262786094,TNFSF14,1
GO:1902236,negative regulation of endoplasmic reticulum stress-induced intrinsic apoptotic signaling pathway,1/468,11/7427,0.0909090909090909,1.44269619269619,0.381016909180493,0.511515217022299,0.968576129359272,0.902034262786094,SYVN1,1
GO:1902284,neuron projection extension involved in neuron projection guidance,1/468,11/7427,0.0909090909090909,1.44269619269619,0.381016909180493,0.511515217022299,0.968576129359272,0.902034262786094,CXCL12,1
GO:1902969,mitotic DNA replication,1/468,11/7427,0.0909090909090909,1.44269619269619,0.381016909180493,0.511515217022299,0.968576129359272,0.902034262786094,BCL6,1
GO:1903523,negative regulation of blood circulation,1/468,11/7427,0.0909090909090909,1.44269619269619,0.381016909180493,0.511515217022299,0.968576129359272,0.902034262786094,PIK3CG,1
GO:1903826,L-arginine transmembrane transport,1/468,11/7427,0.0909090909090909,1.44269619269619,0.381016909180493,0.511515217022299,0.968576129359272,0.902034262786094,SLC47A1,1
GO:1904294,positive regulation of ERAD pathway,1/468,11/7427,0.0909090909090909,1.44269619269619,0.381016909180493,0.511515217022299,0.968576129359272,0.902034262786094,TMEM259,1
GO:0000165,MAPK cascade,26/468,409/7427,0.0635696821515893,1.00882912252105,0.0476320744736484,0.511882732875702,0.968576129359272,0.902034262786094,SYK/MAP3K14/PIK3CG/SIRPA/SLA/CD4/MAP3K6/PRKD2/LGALS9/GADD45G/PTPN7/TLR9/FLCN/GPNMB/BTN2A2/PLCG2/ZFP36/FBLN1/C5AR1/HAVCR2/UNC5CL/FFAR4/GLIPR2/CLEC7A/GADD45B/CDK5RAP3,26
GO:0010827,regulation of D-glucose transmembrane transport,2/468,27/7427,0.0740740740740741,1.17553023108579,0.236943569943777,0.514637903022331,0.968576129359272,0.902034262786094,C3/FFAR4,2
GO:0035987,endodermal cell differentiation,2/468,27/7427,0.0740740740740741,1.17553023108579,0.236943569943777,0.514637903022331,0.968576129359272,0.902034262786094,POU5F1/COL7A1,2
GO:0071353,cellular response to interleukin-4,2/468,27/7427,0.0740740740740741,1.17553023108579,0.236943569943777,0.514637903022331,0.968576129359272,0.902034262786094,PML/CD300LF,2
GO:0071385,cellular response to glucocorticoid stimulus,2/468,27/7427,0.0740740740740741,1.17553023108579,0.236943569943777,0.514637903022331,0.968576129359272,0.902034262786094,ZFP36/HMGCS2,2
GO:0072698,protein localization to microtubule cytoskeleton,2/468,27/7427,0.0740740740740741,1.17553023108579,0.236943569943777,0.514637903022331,0.968576129359272,0.902034262786094,GOLGB1/MAP1A,2
GO:0090181,regulation of cholesterol metabolic process,2/468,27/7427,0.0740740740740741,1.17553023108579,0.236943569943777,0.514637903022331,0.968576129359272,0.902034262786094,CH25H/GNB3,2
GO:1902743,regulation of lamellipodium organization,2/468,27/7427,0.0740740740740741,1.17553023108579,0.236943569943777,0.514637903022331,0.968576129359272,0.902034262786094,WAS/LIMA1,2
GO:1903573,negative regulation of response to endoplasmic reticulum stress,2/468,27/7427,0.0740740740740741,1.17553023108579,0.236943569943777,0.514637903022331,0.968576129359272,0.902034262786094,SYVN1/NR1H3,2
GO:0002793,positive regulation of peptide secretion,3/468,43/7427,0.0697674418604651,1.10718545020871,0.182789481515423,0.514839197012642,0.968576129359272,0.902034262786094,FFAR4/CFTR/HFE,3
GO:0005976,polysaccharide metabolic process,3/468,43/7427,0.0697674418604651,1.10718545020871,0.182789481515423,0.514839197012642,0.968576129359272,0.902034262786094,GABARAPL1/PPP1R3E/PYGM,3
GO:0006637,acyl-CoA metabolic process,3/468,43/7427,0.0697674418604651,1.10718545020871,0.182789481515423,0.514839197012642,0.968576129359272,0.902034262786094,PIPOX/ACSM5/HMGCS2,3
GO:0006942,regulation of striated muscle contraction,3/468,43/7427,0.0697674418604651,1.10718545020871,0.182789481515423,0.514839197012642,0.968576129359272,0.902034262786094,PIK3CG/SLC9A1/SLC8A3,3
GO:0019080,viral gene expression,3/468,43/7427,0.0697674418604651,1.10718545020871,0.182789481515423,0.514839197012642,0.968576129359272,0.902034262786094,SHFL/ZFP36/USF1,3
GO:0035383,thioester metabolic process,3/468,43/7427,0.0697674418604651,1.10718545020871,0.182789481515423,0.514839197012642,0.968576129359272,0.902034262786094,PIPOX/ACSM5/HMGCS2,3
GO:0045911,positive regulation of DNA recombination,3/468,43/7427,0.0697674418604651,1.10718545020871,0.182789481515423,0.514839197012642,0.968576129359272,0.902034262786094,CD28/WAS/TBX21,3
GO:0046928,regulation of neurotransmitter secretion,3/468,43/7427,0.0697674418604651,1.10718545020871,0.182789481515423,0.514839197012642,0.968576129359272,0.902034262786094,SYT11/P2RX1/SYT2,3
GO:0048864,stem cell development,3/468,43/7427,0.0697674418604651,1.10718545020871,0.182789481515423,0.514839197012642,0.968576129359272,0.902034262786094,PHACTR4/SEMA6D/SEMA5B,3
GO:0140056,organelle localization by membrane tethering,3/468,43/7427,0.0697674418604651,1.10718545020871,0.182789481515423,0.514839197012642,0.968576129359272,0.902034262786094,STX11/CFTR/ATG14,3
GO:1904377,positive regulation of protein localization to cell periphery,3/468,43/7427,0.0697674418604651,1.10718545020871,0.182789481515423,0.514839197012642,0.968576129359272,0.902034262786094,PRKCH/PPP1R9B/AKAP5,3
GO:1905954,positive regulation of lipid localization,3/468,43/7427,0.0697674418604651,1.10718545020871,0.182789481515423,0.514839197012642,0.968576129359272,0.902034262786094,EEPD1/C3/NR1H3,3
GO:0001938,positive regulation of endothelial cell proliferation,4/468,59/7427,0.0677966101694915,1.07590902506157,0.15179993708322,0.514978536054319,0.968576129359272,0.902034262786094,PRKD2/PPP1R16B/CXCL12/EGR3,4
GO:0009137,purine nucleoside diphosphate catabolic process,4/468,59/7427,0.0677966101694915,1.07590902506157,0.15179993708322,0.514978536054319,0.968576129359272,0.902034262786094,FLCN/UCP2/FBP1/ALDOB,4
GO:0009181,purine ribonucleoside diphosphate catabolic process,4/468,59/7427,0.0677966101694915,1.07590902506157,0.15179993708322,0.514978536054319,0.968576129359272,0.902034262786094,FLCN/UCP2/FBP1/ALDOB,4
GO:0035023,regulation of Rho protein signal transduction,4/468,59/7427,0.0677966101694915,1.07590902506157,0.15179993708322,0.514978536054319,0.968576129359272,0.902034262786094,DOCK8/BCL6/ARHGEF18/FLCN,4
GO:0001889,liver development,5/468,75/7427,0.0666666666666667,1.05797720797721,0.13086158022499,0.515187994932902,0.968576129359272,0.902034262786094,RCBTB2/UCP2/CEBPA/CDK5RAP3/HMGCS2,5
GO:0046328,regulation of JNK cascade,5/468,75/7427,0.0666666666666667,1.05797720797721,0.13086158022499,0.515187994932902,0.968576129359272,0.902034262786094,SIRPA/GADD45G/TLR9/UNC5CL/GADD45B,5
GO:0051053,negative regulation of DNA metabolic process,5/468,75/7427,0.0666666666666667,1.05797720797721,0.13086158022499,0.515187994932902,0.968576129359272,0.902034262786094,BCL6/PML/TSPYL2/CDKN1A/GFI1,5
GO:1901991,negative regulation of mitotic cell cycle phase transition,6/468,91/7427,0.0659340659340659,1.04635108481262,0.115366022202932,0.515454632845691,0.968576129359272,0.902034262786094,CDKN1A/GPNMB/BTN2A2/RPS27L/RFPL1/CDK5RAP3,6
GO:0090257,regulation of muscle system process,7/468,107/7427,0.0654205607476636,1.03820193306175,0.103216390664127,0.515759375287703,0.968576129359272,0.902034262786094,TNFRSF1B/PIK3CG/P2RX1/SLC9A1/TIFAB/SLC8A3/CACNB2,7
GO:0036293,response to decreased oxygen levels,11/468,171/7427,0.064327485380117,1.02085520067976,0.0715468918983006,0.517145509742487,0.968576129359272,0.902034262786094,PML/SOD3/EGR1/SLC9A1/CXCL12/UCP2/USF1/PDLIM1/SLC8A3/VHL/MPL,11
GO:0007249,canonical NF-kappaB signal transduction,13/468,203/7427,0.0640394088669951,1.01628352490421,0.0610006627868915,0.517869340339842,0.968576129359272,0.902034262786094,APOL3/SIRPA/TRIM38/CD4/CAPN3/LGALS9/TIFAB/TLR9/TNFSF14/PLCG2/CASP7/UNC5CL/CLEC7A,13
GO:0006643,membrane lipid metabolic process,7/468,108/7427,0.0648148148148148,1.02858895220006,0.0776088455821227,0.525790854011084,0.968576129359272,0.902034262786094,GAL3ST4/P2RX1/PRKD2/PSAP/CASP7/GBA2/PNPLA1,7
GO:0044283,small molecule biosynthetic process,18/468,284/7427,0.0633802816901408,1.00582340195016,0.0259491175408582,0.52590813707067,0.968576129359272,0.902034262786094,SYK/HAAO/CSAD/PTAFR/EGR1/GFI1/MOXD1/WDTC1/PLCG2/NR1H3/GCH1/CFTR/FBP1/LIPC/CYP46A1/ACSM5/HMGCS2/ALDOB,18
GO:0035150,regulation of tube size,5/468,76/7427,0.0657894736842105,1.04405645524067,0.100108306960385,0.527135416913955,0.968576129359272,0.902034262786094,P2RX1/SCPEP1/HRH2/GRIP2/AVPR2,5
GO:0035296,regulation of tube diameter,5/468,76/7427,0.0657894736842105,1.04405645524067,0.100108306960385,0.527135416913955,0.968576129359272,0.902034262786094,P2RX1/SCPEP1/HRH2/GRIP2/AVPR2,5
GO:0046467,membrane lipid biosynthetic process,5/468,76/7427,0.0657894736842105,1.04405645524067,0.100108306960385,0.527135416913955,0.968576129359272,0.902034262786094,GAL3ST4/P2RX1/PRKD2/CASP7/PNPLA1,5
GO:0061008,hepaticobiliary system development,5/468,76/7427,0.0657894736842105,1.04405645524067,0.100108306960385,0.527135416913955,0.968576129359272,0.902034262786094,RCBTB2/UCP2/CEBPA/CDK5RAP3/HMGCS2,5
GO:0097746,blood vessel diameter maintenance,5/468,76/7427,0.0657894736842105,1.04405645524067,0.100108306960385,0.527135416913955,0.968576129359272,0.902034262786094,P2RX1/SCPEP1/HRH2/GRIP2/AVPR2,5
GO:0048259,regulation of receptor-mediated endocytosis,4/468,60/7427,0.0666666666666667,1.05797720797721,0.116926935647132,0.528425889270722,0.968576129359272,0.902034262786094,SYK/C3/PLCG2/HFE,4
GO:0061041,regulation of wound healing,4/468,60/7427,0.0666666666666667,1.05797720797721,0.116926935647132,0.528425889270722,0.968576129359272,0.902034262786094,SERPING1/EMILIN2/USF1/CLEC7A,4
GO:0001843,neural tube closure,3/468,44/7427,0.0681818181818182,1.08202214452214,0.141503768082705,0.530557946703145,0.968576129359272,0.902034262786094,PHACTR4/RGMA/VANGL2,3
GO:0006140,regulation of nucleotide metabolic process,3/468,44/7427,0.0681818181818182,1.08202214452214,0.141503768082705,0.530557946703145,0.968576129359272,0.902034262786094,FLCN/FBP1/ALDOB,3
GO:0007492,endoderm development,3/468,44/7427,0.0681818181818182,1.08202214452214,0.141503768082705,0.530557946703145,0.968576129359272,0.902034262786094,SOX7/POU5F1/COL7A1,3
GO:0010906,regulation of glucose metabolic process,3/468,44/7427,0.0681818181818182,1.08202214452214,0.141503768082705,0.530557946703145,0.968576129359272,0.902034262786094,GNB3/PPP1R3E/FBP1,3
GO:0015749,monosaccharide transmembrane transport,3/468,44/7427,0.0681818181818182,1.08202214452214,0.141503768082705,0.530557946703145,0.968576129359272,0.902034262786094,C3/SLC2A5/FFAR4,3
GO:0033143,regulation of intracellular steroid hormone receptor signaling pathway,3/468,44/7427,0.0681818181818182,1.08202214452214,0.141503768082705,0.530557946703145,0.968576129359272,0.902034262786094,ZNF366/BMAL1/SAFB2,3
GO:0070527,platelet aggregation,3/468,44/7427,0.0681818181818182,1.08202214452214,0.141503768082705,0.530557946703145,0.968576129359272,0.902034262786094,SYK/PIK3CG/EMILIN2,3
GO:0140238,presynaptic endocytosis,3/468,44/7427,0.0681818181818182,1.08202214452214,0.141503768082705,0.530557946703145,0.968576129359272,0.902034262786094,SYT11/DNM1/SYNJ1,3
GO:1900542,regulation of purine nucleotide metabolic process,3/468,44/7427,0.0681818181818182,1.08202214452214,0.141503768082705,0.530557946703145,0.968576129359272,0.902034262786094,FLCN/FBP1/ALDOB,3
GO:0007264,small GTPase-mediated signal transduction,19/468,301/7427,0.0631229235880399,1.0017392168555,0.00798805516135068,0.532162691532352,0.968576129359272,0.902034262786094,DOCK8/BCL6/PIK3CG/PHACTR4/DOK3/CDKN1A/ELMO1/DOCK2/WAS/DENND4B/ARHGAP6/ARHGEF18/FLCN/CGNL1/RELN/PSD4/VANGL2/FBP1/ARHGAP23,19
GO:0120039,plasma membrane bounded cell projection morphogenesis,21/468,333/7427,0.0630630630630631,1.00078925078925,0.00382136507662043,0.532280036371854,0.968576129359272,0.902034262786094,EGR2/LZTS1/SHOX2/PPP1R12C/SZT2/NCKAP1L/NFASC/PLPPR4/SEMA6D/ZNF335/CXCL12/HECW2/SEMA5B/RGMA/RELN/MAP1A/SYT2/KIAA1755/VANGL2/MAP6/CCKAR,21
GO:0048568,embryonic organ development,14/468,221/7427,0.0633484162895928,1.00531770893762,0.0208113642937444,0.532344371258879,0.968576129359272,0.902034262786094,SHOX2/PHACTR4/DLL1/MAFB/KMT2A/HOXA4/TIFAB/CDH23/WHRN/TBX18/CEBPA/VANGL2/WNT2/HYAL1,14
GO:0042176,regulation of protein catabolic process,13/468,205/7427,0.0634146341463415,1.00636856368564,0.0239782048057876,0.532509365543537,0.968576129359272,0.902034262786094,TNFRSF1B/TMEM259/SNRNP70/MYLIP/RGMA/MAP1A/RFPL1/CEBPA/LAMP3/HFE/CDK5RAP3/CENATAC/ZNF418,13
GO:0043588,skin development,9/468,141/7427,0.0638297872340426,1.01295690125477,0.040280337671977,0.53402592440631,0.968576129359272,0.902034262786094,CDKN1A/DLL1/MAFB/COL5A3/PRKCH/CYP26B1/PTCH2/ZFP36/VANGL2,9
GO:0001947,heart looping,2/468,28/7427,0.0714285714285714,1.13354700854701,0.183591955219029,0.5344163416077,0.968576129359272,0.902034262786094,DLL1/VANGL2,2
GO:0007632,visual behavior,2/468,28/7427,0.0714285714285714,1.13354700854701,0.183591955219029,0.5344163416077,0.968576129359272,0.902034262786094,PDE1B/KMT2A,2
GO:0017156,calcium-ion regulated exocytosis,2/468,28/7427,0.0714285714285714,1.13354700854701,0.183591955219029,0.5344163416077,0.968576129359272,0.902034262786094,SYT11/SYT2,2
GO:0021695,cerebellar cortex development,2/468,28/7427,0.0714285714285714,1.13354700854701,0.183591955219029,0.5344163416077,0.968576129359272,0.902034262786094,DLL1/WHRN,2
GO:0042119,neutrophil activation,2/468,28/7427,0.0714285714285714,1.13354700854701,0.183591955219029,0.5344163416077,0.968576129359272,0.902034262786094,SYK/GRN,2
GO:0044818,mitotic G2/M transition checkpoint,2/468,28/7427,0.0714285714285714,1.13354700854701,0.183591955219029,0.5344163416077,0.968576129359272,0.902034262786094,CDKN1A/CDK5RAP3,2
GO:0048489,synaptic vesicle transport,2/468,28/7427,0.0714285714285714,1.13354700854701,0.183591955219029,0.5344163416077,0.968576129359272,0.902034262786094,DNM1/SYNJ1,2
GO:0050798,activated T cell proliferation,2/468,28/7427,0.0714285714285714,1.13354700854701,0.183591955219029,0.5344163416077,0.968576129359272,0.902034262786094,LGALS9/BTN2A2,2
GO:0051489,regulation of filopodium assembly,2/468,28/7427,0.0714285714285714,1.13354700854701,0.183591955219029,0.5344163416077,0.968576129359272,0.902034262786094,PPP1R16B/DAAM2,2
GO:0060420,regulation of heart growth,2/468,28/7427,0.0714285714285714,1.13354700854701,0.183591955219029,0.5344163416077,0.968576129359272,0.902034262786094,TBX5/WNT2,2
GO:0070670,response to interleukin-4,2/468,28/7427,0.0714285714285714,1.13354700854701,0.183591955219029,0.5344163416077,0.968576129359272,0.902034262786094,PML/CD300LF,2
GO:0071364,cellular response to epidermal growth factor stimulus,2/468,28/7427,0.0714285714285714,1.13354700854701,0.183591955219029,0.5344163416077,0.968576129359272,0.902034262786094,PPP1R9B/ZFP36,2
GO:0071526,semaphorin-plexin signaling pathway,2/468,28/7427,0.0714285714285714,1.13354700854701,0.183591955219029,0.5344163416077,0.968576129359272,0.902034262786094,SEMA6D/SEMA5B,2
GO:1903670,regulation of sprouting angiogenesis,2/468,28/7427,0.0714285714285714,1.13354700854701,0.183591955219029,0.5344163416077,0.968576129359272,0.902034262786094,DLL1/PPP1R16B,2
GO:0006006,glucose metabolic process,6/468,93/7427,0.0645161290322581,1.02384891094569,0.0600159319096925,0.537080748225563,0.968576129359272,0.902034262786094,GNB3/PPP1R3E/WDTC1/USF1/FBP1/ALDOB,6
GO:0010508,positive regulation of autophagy,6/468,93/7427,0.0645161290322581,1.02384891094569,0.0600159319096925,0.537080748225563,0.968576129359272,0.902034262786094,STING1/SYK/TLR9/FLCN/RAB37/CDK5RAP3,6
GO:0000122,negative regulation of transcription by RNA polymerase II,31/468,494/7427,0.062753036437247,0.995869234229558,-0.0246411189208961,0.53840116357128,0.968576129359272,0.902034262786094,BCL6/SHOX2/CHD3/MAFB/PHF12/MSC/ZNF366/ZNF589/SNAI3/EGR1/GFI1/NOTCH4/ATF7/FLCN/TBX21/WDTC1/MBD1/SLA2/NR1H3/ZFP36/HIVEP1/CASP7/MZF1/POU5F1/TBX18/CEBPA/BATF3/FBP1/VHL/ZBTB32/ZNF683,31
GO:0000018,regulation of DNA recombination,5/468,77/7427,0.0649350649350649,1.03049728049728,0.0697573201333184,0.538952274858487,0.968576129359272,0.902034262786094,BCL6/CD28/WAS/GFI1/TBX21,5
GO:0050807,regulation of synapse organization,11/468,174/7427,0.0632183908045977,1.0032542489439,0.0112640232630112,0.540943661050382,0.968576129359272,0.902034262786094,LZTS1/ELMO1/IL10RA/PLPPR4/COLQ/PPP1R9B/MDGA1/RELN/LRRN1/VANGL2/LRRC4B,11
GO:0009191,ribonucleoside diphosphate catabolic process,4/468,61/7427,0.0655737704918033,1.04063331932184,0.0826339174793239,0.541689458566633,0.968576129359272,0.902034262786094,FLCN/UCP2/FBP1/ALDOB,4
GO:0015698,inorganic anion transport,4/468,61/7427,0.0655737704918033,1.04063331932184,0.0826339174793239,0.541689458566633,0.968576129359272,0.902034262786094,APOL1/UCP2/CFTR/SLC6A1,4
GO:0097237,cellular response to toxic substance,4/468,61/7427,0.0655737704918033,1.04063331932184,0.0826339174793239,0.541689458566633,0.968576129359272,0.902034262786094,SOD3/IPCEF1/CP/GCH1,4
GO:0002026,regulation of the force of heart contraction,1/468,12/7427,0.0833333333333333,1.32247150997151,0.289903445698007,0.542341926627688,0.968576129359272,0.902034262786094,SLC9A1,1
GO:0002468,dendritic cell antigen processing and presentation,1/468,12/7427,0.0833333333333333,1.32247150997151,0.289903445698007,0.542341926627688,0.968576129359272,0.902034262786094,MPEG1,1
GO:0003159,morphogenesis of an endothelium,1/468,12/7427,0.0833333333333333,1.32247150997151,0.289903445698007,0.542341926627688,0.968576129359272,0.902034262786094,PRKD2,1
GO:0005979,regulation of glycogen biosynthetic process,1/468,12/7427,0.0833333333333333,1.32247150997151,0.289903445698007,0.542341926627688,0.968576129359272,0.902034262786094,PPP1R3E,1
GO:0006002,fructose 6-phosphate metabolic process,1/468,12/7427,0.0833333333333333,1.32247150997151,0.289903445698007,0.542341926627688,0.968576129359272,0.902034262786094,FBP1,1
GO:0006024,glycosaminoglycan biosynthetic process,1/468,12/7427,0.0833333333333333,1.32247150997151,0.289903445698007,0.542341926627688,0.968576129359272,0.902034262786094,HS3ST2,1
GO:0006353,DNA-templated transcription termination,1/468,12/7427,0.0833333333333333,1.32247150997151,0.289903445698007,0.542341926627688,0.968576129359272,0.902034262786094,POLR2A,1
GO:0006376,mRNA splice site recognition,1/468,12/7427,0.0833333333333333,1.32247150997151,0.289903445698007,0.542341926627688,0.968576129359272,0.902034262786094,CELF6,1
GO:0006517,protein deglycosylation,1/468,12/7427,0.0833333333333333,1.32247150997151,0.289903445698007,0.542341926627688,0.968576129359272,0.902034262786094,SYVN1,1
GO:0006691,leukotriene metabolic process,1/468,12/7427,0.0833333333333333,1.32247150997151,0.289903445698007,0.542341926627688,0.968576129359272,0.902034262786094,SYK,1
GO:0006925,inflammatory cell apoptotic process,1/468,12/7427,0.0833333333333333,1.32247150997151,0.289903445698007,0.542341926627688,0.968576129359272,0.902034262786094,PLEKHO2,1
GO:0007350,blastoderm segmentation,1/468,12/7427,0.0833333333333333,1.32247150997151,0.289903445698007,0.542341926627688,0.968576129359272,0.902034262786094,TIFAB,1
GO:0008228,opsonization,1/468,12/7427,0.0833333333333333,1.32247150997151,0.289903445698007,0.542341926627688,0.968576129359272,0.902034262786094,C3,1
GO:0010759,positive regulation of macrophage chemotaxis,1/468,12/7427,0.0833333333333333,1.32247150997151,0.289903445698007,0.542341926627688,0.968576129359272,0.902034262786094,C5AR1,1
GO:0010962,regulation of glucan biosynthetic process,1/468,12/7427,0.0833333333333333,1.32247150997151,0.289903445698007,0.542341926627688,0.968576129359272,0.902034262786094,PPP1R3E,1
GO:0015810,aspartate transmembrane transport,1/468,12/7427,0.0833333333333333,1.32247150997151,0.289903445698007,0.542341926627688,0.968576129359272,0.902034262786094,UCP2,1
GO:0016237,microautophagy,1/468,12/7427,0.0833333333333333,1.32247150997151,0.289903445698007,0.542341926627688,0.968576129359272,0.902034262786094,ZNF418,1
GO:0032369,negative regulation of lipid transport,1/468,12/7427,0.0833333333333333,1.32247150997151,0.289903445698007,0.542341926627688,0.968576129359272,0.902034262786094,NR1H3,1
GO:0032717,negative regulation of interleukin-8 production,1/468,12/7427,0.0833333333333333,1.32247150997151,0.289903445698007,0.542341926627688,0.968576129359272,0.902034262786094,SSC5D,1
GO:0032727,positive regulation of interferon-alpha production,1/468,12/7427,0.0833333333333333,1.32247150997151,0.289903445698007,0.542341926627688,0.968576129359272,0.902034262786094,TLR9,1
GO:0032823,regulation of natural killer cell differentiation,1/468,12/7427,0.0833333333333333,1.32247150997151,0.289903445698007,0.542341926627688,0.968576129359272,0.902034262786094,ZNF683,1
GO:0034112,positive regulation of homotypic cell-cell adhesion,1/468,12/7427,0.0833333333333333,1.32247150997151,0.289903445698007,0.542341926627688,0.968576129359272,0.902034262786094,EMILIN2,1
GO:0034138,toll-like receptor 3 signaling pathway,1/468,12/7427,0.0833333333333333,1.32247150997151,0.289903445698007,0.542341926627688,0.968576129359272,0.902034262786094,HAVCR2,1
GO:0034383,low-density lipoprotein particle clearance,1/468,12/7427,0.0833333333333333,1.32247150997151,0.289903445698007,0.542341926627688,0.968576129359272,0.902034262786094,MYLIP,1
GO:0035455,response to interferon-alpha,1/468,12/7427,0.0833333333333333,1.32247150997151,0.289903445698007,0.542341926627688,0.968576129359272,0.902034262786094,LAMP3,1
GO:0042559,pteridine-containing compound biosynthetic process,1/468,12/7427,0.0833333333333333,1.32247150997151,0.289903445698007,0.542341926627688,0.968576129359272,0.902034262786094,GCH1,1
GO:0042755,eating behavior,1/468,12/7427,0.0833333333333333,1.32247150997151,0.289903445698007,0.542341926627688,0.968576129359272,0.902034262786094,SLC24A4,1
GO:0043267,negative regulation of potassium ion transport,1/468,12/7427,0.0833333333333333,1.32247150997151,0.289903445698007,0.542341926627688,0.968576129359272,0.902034262786094,KCNE1,1
GO:0045686,negative regulation of glial cell differentiation,1/468,12/7427,0.0833333333333333,1.32247150997151,0.289903445698007,0.542341926627688,0.968576129359272,0.902034262786094,DAAM2,1
GO:0045823,positive regulation of heart contraction,1/468,12/7427,0.0833333333333333,1.32247150997151,0.289903445698007,0.542341926627688,0.968576129359272,0.902034262786094,GCH1,1
GO:0046514,ceramide catabolic process,1/468,12/7427,0.0833333333333333,1.32247150997151,0.289903445698007,0.542341926627688,0.968576129359272,0.902034262786094,GBA2,1
GO:0046851,negative regulation of bone remodeling,1/468,12/7427,0.0833333333333333,1.32247150997151,0.289903445698007,0.542341926627688,0.968576129359272,0.902034262786094,INPP5D,1
GO:0048596,embryonic camera-type eye morphogenesis,1/468,12/7427,0.0833333333333333,1.32247150997151,0.289903445698007,0.542341926627688,0.968576129359272,0.902034262786094,PHACTR4,1
GO:0050951,sensory perception of temperature stimulus,1/468,12/7427,0.0833333333333333,1.32247150997151,0.289903445698007,0.542341926627688,0.968576129359272,0.902034262786094,CXCL12,1
GO:0051290,protein heterotetramerization,1/468,12/7427,0.0833333333333333,1.32247150997151,0.289903445698007,0.542341926627688,0.968576129359272,0.902034262786094,GRIA3,1
GO:0060396,growth hormone receptor signaling pathway,1/468,12/7427,0.0833333333333333,1.32247150997151,0.289903445698007,0.542341926627688,0.968576129359272,0.902034262786094,TYK2,1
GO:0060444,branching involved in mammary gland duct morphogenesis,1/468,12/7427,0.0833333333333333,1.32247150997151,0.289903445698007,0.542341926627688,0.968576129359272,0.902034262786094,PML,1
GO:0060571,morphogenesis of an epithelial fold,1/468,12/7427,0.0833333333333333,1.32247150997151,0.289903445698007,0.542341926627688,0.968576129359272,0.902034262786094,WNT2,1
GO:0060795,cell fate commitment involved in formation of primary germ layer,1/468,12/7427,0.0833333333333333,1.32247150997151,0.289903445698007,0.542341926627688,0.968576129359272,0.902034262786094,POU5F1,1
GO:0061154,endothelial tube morphogenesis,1/468,12/7427,0.0833333333333333,1.32247150997151,0.289903445698007,0.542341926627688,0.968576129359272,0.902034262786094,PRKD2,1
GO:0061158,3'-UTR-mediated mRNA destabilization,1/468,12/7427,0.0833333333333333,1.32247150997151,0.289903445698007,0.542341926627688,0.968576129359272,0.902034262786094,ZFP36,1
GO:0070233,negative regulation of T cell apoptotic process,1/468,12/7427,0.0833333333333333,1.32247150997151,0.289903445698007,0.542341926627688,0.968576129359272,0.902034262786094,DOCK8,1
GO:0070431,nucleotide-binding oligomerization domain containing 2 signaling pathway,1/468,12/7427,0.0833333333333333,1.32247150997151,0.289903445698007,0.542341926627688,0.968576129359272,0.902034262786094,SLC15A3,1
GO:0070571,negative regulation of neuron projection regeneration,1/468,12/7427,0.0833333333333333,1.32247150997151,0.289903445698007,0.542341926627688,0.968576129359272,0.902034262786094,RGMA,1
GO:0070861,regulation of protein exit from endoplasmic reticulum,1/468,12/7427,0.0833333333333333,1.32247150997151,0.289903445698007,0.542341926627688,0.968576129359272,0.902034262786094,OS9,1
GO:0071359,cellular response to dsRNA,1/468,12/7427,0.0833333333333333,1.32247150997151,0.289903445698007,0.542341926627688,0.968576129359272,0.902034262786094,STING1,1
GO:0071378,cellular response to growth hormone stimulus,1/468,12/7427,0.0833333333333333,1.32247150997151,0.289903445698007,0.542341926627688,0.968576129359272,0.902034262786094,TYK2,1
GO:0072376,protein activation cascade,1/468,12/7427,0.0833333333333333,1.32247150997151,0.289903445698007,0.542341926627688,0.968576129359272,0.902034262786094,FBLN1,1
GO:0097150,neuronal stem cell population maintenance,1/468,12/7427,0.0833333333333333,1.32247150997151,0.289903445698007,0.542341926627688,0.968576129359272,0.902034262786094,DLL1,1
GO:0097284,hepatocyte apoptotic process,1/468,12/7427,0.0833333333333333,1.32247150997151,0.289903445698007,0.542341926627688,0.968576129359272,0.902034262786094,PIK3CG,1
GO:0110154,RNA decapping,1/468,12/7427,0.0833333333333333,1.32247150997151,0.289903445698007,0.542341926627688,0.968576129359272,0.902034262786094,ZFP36,1
GO:1900037,regulation of cellular response to hypoxia,1/468,12/7427,0.0833333333333333,1.32247150997151,0.289903445698007,0.542341926627688,0.968576129359272,0.902034262786094,VHL,1
GO:1903428,positive regulation of reactive oxygen species biosynthetic process,1/468,12/7427,0.0833333333333333,1.32247150997151,0.289903445698007,0.542341926627688,0.968576129359272,0.902034262786094,PLCG2,1
GO:1903524,positive regulation of blood circulation,1/468,12/7427,0.0833333333333333,1.32247150997151,0.289903445698007,0.542341926627688,0.968576129359272,0.902034262786094,GCH1,1
GO:1904862,inhibitory synapse assembly,1/468,12/7427,0.0833333333333333,1.32247150997151,0.289903445698007,0.542341926627688,0.968576129359272,0.902034262786094,MDGA1,1
GO:1904889,regulation of excitatory synapse assembly,1/468,12/7427,0.0833333333333333,1.32247150997151,0.289903445698007,0.542341926627688,0.968576129359272,0.902034262786094,LRRC4B,1
GO:1904893,negative regulation of receptor signaling pathway via STAT,1/468,12/7427,0.0833333333333333,1.32247150997151,0.289903445698007,0.542341926627688,0.968576129359272,0.902034262786094,VHL,1
GO:1905874,regulation of postsynaptic density organization,1/468,12/7427,0.0833333333333333,1.32247150997151,0.289903445698007,0.542341926627688,0.968576129359272,0.902034262786094,LRRC4B,1
GO:2000773,negative regulation of cellular senescence,1/468,12/7427,0.0833333333333333,1.32247150997151,0.289903445698007,0.542341926627688,0.968576129359272,0.902034262786094,BCL6,1
GO:0016042,lipid catabolic process,9/468,142/7427,0.0633802816901408,1.00582340195016,0.0181690885879648,0.54273689047636,0.968576129359272,0.902034262786094,PIK3CG/PLA2G4C/PLCG2/CYP26B1/ABHD6/GBA2/PNPLA1/LIPC/CYP46A1,9
GO:0006511,ubiquitin-dependent protein catabolic process,24/468,383/7427,0.0626631853785901,0.994443328646984,-0.0289555224536151,0.543372918848799,0.968576129359272,0.902034262786094,PML/TRIM38/KLHL6/KLHL3/SYVN1/OS9/HECW2/ZSWIM8/FLCN/TBX21/MYLIP/UBAP1L/RELN/MAP1A/RNF122/FBXO48/RFPL1/CEBPA/BMAL1/HFE/NLRP4/VHL/PSMB10/ZNF418,24
GO:0001960,negative regulation of cytokine-mediated signaling pathway,3/468,45/7427,0.0666666666666667,1.05797720797721,0.101158763994026,0.545988058529516,0.968576129359272,0.902034262786094,STAT2/SAMHD1/NR1H3,3
GO:0043279,response to alkaloid,3/468,45/7427,0.0666666666666667,1.05797720797721,0.101158763994026,0.545988058529516,0.968576129359272,0.902034262786094,PPP1R9B/CASP7/RYR3,3
GO:0045921,positive regulation of exocytosis,3/468,45/7427,0.0666666666666667,1.05797720797721,0.101158763994026,0.545988058529516,0.968576129359272,0.902034262786094,SYK/RAB2B/CFTR,3
GO:0048704,embryonic skeletal system morphogenesis,3/468,45/7427,0.0666666666666667,1.05797720797721,0.101158763994026,0.545988058529516,0.968576129359272,0.902034262786094,SHOX2/HOXA4/HYAL1,3
GO:0051893,regulation of focal adhesion assembly,3/468,45/7427,0.0666666666666667,1.05797720797721,0.101158763994026,0.545988058529516,0.968576129359272,0.902034262786094,SLC9A1/ARHGAP6/COL16A1,3
GO:0060606,tube closure,3/468,45/7427,0.0666666666666667,1.05797720797721,0.101158763994026,0.545988058529516,0.968576129359272,0.902034262786094,PHACTR4/RGMA/VANGL2,3
GO:0072091,regulation of stem cell proliferation,3/468,45/7427,0.0666666666666667,1.05797720797721,0.101158763994026,0.545988058529516,0.968576129359272,0.902034262786094,SHOX2/FBLN1/CEBPA,3
GO:0090109,regulation of cell-substrate junction assembly,3/468,45/7427,0.0666666666666667,1.05797720797721,0.101158763994026,0.545988058529516,0.968576129359272,0.902034262786094,SLC9A1/ARHGAP6/COL16A1,3
GO:1904892,regulation of receptor signaling pathway via STAT,3/468,45/7427,0.0666666666666667,1.05797720797721,0.101158763994026,0.545988058529516,0.968576129359272,0.902034262786094,TYK2/IL10RA/VHL,3
GO:0043409,negative regulation of MAPK cascade,6/468,94/7427,0.0638297872340426,1.01295690125477,0.0327831902491198,0.547739193771853,0.968576129359272,0.902034262786094,SIRPA/TLR9/FLCN/BTN2A2/FBLN1/CDK5RAP3,6
GO:0048880,sensory system development,12/468,191/7427,0.0628272251308901,0.997046583434018,-0.010723068783942,0.547818866124509,0.968576129359272,0.902034262786094,PHACTR4/DLL1/C3/MYOM1/GRN/RAB37/TSPAN12/WNT2/TMEM132E/IMPG2/TMEM215/RP1L1,12
GO:0051603,proteolysis involved in protein catabolic process,29/468,464/7427,0.0625,0.991853632478632,-0.0469950128518429,0.548072136134428,0.968576129359272,0.902034262786094,PML/TRIM38/TMEM259/KLHL6/KLHL3/SYVN1/UBA7/LGMN/OS9/HECW2/ZSWIM8/FLCN/TBX21/MYLIP/UBAP1L/RELN/MAP1A/RNF122/FBXO48/RFPL1/CEBPA/BMAL1/LAMP3/HFE/NLRP4/VHL/PSMB10/CDK5RAP3/ZNF418,29
GO:0048858,cell projection morphogenesis,21/468,336/7427,0.0625,0.991853632478632,-0.0396284308427826,0.549507732128198,0.968576129359272,0.902034262786094,EGR2/LZTS1/SHOX2/PPP1R12C/SZT2/NCKAP1L/NFASC/PLPPR4/SEMA6D/ZNF335/CXCL12/HECW2/SEMA5B/RGMA/RELN/MAP1A/SYT2/KIAA1755/VANGL2/MAP6/CCKAR,21
GO:0006110,regulation of glycolytic process,2/468,29/7427,0.0689655172413793,1.09445918066608,0.132163944042052,0.553635503416083,0.968576129359272,0.902034262786094,FLCN/FBP1,2
GO:0010453,regulation of cell fate commitment,2/468,29/7427,0.0689655172413793,1.09445918066608,0.132163944042052,0.553635503416083,0.968576129359272,0.902034262786094,CHD3/TBX21,2
GO:0030811,regulation of nucleotide catabolic process,2/468,29/7427,0.0689655172413793,1.09445918066608,0.132163944042052,0.553635503416083,0.968576129359272,0.902034262786094,FLCN/FBP1,2
GO:0030857,negative regulation of epithelial cell differentiation,2/468,29/7427,0.0689655172413793,1.09445918066608,0.132163944042052,0.553635503416083,0.968576129359272,0.902034262786094,DLL1/NOTCH4,2
GO:0033121,regulation of purine nucleotide catabolic process,2/468,29/7427,0.0689655172413793,1.09445918066608,0.132163944042052,0.553635503416083,0.968576129359272,0.902034262786094,FLCN/FBP1,2
GO:0033344,cholesterol efflux,2/468,29/7427,0.0689655172413793,1.09445918066608,0.132163944042052,0.553635503416083,0.968576129359272,0.902034262786094,EEPD1/NR1H3,2
GO:0045665,negative regulation of neuron differentiation,2/468,29/7427,0.0689655172413793,1.09445918066608,0.132163944042052,0.553635503416083,0.968576129359272,0.902034262786094,DLL1/DTX1,2
GO:0045910,negative regulation of DNA recombination,2/468,29/7427,0.0689655172413793,1.09445918066608,0.132163944042052,0.553635503416083,0.968576129359272,0.902034262786094,BCL6/GFI1,2
GO:0046850,regulation of bone remodeling,2/468,29/7427,0.0689655172413793,1.09445918066608,0.132163944042052,0.553635503416083,0.968576129359272,0.902034262786094,INPP5D/SYK,2
GO:0051952,regulation of amine transport,2/468,29/7427,0.0689655172413793,1.09445918066608,0.132163944042052,0.553635503416083,0.968576129359272,0.902034262786094,SYT11/CXCL12,2
GO:0061045,negative regulation of wound healing,2/468,29/7427,0.0689655172413793,1.09445918066608,0.132163944042052,0.553635503416083,0.968576129359272,0.902034262786094,SERPING1/USF1,2
GO:1904646,cellular response to amyloid-beta,2/468,29/7427,0.0689655172413793,1.09445918066608,0.132163944042052,0.553635503416083,0.968576129359272,0.902034262786094,SYK/LGMN,2
GO:0009134,nucleoside diphosphate catabolic process,4/468,62/7427,0.0645161290322581,1.02384891094569,0.0488995656787465,0.554760358582791,0.968576129359272,0.902034262786094,FLCN/UCP2/FBP1/ALDOB,4
GO:0046031,ADP metabolic process,4/468,62/7427,0.0645161290322581,1.02384891094569,0.0488995656787465,0.554760358582791,0.968576129359272,0.902034262786094,FLCN/UCP2/FBP1/ALDOB,4
GO:0090130,tissue migration,4/468,62/7427,0.0645161290322581,1.02384891094569,0.0488995656787465,0.554760358582791,0.968576129359272,0.902034262786094,PLCG2/DAAM2/GLIPR2/LTB4R2,4
GO:0032787,monocarboxylic acid metabolic process,17/468,273/7427,0.0622710622710623,0.9882204689897,-0.0514235241294074,0.557494842675824,0.968576129359272,0.902034262786094,HAAO/SCPEP1/C3/PLA2G4C/FLCN/WDTC1/UCP2/CYP26B1/NR1H3/ABHD6/GBA2/FBP1/LIPC/CYP46A1/IL4I1/ACSM5/ALDOB,17
GO:0003170,heart valve development,3/468,46/7427,0.0652173913043478,1.03497770345596,0.0617077320946842,0.561118683486625,0.968576129359272,0.902034262786094,TNFRSF1B/SHOX2/TBX5,3
GO:0016441,post-transcriptional gene silencing,3/468,46/7427,0.0652173913043478,1.03497770345596,0.0617077320946842,0.561118683486625,0.968576129359272,0.902034262786094,ZSWIM8/GTSF1/ZFP36,3
GO:0019915,lipid storage,3/468,46/7427,0.0652173913043478,1.03497770345596,0.0617077320946842,0.561118683486625,0.968576129359272,0.902034262786094,C3/PLA2G4C/NR1H3,3
GO:0033555,multicellular organismal response to stress,3/468,46/7427,0.0652173913043478,1.03497770345596,0.0617077320946842,0.561118683486625,0.968576129359272,0.902034262786094,RELN/GCH1/HMGCS2,3
GO:0035924,cellular response to vascular endothelial growth factor stimulus,3/468,46/7427,0.0652173913043478,1.03497770345596,0.0617077320946842,0.561118683486625,0.968576129359272,0.902034262786094,DLL1/PRKD2/EGR3,3
GO:0048678,response to axon injury,3/468,46/7427,0.0652173913043478,1.03497770345596,0.0617077320946842,0.561118683486625,0.968576129359272,0.902034262786094,GRN/PLCG2/RGMA,3
GO:0170062,nutrient storage,3/468,46/7427,0.0652173913043478,1.03497770345596,0.0617077320946842,0.561118683486625,0.968576129359272,0.902034262786094,C3/PLA2G4C/NR1H3,3
GO:0031589,cell-substrate adhesion,13/468,209/7427,0.062200956937799,0.987107921318448,-0.0490246647323169,0.561357411297576,0.968576129359272,0.902034262786094,BCL6/CASS4/EGFL6/COL5A3/FREM1/SLC9A1/ARHGAP6/BST1/EGFLAM/COL16A1/VWF/COL17A1/FBLN1,13
GO:0045596,negative regulation of cell differentiation,20/468,322/7427,0.062111801242236,0.985693050910442,-0.0680643822445945,0.561488283775927,0.968576129359272,0.902034262786094,INPP5D/BCL6/DLL1/MAFB/DTX1/SEMA6D/NOTCH4/FLCN/TBX21/RGMA/NR1H3/ZFP36/TMEM178A/BICRA/CEBPA/TBX5/BMAL1/DAAM2/GDF5/IRF1,20
GO:0001952,regulation of cell-matrix adhesion,5/468,79/7427,0.0632911392405063,1.00440874175051,0.0102157583806136,0.562166373955697,0.968576129359272,0.902034262786094,BCL6/SLC9A1/ARHGAP6/BST1/COL16A1,5
GO:0035107,appendage morphogenesis,5/468,79/7427,0.0632911392405063,1.00440874175051,0.0102157583806136,0.562166373955697,0.968576129359272,0.902034262786094,SHOX2/MYH3/CYP26B1/TBX5/GDF5,5
GO:0035108,limb morphogenesis,5/468,79/7427,0.0632911392405063,1.00440874175051,0.0102157583806136,0.562166373955697,0.968576129359272,0.902034262786094,SHOX2/MYH3/CYP26B1/TBX5/GDF5,5
GO:0043086,negative regulation of catalytic activity,5/468,79/7427,0.0632911392405063,1.00440874175051,0.0102157583806136,0.562166373955697,0.968576129359272,0.902034262786094,CDKN1A/ZFP36/AKAP5/LTB4R2/CDK5RAP3,5
GO:0050770,regulation of axonogenesis,5/468,79/7427,0.0632911392405063,1.00440874175051,0.0102157583806136,0.562166373955697,0.968576129359272,0.902034262786094,SHOX2/SEMA6D/CXCL12/RGMA/MAP6,5
GO:0070507,regulation of microtubule cytoskeleton organization,5/468,79/7427,0.0632911392405063,1.00440874175051,0.0102157583806136,0.562166373955697,0.968576129359272,0.902034262786094,PDE4DIP/MAP1A/GBA2/MAP6/ANKRD53,5
GO:0090276,regulation of peptide hormone secretion,5/468,79/7427,0.0632911392405063,1.00440874175051,0.0102157583806136,0.562166373955697,0.968576129359272,0.902034262786094,UCP2/BMAL1/FFAR4/CFTR/HFE,5
GO:0050803,regulation of synapse structure or activity,11/468,177/7427,0.0621468926553672,0.98624993963977,-0.048011935641984,0.564325138108576,0.968576129359272,0.902034262786094,LZTS1/ELMO1/IL10RA/PLPPR4/COLQ/PPP1R9B/MDGA1/RELN/LRRN1/VANGL2/LRRC4B,11
GO:0060322,head development,24/468,387/7427,0.062015503875969,0.984164844629961,-0.0829694980265286,0.564753975094394,0.968576129359272,0.902034262786094,EGR2/AKNA/DLL1/MAFB/SZT2/MYH3/NFASC/KCNE1/SEMA6D/GRIN2D/ZNF335/CXCL12/SYNE2/PPP1R9B/IL11RA/MDGA1/RELN/TBX19/WHRN/WNT2/SLC8A3/AVPR2/CDK5RAP3/CCKAR,24
GO:0000902,cell morphogenesis,31/468,500/7427,0.062,0.983918803418803,-0.0965512164860979,0.566884064847075,0.968576129359272,0.902034262786094,EGR2/BCL6/LZTS1/SHOX2/PPP1R12C/SZT2/NCKAP1L/NFASC/PLPPR4/SEMA6D/HCK/NOTCH4/ZNF335/ARHGEF18/CXCL12/HECW2/SEMA5B/RGMA/RELN/CDH23/MAP1A/WHRN/SYT2/SHROOM1/KIAA1755/VANGL2/MAP6/VHL/PSMB10/MPL/CCKAR,31
GO:0001933,negative regulation of protein phosphorylation,4/468,63/7427,0.0634920634920635,1.00759734093067,0.0157036996870825,0.567630533419601,0.968576129359272,0.902034262786094,CDKN1A/FBLN1/ATG14/CDK5RAP3,4
GO:0014902,myotube differentiation,4/468,63/7427,0.0634920634920635,1.00759734093067,0.0157036996870825,0.567630533419601,0.968576129359272,0.902034262786094,SHOX2/DOCK2/TNFSF14/CYP26B1,4
GO:0048736,appendage development,6/468,96/7427,0.0625,0.991853632478632,-0.0208326725094558,0.568719617456278,0.968576129359272,0.902034262786094,SHOX2/MYH3/CYP26B1/MEOX2/TBX5/GDF5,6
GO:0060173,limb development,6/468,96/7427,0.0625,0.991853632478632,-0.0208326725094558,0.568719617456278,0.968576129359272,0.902034262786094,SHOX2/MYH3/CYP26B1/MEOX2/TBX5/GDF5,6
GO:0099175,regulation of postsynapse organization,6/468,96/7427,0.0625,0.991853632478632,-0.0208326725094558,0.568719617456278,0.968576129359272,0.902034262786094,LZTS1/ELMO1/PLPPR4/PPP1R9B/RELN/LRRC4B,6
GO:0002827,positive regulation of T-helper 1 type immune response,1/468,13/7427,0.0769230769230769,1.22074293228139,0.206566158638591,0.571227156342893,0.968576129359272,0.902034262786094,TBX21,1
GO:0006023,aminoglycan biosynthetic process,1/468,13/7427,0.0769230769230769,1.22074293228139,0.206566158638591,0.571227156342893,0.968576129359272,0.902034262786094,HS3ST2,1
GO:0006221,pyrimidine nucleotide biosynthetic process,1/468,13/7427,0.0769230769230769,1.22074293228139,0.206566158638591,0.571227156342893,0.968576129359272,0.902034262786094,NME9,1
GO:0007042,lysosomal lumen acidification,1/468,13/7427,0.0769230769230769,1.22074293228139,0.206566158638591,0.571227156342893,0.968576129359272,0.902034262786094,GRN,1
GO:0007274,neuromuscular synaptic transmission,1/468,13/7427,0.0769230769230769,1.22074293228139,0.206566158638591,0.571227156342893,0.968576129359272,0.902034262786094,EGR3,1
GO:0008298,intracellular mRNA localization,1/468,13/7427,0.0769230769230769,1.22074293228139,0.206566158638591,0.571227156342893,0.968576129359272,0.902034262786094,ZFP36,1
GO:0009147,pyrimidine nucleoside triphosphate metabolic process,1/468,13/7427,0.0769230769230769,1.22074293228139,0.206566158638591,0.571227156342893,0.968576129359272,0.902034262786094,NME9,1
GO:0009435,NAD+ biosynthetic process,1/468,13/7427,0.0769230769230769,1.22074293228139,0.206566158638591,0.571227156342893,0.968576129359272,0.902034262786094,HAAO,1
GO:0010613,positive regulation of cardiac muscle hypertrophy,1/468,13/7427,0.0769230769230769,1.22074293228139,0.206566158638591,0.571227156342893,0.968576129359272,0.902034262786094,SLC9A1,1
GO:0010828,positive regulation of D-glucose transmembrane transport,1/468,13/7427,0.0769230769230769,1.22074293228139,0.206566158638591,0.571227156342893,0.968576129359272,0.902034262786094,C3,1
GO:0014742,positive regulation of muscle hypertrophy,1/468,13/7427,0.0769230769230769,1.22074293228139,0.206566158638591,0.571227156342893,0.968576129359272,0.902034262786094,SLC9A1,1
GO:0016226,iron-sulfur cluster assembly,1/468,13/7427,0.0769230769230769,1.22074293228139,0.206566158638591,0.571227156342893,0.968576129359272,0.902034262786094,ISCU,1
GO:0030167,proteoglycan catabolic process,1/468,13/7427,0.0769230769230769,1.22074293228139,0.206566158638591,0.571227156342893,0.968576129359272,0.902034262786094,HYAL1,1
GO:0030889,negative regulation of B cell proliferation,1/468,13/7427,0.0769230769230769,1.22074293228139,0.206566158638591,0.571227156342893,0.968576129359272,0.902034262786094,INPP5D,1
GO:0031163,metallo-sulfur cluster assembly,1/468,13/7427,0.0769230769230769,1.22074293228139,0.206566158638591,0.571227156342893,0.968576129359272,0.902034262786094,ISCU,1
GO:0032469,endoplasmic reticulum calcium ion homeostasis,1/468,13/7427,0.0769230769230769,1.22074293228139,0.206566158638591,0.571227156342893,0.968576129359272,0.902034262786094,PML,1
GO:0034244,negative regulation of transcription elongation by RNA polymerase II,1/468,13/7427,0.0769230769230769,1.22074293228139,0.206566158638591,0.571227156342893,0.968576129359272,0.902034262786094,VHL,1
GO:0034377,plasma lipoprotein particle assembly,1/468,13/7427,0.0769230769230769,1.22074293228139,0.206566158638591,0.571227156342893,0.968576129359272,0.902034262786094,LCAT,1
GO:0035162,embryonic hemopoiesis,1/468,13/7427,0.0769230769230769,1.22074293228139,0.206566158638591,0.571227156342893,0.968576129359272,0.902034262786094,KMT2A,1
GO:0035303,regulation of dephosphorylation,1/468,13/7427,0.0769230769230769,1.22074293228139,0.206566158638591,0.571227156342893,0.968576129359272,0.902034262786094,CDK5RAP3,1
GO:0042219,modified amino acid catabolic process,1/468,13/7427,0.0769230769230769,1.22074293228139,0.206566158638591,0.571227156342893,0.968576129359272,0.902034262786094,DMGDH,1
GO:0042462,eye photoreceptor cell development,1/468,13/7427,0.0769230769230769,1.22074293228139,0.206566158638591,0.571227156342893,0.968576129359272,0.902034262786094,RAB37,1
GO:0042537,benzene-containing compound metabolic process,1/468,13/7427,0.0769230769230769,1.22074293228139,0.206566158638591,0.571227156342893,0.968576129359272,0.902034262786094,HAAO,1
GO:0042953,lipoprotein transport,1/468,13/7427,0.0769230769230769,1.22074293228139,0.206566158638591,0.571227156342893,0.968576129359272,0.902034262786094,CUBN,1
GO:0043043,peptide biosynthetic process,1/468,13/7427,0.0769230769230769,1.22074293228139,0.206566158638591,0.571227156342893,0.968576129359272,0.902034262786094,PCSK1,1
GO:0043268,positive regulation of potassium ion transport,1/468,13/7427,0.0769230769230769,1.22074293228139,0.206566158638591,0.571227156342893,0.968576129359272,0.902034262786094,KCNE1,1
GO:0044090,positive regulation of vacuole organization,1/468,13/7427,0.0769230769230769,1.22074293228139,0.206566158638591,0.571227156342893,0.968576129359272,0.902034262786094,GRN,1
GO:0044872,lipoprotein localization,1/468,13/7427,0.0769230769230769,1.22074293228139,0.206566158638591,0.571227156342893,0.968576129359272,0.902034262786094,CUBN,1
GO:0045932,negative regulation of muscle contraction,1/468,13/7427,0.0769230769230769,1.22074293228139,0.206566158638591,0.571227156342893,0.968576129359272,0.902034262786094,PIK3CG,1
GO:0046653,tetrahydrofolate metabolic process,1/468,13/7427,0.0769230769230769,1.22074293228139,0.206566158638591,0.571227156342893,0.968576129359272,0.902034262786094,GCH1,1
GO:0048714,positive regulation of oligodendrocyte differentiation,1/468,13/7427,0.0769230769230769,1.22074293228139,0.206566158638591,0.571227156342893,0.968576129359272,0.902034262786094,TNFRSF1B,1
GO:0050926,regulation of positive chemotaxis,1/468,13/7427,0.0769230769230769,1.22074293228139,0.206566158638591,0.571227156342893,0.968576129359272,0.902034262786094,CXCL12,1
GO:0050927,positive regulation of positive chemotaxis,1/468,13/7427,0.0769230769230769,1.22074293228139,0.206566158638591,0.571227156342893,0.968576129359272,0.902034262786094,CXCL12,1
GO:0050995,negative regulation of lipid catabolic process,1/468,13/7427,0.0769230769230769,1.22074293228139,0.206566158638591,0.571227156342893,0.968576129359272,0.902034262786094,PIK3CG,1
GO:0051152,positive regulation of smooth muscle cell differentiation,1/468,13/7427,0.0769230769230769,1.22074293228139,0.206566158638591,0.571227156342893,0.968576129359272,0.902034262786094,NOTCH4,1
GO:0051546,keratinocyte migration,1/468,13/7427,0.0769230769230769,1.22074293228139,0.206566158638591,0.571227156342893,0.968576129359272,0.902034262786094,LTB4R2,1
GO:0051953,negative regulation of amine transport,1/468,13/7427,0.0769230769230769,1.22074293228139,0.206566158638591,0.571227156342893,0.968576129359272,0.902034262786094,SYT11,1
GO:0060292,long-term synaptic depression,1/468,13/7427,0.0769230769230769,1.22074293228139,0.206566158638591,0.571227156342893,0.968576129359272,0.902034262786094,ABHD6,1
GO:0060351,cartilage development involved in endochondral bone morphogenesis,1/468,13/7427,0.0769230769230769,1.22074293228139,0.206566158638591,0.571227156342893,0.968576129359272,0.902034262786094,SHOX2,1
GO:0061003,positive regulation of dendritic spine morphogenesis,1/468,13/7427,0.0769230769230769,1.22074293228139,0.206566158638591,0.571227156342893,0.968576129359272,0.902034262786094,RELN,1
GO:0071474,cellular hyperosmotic response,1/468,13/7427,0.0769230769230769,1.22074293228139,0.206566158638591,0.571227156342893,0.968576129359272,0.902034262786094,FBP1,1
GO:0071625,vocalization behavior,1/468,13/7427,0.0769230769230769,1.22074293228139,0.206566158638591,0.571227156342893,0.968576129359272,0.902034262786094,TIFAB,1
GO:0086005,ventricular cardiac muscle cell action potential,1/468,13/7427,0.0769230769230769,1.22074293228139,0.206566158638591,0.571227156342893,0.968576129359272,0.902034262786094,KCNE1,1
GO:0086064,cell communication by electrical coupling involved in cardiac conduction,1/468,13/7427,0.0769230769230769,1.22074293228139,0.206566158638591,0.571227156342893,0.968576129359272,0.902034262786094,TBX5,1
GO:0098901,regulation of cardiac muscle cell action potential,1/468,13/7427,0.0769230769230769,1.22074293228139,0.206566158638591,0.571227156342893,0.968576129359272,0.902034262786094,TBX18,1
GO:0140131,positive regulation of lymphocyte chemotaxis,1/468,13/7427,0.0769230769230769,1.22074293228139,0.206566158638591,0.571227156342893,0.968576129359272,0.902034262786094,TNFSF14,1
GO:0141162,negative regulation of cAMP/PKA signal transduction,1/468,13/7427,0.0769230769230769,1.22074293228139,0.206566158638591,0.571227156342893,0.968576129359272,0.902034262786094,PDE1B,1
GO:1900151,"regulation of nuclear-transcribed mRNA catabolic process, deadenylation-dependent decay",1/468,13/7427,0.0769230769230769,1.22074293228139,0.206566158638591,0.571227156342893,0.968576129359272,0.902034262786094,ZFP36,1
GO:1901739,regulation of myoblast fusion,1/468,13/7427,0.0769230769230769,1.22074293228139,0.206566158638591,0.571227156342893,0.968576129359272,0.902034262786094,TNFSF14,1
GO:1903054,negative regulation of extracellular matrix organization,1/468,13/7427,0.0769230769230769,1.22074293228139,0.206566158638591,0.571227156342893,0.968576129359272,0.902034262786094,TNFRSF1B,1
GO:1903358,regulation of Golgi organization,1/468,13/7427,0.0769230769230769,1.22074293228139,0.206566158638591,0.571227156342893,0.968576129359272,0.902034262786094,PDE4DIP,1
GO:1903672,positive regulation of sprouting angiogenesis,1/468,13/7427,0.0769230769230769,1.22074293228139,0.206566158638591,0.571227156342893,0.968576129359272,0.902034262786094,DLL1,1
GO:1903729,regulation of plasma membrane organization,1/468,13/7427,0.0769230769230769,1.22074293228139,0.206566158638591,0.571227156342893,0.968576129359272,0.902034262786094,CASP7,1
GO:1903861,positive regulation of dendrite extension,1/468,13/7427,0.0769230769230769,1.22074293228139,0.206566158638591,0.571227156342893,0.968576129359272,0.902034262786094,SYT2,1
GO:1990573,potassium ion import across plasma membrane,1/468,13/7427,0.0769230769230769,1.22074293228139,0.206566158638591,0.571227156342893,0.968576129359272,0.902034262786094,KCNJ10,1
GO:2000047,regulation of cell-cell adhesion mediated by cadherin,1/468,13/7427,0.0769230769230769,1.22074293228139,0.206566158638591,0.571227156342893,0.968576129359272,0.902034262786094,NOTCH4,1
GO:2000738,positive regulation of stem cell differentiation,1/468,13/7427,0.0769230769230769,1.22074293228139,0.206566158638591,0.571227156342893,0.968576129359272,0.902034262786094,TBX5,1
GO:0007420,brain development,22/468,356/7427,0.0617977528089888,0.980709209641794,-0.0967300879125463,0.571397034006,0.968576129359272,0.902034262786094,EGR2/AKNA/DLL1/MAFB/SZT2/NFASC/KCNE1/SEMA6D/GRIN2D/ZNF335/CXCL12/SYNE2/PPP1R9B/MDGA1/RELN/TBX19/WHRN/WNT2/SLC8A3/AVPR2/CDK5RAP3/CCKAR,22
GO:0035773,insulin secretion involved in cellular response to glucose stimulus,2/468,30/7427,0.0666666666666667,1.05797720797721,0.0825119965376586,0.572287212661901,0.968576129359272,0.902034262786094,UCP2/CFTR,2
GO:0044088,regulation of vacuole organization,2/468,30/7427,0.0666666666666667,1.05797720797721,0.0825119965376586,0.572287212661901,0.968576129359272,0.902034262786094,FLCN/GRN,2
GO:0046578,regulation of Ras protein signal transduction,2/468,30/7427,0.0666666666666667,1.05797720797721,0.0825119965376586,0.572287212661901,0.968576129359272,0.902034262786094,FLCN/FBP1,2
GO:0050771,negative regulation of axonogenesis,2/468,30/7427,0.0666666666666667,1.05797720797721,0.0825119965376586,0.572287212661901,0.968576129359272,0.902034262786094,SEMA6D/RGMA,2
GO:0050918,positive chemotaxis,2/468,30/7427,0.0666666666666667,1.05797720797721,0.0825119965376586,0.572287212661901,0.968576129359272,0.902034262786094,CXCL12/GPNMB,2
GO:0051055,negative regulation of lipid biosynthetic process,2/468,30/7427,0.0666666666666667,1.05797720797721,0.0825119965376586,0.572287212661901,0.968576129359272,0.902034262786094,GFI1/WDTC1,2
GO:0060350,endochondral bone morphogenesis,2/468,30/7427,0.0666666666666667,1.05797720797721,0.0825119965376586,0.572287212661901,0.968576129359272,0.902034262786094,SHOX2/ALPL,2
GO:0061371,determination of heart left/right asymmetry,2/468,30/7427,0.0666666666666667,1.05797720797721,0.0825119965376586,0.572287212661901,0.968576129359272,0.902034262786094,DLL1/VANGL2,2
GO:0070849,response to epidermal growth factor,2/468,30/7427,0.0666666666666667,1.05797720797721,0.0825119965376586,0.572287212661901,0.968576129359272,0.902034262786094,PPP1R9B/ZFP36,2
GO:0097352,autophagosome maturation,2/468,30/7427,0.0666666666666667,1.05797720797721,0.0825119965376586,0.572287212661901,0.968576129359272,0.902034262786094,GABARAPL1/ATG14,2
GO:2001238,positive regulation of extrinsic apoptotic signaling pathway,2/468,30/7427,0.0666666666666667,1.05797720797721,0.0825119965376586,0.572287212661901,0.968576129359272,0.902034262786094,PML/TNFSF14,2
GO:0009266,response to temperature stimulus,5/468,80/7427,0.0625,0.991853632478632,-0.0189968220078121,0.573550898624169,0.968576129359272,0.902034262786094,SLC9A1/CXCL12/UCP2/IER5/HMGCS2,5
GO:0010811,positive regulation of cell-substrate adhesion,5/468,80/7427,0.0625,0.991853632478632,-0.0189968220078121,0.573550898624169,0.968576129359272,0.902034262786094,CASS4/EGFL6/EGFLAM/COL16A1/FBLN1,5
GO:0032434,regulation of proteasomal ubiquitin-dependent protein catabolic process,5/468,80/7427,0.0625,0.991853632478632,-0.0189968220078121,0.573550898624169,0.968576129359272,0.902034262786094,MAP1A/RFPL1/CEBPA/HFE/ZNF418,5
GO:0032886,regulation of microtubule-based process,7/468,113/7427,0.0619469026548673,0.983076166704485,-0.0470096982201508,0.574671831248254,0.968576129359272,0.902034262786094,PDE4DIP/CDK11A/MAP1A/GBA2/MAP6/CENATAC/ANKRD53,7
GO:1901879,regulation of protein depolymerization,3/468,47/7427,0.0638297872340426,1.01295690125477,0.0231072827080041,0.575940512572837,0.968576129359272,0.902034262786094,VILL/LIMA1/MAP1A,3
GO:1903035,negative regulation of response to wounding,3/468,47/7427,0.0638297872340426,1.01295690125477,0.0231072827080041,0.575940512572837,0.968576129359272,0.902034262786094,SERPING1/RGMA/USF1,3
GO:0048514,blood vessel morphogenesis,22/468,357/7427,0.061624649859944,0.977962125020949,-0.110667754213144,0.576884904779916,0.968576129359272,0.902034262786094,PML/SYK/PIK3CG/TNFAIP2/DLL1/EMILIN2/C3/HSPA12B/PRKD2/PPP1R16B/NOTCH4/GPNMB/GRN/MEOX2/C5AR1/TBX5/TSPAN12/COL4A3/HYAL1/EGR3/CXCR3/TMEM215,22
GO:0031669,cellular response to nutrient levels,9/468,146/7427,0.0616438356164384,0.978266596417281,-0.0687757979558402,0.576933583681136,0.968576129359272,0.902034262786094,SYK/CDKN1A/SZT2/GABARAPL1/PRKCH/FLCN/UCP2/USF1/ATG14,9
GO:0006814,sodium ion transport,6/468,97/7427,0.0618556701030928,0.98162833729844,-0.0472290623865041,0.579031678980306,0.968576129359272,0.902034262786094,KLHL3/SLC9A1/SLC28A3/SLC6A1/SLC8A3/SLC24A4,6
GO:0007623,circadian rhythm,6/468,97/7427,0.0618556701030928,0.98162833729844,-0.0472290623865041,0.579031678980306,0.968576129359272,0.902034262786094,PML/KMT2A/EGR1/NR1H3/BMAL1/EGR3,6
GO:0034284,response to monosaccharide,6/468,97/7427,0.0618556701030928,0.98162833729844,-0.0472290623865041,0.579031678980306,0.968576129359272,0.902034262786094,EGR1/UCP2/USF1/SLC2A5/CFTR/HMGCS2,6
GO:0006090,pyruvate metabolic process,4/468,64/7427,0.0625,0.991853632478632,-0.016972802854981,0.580292730145931,0.968576129359272,0.902034262786094,FLCN/UCP2/FBP1/ALDOB,4
GO:0050679,positive regulation of epithelial cell proliferation,7/468,114/7427,0.0614035087719298,0.974452691557955,-0.0712814903143439,0.584162399170334,0.968576129359272,0.902034262786094,PRKD2/PPP1R16B/CXCL12/GRN/C5AR1/WNT2/EGR3,7
GO:0051651,maintenance of location in cell,7/468,114/7427,0.0614035087719298,0.974452691557955,-0.0712814903143439,0.584162399170334,0.968576129359272,0.902034262786094,PML/CD4/CAPN3/OS9/PLCG2/RYR3/CXCR3,7
GO:0061136,regulation of proteasomal protein catabolic process,7/468,114/7427,0.0614035087719298,0.974452691557955,-0.0712814903143439,0.584162399170334,0.968576129359272,0.902034262786094,TMEM259/MAP1A/RFPL1/CEBPA/LAMP3/HFE/ZNF418,7
GO:0002791,regulation of peptide secretion,5/468,81/7427,0.0617283950617284,0.979608525904822,-0.047851179810453,0.584779408337085,0.968576129359272,0.902034262786094,UCP2/BMAL1/FFAR4/CFTR/HFE,5
GO:0090087,regulation of peptide transport,5/468,81/7427,0.0617283950617284,0.979608525904822,-0.047851179810453,0.584779408337085,0.968576129359272,0.902034262786094,UCP2/BMAL1/FFAR4/CFTR/HFE,5
GO:1905039,carboxylic acid transmembrane transport,5/468,81/7427,0.0617283950617284,0.979608525904822,-0.047851179810453,0.584779408337085,0.968576129359272,0.902034262786094,SLC36A1/SLC38A10/UCP2/KCNJ10/SLC47A1,5
GO:0072524,pyridine-containing compound metabolic process,6/468,98/7427,0.0612244897959184,0.971611721611722,-0.0733595592171402,0.589218899662229,0.968576129359272,0.902034262786094,HAAO/ALPL/FLCN/UCP2/FBP1/ALDOB,6
GO:0141193,nuclear receptor-mediated signaling pathway,6/468,98/7427,0.0612244897959184,0.971611721611722,-0.0733595592171402,0.589218899662229,0.968576129359272,0.902034262786094,PML/ZNF366/CYP26B1/DHRS3/BMAL1/SAFB2,6
GO:0030834,regulation of actin filament depolymerization,2/468,31/7427,0.0645161290322581,1.02384891094569,0.034504673979615,0.590366536075786,0.968576129359272,0.902034262786094,VILL/LIMA1,2
GO:0031146,SCF-dependent proteasomal ubiquitin-dependent protein catabolic process,2/468,31/7427,0.0645161290322581,1.02384891094569,0.034504673979615,0.590366536075786,0.968576129359272,0.902034262786094,FLCN/FBXO48,2
GO:0032330,regulation of chondrocyte differentiation,2/468,31/7427,0.0645161290322581,1.02384891094569,0.034504673979615,0.590366536075786,0.968576129359272,0.902034262786094,SHOX2/GDF5,2
GO:0032480,negative regulation of type I interferon production,2/468,31/7427,0.0645161290322581,1.02384891094569,0.034504673979615,0.590366536075786,0.968576129359272,0.902034262786094,SIRPA/HAVCR2,2
GO:0048278,vesicle docking,2/468,31/7427,0.0645161290322581,1.02384891094569,0.034504673979615,0.590366536075786,0.968576129359272,0.902034262786094,STX11/CFTR,2
GO:0050885,neuromuscular process controlling balance,2/468,31/7427,0.0645161290322581,1.02384891094569,0.034504673979615,0.590366536075786,0.968576129359272,0.902034262786094,TIFAB/CDH23,2
GO:0097035,regulation of membrane lipid distribution,2/468,31/7427,0.0645161290322581,1.02384891094569,0.034504673979615,0.590366536075786,0.968576129359272,0.902034262786094,ATP8B4/GBA2,2
GO:0140719,constitutive heterochromatin formation,2/468,31/7427,0.0645161290322581,1.02384891094569,0.034504673979615,0.590366536075786,0.968576129359272,0.902034262786094,KMT2A/MBD1,2
GO:0007422,peripheral nervous system development,3/468,48/7427,0.0625,0.991853632478632,-0.0146829338950347,0.590445687406214,0.968576129359272,0.902034262786094,EGR2/NFASC/EGR3,3
GO:0030330,"DNA damage response, signal transduction by p53 class mediator",3/468,48/7427,0.0625,0.991853632478632,-0.0146829338950347,0.590445687406214,0.968576129359272,0.902034262786094,PML/CDKN1A/RPS27L,3
GO:0031503,protein-containing complex localization,3/468,48/7427,0.0625,0.991853632478632,-0.0146829338950347,0.590445687406214,0.968576129359272,0.902034262786094,PML/TNFAIP2/GRIP2,3
GO:0034103,regulation of tissue remodeling,3/468,48/7427,0.0625,0.991853632478632,-0.0146829338950347,0.590445687406214,0.968576129359272,0.902034262786094,INPP5D/SYK/GPNMB,3
GO:0046785,microtubule polymerization,3/468,48/7427,0.0625,0.991853632478632,-0.0146829338950347,0.590445687406214,0.968576129359272,0.902034262786094,PDE4DIP/GBA2/ANKRD53,3
GO:0060021,roof of mouth development,3/468,48/7427,0.0625,0.991853632478632,-0.0146829338950347,0.590445687406214,0.968576129359272,0.902034262786094,MSC/DHRS3/MEOX2,3
GO:0050678,regulation of epithelial cell proliferation,12/468,197/7427,0.0609137055837564,0.966679682415723,-0.122913639181103,0.591947957698853,0.968576129359272,0.902034262786094,PRKD2/PPP1R16B/CXCL12/FLCN/GRN/ZFP36/C5AR1/GDF5/COL4A3/WNT2/EGR3/CXCR3,12
GO:0015718,monocarboxylic acid transport,4/468,65/7427,0.0615384615384615,0.976594345825115,-0.0491480777255963,0.592740471051961,0.968576129359272,0.902034262786094,SYK/PROCA1/UCP2/ABCC3,4
GO:0038202,TORC1 signaling,4/468,65/7427,0.0615384615384615,0.976594345825115,-0.0491480777255963,0.592740471051961,0.968576129359272,0.902034262786094,SYK/SZT2/FLCN/VHL,4
GO:0051345,positive regulation of hydrolase activity,4/468,65/7427,0.0615384615384615,0.976594345825115,-0.0491480777255963,0.592740471051961,0.968576129359272,0.902034262786094,DOCK8/VSIR/GRN/PSAP,4
GO:0001822,kidney development,9/468,148/7427,0.0608108108108108,0.965046777546778,-0.111380509375848,0.593601626969885,0.968576129359272,0.902034262786094,DLL1/KLHL3/EGR1/FLCN/CNTRL/CYP26B1/VANGL2/COL4A3/HMGCS2,9
GO:0060041,retina development in camera-type eye,5/468,82/7427,0.0609756097560976,0.967662080466959,-0.0763572155360521,0.595846748493358,0.968576129359272,0.902034262786094,DLL1/GRN/TSPAN12/IMPG2/RP1L1,5
GO:0072523,purine-containing compound catabolic process,5/468,82/7427,0.0609756097560976,0.967662080466959,-0.0763572155360521,0.595846748493358,0.968576129359272,0.902034262786094,SAMHD1/FLCN/UCP2/FBP1/ALDOB,5
GO:1903825,organic acid transmembrane transport,5/468,82/7427,0.0609756097560976,0.967662080466959,-0.0763572155360521,0.595846748493358,0.968576129359272,0.902034262786094,SLC36A1/SLC38A10/UCP2/KCNJ10/SLC47A1,5
GO:0007163,establishment or maintenance of cell polarity,8/468,132/7427,0.0606060606060606,0.961797461797462,-0.114840088078245,0.597749402680728,0.968576129359272,0.902034262786094,DOCK8/DOCK2/NCKAP1L/SLC9A1/CD3G/CYP26B1/VANGL2/PDLIM1,8
GO:0001736,establishment of planar polarity,1/468,14/7427,0.0714285714285714,1.13354700854701,0.129696472061243,0.5982929360612,0.968576129359272,0.902034262786094,VANGL2,1
GO:0001780,neutrophil homeostasis,1/468,14/7427,0.0714285714285714,1.13354700854701,0.129696472061243,0.5982929360612,0.968576129359272,0.902034262786094,MPL,1
GO:0002043,blood vessel endothelial cell proliferation involved in sprouting angiogenesis,1/468,14/7427,0.0714285714285714,1.13354700854701,0.129696472061243,0.5982929360612,0.968576129359272,0.902034262786094,PPP1R16B,1
GO:0002320,lymphoid progenitor cell differentiation,1/468,14/7427,0.0714285714285714,1.13354700854701,0.129696472061243,0.5982929360612,0.968576129359272,0.902034262786094,FLCN,1
GO:0002726,positive regulation of T cell cytokine production,1/468,14/7427,0.0714285714285714,1.13354700854701,0.129696472061243,0.5982929360612,0.968576129359272,0.902034262786094,TBX21,1
GO:0003177,pulmonary valve development,1/468,14/7427,0.0714285714285714,1.13354700854701,0.129696472061243,0.5982929360612,0.968576129359272,0.902034262786094,TNFRSF1B,1
GO:0003214,cardiac left ventricle morphogenesis,1/468,14/7427,0.0714285714285714,1.13354700854701,0.129696472061243,0.5982929360612,0.968576129359272,0.902034262786094,TBX5,1
GO:0006027,glycosaminoglycan catabolic process,1/468,14/7427,0.0714285714285714,1.13354700854701,0.129696472061243,0.5982929360612,0.968576129359272,0.902034262786094,HYAL1,1
GO:0006582,melanin metabolic process,1/468,14/7427,0.0714285714285714,1.13354700854701,0.129696472061243,0.5982929360612,0.968576129359272,0.902034262786094,ASIP,1
GO:0006740,NADPH regeneration,1/468,14/7427,0.0714285714285714,1.13354700854701,0.129696472061243,0.5982929360612,0.968576129359272,0.902034262786094,ALDOB,1
GO:0007164,establishment of tissue polarity,1/468,14/7427,0.0714285714285714,1.13354700854701,0.129696472061243,0.5982929360612,0.968576129359272,0.902034262786094,VANGL2,1
GO:0007628,adult walking behavior,1/468,14/7427,0.0714285714285714,1.13354700854701,0.129696472061243,0.5982929360612,0.968576129359272,0.902034262786094,KCNJ10,1
GO:0008045,motor neuron axon guidance,1/468,14/7427,0.0714285714285714,1.13354700854701,0.129696472061243,0.5982929360612,0.968576129359272,0.902034262786094,EGR2,1
GO:0009069,serine family amino acid metabolic process,1/468,14/7427,0.0714285714285714,1.13354700854701,0.129696472061243,0.5982929360612,0.968576129359272,0.902034262786094,CSAD,1
GO:0009648,photoperiodism,1/468,14/7427,0.0714285714285714,1.13354700854701,0.129696472061243,0.5982929360612,0.968576129359272,0.902034262786094,PML,1
GO:0010458,exit from mitosis,1/468,14/7427,0.0714285714285714,1.13354700854701,0.129696472061243,0.5982929360612,0.968576129359272,0.902034262786094,PPP1R9B,1
GO:0010644,cell communication by electrical coupling,1/468,14/7427,0.0714285714285714,1.13354700854701,0.129696472061243,0.5982929360612,0.968576129359272,0.902034262786094,TBX5,1
GO:0010714,positive regulation of collagen metabolic process,1/468,14/7427,0.0714285714285714,1.13354700854701,0.129696472061243,0.5982929360612,0.968576129359272,0.902034262786094,VSIR,1
GO:0010888,negative regulation of lipid storage,1/468,14/7427,0.0714285714285714,1.13354700854701,0.129696472061243,0.5982929360612,0.968576129359272,0.902034262786094,NR1H3,1
GO:0014912,negative regulation of smooth muscle cell migration,1/468,14/7427,0.0714285714285714,1.13354700854701,0.129696472061243,0.5982929360612,0.968576129359272,0.902034262786094,SEMA6D,1
GO:0015740,C4-dicarboxylate transport,1/468,14/7427,0.0714285714285714,1.13354700854701,0.129696472061243,0.5982929360612,0.968576129359272,0.902034262786094,UCP2,1
GO:0019359,nicotinamide nucleotide biosynthetic process,1/468,14/7427,0.0714285714285714,1.13354700854701,0.129696472061243,0.5982929360612,0.968576129359272,0.902034262786094,HAAO,1
GO:0019363,pyridine nucleotide biosynthetic process,1/468,14/7427,0.0714285714285714,1.13354700854701,0.129696472061243,0.5982929360612,0.968576129359272,0.902034262786094,HAAO,1
GO:0021591,ventricular system development,1/468,14/7427,0.0714285714285714,1.13354700854701,0.129696472061243,0.5982929360612,0.968576129359272,0.902034262786094,SEMA6D,1
GO:0021846,cell proliferation in forebrain,1/468,14/7427,0.0714285714285714,1.13354700854701,0.129696472061243,0.5982929360612,0.968576129359272,0.902034262786094,AKNA,1
GO:0021895,cerebral cortex neuron differentiation,1/468,14/7427,0.0714285714285714,1.13354700854701,0.129696472061243,0.5982929360612,0.968576129359272,0.902034262786094,ZNF335,1
GO:0030220,platelet formation,1/468,14/7427,0.0714285714285714,1.13354700854701,0.129696472061243,0.5982929360612,0.968576129359272,0.902034262786094,MPL,1
GO:0032402,melanosome transport,1/468,14/7427,0.0714285714285714,1.13354700854701,0.129696472061243,0.5982929360612,0.968576129359272,0.902034262786094,ASIP,1
GO:0034311,diol metabolic process,1/468,14/7427,0.0714285714285714,1.13354700854701,0.129696472061243,0.5982929360612,0.968576129359272,0.902034262786094,GCH1,1
GO:0036344,platelet morphogenesis,1/468,14/7427,0.0714285714285714,1.13354700854701,0.129696472061243,0.5982929360612,0.968576129359272,0.902034262786094,MPL,1
GO:0038203,TORC2 signaling,1/468,14/7427,0.0714285714285714,1.13354700854701,0.129696472061243,0.5982929360612,0.968576129359272,0.902034262786094,NCKAP1L,1
GO:0042438,melanin biosynthetic process,1/468,14/7427,0.0714285714285714,1.13354700854701,0.129696472061243,0.5982929360612,0.968576129359272,0.902034262786094,ASIP,1
GO:0042634,regulation of hair cycle,1/468,14/7427,0.0714285714285714,1.13354700854701,0.129696472061243,0.5982929360612,0.968576129359272,0.902034262786094,BMAL1,1
GO:0044550,secondary metabolite biosynthetic process,1/468,14/7427,0.0714285714285714,1.13354700854701,0.129696472061243,0.5982929360612,0.968576129359272,0.902034262786094,ASIP,1
GO:0045217,cell-cell junction maintenance,1/468,14/7427,0.0714285714285714,1.13354700854701,0.129696472061243,0.5982929360612,0.968576129359272,0.902034262786094,WHRN,1
GO:0045923,positive regulation of fatty acid metabolic process,1/468,14/7427,0.0714285714285714,1.13354700854701,0.129696472061243,0.5982929360612,0.968576129359272,0.902034262786094,NR1H3,1
GO:0046621,negative regulation of organ growth,1/468,14/7427,0.0714285714285714,1.13354700854701,0.129696472061243,0.5982929360612,0.968576129359272,0.902034262786094,TBX5,1
GO:0046676,negative regulation of insulin secretion,1/468,14/7427,0.0714285714285714,1.13354700854701,0.129696472061243,0.5982929360612,0.968576129359272,0.902034262786094,UCP2,1
GO:0048169,regulation of long-term neuronal synaptic plasticity,1/468,14/7427,0.0714285714285714,1.13354700854701,0.129696472061243,0.5982929360612,0.968576129359272,0.902034262786094,KCNJ10,1
GO:0050650,chondroitin sulfate proteoglycan biosynthetic process,1/468,14/7427,0.0714285714285714,1.13354700854701,0.129696472061243,0.5982929360612,0.968576129359272,0.902034262786094,CHST13,1
GO:0051016,barbed-end actin filament capping,1/468,14/7427,0.0714285714285714,1.13354700854701,0.129696472061243,0.5982929360612,0.968576129359272,0.902034262786094,VILL,1
GO:0051873,killing by host of symbiont cells,1/468,14/7427,0.0714285714285714,1.13354700854701,0.129696472061243,0.5982929360612,0.968576129359272,0.902034262786094,APOL1,1
GO:0060252,positive regulation of glial cell proliferation,1/468,14/7427,0.0714285714285714,1.13354700854701,0.129696472061243,0.5982929360612,0.968576129359272,0.902034262786094,PRKCH,1
GO:0060716,labyrinthine layer blood vessel development,1/468,14/7427,0.0714285714285714,1.13354700854701,0.129696472061243,0.5982929360612,0.968576129359272,0.902034262786094,WNT2,1
GO:0062149,detection of stimulus involved in sensory perception of pain,1/468,14/7427,0.0714285714285714,1.13354700854701,0.129696472061243,0.5982929360612,0.968576129359272,0.902034262786094,CXCL12,1
GO:0070873,regulation of glycogen metabolic process,1/468,14/7427,0.0714285714285714,1.13354700854701,0.129696472061243,0.5982929360612,0.968576129359272,0.902034262786094,PPP1R3E,1
GO:0071468,cellular response to acidic pH,1/468,14/7427,0.0714285714285714,1.13354700854701,0.129696472061243,0.5982929360612,0.968576129359272,0.902034262786094,SLC9A1,1
GO:0072210,metanephric nephron development,1/468,14/7427,0.0714285714285714,1.13354700854701,0.129696472061243,0.5982929360612,0.968576129359272,0.902034262786094,EGR1,1
GO:0090140,regulation of mitochondrial fission,1/468,14/7427,0.0714285714285714,1.13354700854701,0.129696472061243,0.5982929360612,0.968576129359272,0.902034262786094,STAT2,1
GO:0099622,cardiac muscle cell membrane repolarization,1/468,14/7427,0.0714285714285714,1.13354700854701,0.129696472061243,0.5982929360612,0.968576129359272,0.902034262786094,KCNE1,1
GO:0120316,sperm flagellum assembly,1/468,14/7427,0.0714285714285714,1.13354700854701,0.129696472061243,0.5982929360612,0.968576129359272,0.902034262786094,CCDC159,1
GO:1900119,positive regulation of execution phase of apoptosis,1/468,14/7427,0.0714285714285714,1.13354700854701,0.129696472061243,0.5982929360612,0.968576129359272,0.902034262786094,CXCR3,1
GO:1900242,regulation of synaptic vesicle endocytosis,1/468,14/7427,0.0714285714285714,1.13354700854701,0.129696472061243,0.5982929360612,0.968576129359272,0.902034262786094,SYT11,1
GO:1902074,response to salt,1/468,14/7427,0.0714285714285714,1.13354700854701,0.129696472061243,0.5982929360612,0.968576129359272,0.902034262786094,ALPL,1
GO:1902275,regulation of chromatin organization,1/468,14/7427,0.0714285714285714,1.13354700854701,0.129696472061243,0.5982929360612,0.968576129359272,0.902034262786094,KMT2A,1
GO:1902894,negative regulation of miRNA transcription,1/468,14/7427,0.0714285714285714,1.13354700854701,0.129696472061243,0.5982929360612,0.968576129359272,0.902034262786094,POU5F1,1
GO:1903715,regulation of aerobic respiration,1/468,14/7427,0.0714285714285714,1.13354700854701,0.129696472061243,0.5982929360612,0.968576129359272,0.902034262786094,ISCU,1
GO:1903859,regulation of dendrite extension,1/468,14/7427,0.0714285714285714,1.13354700854701,0.129696472061243,0.5982929360612,0.968576129359272,0.902034262786094,SYT2,1
GO:1904292,regulation of ERAD pathway,1/468,14/7427,0.0714285714285714,1.13354700854701,0.129696472061243,0.5982929360612,0.968576129359272,0.902034262786094,TMEM259,1
GO:1904357,negative regulation of telomere maintenance via telomere lengthening,1/468,14/7427,0.0714285714285714,1.13354700854701,0.129696472061243,0.5982929360612,0.968576129359272,0.902034262786094,PML,1
GO:1990822,basic amino acid transmembrane transport,1/468,14/7427,0.0714285714285714,1.13354700854701,0.129696472061243,0.5982929360612,0.968576129359272,0.902034262786094,SLC47A1,1
GO:2000050,regulation of non-canonical Wnt signaling pathway,1/468,14/7427,0.0714285714285714,1.13354700854701,0.129696472061243,0.5982929360612,0.968576129359272,0.902034262786094,DAAM2,1
GO:2000114,regulation of establishment of cell polarity,1/468,14/7427,0.0714285714285714,1.13354700854701,0.129696472061243,0.5982929360612,0.968576129359272,0.902034262786094,DOCK8,1
GO:0008406,gonad development,6/468,99/7427,0.0606060606060606,0.961797461797462,-0.0992302456309565,0.599277120507437,0.968576129359272,0.902034262786094,NOTCH4/TLR9/TLR5/TEX11/NUP210L/SAFB2,6
GO:2000058,regulation of ubiquitin-dependent protein catabolic process,6/468,99/7427,0.0606060606060606,0.961797461797462,-0.0992302456309565,0.599277120507437,0.968576129359272,0.902034262786094,PML/MAP1A/RFPL1/CEBPA/HFE/ZNF418,6
GO:0051235,maintenance of location,7/468,116/7427,0.0603448275862069,0.957651783082818,-0.119207261813848,0.602827350617333,0.968576129359272,0.902034262786094,PML/CD4/CAPN3/OS9/PLCG2/RYR3/CXCR3,7
GO:0008643,carbohydrate transport,3/468,49/7427,0.0612244897959184,0.971611721611722,-0.0517005008994255,0.604627712136508,0.968576129359272,0.902034262786094,C3/SLC2A5/FFAR4,3
GO:0014020,primary neural tube formation,3/468,49/7427,0.0612244897959184,0.971611721611722,-0.0517005008994255,0.604627712136508,0.968576129359272,0.902034262786094,PHACTR4/RGMA/VANGL2,3
GO:0034219,carbohydrate transmembrane transport,3/468,49/7427,0.0612244897959184,0.971611721611722,-0.0517005008994255,0.604627712136508,0.968576129359272,0.902034262786094,C3/SLC2A5/FFAR4,3
GO:0036465,synaptic vesicle recycling,3/468,49/7427,0.0612244897959184,0.971611721611722,-0.0517005008994255,0.604627712136508,0.968576129359272,0.902034262786094,SYT11/DNM1/SYNJ1,3
GO:0043954,cellular component maintenance,3/468,49/7427,0.0612244897959184,0.971611721611722,-0.0517005008994255,0.604627712136508,0.968576129359272,0.902034262786094,GRN/CSMD2/WHRN,3
GO:0048534,hematopoietic or lymphoid organ development,3/468,49/7427,0.0612244897959184,0.971611721611722,-0.0517005008994255,0.604627712136508,0.968576129359272,0.902034262786094,MAFB/RCBTB2/KMT2A,3
GO:0060761,negative regulation of response to cytokine stimulus,3/468,49/7427,0.0612244897959184,0.971611721611722,-0.0517005008994255,0.604627712136508,0.968576129359272,0.902034262786094,STAT2/SAMHD1/NR1H3,3
GO:0097194,execution phase of apoptosis,3/468,49/7427,0.0612244897959184,0.971611721611722,-0.0517005008994255,0.604627712136508,0.968576129359272,0.902034262786094,CASP7/CDK5RAP3/CXCR3,3
GO:0097581,lamellipodium organization,3/468,49/7427,0.0612244897959184,0.971611721611722,-0.0517005008994255,0.604627712136508,0.968576129359272,0.902034262786094,WAS/LIMA1/SH2B1,3
GO:1905477,positive regulation of protein localization to membrane,3/468,49/7427,0.0612244897959184,0.971611721611722,-0.0517005008994255,0.604627712136508,0.968576129359272,0.902034262786094,PRKCH/PPP1R9B/AKAP5,3
GO:0001704,formation of primary germ layer,4/468,66/7427,0.0606060606060606,0.961797461797462,-0.0808393398512206,0.604968024903115,0.968576129359272,0.902034262786094,SOX7/TBX19/POU5F1/COL7A1,4
GO:0030534,adult behavior,4/468,66/7427,0.0606060606060606,0.961797461797462,-0.0808393398512206,0.604968024903115,0.968576129359272,0.902034262786094,GRIN2D/CXCL12/KCNJ10/ASIP,4
GO:0006109,regulation of carbohydrate metabolic process,5/468,83/7427,0.0602409638554217,0.956003501184224,-0.104524430527809,0.606748226328181,0.968576129359272,0.902034262786094,GNB3/PPP1R3E/FLCN/FBP1/ALDOB,5
GO:0006360,transcription by RNA polymerase I,2/468,32/7427,0.0625,0.991853632478632,-0.0119755889262208,0.607871408299533,0.968576129359272,0.902034262786094,TAF1C/CEBPA,2
GO:0006695,cholesterol biosynthetic process,2/468,32/7427,0.0625,0.991853632478632,-0.0119755889262208,0.607871408299533,0.968576129359272,0.902034262786094,CFTR/HMGCS2,2
GO:0010634,positive regulation of epithelial cell migration,2/468,32/7427,0.0625,0.991853632478632,-0.0119755889262208,0.607871408299533,0.968576129359272,0.902034262786094,PLCG2/GLIPR2,2
GO:0030858,positive regulation of epithelial cell differentiation,2/468,32/7427,0.0625,0.991853632478632,-0.0119755889262208,0.607871408299533,0.968576129359272,0.902034262786094,PRKCH/PTCH2,2
GO:0031103,axon regeneration,2/468,32/7427,0.0625,0.991853632478632,-0.0119755889262208,0.607871408299533,0.968576129359272,0.902034262786094,GRN/RGMA,2
GO:0043405,regulation of MAP kinase activity,2/468,32/7427,0.0625,0.991853632478632,-0.0119755889262208,0.607871408299533,0.968576129359272,0.902034262786094,PIK3CG/CDK5RAP3,2
GO:0045599,negative regulation of fat cell differentiation,2/468,32/7427,0.0625,0.991853632478632,-0.0119755889262208,0.607871408299533,0.968576129359272,0.902034262786094,FLCN/BMAL1,2
GO:0050795,regulation of behavior,2/468,32/7427,0.0625,0.991853632478632,-0.0119755889262208,0.607871408299533,0.968576129359272,0.902034262786094,RELN/SLC24A4,2
GO:0070830,bicellular tight junction assembly,2/468,32/7427,0.0625,0.991853632478632,-0.0119755889262208,0.607871408299533,0.968576129359272,0.902034262786094,CLDN15/PRKCH,2
GO:0071384,cellular response to corticosteroid stimulus,2/468,32/7427,0.0625,0.991853632478632,-0.0119755889262208,0.607871408299533,0.968576129359272,0.902034262786094,ZFP36/HMGCS2,2
GO:1902653,secondary alcohol biosynthetic process,2/468,32/7427,0.0625,0.991853632478632,-0.0119755889262208,0.607871408299533,0.968576129359272,0.902034262786094,CFTR/HMGCS2,2
GO:0016054,organic acid catabolic process,6/468,100/7427,0.06,0.952179487179487,-0.124847000894499,0.609202493730511,0.968576129359272,0.902034262786094,HAAO/CSAD/PIPOX/CYP26B1/IL4I1/HDC,6
GO:0046395,carboxylic acid catabolic process,6/468,100/7427,0.06,0.952179487179487,-0.124847000894499,0.609202493730511,0.968576129359272,0.902034262786094,HAAO/CSAD/PIPOX/CYP26B1/IL4I1/HDC,6
GO:0043434,response to peptide hormone,13/468,216/7427,0.0601851851851852,0.955118312757202,-0.173590231994935,0.610133315053919,0.968576129359272,0.902034262786094,STAT2/TYK2/ZNF592/EGR1/SLC9A1/CXCL12/ALPL/WDTC1/UCP2/USF1/FBP1/HMGCS2/SLC24A4,13
GO:0007548,sex differentiation,7/468,117/7427,0.0598290598290598,0.949466725107751,-0.142869217947258,0.611995111920996,0.968576129359272,0.902034262786094,TIFAB/NOTCH4/TLR9/TLR5/TEX11/NUP210L/SAFB2,7
GO:0042326,negative regulation of phosphorylation,4/468,67/7427,0.0597014925373134,0.947442275800485,-0.112062943714199,0.616970377430599,0.968576129359272,0.902034262786094,CDKN1A/FBLN1/ATG14/CDK5RAP3,4
GO:0043244,regulation of protein-containing complex disassembly,4/468,67/7427,0.0597014925373134,0.947442275800485,-0.112062943714199,0.616970377430599,0.968576129359272,0.902034262786094,VILL/SHFL/LIMA1/MAP1A,4
GO:0050684,regulation of mRNA processing,4/468,67/7427,0.0597014925373134,0.947442275800485,-0.112062943714199,0.616970377430599,0.968576129359272,0.902034262786094,CELF6/SNRNP70/CDK11A/SAFB2,4
GO:0050954,sensory perception of mechanical stimulus,5/468,84/7427,0.0595238095238095,0.944622507122507,-0.132361947824499,0.617479598748719,0.968576129359272,0.902034262786094,KCNE1/CXCL12/CDH23/WHRN/COL4A3,5
GO:0002260,lymphocyte homeostasis,3/468,50/7427,0.06,0.952179487179487,-0.0879804786304965,0.618481367082684,0.968576129359272,0.902034262786094,NCKAP1L/LGALS9/TNFSF14,3
GO:0006690,icosanoid metabolic process,3/468,50/7427,0.06,0.952179487179487,-0.0879804786304965,0.618481367082684,0.968576129359272,0.902034262786094,SYK/PLA2G4C/ABHD6,3
GO:0014033,neural crest cell differentiation,3/468,50/7427,0.06,0.952179487179487,-0.0879804786304965,0.618481367082684,0.968576129359272,0.902034262786094,PHACTR4/SEMA6D/SEMA5B,3
GO:0022406,membrane docking,3/468,50/7427,0.06,0.952179487179487,-0.0879804786304965,0.618481367082684,0.968576129359272,0.902034262786094,STX11/CFTR/ATG14,3
GO:0045445,myoblast differentiation,3/468,50/7427,0.06,0.952179487179487,-0.0879804786304965,0.618481367082684,0.968576129359272,0.902034262786094,DLL1/CAPN3/TNFSF14,3
GO:0051588,regulation of neurotransmitter transport,3/468,50/7427,0.06,0.952179487179487,-0.0879804786304965,0.618481367082684,0.968576129359272,0.902034262786094,SYT11/P2RX1/SYT2,3
GO:0150116,regulation of cell-substrate junction organization,3/468,50/7427,0.06,0.952179487179487,-0.0879804786304965,0.618481367082684,0.968576129359272,0.902034262786094,SLC9A1/ARHGAP6/COL16A1,3
GO:0045137,development of primary sexual characteristics,6/468,101/7427,0.0594059405940594,0.942751967504443,-0.150215509743787,0.618991477112293,0.968576129359272,0.902034262786094,NOTCH4/TLR9/TLR5/TEX11/NUP210L/SAFB2,6
GO:0046883,regulation of hormone secretion,6/468,101/7427,0.0594059405940594,0.942751967504443,-0.150215509743787,0.618991477112293,0.968576129359272,0.902034262786094,UCP2/BMAL1/FFAR4/CFTR/HFE/CCKAR,6
GO:2000146,negative regulation of cell motility,10/468,168/7427,0.0595238095238095,0.944622507122507,-0.188268001841454,0.621082776286614,0.968576129359272,0.902034262786094,EMILIN2/WAS/SEMA6D/LIMA1/CXCL12/PODN/ABHD6/MEOX2/FBLN1/TBX5,10
GO:0002066,columnar/cuboidal epithelial cell development,1/468,15/7427,0.0666666666666667,1.05797720797721,0.0582857248826071,0.623653641028603,0.968576129359272,0.902034262786094,TLR9,1
GO:0002283,neutrophil activation involved in immune response,1/468,15/7427,0.0666666666666667,1.05797720797721,0.0582857248826071,0.623653641028603,0.968576129359272,0.902034262786094,SYK,1
GO:0006829,zinc ion transport,1/468,15/7427,0.0666666666666667,1.05797720797721,0.0582857248826071,0.623653641028603,0.968576129359272,0.902034262786094,SLC30A3,1
GO:0008299,isoprenoid biosynthetic process,1/468,15/7427,0.0666666666666667,1.05797720797721,0.0582857248826071,0.623653641028603,0.968576129359272,0.902034262786094,HMGCS2,1
GO:0009218,pyrimidine ribonucleotide metabolic process,1/468,15/7427,0.0666666666666667,1.05797720797721,0.0582857248826071,0.623653641028603,0.968576129359272,0.902034262786094,NME9,1
GO:0009264,deoxyribonucleotide catabolic process,1/468,15/7427,0.0666666666666667,1.05797720797721,0.0582857248826071,0.623653641028603,0.968576129359272,0.902034262786094,SAMHD1,1
GO:0009649,entrainment of circadian clock,1/468,15/7427,0.0666666666666667,1.05797720797721,0.0582857248826071,0.623653641028603,0.968576129359272,0.902034262786094,PML,1
GO:0010039,response to iron ion,1/468,15/7427,0.0666666666666667,1.05797720797721,0.0582857248826071,0.623653641028603,0.968576129359272,0.902034262786094,HFE,1
GO:0010882,regulation of cardiac muscle contraction by calcium ion signaling,1/468,15/7427,0.0666666666666667,1.05797720797721,0.0582857248826071,0.623653641028603,0.968576129359272,0.902034262786094,SLC9A1,1
GO:0010996,response to auditory stimulus,1/468,15/7427,0.0666666666666667,1.05797720797721,0.0582857248826071,0.623653641028603,0.968576129359272,0.902034262786094,TIFAB,1
GO:0019731,antibacterial humoral response,1/468,15/7427,0.0666666666666667,1.05797720797721,0.0582857248826071,0.623653641028603,0.968576129359272,0.902034262786094,HLA-E,1
GO:0023019,signal transduction involved in regulation of gene expression,1/468,15/7427,0.0666666666666667,1.05797720797721,0.0582857248826071,0.623653641028603,0.968576129359272,0.902034262786094,STING1,1
GO:0031114,regulation of microtubule depolymerization,1/468,15/7427,0.0666666666666667,1.05797720797721,0.0582857248826071,0.623653641028603,0.968576129359272,0.902034262786094,MAP1A,1
GO:0032400,melanosome localization,1/468,15/7427,0.0666666666666667,1.05797720797721,0.0582857248826071,0.623653641028603,0.968576129359272,0.902034262786094,ASIP,1
GO:0032401,establishment of melanosome localization,1/468,15/7427,0.0666666666666667,1.05797720797721,0.0582857248826071,0.623653641028603,0.968576129359272,0.902034262786094,ASIP,1
GO:0032411,positive regulation of transporter activity,1/468,15/7427,0.0666666666666667,1.05797720797721,0.0582857248826071,0.623653641028603,0.968576129359272,0.902034262786094,CFTR,1
GO:0032414,positive regulation of ion transmembrane transporter activity,1/468,15/7427,0.0666666666666667,1.05797720797721,0.0582857248826071,0.623653641028603,0.968576129359272,0.902034262786094,CFTR,1
GO:0032785,"negative regulation of DNA-templated transcription, elongation",1/468,15/7427,0.0666666666666667,1.05797720797721,0.0582857248826071,0.623653641028603,0.968576129359272,0.902034262786094,VHL,1
GO:0035278,miRNA-mediated gene silencing by inhibition of translation,1/468,15/7427,0.0666666666666667,1.05797720797721,0.0582857248826071,0.623653641028603,0.968576129359272,0.902034262786094,ZFP36,1
GO:0035994,response to muscle stretch,1/468,15/7427,0.0666666666666667,1.05797720797721,0.0582857248826071,0.623653641028603,0.968576129359272,0.902034262786094,SLC9A1,1
GO:0036120,cellular response to platelet-derived growth factor stimulus,1/468,15/7427,0.0666666666666667,1.05797720797721,0.0582857248826071,0.623653641028603,0.968576129359272,0.902034262786094,HYAL1,1
GO:0042659,regulation of cell fate specification,1/468,15/7427,0.0666666666666667,1.05797720797721,0.0582857248826071,0.623653641028603,0.968576129359272,0.902034262786094,CHD3,1
GO:0043462,regulation of ATP-dependent activity,1/468,15/7427,0.0666666666666667,1.05797720797721,0.0582857248826071,0.623653641028603,0.968576129359272,0.902034262786094,TLR9,1
GO:0044273,sulfur compound catabolic process,1/468,15/7427,0.0666666666666667,1.05797720797721,0.0582857248826071,0.623653641028603,0.968576129359272,0.902034262786094,CSAD,1
GO:0045933,positive regulation of muscle contraction,1/468,15/7427,0.0666666666666667,1.05797720797721,0.0582857248826071,0.623653641028603,0.968576129359272,0.902034262786094,CACNB2,1
GO:0046386,deoxyribose phosphate catabolic process,1/468,15/7427,0.0666666666666667,1.05797720797721,0.0582857248826071,0.623653641028603,0.968576129359272,0.902034262786094,SAMHD1,1
GO:0046688,response to copper ion,1/468,15/7427,0.0666666666666667,1.05797720797721,0.0582857248826071,0.623653641028603,0.968576129359272,0.902034262786094,LCAT,1
GO:0046716,muscle cell cellular homeostasis,1/468,15/7427,0.0666666666666667,1.05797720797721,0.0582857248826071,0.623653641028603,0.968576129359272,0.902034262786094,CAPN3,1
GO:0046717,acid secretion,1/468,15/7427,0.0666666666666667,1.05797720797721,0.0582857248826071,0.623653641028603,0.968576129359272,0.902034262786094,HRH2,1
GO:0048026,"positive regulation of mRNA splicing, via spliceosome",1/468,15/7427,0.0666666666666667,1.05797720797721,0.0582857248826071,0.623653641028603,0.968576129359272,0.902034262786094,SNRNP70,1
GO:0048048,embryonic eye morphogenesis,1/468,15/7427,0.0666666666666667,1.05797720797721,0.0582857248826071,0.623653641028603,0.968576129359272,0.902034262786094,PHACTR4,1
GO:0051895,negative regulation of focal adhesion assembly,1/468,15/7427,0.0666666666666667,1.05797720797721,0.0582857248826071,0.623653641028603,0.968576129359272,0.902034262786094,ARHGAP6,1
GO:0051904,pigment granule transport,1/468,15/7427,0.0666666666666667,1.05797720797721,0.0582857248826071,0.623653641028603,0.968576129359272,0.902034262786094,ASIP,1
GO:0060306,regulation of membrane repolarization,1/468,15/7427,0.0666666666666667,1.05797720797721,0.0582857248826071,0.623653641028603,0.968576129359272,0.902034262786094,KCNE1,1
GO:0060907,positive regulation of macrophage cytokine production,1/468,15/7427,0.0666666666666667,1.05797720797721,0.0582857248826071,0.623653641028603,0.968576129359272,0.902034262786094,PLCG2,1
GO:0061097,regulation of protein tyrosine kinase activity,1/468,15/7427,0.0666666666666667,1.05797720797721,0.0582857248826071,0.623653641028603,0.968576129359272,0.902034262786094,CASS4,1
GO:0065005,protein-lipid complex assembly,1/468,15/7427,0.0666666666666667,1.05797720797721,0.0582857248826071,0.623653641028603,0.968576129359272,0.902034262786094,LCAT,1
GO:0070536,protein K63-linked deubiquitination,1/468,15/7427,0.0666666666666667,1.05797720797721,0.0582857248826071,0.623653641028603,0.968576129359272,0.902034262786094,OTUD1,1
GO:0070935,3'-UTR-mediated mRNA stabilization,1/468,15/7427,0.0666666666666667,1.05797720797721,0.0582857248826071,0.623653641028603,0.968576129359272,0.902034262786094,ZFP36,1
GO:0071577,zinc ion transmembrane transport,1/468,15/7427,0.0666666666666667,1.05797720797721,0.0582857248826071,0.623653641028603,0.968576129359272,0.902034262786094,SLC30A3,1
GO:0072525,pyridine-containing compound biosynthetic process,1/468,15/7427,0.0666666666666667,1.05797720797721,0.0582857248826071,0.623653641028603,0.968576129359272,0.902034262786094,HAAO,1
GO:0090128,regulation of synapse maturation,1/468,15/7427,0.0666666666666667,1.05797720797721,0.0582857248826071,0.623653641028603,0.968576129359272,0.902034262786094,RELN,1
GO:0150118,negative regulation of cell-substrate junction organization,1/468,15/7427,0.0666666666666667,1.05797720797721,0.0582857248826071,0.623653641028603,0.968576129359272,0.902034262786094,ARHGAP6,1
GO:1900227,positive regulation of NLRP3 inflammasome complex assembly,1/468,15/7427,0.0666666666666667,1.05797720797721,0.0582857248826071,0.623653641028603,0.968576129359272,0.902034262786094,PLCG2,1
GO:1901623,regulation of lymphocyte chemotaxis,1/468,15/7427,0.0666666666666667,1.05797720797721,0.0582857248826071,0.623653641028603,0.968576129359272,0.902034262786094,TNFSF14,1
GO:1903725,regulation of phospholipid metabolic process,1/468,15/7427,0.0666666666666667,1.05797720797721,0.0582857248826071,0.623653641028603,0.968576129359272,0.902034262786094,GNB3,1
GO:1904706,negative regulation of vascular associated smooth muscle cell proliferation,1/468,15/7427,0.0666666666666667,1.05797720797721,0.0582857248826071,0.623653641028603,0.968576129359272,0.902034262786094,CDKN1A,1
GO:1905146,lysosomal protein catabolic process,1/468,15/7427,0.0666666666666667,1.05797720797721,0.0582857248826071,0.623653641028603,0.968576129359272,0.902034262786094,GRN,1
GO:2001135,regulation of endocytic recycling,1/468,15/7427,0.0666666666666667,1.05797720797721,0.0582857248826071,0.623653641028603,0.968576129359272,0.902034262786094,AKAP5,1
GO:0016049,cell growth,15/468,251/7427,0.0597609561752988,0.948385943405864,-0.215720103575157,0.623820690101551,0.968576129359272,0.902034262786094,BCL6/PML/TSPYL2/CDKN1A/SEMA6D/SLC9A1/CXCL12/PPP1R9B/SEMA5B/CDK11A/RGMA/PTCH2/SYT2/FBP1/HYAL1,15
GO:0001885,endothelial cell development,2/468,33/7427,0.0606060606060606,0.961797461797462,-0.0570343434115995,0.62480229145261,0.968576129359272,0.902034262786094,PPP1R16B/NOTCH4,2
GO:0002763,positive regulation of myeloid leukocyte differentiation,2/468,33/7427,0.0606060606060606,0.961797461797462,-0.0570343434115995,0.62480229145261,0.968576129359272,0.902034262786094,CD4/CD101,2
GO:0003143,embryonic heart tube morphogenesis,2/468,33/7427,0.0606060606060606,0.961797461797462,-0.0570343434115995,0.62480229145261,0.968576129359272,0.902034262786094,DLL1/VANGL2,2
GO:0007589,body fluid secretion,2/468,33/7427,0.0606060606060606,0.961797461797462,-0.0570343434115995,0.62480229145261,0.968576129359272,0.902034262786094,TIFAB/NR1H3,2
GO:0008543,fibroblast growth factor receptor signaling pathway,2/468,33/7427,0.0606060606060606,0.961797461797462,-0.0570343434115995,0.62480229145261,0.968576129359272,0.902034262786094,PRKD2/LRIT3,2
GO:0010611,regulation of cardiac muscle hypertrophy,2/468,33/7427,0.0606060606060606,0.961797461797462,-0.0570343434115995,0.62480229145261,0.968576129359272,0.902034262786094,TNFRSF1B/SLC9A1,2
GO:0014743,regulation of muscle hypertrophy,2/468,33/7427,0.0606060606060606,0.961797461797462,-0.0570343434115995,0.62480229145261,0.968576129359272,0.902034262786094,TNFRSF1B/SLC9A1,2
GO:0014855,striated muscle cell proliferation,2/468,33/7427,0.0606060606060606,0.961797461797462,-0.0570343434115995,0.62480229145261,0.968576129359272,0.902034262786094,TBX5/WNT2,2
GO:0034113,heterotypic cell-cell adhesion,2/468,33/7427,0.0606060606060606,0.961797461797462,-0.0570343434115995,0.62480229145261,0.968576129359272,0.902034262786094,SIRPA/CD1D,2
GO:0043616,keratinocyte proliferation,2/468,33/7427,0.0606060606060606,0.961797461797462,-0.0570343434115995,0.62480229145261,0.968576129359272,0.902034262786094,CDKN1A/ZFP36,2
GO:0060998,regulation of dendritic spine development,2/468,33/7427,0.0606060606060606,0.961797461797462,-0.0570343434115995,0.62480229145261,0.968576129359272,0.902034262786094,RELN/GRIN3A,2
GO:0070897,transcription preinitiation complex assembly,2/468,33/7427,0.0606060606060606,0.961797461797462,-0.0570343434115995,0.62480229145261,0.968576129359272,0.902034262786094,TAF1C/MED15,2
GO:0072583,clathrin-dependent endocytosis,2/468,33/7427,0.0606060606060606,0.961797461797462,-0.0570343434115995,0.62480229145261,0.968576129359272,0.902034262786094,DNM1/DLL1,2
GO:1903533,regulation of protein targeting,2/468,33/7427,0.0606060606060606,0.961797461797462,-0.0570343434115995,0.62480229145261,0.968576129359272,0.902034262786094,KCNE1/STOM,2
GO:0007041,lysosomal transport,4/468,68/7427,0.0588235294117647,0.93350930115636,-0.142834438942816,0.628743201273539,0.968576129359272,0.902034262786094,GRN/PSAP/SLC30A3/ATG14,4
GO:0051209,release of sequestered calcium ion into cytosol,4/468,68/7427,0.0588235294117647,0.93350930115636,-0.142834438942816,0.628743201273539,0.968576129359272,0.902034262786094,CAPN3/PLCG2/RYR3/CXCR3,4
GO:0051283,negative regulation of sequestering of calcium ion,4/468,68/7427,0.0588235294117647,0.93350930115636,-0.142834438942816,0.628743201273539,0.968576129359272,0.902034262786094,CAPN3/PLCG2/RYR3/CXCR3,4
GO:0071326,cellular response to monosaccharide stimulus,4/468,68/7427,0.0588235294117647,0.93350930115636,-0.142834438942816,0.628743201273539,0.968576129359272,0.902034262786094,UCP2/USF1/SLC2A5/CFTR,4
GO:0071331,cellular response to hexose stimulus,4/468,68/7427,0.0588235294117647,0.93350930115636,-0.142834438942816,0.628743201273539,0.968576129359272,0.902034262786094,UCP2/USF1/SLC2A5/CFTR,4
GO:0030855,epithelial cell differentiation,19/468,318/7427,0.059748427672956,0.948187120356932,-0.244891670477811,0.63117815300045,0.968576129359272,0.902034262786094,CDKN1A/DLL1/MAFB/KCNE1/PPP1R16B/NOTCH4/TLR9/PRKCH/CYP26B1/CDH23/PTCH2/PSAP/ZFP36/WHRN/CEBPA/BMAL1/NUP210L/SAFB2/TMEM132E,19
GO:0070482,response to oxygen levels,11/468,186/7427,0.0591397849462366,0.938528168366878,-0.220171110431211,0.631346557040315,0.968576129359272,0.902034262786094,PML/SOD3/EGR1/SLC9A1/CXCL12/UCP2/USF1/PDLIM1/SLC8A3/VHL/MPL,11
GO:0048762,mesenchymal cell differentiation,8/468,136/7427,0.0588235294117647,0.93350930115636,-0.202938190368823,0.631778283041287,0.968576129359272,0.902034262786094,AKNA/PHACTR4/SEMA6D/NOTCH4/SEMA5B/TBX5/GLIPR2/WNT2,8
GO:0001841,neural tube formation,3/468,51/7427,0.0588235294117647,0.93350930115636,-0.123555622280655,0.632002624451867,0.968576129359272,0.902034262786094,PHACTR4/RGMA/VANGL2,3
GO:0034644,cellular response to UV,3/468,51/7427,0.0588235294117647,0.93350930115636,-0.123555622280655,0.632002624451867,0.968576129359272,0.902034262786094,DDB2/CDKN1A/HYAL1,3
GO:0051348,negative regulation of transferase activity,3/468,51/7427,0.0588235294117647,0.93350930115636,-0.123555622280655,0.632002624451867,0.968576129359272,0.902034262786094,CDKN1A/ZFP36/CDK5RAP3,3
GO:0061387,regulation of extent of cell growth,3/468,51/7427,0.0588235294117647,0.93350930115636,-0.123555622280655,0.632002624451867,0.968576129359272,0.902034262786094,SEMA6D/CXCL12/RGMA,3
GO:2000628,regulation of miRNA metabolic process,3/468,51/7427,0.0588235294117647,0.93350930115636,-0.123555622280655,0.632002624451867,0.968576129359272,0.902034262786094,EGR1/ZSWIM8/POU5F1,3
GO:0002040,sprouting angiogenesis,5/468,86/7427,0.0581395348837209,0.922654541840588,-0.18708260592491,0.638417225825852,0.968576129359272,0.902034262786094,DLL1/PPP1R16B/MEOX2/EGR3/TMEM215,5
GO:0043524,negative regulation of neuron apoptotic process,5/468,86/7427,0.0581395348837209,0.922654541840588,-0.18708260592491,0.638417225825852,0.968576129359272,0.902034262786094,LGMN/PCDHGC3/GRN/UCP2/GDF5,5
GO:0048469,cell maturation,5/468,86/7427,0.0581395348837209,0.922654541840588,-0.18708260592491,0.638417225825852,0.968576129359272,0.902034262786094,C3/KCNE1/CEBPA/CFTR/CLEC7A,5
GO:0009154,purine ribonucleotide catabolic process,4/468,69/7427,0.0579710144927536,0.919980180849746,-0.173168621533643,0.640282825568231,0.968576129359272,0.902034262786094,FLCN/UCP2/FBP1/ALDOB,4
GO:0031507,heterochromatin formation,4/468,69/7427,0.0579710144927536,0.919980180849746,-0.173168621533643,0.640282825568231,0.968576129359272,0.902034262786094,BCL6/KMT2A/ZNFX1/MBD1,4
GO:0051282,regulation of sequestering of calcium ion,4/468,69/7427,0.0579710144927536,0.919980180849746,-0.173168621533643,0.640282825568231,0.968576129359272,0.902034262786094,CAPN3/PLCG2/RYR3/CXCR3,4
GO:0000768,syncytium formation by plasma membrane fusion,2/468,34/7427,0.0588235294117647,0.93350930115636,-0.100766687846181,0.641161866065425,0.968576129359272,0.902034262786094,DOCK2/TNFSF14,2
GO:0007608,sensory perception of smell,2/468,34/7427,0.0588235294117647,0.93350930115636,-0.100766687846181,0.641161866065425,0.968576129359272,0.902034262786094,OR13A1/SLC24A4,2
GO:0016601,Rac protein signal transduction,2/468,34/7427,0.0588235294117647,0.93350930115636,-0.100766687846181,0.641161866065425,0.968576129359272,0.902034262786094,PIK3CG/ELMO1,2
GO:0031122,cytoplasmic microtubule organization,2/468,34/7427,0.0588235294117647,0.93350930115636,-0.100766687846181,0.641161866065425,0.968576129359272,0.902034262786094,PDE4DIP/CCDC88B,2
GO:0032371,regulation of sterol transport,2/468,34/7427,0.0588235294117647,0.93350930115636,-0.100766687846181,0.641161866065425,0.968576129359272,0.902034262786094,EEPD1/NR1H3,2
GO:0032374,regulation of cholesterol transport,2/468,34/7427,0.0588235294117647,0.93350930115636,-0.100766687846181,0.641161866065425,0.968576129359272,0.902034262786094,EEPD1/NR1H3,2
GO:0034142,toll-like receptor 4 signaling pathway,2/468,34/7427,0.0588235294117647,0.93350930115636,-0.100766687846181,0.641161866065425,0.968576129359272,0.902034262786094,NR1H3/CD14,2
GO:0036230,granulocyte activation,2/468,34/7427,0.0588235294117647,0.93350930115636,-0.100766687846181,0.641161866065425,0.968576129359272,0.902034262786094,SYK/GRN,2
GO:0042246,tissue regeneration,2/468,34/7427,0.0588235294117647,0.93350930115636,-0.100766687846181,0.641161866065425,0.968576129359272,0.902034262786094,CDKN1A/CAPN3,2
GO:0055117,regulation of cardiac muscle contraction,2/468,34/7427,0.0588235294117647,0.93350930115636,-0.100766687846181,0.641161866065425,0.968576129359272,0.902034262786094,PIK3CG/SLC9A1,2
GO:0140253,cell-cell fusion,2/468,34/7427,0.0588235294117647,0.93350930115636,-0.100766687846181,0.641161866065425,0.968576129359272,0.902034262786094,DOCK2/TNFSF14,2
GO:1900024,regulation of substrate adhesion-dependent cell spreading,2/468,34/7427,0.0588235294117647,0.93350930115636,-0.100766687846181,0.641161866065425,0.968576129359272,0.902034262786094,CASS4/FBLN1,2
GO:1904645,response to amyloid-beta,2/468,34/7427,0.0588235294117647,0.93350930115636,-0.100766687846181,0.641161866065425,0.968576129359272,0.902034262786094,SYK/LGMN,2
GO:0007368,determination of left/right symmetry,3/468,52/7427,0.0576923076923077,0.915557199211045,-0.15845657689974,0.645188566430262,0.968576129359272,0.902034262786094,DLL1/VANGL2/DAAM2,3
GO:0008593,regulation of Notch signaling pathway,3/468,52/7427,0.0576923076923077,0.915557199211045,-0.15845657689974,0.645188566430262,0.968576129359272,0.902034262786094,BCL6/DLL1/DTX1,3
GO:0010565,regulation of ketone metabolic process,3/468,52/7427,0.0576923076923077,0.915557199211045,-0.15845657689974,0.645188566430262,0.968576129359272,0.902034262786094,EGR1/WDTC1/NR1H3,3
GO:0071230,cellular response to amino acid stimulus,3/468,52/7427,0.0576923076923077,0.915557199211045,-0.15845657689974,0.645188566430262,0.968576129359272,0.902034262786094,GRIN2D/COL16A1/HMGCS2,3
GO:0106027,neuron projection organization,3/468,52/7427,0.0576923076923077,0.915557199211045,-0.15845657689974,0.645188566430262,0.968576129359272,0.902034262786094,LGMN/RELN/MAP1A,3
GO:0150063,visual system development,11/468,188/7427,0.0585106382978723,0.928543826150209,-0.257339453933868,0.64550398998901,0.968576129359272,0.902034262786094,PHACTR4/DLL1/C3/MYOM1/GRN/RAB37/TSPAN12/WNT2/IMPG2/TMEM215/RP1L1,11
GO:0000578,embryonic axis specification,1/468,16/7427,0.0625,0.991853632478632,-0.008458874170987,0.647416471033812,0.968576129359272,0.902034262786094,TIFAB,1
GO:0003401,axis elongation,1/468,16/7427,0.0625,0.991853632478632,-0.008458874170987,0.647416471033812,0.968576129359272,0.902034262786094,VANGL2,1
GO:0006622,protein targeting to lysosome,1/468,16/7427,0.0625,0.991853632478632,-0.008458874170987,0.647416471033812,0.968576129359272,0.902034262786094,ATG14,1
GO:0006699,bile acid biosynthetic process,1/468,16/7427,0.0625,0.991853632478632,-0.008458874170987,0.647416471033812,0.968576129359272,0.902034262786094,CYP46A1,1
GO:0006760,folic acid-containing compound metabolic process,1/468,16/7427,0.0625,0.991853632478632,-0.008458874170987,0.647416471033812,0.968576129359272,0.902034262786094,GCH1,1
GO:0006972,hyperosmotic response,1/468,16/7427,0.0625,0.991853632478632,-0.008458874170987,0.647416471033812,0.968576129359272,0.902034262786094,FBP1,1
GO:0007039,protein catabolic process in the vacuole,1/468,16/7427,0.0625,0.991853632478632,-0.008458874170987,0.647416471033812,0.968576129359272,0.902034262786094,GRN,1
GO:0007097,nuclear migration,1/468,16/7427,0.0625,0.991853632478632,-0.008458874170987,0.647416471033812,0.968576129359272,0.902034262786094,SYNE2,1
GO:0007616,long-term memory,1/468,16/7427,0.0625,0.991853632478632,-0.008458874170987,0.647416471033812,0.968576129359272,0.902034262786094,RELN,1
GO:0008053,mitochondrial fusion,1/468,16/7427,0.0625,0.991853632478632,-0.008458874170987,0.647416471033812,0.968576129359272,0.902034262786094,MIGA2,1
GO:0008340,determination of adult lifespan,1/468,16/7427,0.0625,0.991853632478632,-0.008458874170987,0.647416471033812,0.968576129359272,0.902034262786094,INPP5D,1
GO:0015802,basic amino acid transport,1/468,16/7427,0.0625,0.991853632478632,-0.008458874170987,0.647416471033812,0.968576129359272,0.902034262786094,SLC47A1,1
GO:0015868,purine ribonucleotide transport,1/468,16/7427,0.0625,0.991853632478632,-0.008458874170987,0.647416471033812,0.968576129359272,0.902034262786094,CALHM5,1
GO:0021983,pituitary gland development,1/468,16/7427,0.0625,0.991853632478632,-0.008458874170987,0.647416471033812,0.968576129359272,0.902034262786094,TBX19,1
GO:0030574,collagen catabolic process,1/468,16/7427,0.0625,0.991853632478632,-0.008458874170987,0.647416471033812,0.968576129359272,0.902034262786094,VSIR,1
GO:0032331,negative regulation of chondrocyte differentiation,1/468,16/7427,0.0625,0.991853632478632,-0.008458874170987,0.647416471033812,0.968576129359272,0.902034262786094,GDF5,1
GO:0032885,regulation of polysaccharide biosynthetic process,1/468,16/7427,0.0625,0.991853632478632,-0.008458874170987,0.647416471033812,0.968576129359272,0.902034262786094,PPP1R3E,1
GO:0034508,centromere complex assembly,1/468,16/7427,0.0625,0.991853632478632,-0.008458874170987,0.647416471033812,0.968576129359272,0.902034262786094,CENPT,1
GO:0035137,hindlimb morphogenesis,1/468,16/7427,0.0625,0.991853632478632,-0.008458874170987,0.647416471033812,0.968576129359272,0.902034262786094,GDF5,1
GO:0035872,"nucleotide-binding domain, leucine rich repeat containing receptor signaling pathway",1/468,16/7427,0.0625,0.991853632478632,-0.008458874170987,0.647416471033812,0.968576129359272,0.902034262786094,SLC15A3,1
GO:0039694,viral RNA genome replication,1/468,16/7427,0.0625,0.991853632478632,-0.008458874170987,0.647416471033812,0.968576129359272,0.902034262786094,APOBEC3F,1
GO:0042551,neuron maturation,1/468,16/7427,0.0625,0.991853632478632,-0.008458874170987,0.647416471033812,0.968576129359272,0.902034262786094,C3,1
GO:0043302,positive regulation of leukocyte degranulation,1/468,16/7427,0.0625,0.991853632478632,-0.008458874170987,0.647416471033812,0.968576129359272,0.902034262786094,SYK,1
GO:0043403,skeletal muscle tissue regeneration,1/468,16/7427,0.0625,0.991853632478632,-0.008458874170987,0.647416471033812,0.968576129359272,0.902034262786094,CAPN3,1
GO:0045717,negative regulation of fatty acid biosynthetic process,1/468,16/7427,0.0625,0.991853632478632,-0.008458874170987,0.647416471033812,0.968576129359272,0.902034262786094,WDTC1,1
GO:0048268,clathrin coat assembly,1/468,16/7427,0.0625,0.991853632478632,-0.008458874170987,0.647416471033812,0.968576129359272,0.902034262786094,DNM1,1
GO:0048566,embryonic digestive tract development,1/468,16/7427,0.0625,0.991853632478632,-0.008458874170987,0.647416471033812,0.968576129359272,0.902034262786094,SHOX2,1
GO:0048668,collateral sprouting,1/468,16/7427,0.0625,0.991853632478632,-0.008458874170987,0.647416471033812,0.968576129359272,0.902034262786094,RGMA,1
GO:0048741,skeletal muscle fiber development,1/468,16/7427,0.0625,0.991853632478632,-0.008458874170987,0.647416471033812,0.968576129359272,0.902034262786094,SHOX2,1
GO:0050909,sensory perception of taste,1/468,16/7427,0.0625,0.991853632478632,-0.008458874170987,0.647416471033812,0.968576129359272,0.902034262786094,FFAR4,1
GO:0051204,protein insertion into mitochondrial membrane,1/468,16/7427,0.0625,0.991853632478632,-0.008458874170987,0.647416471033812,0.968576129359272,0.902034262786094,TRMT10B,1
GO:0051457,maintenance of protein location in nucleus,1/468,16/7427,0.0625,0.991853632478632,-0.008458874170987,0.647416471033812,0.968576129359272,0.902034262786094,PML,1
GO:0051875,pigment granule localization,1/468,16/7427,0.0625,0.991853632478632,-0.008458874170987,0.647416471033812,0.968576129359272,0.902034262786094,ASIP,1
GO:0051905,establishment of pigment granule localization,1/468,16/7427,0.0625,0.991853632478632,-0.008458874170987,0.647416471033812,0.968576129359272,0.902034262786094,ASIP,1
GO:0055078,sodium ion homeostasis,1/468,16/7427,0.0625,0.991853632478632,-0.008458874170987,0.647416471033812,0.968576129359272,0.902034262786094,SLC9A1,1
GO:0060143,positive regulation of syncytium formation by plasma membrane fusion,1/468,16/7427,0.0625,0.991853632478632,-0.008458874170987,0.647416471033812,0.968576129359272,0.902034262786094,TNFSF14,1
GO:0060218,hematopoietic stem cell differentiation,1/468,16/7427,0.0625,0.991853632478632,-0.008458874170987,0.647416471033812,0.968576129359272,0.902034262786094,CHD2,1
GO:0060325,face morphogenesis,1/468,16/7427,0.0625,0.991853632478632,-0.008458874170987,0.647416471033812,0.968576129359272,0.902034262786094,MYH3,1
GO:0141087,positive regulation of inflammasome-mediated signaling pathway,1/468,16/7427,0.0625,0.991853632478632,-0.008458874170987,0.647416471033812,0.968576129359272,0.902034262786094,PLCG2,1
GO:1902018,negative regulation of cilium assembly,1/468,16/7427,0.0625,0.991853632478632,-0.008458874170987,0.647416471033812,0.968576129359272,0.902034262786094,LIMA1,1
GO:1902230,negative regulation of intrinsic apoptotic signaling pathway in response to DNA damage,1/468,16/7427,0.0625,0.991853632478632,-0.008458874170987,0.647416471033812,0.968576129359272,0.902034262786094,CXCL12,1
GO:1902882,regulation of response to oxidative stress,1/468,16/7427,0.0625,0.991853632478632,-0.008458874170987,0.647416471033812,0.968576129359272,0.902034262786094,GCH1,1
GO:1905562,regulation of vascular endothelial cell proliferation,1/468,16/7427,0.0625,0.991853632478632,-0.008458874170987,0.647416471033812,0.968576129359272,0.902034262786094,COL4A3,1
GO:2000629,negative regulation of miRNA metabolic process,1/468,16/7427,0.0625,0.991853632478632,-0.008458874170987,0.647416471033812,0.968576129359272,0.902034262786094,POU5F1,1
GO:0001934,positive regulation of protein phosphorylation,7/468,121/7427,0.0578512396694215,0.918079395352123,-0.235598749548715,0.647501041207749,0.968576129359272,0.902034262786094,LCP2/PIK3CG/CASS4/CDKN1A/C3/CD4/ATG14,7
GO:0006898,receptor-mediated endocytosis,8/468,138/7427,0.0579710144927536,0.919980180849746,-0.246053821395352,0.64818764270363,0.968576129359272,0.902034262786094,SYK/DNM1/DLL1/C3/PLCG2/CUBN/HFE/CD14,8
GO:0051347,positive regulation of transferase activity,5/468,87/7427,0.0574712643678161,0.912049317221731,-0.21398227100871,0.648617124519606,0.968576129359272,0.902034262786094,LCP2/PIK3CG/CASS4/CDKN1A/CD4,5
GO:1902806,regulation of cell cycle G1/S phase transition,5/468,87/7427,0.0574712643678161,0.912049317221731,-0.21398227100871,0.648617124519606,0.968576129359272,0.902034262786094,CDKN1A/GPNMB/BTN2A2/PLCG2/RPS27L,5
GO:0007098,centrosome cycle,4/468,70/7427,0.0571428571428571,0.906837606837607,-0.203079581108076,0.651586205361497,0.968576129359272,0.902034262786094,CHD3/PDE4DIP/CDK11A/CENATAC,4
GO:0007265,Ras protein signal transduction,4/468,70/7427,0.0571428571428571,0.906837606837607,-0.203079581108076,0.651586205361497,0.968576129359272,0.902034262786094,DOK3/CDKN1A/FLCN/FBP1,4
GO:0007605,sensory perception of sound,4/468,70/7427,0.0571428571428571,0.906837606837607,-0.203079581108076,0.651586205361497,0.968576129359272,0.902034262786094,KCNE1/CDH23/WHRN/COL4A3,4
GO:0009135,purine nucleoside diphosphate metabolic process,4/468,70/7427,0.0571428571428571,0.906837606837607,-0.203079581108076,0.651586205361497,0.968576129359272,0.902034262786094,FLCN/UCP2/FBP1/ALDOB,4
GO:0009179,purine ribonucleoside diphosphate metabolic process,4/468,70/7427,0.0571428571428571,0.906837606837607,-0.203079581108076,0.651586205361497,0.968576129359272,0.902034262786094,FLCN/UCP2/FBP1/ALDOB,4
GO:0039531,regulation of cytoplasmic pattern recognition receptor signaling pathway,4/468,70/7427,0.0571428571428571,0.906837606837607,-0.203079581108076,0.651586205361497,0.968576129359272,0.902034262786094,STING1/TLR9/SLC15A3/PLCG2,4
GO:0043200,response to amino acid,4/468,70/7427,0.0571428571428571,0.906837606837607,-0.203079581108076,0.651586205361497,0.968576129359272,0.902034262786094,GRIN2D/PPP1R9B/COL16A1/HMGCS2,4
GO:0050680,negative regulation of epithelial cell proliferation,4/468,70/7427,0.0571428571428571,0.906837606837607,-0.203079581108076,0.651586205361497,0.968576129359272,0.902034262786094,FLCN/GDF5/COL4A3/CXCR3,4
GO:0051592,response to calcium ion,4/468,70/7427,0.0571428571428571,0.906837606837607,-0.203079581108076,0.651586205361497,0.968576129359272,0.902034262786094,LGMN/CAPN3/PLCG2/RYR3,4
GO:0030900,forebrain development,12/468,206/7427,0.058252427184466,0.924446104057754,-0.285179814445568,0.654307225114381,0.968576129359272,0.902034262786094,AKNA/SZT2/ZNF335/CXCL12/SYNE2/PPP1R9B/MDGA1/RELN/TBX19/SLC8A3/AVPR2/CCKAR,12
GO:0021953,central nervous system neuron differentiation,6/468,105/7427,0.0571428571428571,0.906837606837607,-0.249314423427786,0.656723005772632,0.968576129359272,0.902034262786094,BCL6/SZT2/ZNF335/MDGA1/GBA2/WNT2,6
GO:0001578,microtubule bundle formation,2/468,35/7427,0.0571428571428571,0.906837606837607,-0.143258585919327,0.656954750791194,0.968576129359272,0.902034262786094,NCKAP5L/RP1L1,2
GO:0006081,aldehyde metabolic process,2/468,35/7427,0.0571428571428571,0.906837606837607,-0.143258585919327,0.656954750791194,0.968576129359272,0.902034262786094,ALPL/ALDOB,2
GO:0006949,syncytium formation,2/468,35/7427,0.0571428571428571,0.906837606837607,-0.143258585919327,0.656954750791194,0.968576129359272,0.902034262786094,DOCK2/TNFSF14,2
GO:0007405,neuroblast proliferation,2/468,35/7427,0.0571428571428571,0.906837606837607,-0.143258585919327,0.656954750791194,0.968576129359272,0.902034262786094,AKNA/ZNF335,2
GO:0015837,amine transport,2/468,35/7427,0.0571428571428571,0.906837606837607,-0.143258585919327,0.656954750791194,0.968576129359272,0.902034262786094,SYT11/CXCL12,2
GO:0035195,miRNA-mediated post-transcriptional gene silencing,2/468,35/7427,0.0571428571428571,0.906837606837607,-0.143258585919327,0.656954750791194,0.968576129359272,0.902034262786094,ZSWIM8/ZFP36,2
GO:0035567,non-canonical Wnt signaling pathway,2/468,35/7427,0.0571428571428571,0.906837606837607,-0.143258585919327,0.656954750791194,0.968576129359272,0.902034262786094,VANGL2/DAAM2,2
GO:0043113,receptor clustering,2/468,35/7427,0.0571428571428571,0.906837606837607,-0.143258585919327,0.656954750791194,0.968576129359272,0.902034262786094,COLQ/RELN,2
GO:0048010,vascular endothelial growth factor receptor signaling pathway,2/468,35/7427,0.0571428571428571,0.906837606837607,-0.143258585919327,0.656954750791194,0.968576129359272,0.902034262786094,DLL1/PRKD2,2
GO:0051898,negative regulation of phosphatidylinositol 3-kinase/protein kinase B signal transduction,2/468,35/7427,0.0571428571428571,0.906837606837607,-0.143258585919327,0.656954750791194,0.968576129359272,0.902034262786094,FLCN/BTN2A2,2
GO:0060425,lung morphogenesis,2/468,35/7427,0.0571428571428571,0.906837606837607,-0.143258585919327,0.656954750791194,0.968576129359272,0.902034262786094,VANGL2/WNT2,2
GO:0097479,synaptic vesicle localization,2/468,35/7427,0.0571428571428571,0.906837606837607,-0.143258585919327,0.656954750791194,0.968576129359272,0.902034262786094,DNM1/SYNJ1,2
GO:0035239,tube morphogenesis,28/468,471/7427,0.059447983014862,0.943419166349103,-0.32902355434673,0.65772546228987,0.968576129359272,0.902034262786094,PML/SYK/SHOX2/PIK3CG/PHACTR4/TNFAIP2/DLL1/EMILIN2/KLHL3/C3/HSPA12B/PRKD2/PPP1R16B/NOTCH4/GPNMB/GRN/RGMA/MEOX2/C5AR1/TBX5/VANGL2/TSPAN12/COL4A3/WNT2/HYAL1/EGR3/CXCR3/TMEM215,28
GO:0006970,response to osmotic stress,3/468,53/7427,0.0566037735849057,0.898282535074988,-0.192712052416275,0.658037305878878,0.968576129359272,0.902034262786094,CAPN3/TIFAB/FBP1,3
GO:0046849,bone remodeling,3/468,53/7427,0.0566037735849057,0.898282535074988,-0.192712052416275,0.658037305878878,0.968576129359272,0.902034262786094,INPP5D/SYK/GDF5,3
GO:0008361,regulation of cell size,5/468,88/7427,0.0568181818181818,0.901685120435121,-0.240585320226662,0.658634177782096,0.968576129359272,0.902034262786094,GNB3/SEMA6D/CXCL12/WDTC1/RGMA,5
GO:0009166,nucleotide catabolic process,5/468,88/7427,0.0568181818181818,0.901685120435121,-0.240585320226662,0.658634177782096,0.968576129359272,0.902034262786094,SAMHD1/FLCN/UCP2/FBP1/ALDOB,5
GO:0007259,cell surface receptor signaling pathway via JAK-STAT,4/468,71/7427,0.0563380281690141,0.894065246177922,-0.232580744562775,0.662650891007717,0.968576129359272,0.902034262786094,STAT2/TYK2/IL10RA/VHL,4
GO:0008277,regulation of G protein-coupled receptor signaling pathway,4/468,71/7427,0.0563380281690141,0.894065246177922,-0.232580744562775,0.662650891007717,0.968576129359272,0.902034262786094,C3/PPP1R9B/ABHD6/SLC24A4,4
GO:0044092,negative regulation of molecular function,9/468,157/7427,0.0573248407643312,0.909725624693778,-0.296465453571584,0.664444513053727,0.968576129359272,0.902034262786094,CDKN1A/KCNE1/GFI1/TLR9/ZFP36/HAVCR2/AKAP5/LTB4R2/CDK5RAP3,9
GO:0019318,hexose metabolic process,7/468,123/7427,0.0569105691056911,0.903151275102494,-0.280862049986106,0.66452141816767,0.968576129359272,0.902034262786094,GNB3/MAN2B2/PPP1R3E/WDTC1/USF1/FBP1/ALDOB,7
GO:0006352,DNA-templated transcription initiation,6/468,106/7427,0.0566037735849057,0.898282535074988,-0.273520724270979,0.665787146654987,0.968576129359272,0.902034262786094,KMT2A/TAF1C/MED15/EGR1/APOBEC3F/CEBPA,6
GO:0072331,signal transduction by p53 class mediator,6/468,106/7427,0.0566037735849057,0.898282535074988,-0.273520724270979,0.665787146654987,0.968576129359272,0.902034262786094,PML/CDKN1A/CDIP1/TIFAB/RPS27L/CDK5RAP3,6
GO:0000079,regulation of cyclin-dependent protein serine/threonine kinase activity,1/468,17/7427,0.0588235294117647,0.93350930115636,-0.0711710273708012,0.669681899661012,0.968576129359272,0.902034262786094,CDK5RAP3,1
GO:0000096,sulfur amino acid metabolic process,1/468,17/7427,0.0588235294117647,0.93350930115636,-0.0711710273708012,0.669681899661012,0.968576129359272,0.902034262786094,CSAD,1
GO:0001754,eye photoreceptor cell differentiation,1/468,17/7427,0.0588235294117647,0.93350930115636,-0.0711710273708012,0.669681899661012,0.968576129359272,0.902034262786094,RAB37,1
GO:0001835,blastocyst hatching,1/468,17/7427,0.0588235294117647,0.93350930115636,-0.0711710273708012,0.669681899661012,0.968576129359272,0.902034262786094,GRN,1
GO:0002052,positive regulation of neuroblast proliferation,1/468,17/7427,0.0588235294117647,0.93350930115636,-0.0711710273708012,0.669681899661012,0.968576129359272,0.902034262786094,ZNF335,1
GO:0003181,atrioventricular valve morphogenesis,1/468,17/7427,0.0588235294117647,0.93350930115636,-0.0711710273708012,0.669681899661012,0.968576129359272,0.902034262786094,TBX5,1
GO:0003382,epithelial cell morphogenesis,1/468,17/7427,0.0588235294117647,0.93350930115636,-0.0711710273708012,0.669681899661012,0.968576129359272,0.902034262786094,NOTCH4,1
GO:0006026,aminoglycan catabolic process,1/468,17/7427,0.0588235294117647,0.93350930115636,-0.0711710273708012,0.669681899661012,0.968576129359272,0.902034262786094,HYAL1,1
GO:0006304,DNA modification,1/468,17/7427,0.0588235294117647,0.93350930115636,-0.0711710273708012,0.669681899661012,0.968576129359272,0.902034262786094,APOBEC3F,1
GO:0006884,cell volume homeostasis,1/468,17/7427,0.0588235294117647,0.93350930115636,-0.0711710273708012,0.669681899661012,0.968576129359272,0.902034262786094,GNB3,1
GO:0006929,substrate-dependent cell migration,1/468,17/7427,0.0588235294117647,0.93350930115636,-0.0711710273708012,0.669681899661012,0.968576129359272,0.902034262786094,FBLN1,1
GO:0007129,homologous chromosome pairing at meiosis,1/468,17/7427,0.0588235294117647,0.93350930115636,-0.0711710273708012,0.669681899661012,0.968576129359272,0.902034262786094,TEX11,1
GO:0010758,regulation of macrophage chemotaxis,1/468,17/7427,0.0588235294117647,0.93350930115636,-0.0711710273708012,0.669681899661012,0.968576129359272,0.902034262786094,C5AR1,1
GO:0022038,corpus callosum development,1/468,17/7427,0.0588235294117647,0.93350930115636,-0.0711710273708012,0.669681899661012,0.968576129359272,0.902034262786094,SZT2,1
GO:0030262,apoptotic nuclear changes,1/468,17/7427,0.0588235294117647,0.93350930115636,-0.0711710273708012,0.669681899661012,0.968576129359272,0.902034262786094,CDK5RAP3,1
GO:0030488,tRNA methylation,1/468,17/7427,0.0588235294117647,0.93350930115636,-0.0711710273708012,0.669681899661012,0.968576129359272,0.902034262786094,TRMT10B,1
GO:0030513,positive regulation of BMP signaling pathway,1/468,17/7427,0.0588235294117647,0.93350930115636,-0.0711710273708012,0.669681899661012,0.968576129359272,0.902034262786094,GDF5,1
GO:0030517,negative regulation of axon extension,1/468,17/7427,0.0588235294117647,0.93350930115636,-0.0711710273708012,0.669681899661012,0.968576129359272,0.902034262786094,SEMA6D,1
GO:0032878,regulation of establishment or maintenance of cell polarity,1/468,17/7427,0.0588235294117647,0.93350930115636,-0.0711710273708012,0.669681899661012,0.968576129359272,0.902034262786094,DOCK8,1
GO:0034104,negative regulation of tissue remodeling,1/468,17/7427,0.0588235294117647,0.93350930115636,-0.0711710273708012,0.669681899661012,0.968576129359272,0.902034262786094,INPP5D,1
GO:0035020,regulation of Rac protein signal transduction,1/468,17/7427,0.0588235294117647,0.93350930115636,-0.0711710273708012,0.669681899661012,0.968576129359272,0.902034262786094,PIK3CG,1
GO:0035188,hatching,1/468,17/7427,0.0588235294117647,0.93350930115636,-0.0711710273708012,0.669681899661012,0.968576129359272,0.902034262786094,GRN,1
GO:0036119,response to platelet-derived growth factor,1/468,17/7427,0.0588235294117647,0.93350930115636,-0.0711710273708012,0.669681899661012,0.968576129359272,0.902034262786094,HYAL1,1
GO:0043406,positive regulation of MAP kinase activity,1/468,17/7427,0.0588235294117647,0.93350930115636,-0.0711710273708012,0.669681899661012,0.968576129359272,0.902034262786094,PIK3CG,1
GO:0045624,positive regulation of T-helper cell differentiation,1/468,17/7427,0.0588235294117647,0.93350930115636,-0.0711710273708012,0.669681899661012,0.968576129359272,0.902034262786094,NFKBID,1
GO:0045776,negative regulation of blood pressure,1/468,17/7427,0.0588235294117647,0.93350930115636,-0.0711710273708012,0.669681899661012,0.968576129359272,0.902034262786094,SCPEP1,1
GO:0048806,genitalia development,1/468,17/7427,0.0588235294117647,0.93350930115636,-0.0711710273708012,0.669681899661012,0.968576129359272,0.902034262786094,TIFAB,1
GO:0048854,brain morphogenesis,1/468,17/7427,0.0588235294117647,0.93350930115636,-0.0711710273708012,0.669681899661012,0.968576129359272,0.902034262786094,ZNF335,1
GO:0051154,negative regulation of striated muscle cell differentiation,1/468,17/7427,0.0588235294117647,0.93350930115636,-0.0711710273708012,0.669681899661012,0.968576129359272,0.902034262786094,DLL1,1
GO:0051156,glucose 6-phosphate metabolic process,1/468,17/7427,0.0588235294117647,0.93350930115636,-0.0711710273708012,0.669681899661012,0.968576129359272,0.902034262786094,ALDOB,1
GO:0060323,head morphogenesis,1/468,17/7427,0.0588235294117647,0.93350930115636,-0.0711710273708012,0.669681899661012,0.968576129359272,0.902034262786094,MYH3,1
GO:0060603,mammary gland duct morphogenesis,1/468,17/7427,0.0588235294117647,0.93350930115636,-0.0711710273708012,0.669681899661012,0.968576129359272,0.902034262786094,PML,1
GO:0071684,organism emergence from protective structure,1/468,17/7427,0.0588235294117647,0.93350930115636,-0.0711710273708012,0.669681899661012,0.968576129359272,0.902034262786094,GRN,1
GO:0071800,podosome assembly,1/468,17/7427,0.0588235294117647,0.93350930115636,-0.0711710273708012,0.669681899661012,0.968576129359272,0.902034262786094,HCK,1
GO:0072012,glomerulus vasculature development,1/468,17/7427,0.0588235294117647,0.93350930115636,-0.0711710273708012,0.669681899661012,0.968576129359272,0.902034262786094,EGR1,1
GO:0090075,relaxation of muscle,1/468,17/7427,0.0588235294117647,0.93350930115636,-0.0711710273708012,0.669681899661012,0.968576129359272,0.902034262786094,TIFAB,1
GO:0090151,establishment of protein localization to mitochondrial membrane,1/468,17/7427,0.0588235294117647,0.93350930115636,-0.0711710273708012,0.669681899661012,0.968576129359272,0.902034262786094,TRMT10B,1
GO:0090659,walking behavior,1/468,17/7427,0.0588235294117647,0.93350930115636,-0.0711710273708012,0.669681899661012,0.968576129359272,0.902034262786094,KCNJ10,1
GO:0097484,dendrite extension,1/468,17/7427,0.0588235294117647,0.93350930115636,-0.0711710273708012,0.669681899661012,0.968576129359272,0.902034262786094,SYT2,1
GO:0101023,vascular endothelial cell proliferation,1/468,17/7427,0.0588235294117647,0.93350930115636,-0.0711710273708012,0.669681899661012,0.968576129359272,0.902034262786094,COL4A3,1
GO:0120178,steroid hormone biosynthetic process,1/468,17/7427,0.0588235294117647,0.93350930115636,-0.0711710273708012,0.669681899661012,0.968576129359272,0.902034262786094,EGR1,1
GO:1900117,regulation of execution phase of apoptosis,1/468,17/7427,0.0588235294117647,0.93350930115636,-0.0711710273708012,0.669681899661012,0.968576129359272,0.902034262786094,CXCR3,1
GO:1900746,regulation of vascular endothelial growth factor signaling pathway,1/468,17/7427,0.0588235294117647,0.93350930115636,-0.0711710273708012,0.669681899661012,0.968576129359272,0.902034262786094,DLL1,1
GO:1901185,negative regulation of ERBB signaling pathway,1/468,17/7427,0.0588235294117647,0.93350930115636,-0.0711710273708012,0.669681899661012,0.968576129359272,0.902034262786094,LGMN,1
GO:1904996,positive regulation of leukocyte adhesion to vascular endothelial cell,1/468,17/7427,0.0588235294117647,0.93350930115636,-0.0711710273708012,0.669681899661012,0.968576129359272,0.902034262786094,SELP,1
GO:1905523,positive regulation of macrophage migration,1/468,17/7427,0.0588235294117647,0.93350930115636,-0.0711710273708012,0.669681899661012,0.968576129359272,0.902034262786094,C5AR1,1
GO:1990000,amyloid fibril formation,1/468,17/7427,0.0588235294117647,0.93350930115636,-0.0711710273708012,0.669681899661012,0.968576129359272,0.902034262786094,VHL,1
GO:0032526,response to retinoic acid,3/468,54/7427,0.0555555555555556,0.88164767331434,-0.226348981074282,0.670547909816071,0.968576129359272,0.902034262786094,SNRNP70/CYP26B1/WNT2,3
GO:0042303,molting cycle,3/468,54/7427,0.0555555555555556,0.88164767331434,-0.226348981074282,0.670547909816071,0.968576129359272,0.902034262786094,PTCH2/BMAL1/VANGL2,3
GO:0042633,hair cycle,3/468,54/7427,0.0555555555555556,0.88164767331434,-0.226348981074282,0.670547909816071,0.968576129359272,0.902034262786094,PTCH2/BMAL1/VANGL2,3
GO:0042752,regulation of circadian rhythm,3/468,54/7427,0.0555555555555556,0.88164767331434,-0.226348981074282,0.670547909816071,0.968576129359272,0.902034262786094,PML/NR1H3/BMAL1,3
GO:0051224,negative regulation of protein transport,3/468,54/7427,0.0555555555555556,0.88164767331434,-0.226348981074282,0.670547909816071,0.968576129359272,0.902034262786094,OS9/UCP2/NR1H3,3
GO:1905897,regulation of response to endoplasmic reticulum stress,3/468,54/7427,0.0555555555555556,0.88164767331434,-0.226348981074282,0.670547909816071,0.968576129359272,0.902034262786094,TMEM259/SYVN1/NR1H3,3
GO:0051247,positive regulation of protein metabolic process,26/468,441/7427,0.0589569160997732,0.935626102292769,-0.361444641305448,0.670650459036641,0.968576129359272,0.902034262786094,VSIR/SYK/LCP2/TNFRSF1B/PIK3CG/CASS4/CDKN1A/RASSF5/TMEM259/CD28/C3/CD4/CAPN3/EGR1/TIFAB/TLR9/PRKCH/GRN/MYLIP/RGMA/RPS27L/RFPL1/CEBPA/BMAL1/ATG14/CDK5RAP3,26
GO:1901136,carbohydrate derivative catabolic process,8/468,141/7427,0.0567375886524823,0.900406134448688,-0.309616817754658,0.67200005220279,0.968576129359272,0.902034262786094,SAMHD1/MAN2B2/FLCN/UCP2/GBA2/FBP1/HYAL1/ALDOB,8
GO:0030032,lamellipodium assembly,2/468,36/7427,0.0555555555555556,0.88164767331434,-0.184587985478831,0.672187248508812,0.968576129359272,0.902034262786094,WAS/SH2B1,2
GO:0042475,odontogenesis of dentin-containing tooth,2/468,36/7427,0.0555555555555556,0.88164767331434,-0.184587985478831,0.672187248508812,0.968576129359272,0.902034262786094,CFTR/SLC24A4,2
GO:0051145,smooth muscle cell differentiation,2/468,36/7427,0.0555555555555556,0.88164767331434,-0.184587985478831,0.672187248508812,0.968576129359272,0.902034262786094,NOTCH4/TBX18,2
GO:0097120,receptor localization to synapse,2/468,36/7427,0.0555555555555556,0.88164767331434,-0.184587985478831,0.672187248508812,0.968576129359272,0.902034262786094,RELN/GRIP2,2
GO:0040013,negative regulation of locomotion,10/468,175/7427,0.0571428571428571,0.906837606837607,-0.323413201523989,0.672207923255312,0.968576129359272,0.902034262786094,EMILIN2/WAS/SEMA6D/LIMA1/CXCL12/PODN/ABHD6/MEOX2/FBLN1/TBX5,10
GO:0001776,leukocyte homeostasis,4/468,72/7427,0.0555555555555556,0.88164767331434,-0.261684916436434,0.673474997692608,0.968576129359272,0.902034262786094,NCKAP1L/LGALS9/TNFSF14/MPL,4
GO:0021987,cerebral cortex development,4/468,72/7427,0.0555555555555556,0.88164767331434,-0.261684916436434,0.673474997692608,0.968576129359272,0.902034262786094,SYNE2/PPP1R9B/MDGA1/RELN,4
GO:0051208,sequestering of calcium ion,4/468,72/7427,0.0555555555555556,0.88164767331434,-0.261684916436434,0.673474997692608,0.968576129359272,0.902034262786094,CAPN3/PLCG2/RYR3/CXCR3,4
GO:1905952,regulation of lipid localization,4/468,72/7427,0.0555555555555556,0.88164767331434,-0.261684916436434,0.673474997692608,0.968576129359272,0.902034262786094,SYK/EEPD1/C3/NR1H3,4
GO:0032870,cellular response to hormone stimulus,19/468,326/7427,0.0582822085889571,0.924918724765351,-0.359507259788079,0.674207408050506,0.968576129359272,0.902034262786094,PML/TYK2/ZNF366/ZNF592/SLC9A1/WDTC1/UCP2/CYP26B1/NR1H3/DHRS3/ZFP36/USF1/BMAL1/FBP1/SAFB2/AVPR2/ASIP/CCKAR/HMGCS2,19
GO:0031401,positive regulation of protein modification process,11/468,193/7427,0.0569948186528497,0.904488286612639,-0.348636633249006,0.67958190742425,0.968576129359272,0.902034262786094,LCP2/PIK3CG/CASS4/CDKN1A/RASSF5/C3/CD4/EGR1/BMAL1/ATG14/CDK5RAP3,11
GO:1901654,response to ketone,7/468,125/7427,0.056,0.888700854700855,-0.325426490155336,0.681032751273614,0.968576129359272,0.902034262786094,PPP1R9B/UCP2/NR1H3/CEBPA/CFTR/FBP1/HMGCS2,7
GO:0030522,intracellular receptor signaling pathway,13/468,227/7427,0.0572687224669604,0.908835046500245,-0.361744199405561,0.681241887331127,0.968576129359272,0.902034262786094,STING1/PML/TRIM56/ZNF366/TLR9/SLC15A3/PLCG2/CYP26B1/NR1H3/DHRS3/HAVCR2/BMAL1/SAFB2,13
GO:0022037,metencephalon development,3/468,55/7427,0.0545454545454545,0.865617715617715,-0.259392659346674,0.68272032582432,0.968576129359272,0.902034262786094,DLL1/KCNE1/WHRN,3
GO:0050773,regulation of dendrite development,3/468,55/7427,0.0545454545454545,0.865617715617715,-0.259392659346674,0.68272032582432,0.968576129359272,0.902034262786094,LZTS1/HECW2/RELN,3
GO:0015833,peptide transport,6/468,108/7427,0.0555555555555556,0.88164767331434,-0.321284508146891,0.683459030676362,0.968576129359272,0.902034262786094,SLC15A3/UCP2/BMAL1/FFAR4/CFTR/HFE,6
GO:0006633,fatty acid biosynthetic process,4/468,73/7427,0.0547945205479452,0.869570307926472,-0.290404316282437,0.684057175211445,0.968576129359272,0.902034262786094,WDTC1/NR1H3/LIPC/ACSM5,4
GO:0007043,cell-cell junction assembly,4/468,73/7427,0.0547945205479452,0.869570307926472,-0.290404316282437,0.684057175211445,0.968576129359272,0.902034262786094,CLDN15/PRKCH/FLCN/TBX5,4
GO:0009261,ribonucleotide catabolic process,4/468,73/7427,0.0547945205479452,0.869570307926472,-0.290404316282437,0.684057175211445,0.968576129359272,0.902034262786094,FLCN/UCP2/FBP1/ALDOB,4
GO:0031047,regulatory ncRNA-mediated gene silencing,4/468,73/7427,0.0547945205479452,0.869570307926472,-0.290404316282437,0.684057175211445,0.968576129359272,0.902034262786094,ZNFX1/ZSWIM8/GTSF1/ZFP36,4
GO:0043068,positive regulation of programmed cell death,17/468,295/7427,0.0576271186440678,0.914522671302332,-0.388493058004483,0.686489998072675,0.968576129359272,0.902034262786094,INPP5D/BCL6/PML/TNFRSF1B/CDKN1A/EMILIN2/LGALS9/SLC9A1/GADD45G/PDCD1/FLCN/GRN/TNFSF14/RNF122/CASP7/GADD45B/CXCR3,17
GO:0002090,regulation of receptor internalization,2/468,37/7427,0.0540540540540541,0.857819357819358,-0.224825772864241,0.686867116614818,0.968576129359272,0.902034262786094,SYK/PLCG2,2
GO:0032370,positive regulation of lipid transport,2/468,37/7427,0.0540540540540541,0.857819357819358,-0.224825772864241,0.686867116614818,0.968576129359272,0.902034262786094,EEPD1/NR1H3,2
GO:0035904,aorta development,2/468,37/7427,0.0540540540540541,0.857819357819358,-0.224825772864241,0.686867116614818,0.968576129359272,0.902034262786094,EGR2/CNTRL,2
GO:0042698,ovulation cycle,2/468,37/7427,0.0540540540540541,0.857819357819358,-0.224825772864241,0.686867116614818,0.968576129359272,0.902034262786094,EGR1/NOTCH4,2
GO:0043297,apical junction assembly,2/468,37/7427,0.0540540540540541,0.857819357819358,-0.224825772864241,0.686867116614818,0.968576129359272,0.902034262786094,CLDN15/PRKCH,2
GO:0045453,bone resorption,2/468,37/7427,0.0540540540540541,0.857819357819358,-0.224825772864241,0.686867116614818,0.968576129359272,0.902034262786094,INPP5D/SYK,2
GO:0055017,cardiac muscle tissue growth,2/468,37/7427,0.0540540540540541,0.857819357819358,-0.224825772864241,0.686867116614818,0.968576129359272,0.902034262786094,TBX5/WNT2,2
GO:0061951,establishment of protein localization to plasma membrane,2/468,37/7427,0.0540540540540541,0.857819357819358,-0.224825772864241,0.686867116614818,0.968576129359272,0.902034262786094,AKAP5/GRIP2,2
GO:0120192,tight junction assembly,2/468,37/7427,0.0540540540540541,0.857819357819358,-0.224825772864241,0.686867116614818,0.968576129359272,0.902034262786094,CLDN15/PRKCH,2
GO:2000630,positive regulation of miRNA metabolic process,2/468,37/7427,0.0540540540540541,0.857819357819358,-0.224825772864241,0.686867116614818,0.968576129359272,0.902034262786094,EGR1/ZSWIM8,2
GO:0040029,epigenetic regulation of gene expression,8/468,143/7427,0.0559440559440559,0.887813041659196,-0.351279175149383,0.687322053113576,0.968576129359272,0.902034262786094,BCL6/KMT2A/EGR1/ZNFX1/ZNF335/MBD1/APOBEC3F/ASIP,8
GO:0045859,regulation of protein kinase activity,7/468,126/7427,0.0555555555555556,0.88164767331434,-0.347454450766566,0.689093779751396,0.968576129359272,0.902034262786094,TSPYL2/LCP2/PIK3CG/CASS4/CDKN1A/CD4/CDK5RAP3,7
GO:0001958,endochondral ossification,1/468,18/7427,0.0555555555555556,0.88164767331434,-0.130364767978834,0.690544095471895,0.968576129359272,0.902034262786094,ALPL,1
GO:0002063,chondrocyte development,1/468,18/7427,0.0555555555555556,0.88164767331434,-0.130364767978834,0.690544095471895,0.968576129359272,0.902034262786094,SHOX2,1
GO:0003171,atrioventricular valve development,1/468,18/7427,0.0555555555555556,0.88164767331434,-0.130364767978834,0.690544095471895,0.968576129359272,0.902034262786094,TBX5,1
GO:0006921,cellular component disassembly involved in execution phase of apoptosis,1/468,18/7427,0.0555555555555556,0.88164767331434,-0.130364767978834,0.690544095471895,0.968576129359272,0.902034262786094,CDK5RAP3,1
GO:0007035,vacuolar acidification,1/468,18/7427,0.0555555555555556,0.88164767331434,-0.130364767978834,0.690544095471895,0.968576129359272,0.902034262786094,GRN,1
GO:0009226,nucleotide-sugar biosynthetic process,1/468,18/7427,0.0555555555555556,0.88164767331434,-0.130364767978834,0.690544095471895,0.968576129359272,0.902034262786094,UAP1L1,1
GO:0014014,negative regulation of gliogenesis,1/468,18/7427,0.0555555555555556,0.88164767331434,-0.130364767978834,0.690544095471895,0.968576129359272,0.902034262786094,DAAM2,1
GO:0015813,L-glutamate transmembrane transport,1/468,18/7427,0.0555555555555556,0.88164767331434,-0.130364767978834,0.690544095471895,0.968576129359272,0.902034262786094,KCNJ10,1
GO:0015865,purine nucleotide transport,1/468,18/7427,0.0555555555555556,0.88164767331434,-0.130364767978834,0.690544095471895,0.968576129359272,0.902034262786094,CALHM5,1
GO:0016242,negative regulation of macroautophagy,1/468,18/7427,0.0555555555555556,0.88164767331434,-0.130364767978834,0.690544095471895,0.968576129359272,0.902034262786094,LZTS1,1
GO:0016266,protein O-linked glycosylation via N-acetyl-galactosamine,1/468,18/7427,0.0555555555555556,0.88164767331434,-0.130364767978834,0.690544095471895,0.968576129359272,0.902034262786094,GALNT15,1
GO:0021517,ventral spinal cord development,1/468,18/7427,0.0555555555555556,0.88164767331434,-0.130364767978834,0.690544095471895,0.968576129359272,0.902034262786094,RELN,1
GO:0021952,central nervous system projection neuron axonogenesis,1/468,18/7427,0.0555555555555556,0.88164767331434,-0.130364767978834,0.690544095471895,0.968576129359272,0.902034262786094,SZT2,1
GO:0030511,positive regulation of transforming growth factor beta receptor signaling pathway,1/468,18/7427,0.0555555555555556,0.88164767331434,-0.130364767978834,0.690544095471895,0.968576129359272,0.902034262786094,FLCN,1
GO:0031424,keratinization,1/468,18/7427,0.0555555555555556,0.88164767331434,-0.130364767978834,0.690544095471895,0.968576129359272,0.902034262786094,CYP26B1,1
GO:0032740,positive regulation of interleukin-17 production,1/468,18/7427,0.0555555555555556,0.88164767331434,-0.130364767978834,0.690544095471895,0.968576129359272,0.902034262786094,TYK2,1
GO:0032881,regulation of polysaccharide metabolic process,1/468,18/7427,0.0555555555555556,0.88164767331434,-0.130364767978834,0.690544095471895,0.968576129359272,0.902034262786094,PPP1R3E,1
GO:0033574,response to testosterone,1/468,18/7427,0.0555555555555556,0.88164767331434,-0.130364767978834,0.690544095471895,0.968576129359272,0.902034262786094,HMGCS2,1
GO:0036075,replacement ossification,1/468,18/7427,0.0555555555555556,0.88164767331434,-0.130364767978834,0.690544095471895,0.968576129359272,0.902034262786094,ALPL,1
GO:0045063,T-helper 1 cell differentiation,1/468,18/7427,0.0555555555555556,0.88164767331434,-0.130364767978834,0.690544095471895,0.968576129359272,0.902034262786094,TBX21,1
GO:0045745,positive regulation of G protein-coupled receptor signaling pathway,1/468,18/7427,0.0555555555555556,0.88164767331434,-0.130364767978834,0.690544095471895,0.968576129359272,0.902034262786094,C3,1
GO:0045922,negative regulation of fatty acid metabolic process,1/468,18/7427,0.0555555555555556,0.88164767331434,-0.130364767978834,0.690544095471895,0.968576129359272,0.902034262786094,WDTC1,1
GO:0046164,alcohol catabolic process,1/468,18/7427,0.0555555555555556,0.88164767331434,-0.130364767978834,0.690544095471895,0.968576129359272,0.902034262786094,CYP46A1,1
GO:0046580,negative regulation of Ras protein signal transduction,1/468,18/7427,0.0555555555555556,0.88164767331434,-0.130364767978834,0.690544095471895,0.968576129359272,0.902034262786094,FBP1,1
GO:0050685,positive regulation of mRNA processing,1/468,18/7427,0.0555555555555556,0.88164767331434,-0.130364767978834,0.690544095471895,0.968576129359272,0.902034262786094,SNRNP70,1
GO:0051503,adenine nucleotide transport,1/468,18/7427,0.0555555555555556,0.88164767331434,-0.130364767978834,0.690544095471895,0.968576129359272,0.902034262786094,CALHM5,1
GO:0051602,response to electrical stimulus,1/468,18/7427,0.0555555555555556,0.88164767331434,-0.130364767978834,0.690544095471895,0.968576129359272,0.902034262786094,SLC9A1,1
GO:0051642,centrosome localization,1/468,18/7427,0.0555555555555556,0.88164767331434,-0.130364767978834,0.690544095471895,0.968576129359272,0.902034262786094,SYNE2,1
GO:0051647,nucleus localization,1/468,18/7427,0.0555555555555556,0.88164767331434,-0.130364767978834,0.690544095471895,0.968576129359272,0.902034262786094,SYNE2,1
GO:0055094,response to lipoprotein particle,1/468,18/7427,0.0555555555555556,0.88164767331434,-0.130364767978834,0.690544095471895,0.968576129359272,0.902034262786094,SYK,1
GO:0060142,regulation of syncytium formation by plasma membrane fusion,1/468,18/7427,0.0555555555555556,0.88164767331434,-0.130364767978834,0.690544095471895,0.968576129359272,0.902034262786094,TNFSF14,1
GO:0061036,positive regulation of cartilage development,1/468,18/7427,0.0555555555555556,0.88164767331434,-0.130364767978834,0.690544095471895,0.968576129359272,0.902034262786094,GDF5,1
GO:0061037,negative regulation of cartilage development,1/468,18/7427,0.0555555555555556,0.88164767331434,-0.130364767978834,0.690544095471895,0.968576129359272,0.902034262786094,GDF5,1
GO:0061842,microtubule organizing center localization,1/468,18/7427,0.0555555555555556,0.88164767331434,-0.130364767978834,0.690544095471895,0.968576129359272,0.902034262786094,SYNE2,1
GO:0071404,cellular response to low-density lipoprotein particle stimulus,1/468,18/7427,0.0555555555555556,0.88164767331434,-0.130364767978834,0.690544095471895,0.968576129359272,0.902034262786094,SYK,1
GO:0072344,rescue of stalled ribosome,1/468,18/7427,0.0555555555555556,0.88164767331434,-0.130364767978834,0.690544095471895,0.968576129359272,0.902034262786094,CDK5RAP3,1
GO:0072528,pyrimidine-containing compound biosynthetic process,1/468,18/7427,0.0555555555555556,0.88164767331434,-0.130364767978834,0.690544095471895,0.968576129359272,0.902034262786094,NME9,1
GO:0072530,purine-containing compound transmembrane transport,1/468,18/7427,0.0555555555555556,0.88164767331434,-0.130364767978834,0.690544095471895,0.968576129359272,0.902034262786094,SLC28A3,1
GO:0097421,liver regeneration,1/468,18/7427,0.0555555555555556,0.88164767331434,-0.130364767978834,0.690544095471895,0.968576129359272,0.902034262786094,UCP2,1
GO:1903421,regulation of synaptic vesicle recycling,1/468,18/7427,0.0555555555555556,0.88164767331434,-0.130364767978834,0.690544095471895,0.968576129359272,0.902034262786094,SYT11,1
GO:1903846,positive regulation of cellular response to transforming growth factor beta stimulus,1/468,18/7427,0.0555555555555556,0.88164767331434,-0.130364767978834,0.690544095471895,0.968576129359272,0.902034262786094,FLCN,1
GO:0045786,negative regulation of cell cycle,11/468,195/7427,0.0564102564102564,0.895211483673022,-0.384528708247469,0.692662139683078,0.968576129359272,0.902034262786094,BCL6/PML/TSPYL2/CDKN1A/GPNMB/BTN2A2/RPS27L/RFPL1/CEBPA/CDK5RAP3/CENATAC,11
GO:0048872,homeostasis of number of cells,11/468,195/7427,0.0564102564102564,0.895211483673022,-0.384528708247469,0.692662139683078,0.968576129359272,0.902034262786094,INPP5D/BCL6/MAFB/NCKAP1L/KMT2A/IKZF1/LGALS9/TNFSF14/ZFP36/CDK5RAP3/MPL,11
GO:0010639,negative regulation of organelle organization,10/468,178/7427,0.0561797752808989,0.891553826947085,-0.379762574456606,0.692838328218939,0.968576129359272,0.902034262786094,PML/VILL/WAS/LIMA1/ARHGAP6/ARHGEF18/FLCN/PRRT2/CGNL1/CENATAC,10
GO:0000045,autophagosome assembly,4/468,74/7427,0.0540540540540541,0.857819357819358,-0.318750613307756,0.694396578114917,0.968576129359272,0.902034262786094,STING1/SYK/GABARAPL1/ATG14,4
GO:0009566,fertilization,4/468,74/7427,0.0540540540540541,0.857819357819358,-0.318750613307756,0.694396578114917,0.968576129359272,0.902034262786094,CCDC159/CCDC136/TSSK4/TEX11,4
GO:0010595,positive regulation of endothelial cell migration,4/468,74/7427,0.0540540540540541,0.857819357819358,-0.318750613307756,0.694396578114917,0.968576129359272,0.902034262786094,PIK3CG/LGMN/PRKD2/GRN,4
GO:0051147,regulation of muscle cell differentiation,4/468,74/7427,0.0540540540540541,0.857819357819358,-0.318750613307756,0.694396578114917,0.968576129359272,0.902034262786094,SHOX2/DLL1/NOTCH4/CYP26B1,4
GO:0071456,cellular response to hypoxia,4/468,74/7427,0.0540540540540541,0.857819357819358,-0.318750613307756,0.694396578114917,0.968576129359272,0.902034262786094,SLC9A1/SLC8A3/VHL/MPL,4
GO:0000077,DNA damage checkpoint signaling,3/468,56/7427,0.0535714285714286,0.850160256410256,-0.291866876111603,0.694555311479615,0.968576129359272,0.902034262786094,CDKN1A/RPS27L/CDK5RAP3,3
GO:0010389,regulation of G2/M transition of mitotic cell cycle,3/468,56/7427,0.0535714285714286,0.850160256410256,-0.291866876111603,0.694555311479615,0.968576129359272,0.902034262786094,CDKN1A/RFPL1/CDK5RAP3,3
GO:0034109,homotypic cell-cell adhesion,3/468,56/7427,0.0535714285714286,0.850160256410256,-0.291866876111603,0.694555311479615,0.968576129359272,0.902034262786094,SYK/PIK3CG/EMILIN2,3
GO:0035270,endocrine system development,3/468,56/7427,0.0535714285714286,0.850160256410256,-0.291866876111603,0.694555311479615,0.968576129359272,0.902034262786094,DLL1/TBX19/BMAL1,3
GO:0060972,left/right pattern formation,3/468,56/7427,0.0535714285714286,0.850160256410256,-0.291866876111603,0.694555311479615,0.968576129359272,0.902034262786094,DLL1/VANGL2/DAAM2,3
GO:1990830,cellular response to leukemia inhibitory factor,3/468,56/7427,0.0535714285714286,0.850160256410256,-0.291866876111603,0.694555311479615,0.968576129359272,0.902034262786094,PML/MSC/DTX1,3
GO:0019827,stem cell population maintenance,5/468,92/7427,0.0543478260869565,0.862481419546637,-0.344177294188404,0.696835398542836,0.968576129359272,0.902034262786094,DLL1/MED15/BICRA/POU5F1/VANGL2,5
GO:0071478,cellular response to radiation,5/468,92/7427,0.0543478260869565,0.862481419546637,-0.344177294188404,0.696835398542836,0.968576129359272,0.902034262786094,DDB2/CDKN1A/EGR1/HYAL1/SLC24A4,5
GO:1902905,positive regulation of supramolecular fiber organization,5/468,92/7427,0.0543478260869565,0.862481419546637,-0.344177294188404,0.696835398542836,0.968576129359272,0.902034262786094,PDE4DIP/NCKAP1L/LIMA1/HCK/ANKRD53,5
GO:0003018,vascular process in circulatory system,7/468,127/7427,0.0551181102362205,0.874705565650448,-0.369316908057808,0.697023420420815,0.968576129359272,0.902034262786094,P2RX1/SCPEP1/HRH2/ABCC3/SLC6A1/GRIP2/AVPR2,7
GO:0042886,amide transport,7/468,127/7427,0.0551181102362205,0.874705565650448,-0.369316908057808,0.697023420420815,0.968576129359272,0.902034262786094,SLC15A3/UCP2/PSAP/BMAL1/FFAR4/CFTR/HFE,7
GO:0044782,cilium organization,9/468,162/7427,0.0555555555555556,0.88164767331434,-0.394951237395552,0.700514380714317,0.968576129359272,0.902034262786094,CCDC159/LIMA1/CEP164/SYNE2/FAM161B/VANGL2/TMEM80/KCNJ10/RP1L1,9
GO:0060562,epithelial tube morphogenesis,9/468,162/7427,0.0555555555555556,0.88164767331434,-0.394951237395552,0.700514380714317,0.968576129359272,0.902034262786094,PML/PHACTR4/DLL1/KLHL3/PRKD2/NOTCH4/RGMA/VANGL2/WNT2,9
GO:0008347,glial cell migration,2/468,38/7427,0.0526315789473684,0.835245164192533,-0.264036590711768,0.701003359474319,0.968576129359272,0.902034262786094,SYNE2/RELN,2
GO:0010232,vascular transport,2/468,38/7427,0.0526315789473684,0.835245164192533,-0.264036590711768,0.701003359474319,0.968576129359272,0.902034262786094,ABCC3/SLC6A1,2
GO:0015800,acidic amino acid transport,2/468,38/7427,0.0526315789473684,0.835245164192533,-0.264036590711768,0.701003359474319,0.968576129359272,0.902034262786094,SLC6A1/KCNJ10,2
GO:0032465,regulation of cytokinesis,2/468,38/7427,0.0526315789473684,0.835245164192533,-0.264036590711768,0.701003359474319,0.968576129359272,0.902034262786094,MRGPRX2/ANKRD53,2
GO:0045995,regulation of embryonic development,2/468,38/7427,0.0526315789473684,0.835245164192533,-0.264036590711768,0.701003359474319,0.968576129359272,0.902034262786094,DLL1/WNT2,2
GO:0061326,renal tubule development,2/468,38/7427,0.0526315789473684,0.835245164192533,-0.264036590711768,0.701003359474319,0.968576129359272,0.902034262786094,DLL1/KLHL3,2
GO:0072080,nephron tubule development,2/468,38/7427,0.0526315789473684,0.835245164192533,-0.264036590711768,0.701003359474319,0.968576129359272,0.902034262786094,DLL1/KLHL3,2
GO:0150104,transport across blood-brain barrier,2/468,38/7427,0.0526315789473684,0.835245164192533,-0.264036590711768,0.701003359474319,0.968576129359272,0.902034262786094,ABCC3/SLC6A1,2
GO:1901880,negative regulation of protein depolymerization,2/468,38/7427,0.0526315789473684,0.835245164192533,-0.264036590711768,0.701003359474319,0.968576129359272,0.902034262786094,VILL/LIMA1,2
GO:2000144,positive regulation of DNA-templated transcription initiation,2/468,38/7427,0.0526315789473684,0.835245164192533,-0.264036590711768,0.701003359474319,0.968576129359272,0.902034262786094,MED15/CEBPA,2
GO:0032446,protein modification by small protein conjugation,25/468,432/7427,0.0578703703703704,0.918382993035771,-0.453268625683138,0.704294178335065,0.968576129359272,0.902034262786094,EGR2/PML/TRIM56/DDB2/TRIM38/RASSF5/DTX2/KLHL3/SYVN1/DTX1/UBA7/CAPN3/EGR1/NFATC2IP/OS9/HECW2/ZSWIM8/WDTC1/MYLIP/TRIM4/RNF122/DTX3/NLRP4/VHL/CDK5RAP3,25
GO:0009185,ribonucleoside diphosphate metabolic process,4/468,75/7427,0.0533333333333333,0.846381766381767,-0.346734958512601,0.704492836322354,0.968576129359272,0.902034262786094,FLCN/UCP2/FBP1/ALDOB,4
GO:0006914,autophagy,19/468,332/7427,0.0572289156626506,0.908203326125013,-0.443758585069293,0.704637504020188,0.968576129359272,0.902034262786094,STING1/SYK/LZTS1/SYT11/IL10RA/KLHL3/GABARAPL1/SNRNP70/WDFY4/TLR9/FLCN/RAB2B/PSAP/RAB37/LAMP3/ATG14/VHL/CDK5RAP3/ZNF418,19
GO:0061919,process utilizing autophagic mechanism,19/468,332/7427,0.0572289156626506,0.908203326125013,-0.443758585069293,0.704637504020188,0.968576129359272,0.902034262786094,STING1/SYK/LZTS1/SYT11/IL10RA/KLHL3/GABARAPL1/SNRNP70/WDFY4/TLR9/FLCN/RAB2B/PSAP/RAB37/LAMP3/ATG14/VHL/CDK5RAP3/ZNF418,19
GO:0009746,response to hexose,5/468,93/7427,0.0537634408602151,0.853207425788071,-0.369404420974013,0.705912367310863,0.968576129359272,0.902034262786094,EGR1/UCP2/USF1/SLC2A5/CFTR,5
GO:0030031,cell projection assembly,15/468,265/7427,0.0566037735849057,0.898282535074988,-0.437248458641176,0.705988146982395,0.968576129359272,0.902034262786094,CCDC159/NCKAP1L/WAS/LIMA1/PPP1R16B/CEP164/SYNE2/PPP1R9B/SH2B1/VANGL2/DAAM2/EMP3/TMEM80/KCNJ10/RP1L1,15
GO:0001838,embryonic epithelial tube formation,3/468,57/7427,0.0526315789473684,0.835245164192533,-0.323794028644315,0.706054366867812,0.968576129359272,0.902034262786094,PHACTR4/RGMA/VANGL2,3
GO:0048041,focal adhesion assembly,3/468,57/7427,0.0526315789473684,0.835245164192533,-0.323794028644315,0.706054366867812,0.968576129359272,0.902034262786094,SLC9A1/ARHGAP6/COL16A1,3
GO:0048675,axon extension,3/468,57/7427,0.0526315789473684,0.835245164192533,-0.323794028644315,0.706054366867812,0.968576129359272,0.902034262786094,SEMA6D/CXCL12/SEMA5B,3
GO:0071229,cellular response to acid chemical,3/468,57/7427,0.0526315789473684,0.835245164192533,-0.323794028644315,0.706054366867812,0.968576129359272,0.902034262786094,GRIN2D/COL16A1/HMGCS2,3
GO:0090263,positive regulation of canonical Wnt signaling pathway,3/468,57/7427,0.0526315789473684,0.835245164192533,-0.323794028644315,0.706054366867812,0.968576129359272,0.902034262786094,POU5F1/BMAL1/DAAM2,3
GO:0007160,cell-matrix adhesion,8/468,146/7427,0.0547945205479452,0.869570307926472,-0.412747415072356,0.70945121362923,0.968576129359272,0.902034262786094,BCL6/COL5A3/FREM1/SLC9A1/ARHGAP6/BST1/COL16A1/COL17A1,8
GO:0001569,branching involved in blood vessel morphogenesis,1/468,19/7427,0.0526315789473684,0.835245164192533,-0.186462483813991,0.710091316867381,0.968576129359272,0.902034262786094,NOTCH4,1
GO:0001779,natural killer cell differentiation,1/468,19/7427,0.0526315789473684,0.835245164192533,-0.186462483813991,0.710091316867381,0.968576129359272,0.902034262786094,ZNF683,1
GO:0001945,lymph vessel development,1/468,19/7427,0.0526315789473684,0.835245164192533,-0.186462483813991,0.710091316867381,0.968576129359272,0.902034262786094,SYK,1
GO:0005978,glycogen biosynthetic process,1/468,19/7427,0.0526315789473684,0.835245164192533,-0.186462483813991,0.710091316867381,0.968576129359272,0.902034262786094,PPP1R3E,1
GO:0006515,protein quality control for misfolded or incompletely synthesized proteins,1/468,19/7427,0.0526315789473684,0.835245164192533,-0.186462483813991,0.710091316867381,0.968576129359272,0.902034262786094,ZSWIM8,1
GO:0006739,NADP+ metabolic process,1/468,19/7427,0.0526315789473684,0.835245164192533,-0.186462483813991,0.710091316867381,0.968576129359272,0.902034262786094,ALDOB,1
GO:0006891,intra-Golgi vesicle-mediated transport,1/468,19/7427,0.0526315789473684,0.835245164192533,-0.186462483813991,0.710091316867381,0.968576129359272,0.902034262786094,COPZ2,1
GO:0009250,glucan biosynthetic process,1/468,19/7427,0.0526315789473684,0.835245164192533,-0.186462483813991,0.710091316867381,0.968576129359272,0.902034262786094,PPP1R3E,1
GO:0010591,regulation of lamellipodium assembly,1/468,19/7427,0.0526315789473684,0.835245164192533,-0.186462483813991,0.710091316867381,0.968576129359272,0.902034262786094,WAS,1
GO:0010907,positive regulation of glucose metabolic process,1/468,19/7427,0.0526315789473684,0.835245164192533,-0.186462483813991,0.710091316867381,0.968576129359272,0.902034262786094,PPP1R3E,1
GO:0014808,release of sequestered calcium ion into cytosol by sarcoplasmic reticulum,1/468,19/7427,0.0526315789473684,0.835245164192533,-0.186462483813991,0.710091316867381,0.968576129359272,0.902034262786094,RYR3,1
GO:0014904,myotube cell development,1/468,19/7427,0.0526315789473684,0.835245164192533,-0.186462483813991,0.710091316867381,0.968576129359272,0.902034262786094,SHOX2,1
GO:0014911,positive regulation of smooth muscle cell migration,1/468,19/7427,0.0526315789473684,0.835245164192533,-0.186462483813991,0.710091316867381,0.968576129359272,0.902034262786094,SEMA6D,1
GO:0017145,stem cell division,1/468,19/7427,0.0526315789473684,0.835245164192533,-0.186462483813991,0.710091316867381,0.968576129359272,0.902034262786094,VANGL2,1
GO:0019228,neuronal action potential,1/468,19/7427,0.0526315789473684,0.835245164192533,-0.186462483813991,0.710091316867381,0.968576129359272,0.902034262786094,P2RX1,1
GO:0031076,embryonic camera-type eye development,1/468,19/7427,0.0526315789473684,0.835245164192533,-0.186462483813991,0.710091316867381,0.968576129359272,0.902034262786094,PHACTR4,1
GO:0032467,positive regulation of cytokinesis,1/468,19/7427,0.0526315789473684,0.835245164192533,-0.186462483813991,0.710091316867381,0.968576129359272,0.902034262786094,MRGPRX2,1
GO:0033146,regulation of intracellular estrogen receptor signaling pathway,1/468,19/7427,0.0526315789473684,0.835245164192533,-0.186462483813991,0.710091316867381,0.968576129359272,0.902034262786094,ZNF366,1
GO:0034389,lipid droplet organization,1/468,19/7427,0.0526315789473684,0.835245164192533,-0.186462483813991,0.710091316867381,0.968576129359272,0.902034262786094,PLA2G4C,1
GO:0034695,response to prostaglandin E,1/468,19/7427,0.0526315789473684,0.835245164192533,-0.186462483813991,0.710091316867381,0.968576129359272,0.902034262786094,PPP1R9B,1
GO:0043045,epigenetic programming of gene expression,1/468,19/7427,0.0526315789473684,0.835245164192533,-0.186462483813991,0.710091316867381,0.968576129359272,0.902034262786094,ASIP,1
GO:0043457,regulation of cellular respiration,1/468,19/7427,0.0526315789473684,0.835245164192533,-0.186462483813991,0.710091316867381,0.968576129359272,0.902034262786094,ISCU,1
GO:0044458,motile cilium assembly,1/468,19/7427,0.0526315789473684,0.835245164192533,-0.186462483813991,0.710091316867381,0.968576129359272,0.902034262786094,CCDC159,1
GO:0045601,regulation of endothelial cell differentiation,1/468,19/7427,0.0526315789473684,0.835245164192533,-0.186462483813991,0.710091316867381,0.968576129359272,0.902034262786094,NOTCH4,1
GO:0045880,positive regulation of smoothened signaling pathway,1/468,19/7427,0.0526315789473684,0.835245164192533,-0.186462483813991,0.710091316867381,0.968576129359272,0.902034262786094,SHOX2,1
GO:0051702,biological process involved in interaction with symbiont,1/468,19/7427,0.0526315789473684,0.835245164192533,-0.186462483813991,0.710091316867381,0.968576129359272,0.902034262786094,APOL1,1
GO:0051894,positive regulation of focal adhesion assembly,1/468,19/7427,0.0526315789473684,0.835245164192533,-0.186462483813991,0.710091316867381,0.968576129359272,0.902034262786094,COL16A1,1
GO:0060074,synapse maturation,1/468,19/7427,0.0526315789473684,0.835245164192533,-0.186462483813991,0.710091316867381,0.968576129359272,0.902034262786094,RELN,1
GO:0060765,regulation of androgen receptor signaling pathway,1/468,19/7427,0.0526315789473684,0.835245164192533,-0.186462483813991,0.710091316867381,0.968576129359272,0.902034262786094,SAFB2,1
GO:0061436,establishment of skin barrier,1/468,19/7427,0.0526315789473684,0.835245164192533,-0.186462483813991,0.710091316867381,0.968576129359272,0.902034262786094,CYP26B1,1
GO:0061437,renal system vasculature development,1/468,19/7427,0.0526315789473684,0.835245164192533,-0.186462483813991,0.710091316867381,0.968576129359272,0.902034262786094,EGR1,1
GO:0061440,kidney vasculature development,1/468,19/7427,0.0526315789473684,0.835245164192533,-0.186462483813991,0.710091316867381,0.968576129359272,0.902034262786094,EGR1,1
GO:0071392,cellular response to estradiol stimulus,1/468,19/7427,0.0526315789473684,0.835245164192533,-0.186462483813991,0.710091316867381,0.968576129359272,0.902034262786094,PPP1R9B,1
GO:0071425,hematopoietic stem cell proliferation,1/468,19/7427,0.0526315789473684,0.835245164192533,-0.186462483813991,0.710091316867381,0.968576129359272,0.902034262786094,CEBPA,1
GO:0071542,dopaminergic neuron differentiation,1/468,19/7427,0.0526315789473684,0.835245164192533,-0.186462483813991,0.710091316867381,0.968576129359272,0.902034262786094,WNT2,1
GO:0071901,negative regulation of protein serine/threonine kinase activity,1/468,19/7427,0.0526315789473684,0.835245164192533,-0.186462483813991,0.710091316867381,0.968576129359272,0.902034262786094,CDK5RAP3,1
GO:1902235,regulation of endoplasmic reticulum stress-induced intrinsic apoptotic signaling pathway,1/468,19/7427,0.0526315789473684,0.835245164192533,-0.186462483813991,0.710091316867381,0.968576129359272,0.902034262786094,SYVN1,1
GO:1902253,regulation of intrinsic apoptotic signaling pathway by p53 class mediator,1/468,19/7427,0.0526315789473684,0.835245164192533,-0.186462483813991,0.710091316867381,0.968576129359272,0.902034262786094,TIFAB,1
GO:1902547,regulation of cellular response to vascular endothelial growth factor stimulus,1/468,19/7427,0.0526315789473684,0.835245164192533,-0.186462483813991,0.710091316867381,0.968576129359272,0.902034262786094,DLL1,1
GO:2001257,regulation of cation channel activity,1/468,19/7427,0.0526315789473684,0.835245164192533,-0.186462483813991,0.710091316867381,0.968576129359272,0.902034262786094,KCNE1,1
GO:0001101,response to acid chemical,4/468,76/7427,0.0526315789473684,0.835245164192533,-0.374368014542348,0.714346026289488,0.968576129359272,0.902034262786094,GRIN2D/PPP1R9B/COL16A1/HMGCS2,4
GO:0006493,protein O-linked glycosylation,4/468,76/7427,0.0526315789473684,0.835245164192533,-0.374368014542348,0.714346026289488,0.968576129359272,0.902034262786094,VANGL2/CHST13/HS3ST2/GALNT15,4
GO:0010977,negative regulation of neuron projection development,4/468,76/7427,0.0526315789473684,0.835245164192533,-0.374368014542348,0.714346026289488,0.968576129359272,0.902034262786094,SEMA6D/GFI1/MYLIP/RGMA,4
GO:0001676,long-chain fatty acid metabolic process,2/468,39/7427,0.0512820512820513,0.813828621520929,-0.302279541841918,0.714606041159732,0.968576129359272,0.902034262786094,PLA2G4C/ABHD6,2
GO:0002042,cell migration involved in sprouting angiogenesis,2/468,39/7427,0.0512820512820513,0.813828621520929,-0.302279541841918,0.714606041159732,0.968576129359272,0.902034262786094,MEOX2/EGR3,2
GO:0019217,regulation of fatty acid metabolic process,2/468,39/7427,0.0512820512820513,0.813828621520929,-0.302279541841918,0.714606041159732,0.968576129359272,0.902034262786094,WDTC1/NR1H3,2
GO:0031016,pancreas development,2/468,39/7427,0.0512820512820513,0.813828621520929,-0.302279541841918,0.714606041159732,0.968576129359272,0.902034262786094,DLL1/BMAL1,2
GO:0035050,embryonic heart tube development,2/468,39/7427,0.0512820512820513,0.813828621520929,-0.302279541841918,0.714606041159732,0.968576129359272,0.902034262786094,DLL1/VANGL2,2
GO:0050810,regulation of steroid biosynthetic process,2/468,39/7427,0.0512820512820513,0.813828621520929,-0.302279541841918,0.714606041159732,0.968576129359272,0.902034262786094,EGR1/GFI1,2
GO:0060993,kidney morphogenesis,2/468,39/7427,0.0512820512820513,0.813828621520929,-0.302279541841918,0.714606041159732,0.968576129359272,0.902034262786094,KLHL3/VANGL2,2
GO:0061035,regulation of cartilage development,2/468,39/7427,0.0512820512820513,0.813828621520929,-0.302279541841918,0.714606041159732,0.968576129359272,0.902034262786094,SHOX2/GDF5,2
GO:0061462,protein localization to lysosome,2/468,39/7427,0.0512820512820513,0.813828621520929,-0.302279541841918,0.714606041159732,0.968576129359272,0.902034262786094,SZT2/ATG14,2
GO:0070059,intrinsic apoptotic signaling pathway in response to endoplasmic reticulum stress,2/468,39/7427,0.0512820512820513,0.813828621520929,-0.302279541841918,0.714606041159732,0.968576129359272,0.902034262786094,PML/SYVN1,2
GO:0007369,gastrulation,5/468,94/7427,0.0531914893617021,0.844130751045645,-0.394376027260025,0.714798500655751,0.968576129359272,0.902034262786094,SOX7/TBX19/POU5F1/VANGL2/COL7A1,5
GO:0030072,peptide hormone secretion,5/468,94/7427,0.0531914893617021,0.844130751045645,-0.394376027260025,0.714798500655751,0.968576129359272,0.902034262786094,UCP2/BMAL1/FFAR4/CFTR/HFE,5
GO:0051495,positive regulation of cytoskeleton organization,5/468,94/7427,0.0531914893617021,0.844130751045645,-0.394376027260025,0.714798500655751,0.968576129359272,0.902034262786094,PDE4DIP/NCKAP1L/LIMA1/HCK/ANKRD53,5
GO:0098727,maintenance of cell number,5/468,94/7427,0.0531914893617021,0.844130751045645,-0.394376027260025,0.714798500655751,0.968576129359272,0.902034262786094,DLL1/MED15/BICRA/POU5F1/VANGL2,5
GO:0048511,rhythmic process,8/468,147/7427,0.054421768707483,0.863654863654864,-0.432971797888868,0.716596273384648,0.968576129359272,0.902034262786094,PML/KMT2A/EGR1/NOTCH4/NR1H3/GRIN3A/BMAL1/EGR3,8
GO:0003231,cardiac ventricle development,3/468,58/7427,0.0517241379310345,0.820844385499558,-0.355195227777432,0.717219670222848,0.968576129359272,0.902034262786094,CNTRL/TBX5/VANGL2,3
GO:0009799,specification of symmetry,3/468,58/7427,0.0517241379310345,0.820844385499558,-0.355195227777432,0.717219670222848,0.968576129359272,0.902034262786094,DLL1/VANGL2/DAAM2,3
GO:0009855,determination of bilateral symmetry,3/468,58/7427,0.0517241379310345,0.820844385499558,-0.355195227777432,0.717219670222848,0.968576129359272,0.902034262786094,DLL1/VANGL2/DAAM2,3
GO:0046887,positive regulation of hormone secretion,3/468,58/7427,0.0517241379310345,0.820844385499558,-0.355195227777432,0.717219670222848,0.968576129359272,0.902034262786094,FFAR4/CFTR/HFE,3
GO:1990823,response to leukemia inhibitory factor,3/468,58/7427,0.0517241379310345,0.820844385499558,-0.355195227777432,0.717219670222848,0.968576129359272,0.902034262786094,PML/MSC/DTX1,3
GO:0016358,dendrite development,7/468,130/7427,0.0538461538461539,0.854520052596976,-0.433939934532541,0.720014860769485,0.968576129359272,0.902034262786094,LZTS1/PPP1R9B/HECW2/RELN/MAP1A/GRIN3A/MAP6,7
GO:0001501,skeletal system development,15/468,268/7427,0.0559701492537313,0.888227133562955,-0.483286412469286,0.722117553843746,0.968576129359272,0.902034262786094,SHOX2/HOXC6/MIGA2/HAPLN3/FREM1/HOXA4/SLC38A10/TIFAB/ALPL/HOXD1/CYP26B1/DHRS3/GDF5/HYAL1/PRELP,15
GO:0046496,nicotinamide nucleotide metabolic process,5/468,95/7427,0.0526315789473684,0.835245164192533,-0.419098132764282,0.723493573449153,0.968576129359272,0.902034262786094,HAAO/FLCN/UCP2/FBP1/ALDOB,5
GO:0016053,organic acid biosynthetic process,8/468,148/7427,0.0540540540540541,0.857819357819358,-0.453067020377261,0.723624538894063,0.968576129359272,0.902034262786094,SYK/HAAO/CSAD/WDTC1/NR1H3/LIPC/CYP46A1/ACSM5,8
GO:0009132,nucleoside diphosphate metabolic process,4/468,77/7427,0.051948051948052,0.824397824397824,-0.401659983442802,0.723956642806255,0.968576129359272,0.902034262786094,FLCN/UCP2/FBP1/ALDOB,4
GO:0031023,microtubule organizing center organization,4/468,77/7427,0.051948051948052,0.824397824397824,-0.401659983442802,0.723956642806255,0.968576129359272,0.902034262786094,CHD3/PDE4DIP/CDK11A/CENATAC,4
GO:0043604,amide biosynthetic process,4/468,77/7427,0.051948051948052,0.824397824397824,-0.401659983442802,0.723956642806255,0.968576129359272,0.902034262786094,P2RX1/CASP7/CEBPA/PNPLA1,4
GO:2000045,regulation of G1/S transition of mitotic cell cycle,4/468,77/7427,0.051948051948052,0.824397824397824,-0.401659983442802,0.723956642806255,0.968576129359272,0.902034262786094,CDKN1A/GPNMB/BTN2A2/RPS27L,4
GO:0007169,cell surface receptor protein tyrosine kinase signaling pathway,19/468,336/7427,0.0565476190476191,0.897391381766382,-0.499144989577128,0.723981126607548,0.968576129359272,0.902034262786094,SYK/LCP2/CASS4/TYK2/BLNK/DOK3/DLL1/ROR2/ZNF592/CD4/LGMN/PRKD2/HCK/SH2B1/CD8B/COL4A3/MUC20/CLNK/LRIT3,19
GO:0071363,cellular response to growth factor stimulus,19/468,336/7427,0.0565476190476191,0.897391381766382,-0.499144989577128,0.723981126607548,0.968576129359272,0.902034262786094,PML/DLL1/KMT2A/LGMN/SNRNP70/PRKD2/EGR1/PPP1R9B/FLCN/RGMA/ZFP36/HIVEP1/POU5F1/GDF5/HFE/WNT2/HYAL1/EGR3/LRIT3,19
GO:0043523,regulation of neuron apoptotic process,7/468,131/7427,0.0534351145038168,0.847996998760358,-0.455168688535941,0.727410626884076,0.968576129359272,0.902034262786094,LGMN/EGR1/PCDHGC3/GRN/UCP2/CASP7/GDF5,7
GO:0048863,stem cell differentiation,7/468,131/7427,0.0534351145038168,0.847996998760358,-0.455168688535941,0.727410626884076,0.968576129359272,0.902034262786094,PHACTR4/CHD3/SEMA6D/SLC9A1/CHD2/SEMA5B/TBX5,7
GO:0002011,morphogenesis of an epithelial sheet,2/468,40/7427,0.05,0.793482905982906,-0.339608797614672,0.727686116753265,0.968576129359272,0.902034262786094,PHACTR4/VANGL2,2
GO:0009798,axis specification,2/468,40/7427,0.05,0.793482905982906,-0.339608797614672,0.727686116753265,0.968576129359272,0.902034262786094,DLL1/TIFAB,2
GO:0051865,protein autoubiquitination,2/468,40/7427,0.05,0.793482905982906,-0.339608797614672,0.727686116753265,0.968576129359272,0.902034262786094,DDB2/RNF122,2
GO:1904019,epithelial cell apoptotic process,2/468,40/7427,0.05,0.793482905982906,-0.339608797614672,0.727686116753265,0.968576129359272,0.902034262786094,PIK3CG/ZFP36,2
GO:1904888,cranial skeletal system development,2/468,40/7427,0.05,0.793482905982906,-0.339608797614672,0.727686116753265,0.968576129359272,0.902034262786094,FREM1/TIFAB,2
GO:0050673,epithelial cell proliferation,13/468,235/7427,0.0553191489361702,0.87789598108747,-0.493248792772124,0.727957643277762,0.968576129359272,0.902034262786094,CDKN1A/PRKD2/PPP1R16B/CXCL12/FLCN/GRN/ZFP36/C5AR1/GDF5/COL4A3/WNT2/EGR3/CXCR3,13
GO:0003014,renal system process,3/468,59/7427,0.0508474576271187,0.806931768796176,-0.386090393411568,0.728054016696162,0.968576129359272,0.902034262786094,KLHL3/LGMN/AVPR2,3
GO:0007088,regulation of mitotic nuclear division,3/468,59/7427,0.0508474576271187,0.806931768796176,-0.386090393411568,0.728054016696162,0.968576129359272,0.902034262786094,CD28/SH2B1/CCDC8,3
GO:0016525,negative regulation of angiogenesis,3/468,59/7427,0.0508474576271187,0.806931768796176,-0.386090393411568,0.728054016696162,0.968576129359272,0.902034262786094,PML/COL4A3/CXCR3,3
GO:1901343,negative regulation of vasculature development,3/468,59/7427,0.0508474576271187,0.806931768796176,-0.386090393411568,0.728054016696162,0.968576129359272,0.902034262786094,PML/COL4A3/CXCR3,3
GO:2000181,negative regulation of blood vessel morphogenesis,3/468,59/7427,0.0508474576271187,0.806931768796176,-0.386090393411568,0.728054016696162,0.968576129359272,0.902034262786094,PML/COL4A3/CXCR3,3
GO:0000289,nuclear-transcribed mRNA poly(A) tail shortening,1/468,20/7427,0.05,0.793482905982906,-0.239815258192213,0.728406282270468,0.968576129359272,0.902034262786094,ZFP36,1
GO:0001990,regulation of systemic arterial blood pressure by hormone,1/468,20/7427,0.05,0.793482905982906,-0.239815258192213,0.728406282270468,0.968576129359272,0.902034262786094,AVPR2,1
GO:0007131,reciprocal meiotic recombination,1/468,20/7427,0.05,0.793482905982906,-0.239815258192213,0.728406282270468,0.968576129359272,0.902034262786094,TEX11,1
GO:0008089,anterograde axonal transport,1/468,20/7427,0.05,0.793482905982906,-0.239815258192213,0.728406282270468,0.968576129359272,0.902034262786094,MAP1A,1
GO:0010614,negative regulation of cardiac muscle hypertrophy,1/468,20/7427,0.05,0.793482905982906,-0.239815258192213,0.728406282270468,0.968576129359272,0.902034262786094,TNFRSF1B,1
GO:0014741,negative regulation of muscle hypertrophy,1/468,20/7427,0.05,0.793482905982906,-0.239815258192213,0.728406282270468,0.968576129359272,0.902034262786094,TNFRSF1B,1
GO:0021515,cell differentiation in spinal cord,1/468,20/7427,0.05,0.793482905982906,-0.239815258192213,0.728406282270468,0.968576129359272,0.902034262786094,MDGA1,1
GO:0030850,prostate gland development,1/468,20/7427,0.05,0.793482905982906,-0.239815258192213,0.728406282270468,0.968576129359272,0.902034262786094,PSAP,1
GO:0032205,negative regulation of telomere maintenance,1/468,20/7427,0.05,0.793482905982906,-0.239815258192213,0.728406282270468,0.968576129359272,0.902034262786094,PML,1
GO:0033028,myeloid cell apoptotic process,1/468,20/7427,0.05,0.793482905982906,-0.239815258192213,0.728406282270468,0.968576129359272,0.902034262786094,PLEKHO2,1
GO:0035794,positive regulation of mitochondrial membrane permeability,1/468,20/7427,0.05,0.793482905982906,-0.239815258192213,0.728406282270468,0.968576129359272,0.902034262786094,SLC9A1,1
GO:0042158,lipoprotein biosynthetic process,1/468,20/7427,0.05,0.793482905982906,-0.239815258192213,0.728406282270468,0.968576129359272,0.902034262786094,LCAT,1
GO:0042558,pteridine-containing compound metabolic process,1/468,20/7427,0.05,0.793482905982906,-0.239815258192213,0.728406282270468,0.968576129359272,0.902034262786094,GCH1,1
GO:0043330,response to exogenous dsRNA,1/468,20/7427,0.05,0.793482905982906,-0.239815258192213,0.728406282270468,0.968576129359272,0.902034262786094,STING1,1
GO:0046329,negative regulation of JNK cascade,1/468,20/7427,0.05,0.793482905982906,-0.239815258192213,0.728406282270468,0.968576129359272,0.902034262786094,SIRPA,1
GO:0050805,negative regulation of synaptic transmission,1/468,20/7427,0.05,0.793482905982906,-0.239815258192213,0.728406282270468,0.968576129359272,0.902034262786094,ABHD6,1
GO:0060563,neuroepithelial cell differentiation,1/468,20/7427,0.05,0.793482905982906,-0.239815258192213,0.728406282270468,0.968576129359272,0.902034262786094,DLL1,1
GO:0070296,sarcoplasmic reticulum calcium ion transport,1/468,20/7427,0.05,0.793482905982906,-0.239815258192213,0.728406282270468,0.968576129359272,0.902034262786094,RYR3,1
GO:0071539,protein localization to centrosome,1/468,20/7427,0.05,0.793482905982906,-0.239815258192213,0.728406282270468,0.968576129359272,0.902034262786094,GOLGB1,1
GO:0071711,basement membrane organization,1/468,20/7427,0.05,0.793482905982906,-0.239815258192213,0.728406282270468,0.968576129359272,0.902034262786094,PHLDB1,1
GO:0099171,presynaptic modulation of chemical synaptic transmission,1/468,20/7427,0.05,0.793482905982906,-0.239815258192213,0.728406282270468,0.968576129359272,0.902034262786094,GRIN3A,1
GO:0140527,reciprocal homologous recombination,1/468,20/7427,0.05,0.793482905982906,-0.239815258192213,0.728406282270468,0.968576129359272,0.902034262786094,TEX11,1
GO:0141161,regulation of cAMP/PKA signal transduction,1/468,20/7427,0.05,0.793482905982906,-0.239815258192213,0.728406282270468,0.968576129359272,0.902034262786094,PDE1B,1
GO:1901570,fatty acid derivative biosynthetic process,1/468,20/7427,0.05,0.793482905982906,-0.239815258192213,0.728406282270468,0.968576129359272,0.902034262786094,HMGCS2,1
GO:1905508,protein localization to microtubule organizing center,1/468,20/7427,0.05,0.793482905982906,-0.239815258192213,0.728406282270468,0.968576129359272,0.902034262786094,GOLGB1,1
GO:2000042,negative regulation of double-strand break repair via homologous recombination,1/468,20/7427,0.05,0.793482905982906,-0.239815258192213,0.728406282270468,0.968576129359272,0.902034262786094,GFI1,1
GO:0009144,purine nucleoside triphosphate metabolic process,8/468,149/7427,0.0536912751677852,0.852062180921241,-0.473035028091564,0.73053552044235,0.970681675836174,0.90399515672771,MYH3/VPS9D1/SAMHD1/FLCN/UCP2/NME9/FBP1/ALDOB,8
GO:0021537,telencephalon development,8/468,149/7427,0.0536912751677852,0.852062180921241,-0.473035028091564,0.73053552044235,0.970681675836174,0.90399515672771,SZT2/CXCL12/SYNE2/PPP1R9B/MDGA1/RELN/SLC8A3/AVPR2,8
GO:0043484,regulation of RNA splicing,5/468,96/7427,0.0520833333333333,0.826544693732194,-0.443576548814727,0.731997636965245,0.97113590766346,0.90441818250652,CELF6/AKAP17A/SNRNP70/POLR2A/CDK11A,5
GO:0071897,DNA biosynthetic process,5/468,96/7427,0.0520833333333333,0.826544693732194,-0.443576548814727,0.731997636965245,0.97113590766346,0.90441818250652,PML/CDKN1A/PRKD2/POLG/SH2B1,5
GO:0003158,endothelium development,4/468,78/7427,0.0512820512820513,0.813828621520929,-0.428620632491625,0.733325571489383,0.97113590766346,0.90441818250652,DLL1/PRKD2/PPP1R16B/NOTCH4,4
GO:0007189,adenylate cyclase-activating G protein-coupled receptor signaling pathway,4/468,78/7427,0.0512820512820513,0.813828621520929,-0.428620632491625,0.733325571489383,0.97113590766346,0.90441818250652,CXCL12/FFAR4/AVPR2/CXCR3,4
GO:0016311,dephosphorylation,4/468,78/7427,0.0512820512820513,0.813828621520929,-0.428620632491625,0.733325571489383,0.97113590766346,0.90441818250652,INPP5D/PTPN7/SYNJ1/CDK5RAP3,4
GO:0048754,branching morphogenesis of an epithelial tube,4/468,78/7427,0.0512820512820513,0.813828621520929,-0.428620632491625,0.733325571489383,0.97113590766346,0.90441818250652,PML/NOTCH4/VANGL2/WNT2,4
GO:0051302,regulation of cell division,4/468,78/7427,0.0512820512820513,0.813828621520929,-0.428620632491625,0.733325571489383,0.97113590766346,0.90441818250652,DLL1/POU5F1/MRGPRX2/ANKRD53,4
GO:1905037,autophagosome organization,4/468,78/7427,0.0512820512820513,0.813828621520929,-0.428620632491625,0.733325571489383,0.97113590766346,0.90441818250652,STING1/SYK/GABARAPL1/ATG14,4
GO:0022411,cellular component disassembly,13/468,236/7427,0.0550847457627119,0.874176082862524,-0.509391318801018,0.733478737649285,0.97113590766346,0.90441818250652,VILL/SHFL/C3/GABARAPL1/NAPB/LIMA1/NCKAP5L/PPP1R9B/MAP1A/SYNJ1/VANGL2/ATG14/CDK5RAP3,13
GO:0043009,chordate embryonic development,20/468,355/7427,0.0563380281690141,0.894065246177922,-0.530406079069926,0.733924717768751,0.97113590766346,0.90441818250652,SHOX2/PHACTR4/CDKN1A/HOXC6/DLL1/MAFB/HOXA4/ZNF335/FLCN/WDTC1/GRN/HOXD1/RGMA/MEOX2/POU5F1/TBX18/CEBPA/VANGL2/WNT2/HYAL1,20
GO:0005996,monosaccharide metabolic process,7/468,132/7427,0.053030303030303,0.841572779072779,-0.476245738144822,0.734671655439463,0.97113590766346,0.90441818250652,GNB3/MAN2B2/PPP1R3E/WDTC1/USF1/FBP1/ALDOB,7
GO:0042327,positive regulation of phosphorylation,7/468,132/7427,0.053030303030303,0.841572779072779,-0.476245738144822,0.734671655439463,0.97113590766346,0.90441818250652,LCP2/PIK3CG/CASS4/CDKN1A/C3/CD4/ATG14,7
GO:0001654,eye development,10/468,185/7427,0.0540540540540541,0.857819357819358,-0.507836668635323,0.737786790834853,0.97113590766346,0.90441818250652,PHACTR4/DLL1/MYOM1/GRN/RAB37/TSPAN12/WNT2/IMPG2/TMEM215/RP1L1,10
GO:0050779,RNA destabilization,3/468,60/7427,0.05,0.793482905982906,-0.416498341411374,0.738560760244869,0.97113590766346,0.90441818250652,TNFRSF1B/GTSF1/ZFP36,3
GO:0072175,epithelial tube formation,3/468,60/7427,0.05,0.793482905982906,-0.416498341411374,0.738560760244869,0.97113590766346,0.90441818250652,PHACTR4/RGMA/VANGL2,3
GO:1902749,regulation of cell cycle G2/M phase transition,3/468,60/7427,0.05,0.793482905982906,-0.416498341411374,0.738560760244869,0.97113590766346,0.90441818250652,CDKN1A/RFPL1/CDK5RAP3,3
GO:0006897,endocytosis,22/468,390/7427,0.0564102564102564,0.895211483673022,-0.551288838900111,0.739663482594709,0.97113590766346,0.90441818250652,SYK/PIK3CG/SYT11/TMEM175/SIRPA/DNM1/ELMO1/IL10RA/DLL1/DOCK2/NCKAP1L/C3/HCK/NECAP2/PLCG2/NR1H3/CD300LF/CUBN/SYNJ1/HFE/CD14/CLEC7A,22
GO:0006414,translational elongation,2/468,41/7427,0.0487804878048781,0.774129664373567,-0.376074125785875,0.740255280625048,0.97113590766346,0.90441818250652,SHFL/CDK5RAP3,2
GO:0006469,negative regulation of protein kinase activity,2/468,41/7427,0.0487804878048781,0.774129664373567,-0.376074125785875,0.740255280625048,0.97113590766346,0.90441818250652,CDKN1A/CDK5RAP3,2
GO:0010632,regulation of epithelial cell migration,2/468,41/7427,0.0487804878048781,0.774129664373567,-0.376074125785875,0.740255280625048,0.97113590766346,0.90441818250652,PLCG2/GLIPR2,2
GO:0043502,regulation of muscle adaptation,2/468,41/7427,0.0487804878048781,0.774129664373567,-0.376074125785875,0.740255280625048,0.97113590766346,0.90441818250652,TNFRSF1B/SLC9A1,2
GO:0061180,mammary gland epithelium development,2/468,41/7427,0.0487804878048781,0.774129664373567,-0.376074125785875,0.740255280625048,0.97113590766346,0.90441818250652,PML/WNT2,2
GO:0120193,tight junction organization,2/468,41/7427,0.0487804878048781,0.774129664373567,-0.376074125785875,0.740255280625048,0.97113590766346,0.90441818250652,CLDN15/PRKCH,2
GO:1902017,regulation of cilium assembly,2/468,41/7427,0.0487804878048781,0.774129664373567,-0.376074125785875,0.740255280625048,0.97113590766346,0.90441818250652,LIMA1/SYNE2,2
GO:1903578,regulation of ATP metabolic process,2/468,41/7427,0.0487804878048781,0.774129664373567,-0.376074125785875,0.740255280625048,0.97113590766346,0.90441818250652,FLCN/FBP1,2
GO:2000142,regulation of DNA-templated transcription initiation,2/468,41/7427,0.0487804878048781,0.774129664373567,-0.376074125785875,0.740255280625048,0.97113590766346,0.90441818250652,MED15/CEBPA,2
GO:0001763,morphogenesis of a branching structure,5/468,97/7427,0.0515463917525773,0.818023614415367,-0.467816887739702,0.740311004247036,0.97113590766346,0.90441818250652,PML/SHOX2/NOTCH4/VANGL2/WNT2,5
GO:0001837,epithelial to mesenchymal transition,5/468,97/7427,0.0515463917525773,0.818023614415367,-0.467816887739702,0.740311004247036,0.97113590766346,0.90441818250652,AKNA/NOTCH4/TBX5/GLIPR2/WNT2,5
GO:0043065,positive regulation of apoptotic process,16/468,289/7427,0.055363321799308,0.878596989323633,-0.545905019085997,0.742402686116028,0.97113590766346,0.90441818250652,INPP5D/BCL6/PML/TNFRSF1B/EMILIN2/LGALS9/SLC9A1/GADD45G/PDCD1/FLCN/GRN/TNFSF14/RNF122/CASP7/GADD45B/CXCR3,16
GO:0021782,glial cell development,4/468,79/7427,0.0506329113924051,0.803526993400411,-0.455259318262441,0.742454062024513,0.97113590766346,0.90441818250652,DLL1/GRN/C5AR1/KCNJ10,4
GO:0040007,growth,26/468,458/7427,0.0567685589519651,0.900897622513343,-0.56775185375723,0.743052905325713,0.97113590766346,0.90441818250652,BCL6/PML/TSPYL2/CDKN1A/DLL1/COLQ/LGMN/CAPN3/SEMA6D/SLC9A1/CXCL12/PPP1R9B/SEMA5B/WDTC1/GRN/CDK11A/RGMA/PTCH2/PSAP/SYT2/TBX5/VANGL2/GDF5/FBP1/WNT2/HYAL1,26
GO:0051896,regulation of phosphatidylinositol 3-kinase/protein kinase B signal transduction,8/468,151/7427,0.0529801324503311,0.84077658912096,-0.512596967171453,0.744004271019552,0.97113590766346,0.90441818250652,PIK3CG/CASS4/CD28/PPP1R16B/FLCN/BTN2A2/RELN/SELP,8
GO:0006904,vesicle docking involved in exocytosis,1/468,21/7427,0.0476190476190476,0.755698005698006,-0.290717909133087,0.745566517169539,0.97113590766346,0.90441818250652,CFTR,1
GO:0007187,"G protein-coupled receptor signaling pathway, coupled to cyclic nucleotide second messenger",1/468,21/7427,0.0476190476190476,0.755698005698006,-0.290717909133087,0.745566517169539,0.97113590766346,0.90441818250652,HRH2,1
GO:0010824,regulation of centrosome duplication,1/468,21/7427,0.0476190476190476,0.755698005698006,-0.290717909133087,0.745566517169539,0.97113590766346,0.90441818250652,CENATAC,1
GO:0021955,central nervous system neuron axonogenesis,1/468,21/7427,0.0476190476190476,0.755698005698006,-0.290717909133087,0.745566517169539,0.97113590766346,0.90441818250652,SZT2,1
GO:0032570,response to progesterone,1/468,21/7427,0.0476190476190476,0.755698005698006,-0.290717909133087,0.745566517169539,0.97113590766346,0.90441818250652,NR1H3,1
GO:0032790,ribosome disassembly,1/468,21/7427,0.0476190476190476,0.755698005698006,-0.290717909133087,0.745566517169539,0.97113590766346,0.90441818250652,CDK5RAP3,1
GO:0042572,retinol metabolic process,1/468,21/7427,0.0476190476190476,0.755698005698006,-0.290717909133087,0.745566517169539,0.97113590766346,0.90441818250652,DHRS3,1
GO:0045022,early endosome to late endosome transport,1/468,21/7427,0.0476190476190476,0.755698005698006,-0.290717909133087,0.745566517169539,0.97113590766346,0.90441818250652,ATG14,1
GO:0045143,homologous chromosome segregation,1/468,21/7427,0.0476190476190476,0.755698005698006,-0.290717909133087,0.745566517169539,0.97113590766346,0.90441818250652,TEX11,1
GO:0045663,positive regulation of myoblast differentiation,1/468,21/7427,0.0476190476190476,0.755698005698006,-0.290717909133087,0.745566517169539,0.97113590766346,0.90441818250652,TNFSF14,1
GO:0045773,positive regulation of axon extension,1/468,21/7427,0.0476190476190476,0.755698005698006,-0.290717909133087,0.745566517169539,0.97113590766346,0.90441818250652,CXCL12,1
GO:0046627,negative regulation of insulin receptor signaling pathway,1/468,21/7427,0.0476190476190476,0.755698005698006,-0.290717909133087,0.745566517169539,0.97113590766346,0.90441818250652,ZNF592,1
GO:0046686,response to cadmium ion,1/468,21/7427,0.0476190476190476,0.755698005698006,-0.290717909133087,0.745566517169539,0.97113590766346,0.90441818250652,HAAO,1
GO:0048512,circadian behavior,1/468,21/7427,0.0476190476190476,0.755698005698006,-0.290717909133087,0.745566517169539,0.97113590766346,0.90441818250652,EGR1,1
GO:0050775,positive regulation of dendrite morphogenesis,1/468,21/7427,0.0476190476190476,0.755698005698006,-0.290717909133087,0.745566517169539,0.97113590766346,0.90441818250652,RELN,1
GO:0060236,regulation of mitotic spindle organization,1/468,21/7427,0.0476190476190476,0.755698005698006,-0.290717909133087,0.745566517169539,0.97113590766346,0.90441818250652,ANKRD53,1
GO:0060674,placenta blood vessel development,1/468,21/7427,0.0476190476190476,0.755698005698006,-0.290717909133087,0.745566517169539,0.97113590766346,0.90441818250652,WNT2,1
GO:0070633,transepithelial transport,1/468,21/7427,0.0476190476190476,0.755698005698006,-0.290717909133087,0.745566517169539,0.97113590766346,0.90441818250652,CFTR,1
GO:0090594,inflammatory response to wounding,1/468,21/7427,0.0476190476190476,0.755698005698006,-0.290717909133087,0.745566517169539,0.97113590766346,0.90441818250652,GRN,1
GO:1903514,release of sequestered calcium ion into cytosol by endoplasmic reticulum,1/468,21/7427,0.0476190476190476,0.755698005698006,-0.290717909133087,0.745566517169539,0.97113590766346,0.90441818250652,RYR3,1
GO:1990542,mitochondrial transmembrane transport,1/468,21/7427,0.0476190476190476,0.755698005698006,-0.290717909133087,0.745566517169539,0.97113590766346,0.90441818250652,UCP2,1
GO:0009314,response to radiation,12/468,221/7427,0.0542986425339367,0.861700893375102,-0.541246827014042,0.745620512743579,0.97113590766346,0.90441818250652,PML/DDB2/CDKN1A/PDE1B/KMT2A/EGR1/SEMA5B/CASP7/USF1/HYAL1/LRIT3/SLC24A4,12
GO:0043069,negative regulation of programmed cell death,25/468,442/7427,0.0565610859728507,0.897605097265731,-0.575616517922721,0.746126839903258,0.971350064301543,0.904617626431782,DOCK8/BCL6/PIK3CG/DLL1/CD28/SYVN1/NCKAP1L/LGMN/CAPN3/SLC9A1/PCDHGC3/HCK/PRKCH/CXCL12/PDCD1/GRN/UCP2/PLCG2/TEX11/FFAR4/GDF5/VHL/EGR3/CXCR3/TMEM215,25
GO:0009410,response to xenobiotic stimulus,9/468,169/7427,0.0532544378698225,0.845129722348657,-0.52811673305875,0.746727894603892,0.971350064301543,0.904617626431782,NCKAP1L/PPP1R9B/SLC28A3/CYP26B1/ABCC3/CEBPA/FBP1/CYP46A1/HMGCS2,9
GO:0060541,respiratory system development,6/468,116/7427,0.0517241379310345,0.820844385499558,-0.504310495172462,0.747904196701919,0.971350064301543,0.904617626431782,MSC/CEBPA/TBX5/VANGL2/WNT2/HMGCS2,6
GO:0071695,anatomical structure maturation,6/468,116/7427,0.0517241379310345,0.820844385499558,-0.504310495172462,0.747904196701919,0.971350064301543,0.904617626431782,C3/KCNE1/CEBPA/CFTR/CLEC7A/SLC24A4,6
GO:0002790,peptide secretion,5/468,98/7427,0.0510204081632653,0.809676434676435,-0.49182457174072,0.748434235676326,0.971350064301543,0.904617626431782,UCP2/BMAL1/FFAR4/CFTR/HFE,5
GO:0071383,cellular response to steroid hormone stimulus,5/468,98/7427,0.0510204081632653,0.809676434676435,-0.49182457174072,0.748434235676326,0.971350064301543,0.904617626431782,ZNF366/ZFP36/BMAL1/SAFB2/HMGCS2,5
GO:0072330,monocarboxylic acid biosynthetic process,5/468,98/7427,0.0510204081632653,0.809676434676435,-0.49182457174072,0.748434235676326,0.971350064301543,0.904617626431782,WDTC1/NR1H3/LIPC/CYP46A1/ACSM5,5
GO:0007498,mesoderm development,3/468,61/7427,0.0491803278688525,0.780474989491383,-0.446436862795624,0.748743758607537,0.971350064301543,0.904617626431782,IKZF1/HCK/TBX19,3
GO:0032368,regulation of lipid transport,3/468,61/7427,0.0491803278688525,0.780474989491383,-0.446436862795624,0.748743758607537,0.971350064301543,0.904617626431782,SYK/EEPD1/NR1H3,3
GO:0045471,response to ethanol,3/468,61/7427,0.0491803278688525,0.780474989491383,-0.446436862795624,0.748743758607537,0.971350064301543,0.904617626431782,CD4/GRIN3A/HMGCS2,3
GO:1903532,positive regulation of secretion by cell,7/468,134/7427,0.0522388059701493,0.829011991325424,-0.517954878188915,0.748788832250445,0.971350064301543,0.904617626431782,SYK/MYOM1/CXCL12/RAB2B/FFAR4/CFTR/HFE,7
GO:0036294,cellular response to decreased oxygen levels,4/468,80/7427,0.05,0.793482905982906,-0.481585009063616,0.751343702203478,0.973099264766921,0.906246655585428,SLC9A1/SLC8A3/VHL/MPL,4
GO:0030516,regulation of axon extension,2/468,42/7427,0.0476190476190476,0.755698005698006,-0.411721350224704,0.752325830224636,0.973099264766921,0.906246655585428,SEMA6D/CXCL12,2
GO:0043112,receptor metabolic process,2/468,42/7427,0.0476190476190476,0.755698005698006,-0.411721350224704,0.752325830224636,0.973099264766921,0.906246655585428,LGMN/MYLIP,2
GO:0043525,positive regulation of neuron apoptotic process,2/468,42/7427,0.0476190476190476,0.755698005698006,-0.411721350224704,0.752325830224636,0.973099264766921,0.906246655585428,GRN/CASP7,2
GO:0046620,regulation of organ growth,2/468,42/7427,0.0476190476190476,0.755698005698006,-0.411721350224704,0.752325830224636,0.973099264766921,0.906246655585428,TBX5/WNT2,2
GO:0051057,positive regulation of small GTPase mediated signal transduction,2/468,42/7427,0.0476190476190476,0.755698005698006,-0.411721350224704,0.752325830224636,0.973099264766921,0.906246655585428,PIK3CG/RELN,2
GO:0060419,heart growth,2/468,42/7427,0.0476190476190476,0.755698005698006,-0.411721350224704,0.752325830224636,0.973099264766921,0.906246655585428,TBX5/WNT2,2
GO:1904263,positive regulation of TORC1 signaling,2/468,42/7427,0.0476190476190476,0.755698005698006,-0.411721350224704,0.752325830224636,0.973099264766921,0.906246655585428,SYK/FLCN,2
GO:0016050,vesicle organization,11/468,205/7427,0.0536585365853659,0.851542630810923,-0.558955108099564,0.753067003707217,0.973568543586444,0.906683694617445,SYT11/TMEM175/DNM1/KCNE1/STX11/PRRT2/CCDC136/SYT2/SYNJ1/GARIN1A/ASIP,11
GO:0120031,plasma membrane bounded cell projection assembly,14/468,257/7427,0.0544747081712062,0.86449499484519,-0.573309715620152,0.753597297108213,0.973568543586444,0.906683694617445,CCDC159/WAS/LIMA1/PPP1R16B/CEP164/SYNE2/PPP1R9B/SH2B1/VANGL2/DAAM2/EMP3/TMEM80/KCNJ10/RP1L1,14
GO:1901292,nucleoside phosphate catabolic process,5/468,99/7427,0.0505050505050505,0.801497884831218,-0.515604841281303,0.756368124781054,0.973568543586444,0.906683694617445,SAMHD1/FLCN/UCP2/FBP1/ALDOB,5
GO:0060271,cilium assembly,8/468,153/7427,0.0522875816993464,0.82978604547232,-0.551672339739184,0.757000945288926,0.973568543586444,0.906683694617445,CCDC159/LIMA1/CEP164/SYNE2/VANGL2/TMEM80/KCNJ10/RP1L1,8
GO:0030307,positive regulation of cell growth,4/468,81/7427,0.0493827160493827,0.783686820723858,-0.507606305880614,0.75999639279394,0.973568543586444,0.906683694617445,SLC9A1/CXCL12/SYT2/HYAL1,4
GO:0048813,dendrite morphogenesis,4/468,81/7427,0.0493827160493827,0.783686820723858,-0.507606305880614,0.75999639279394,0.973568543586444,0.906683694617445,LZTS1/HECW2/RELN/MAP6,4
GO:0097696,cell surface receptor signaling pathway via STAT,4/468,81/7427,0.0493827160493827,0.783686820723858,-0.507606305880614,0.75999639279394,0.973568543586444,0.906683694617445,STAT2/TYK2/IL10RA/VHL,4
GO:0001782,B cell homeostasis,1/468,22/7427,0.0454545454545455,0.721348096348096,-0.339420293034154,0.761644679465604,0.973568543586444,0.906683694617445,NCKAP1L,1
GO:0007007,inner mitochondrial membrane organization,1/468,22/7427,0.0454545454545455,0.721348096348096,-0.339420293034154,0.761644679465604,0.973568543586444,0.906683694617445,TRMT10B,1
GO:0007157,heterophilic cell-cell adhesion via plasma membrane cell adhesion molecules,1/468,22/7427,0.0454545454545455,0.721348096348096,-0.339420293034154,0.761644679465604,0.973568543586444,0.906683694617445,SELP,1
GO:0009066,aspartate family amino acid metabolic process,1/468,22/7427,0.0454545454545455,0.721348096348096,-0.339420293034154,0.761644679465604,0.973568543586444,0.906683694617445,PIPOX,1
GO:0009948,anterior/posterior axis specification,1/468,22/7427,0.0454545454545455,0.721348096348096,-0.339420293034154,0.761644679465604,0.973568543586444,0.906683694617445,TIFAB,1
GO:0030149,sphingolipid catabolic process,1/468,22/7427,0.0454545454545455,0.721348096348096,-0.339420293034154,0.761644679465604,0.973568543586444,0.906683694617445,GBA2,1
GO:0031579,membrane raft organization,1/468,22/7427,0.0454545454545455,0.721348096348096,-0.339420293034154,0.761644679465604,0.973568543586444,0.906683694617445,DOCK2,1
GO:0033013,tetrapyrrole metabolic process,1/468,22/7427,0.0454545454545455,0.721348096348096,-0.339420293034154,0.761644679465604,0.973568543586444,0.906683694617445,CUBN,1
GO:0035082,axoneme assembly,1/468,22/7427,0.0454545454545455,0.721348096348096,-0.339420293034154,0.761644679465604,0.973568543586444,0.906683694617445,RP1L1,1
GO:0042398,modified amino acid biosynthetic process,1/468,22/7427,0.0454545454545455,0.721348096348096,-0.339420293034154,0.761644679465604,0.973568543586444,0.906683694617445,GCH1,1
GO:0043162,ubiquitin-dependent protein catabolic process via the multivesicular body sorting pathway,1/468,22/7427,0.0454545454545455,0.721348096348096,-0.339420293034154,0.761644679465604,0.973568543586444,0.906683694617445,UBAP1L,1
GO:0044794,host-mediated activation of viral process,1/468,22/7427,0.0454545454545455,0.721348096348096,-0.339420293034154,0.761644679465604,0.973568543586444,0.906683694617445,STOM,1
GO:0051291,protein heterooligomerization,1/468,22/7427,0.0454545454545455,0.721348096348096,-0.339420293034154,0.761644679465604,0.973568543586444,0.906683694617445,GRIA3,1
GO:0051693,actin filament capping,1/468,22/7427,0.0454545454545455,0.721348096348096,-0.339420293034154,0.761644679465604,0.973568543586444,0.906683694617445,VILL,1
GO:0060412,ventricular septum morphogenesis,1/468,22/7427,0.0454545454545455,0.721348096348096,-0.339420293034154,0.761644679465604,0.973568543586444,0.906683694617445,VANGL2,1
GO:0060999,positive regulation of dendritic spine development,1/468,22/7427,0.0454545454545455,0.721348096348096,-0.339420293034154,0.761644679465604,0.973568543586444,0.906683694617445,RELN,1
GO:0071402,cellular response to lipoprotein particle stimulus,1/468,22/7427,0.0454545454545455,0.721348096348096,-0.339420293034154,0.761644679465604,0.973568543586444,0.906683694617445,SYK,1
GO:1900077,negative regulation of cellular response to insulin stimulus,1/468,22/7427,0.0454545454545455,0.721348096348096,-0.339420293034154,0.761644679465604,0.973568543586444,0.906683694617445,ZNF592,1
GO:1900225,regulation of NLRP3 inflammasome complex assembly,1/468,22/7427,0.0454545454545455,0.721348096348096,-0.339420293034154,0.761644679465604,0.973568543586444,0.906683694617445,PLCG2,1
GO:1901532,regulation of hematopoietic progenitor cell differentiation,1/468,22/7427,0.0454545454545455,0.721348096348096,-0.339420293034154,0.761644679465604,0.973568543586444,0.906683694617445,FLCN,1
GO:1901889,negative regulation of cell junction assembly,1/468,22/7427,0.0454545454545455,0.721348096348096,-0.339420293034154,0.761644679465604,0.973568543586444,0.906683694617445,ARHGAP6,1
GO:1902229,regulation of intrinsic apoptotic signaling pathway in response to DNA damage,1/468,22/7427,0.0454545454545455,0.721348096348096,-0.339420293034154,0.761644679465604,0.973568543586444,0.906683694617445,CXCL12,1
GO:1905710,positive regulation of membrane permeability,1/468,22/7427,0.0454545454545455,0.721348096348096,-0.339420293034154,0.761644679465604,0.973568543586444,0.906683694617445,SLC9A1,1
GO:1905953,negative regulation of lipid localization,1/468,22/7427,0.0454545454545455,0.721348096348096,-0.339420293034154,0.761644679465604,0.973568543586444,0.906683694617445,NR1H3,1
GO:2000648,positive regulation of stem cell proliferation,1/468,22/7427,0.0454545454545455,0.721348096348096,-0.339420293034154,0.761644679465604,0.973568543586444,0.906683694617445,SHOX2,1
GO:0043549,regulation of kinase activity,7/468,136/7427,0.0514705882352941,0.816820638511815,-0.559087041944733,0.762366446906578,0.973568543586444,0.906683694617445,TSPYL2/LCP2/PIK3CG/CASS4/CDKN1A/CD4/CDK5RAP3,7
GO:0002753,cytoplasmic pattern recognition receptor signaling pathway,6/468,118/7427,0.0508474576271187,0.806931768796176,-0.548213620203894,0.762440006005015,0.973568543586444,0.906683694617445,STING1/TRIM56/TLR9/SLC15A3/PLCG2/HAVCR2,6
GO:0033673,negative regulation of kinase activity,2/468,43/7427,0.0465116279069768,0.738123633472471,-0.44659275270574,0.763910544039856,0.973568543586444,0.906683694617445,CDKN1A/CDK5RAP3,2
GO:0045669,positive regulation of osteoblast differentiation,2/468,43/7427,0.0465116279069768,0.738123633472471,-0.44659275270574,0.763910544039856,0.973568543586444,0.906683694617445,CEBPA/FFAR4,2
GO:0051881,regulation of mitochondrial membrane potential,2/468,43/7427,0.0465116279069768,0.738123633472471,-0.44659275270574,0.763910544039856,0.973568543586444,0.906683694617445,UCP2/RNF122,2
GO:0061515,myeloid cell development,2/468,43/7427,0.0465116279069768,0.738123633472471,-0.44659275270574,0.763910544039856,0.973568543586444,0.906683694617445,BCL6/NCKAP1L,2
GO:0061614,miRNA transcription,2/468,43/7427,0.0465116279069768,0.738123633472471,-0.44659275270574,0.763910544039856,0.973568543586444,0.906683694617445,EGR1/POU5F1,2
GO:0071479,cellular response to ionizing radiation,2/468,43/7427,0.0465116279069768,0.738123633472471,-0.44659275270574,0.763910544039856,0.973568543586444,0.906683694617445,CDKN1A/EGR1,2
GO:1902893,regulation of miRNA transcription,2/468,43/7427,0.0465116279069768,0.738123633472471,-0.44659275270574,0.763910544039856,0.973568543586444,0.906683694617445,EGR1/POU5F1,2
GO:0010586,miRNA metabolic process,3/468,63/7427,0.0476190476190476,0.755698005698006,-0.504972093062747,0.768156160715712,0.976858380226793,0.909747517148904,EGR1/ZSWIM8/POU5F1,3
GO:0031570,DNA integrity checkpoint signaling,3/468,63/7427,0.0476190476190476,0.755698005698006,-0.504972093062747,0.768156160715712,0.976858380226793,0.909747517148904,CDKN1A/RPS27L/CDK5RAP3,3
GO:0036503,ERAD pathway,3/468,63/7427,0.0476190476190476,0.755698005698006,-0.504972093062747,0.768156160715712,0.976858380226793,0.909747517148904,TMEM259/SYVN1/OS9,3
GO:0072089,stem cell proliferation,3/468,63/7427,0.0476190476190476,0.755698005698006,-0.504972093062747,0.768156160715712,0.976858380226793,0.909747517148904,SHOX2/FBLN1/CEBPA,3
GO:1901875,positive regulation of post-translational protein modification,3/468,63/7427,0.0476190476190476,0.755698005698006,-0.504972093062747,0.768156160715712,0.976858380226793,0.909747517148904,RASSF5/EGR1/CDK5RAP3,3
GO:0035265,organ growth,4/468,82/7427,0.0487804878048781,0.774129664373567,-0.533331461939162,0.768414323270893,0.976858380226793,0.909747517148904,DLL1/PSAP/TBX5/WNT2,4
GO:1903052,positive regulation of proteolysis involved in protein catabolic process,4/468,82/7427,0.0487804878048781,0.774129664373567,-0.533331461939162,0.768414323270893,0.976858380226793,0.909747517148904,TMEM259/RFPL1/CEBPA/CDK5RAP3,4
GO:0016485,protein processing,6/468,119/7427,0.0504201680672269,0.800150829562594,-0.569906410324438,0.769472945855543,0.977223462193937,0.91008751772615,VSIR/MAFB/LGMN/MEP1A/CASP7/PCSK1,6
GO:0043603,amide metabolic process,11/468,208/7427,0.0528846153846154,0.839260765943458,-0.609736258984434,0.769521162951952,0.977223462193937,0.91008751772615,P2RX1/PIPOX/MEP1A/CASP7/CEBPA/GBA2/PNPLA1/ACSM5/PCSK1/HMGCS2/ALDOB,11
GO:0010948,negative regulation of cell cycle process,8/468,155/7427,0.0516129032258065,0.819079128756548,-0.590275238269915,0.769525700760534,0.977223462193937,0.91008751772615,BCL6/CDKN1A/GPNMB/BTN2A2/RPS27L/RFPL1/CDK5RAP3/CENATAC,8
GO:0009792,embryo development ending in birth or egg hatching,20/468,364/7427,0.054945054945055,0.871959237343853,-0.649578020925264,0.772758149007952,0.977619756173046,0.910456586028018,SHOX2/PHACTR4/CDKN1A/HOXC6/DLL1/MAFB/HOXA4/ZNF335/FLCN/WDTC1/GRN/HOXD1/RGMA/MEOX2/POU5F1/TBX18/CEBPA/VANGL2/WNT2/HYAL1,20
GO:0001932,regulation of protein phosphorylation,11/468,209/7427,0.0526315789473684,0.835245164192533,-0.62651266626589,0.774833164131967,0.977619756173046,0.910456586028018,STAT2/TSPYL2/LCP2/PIK3CG/CASS4/CDKN1A/C3/CD4/FBLN1/ATG14/CDK5RAP3,11
GO:0043242,negative regulation of protein-containing complex disassembly,2/468,44/7427,0.0454545454545455,0.721348096348096,-0.480727425256699,0.775022572484461,0.977619756173046,0.910456586028018,VILL/LIMA1,2
GO:0051279,regulation of release of sequestered calcium ion into cytosol,2/468,44/7427,0.0454545454545455,0.721348096348096,-0.480727425256699,0.775022572484461,0.977619756173046,0.910456586028018,CAPN3/CXCR3,2
GO:2000736,regulation of stem cell differentiation,2/468,44/7427,0.0454545454545455,0.721348096348096,-0.480727425256699,0.775022572484461,0.977619756173046,0.910456586028018,CHD3/TBX5,2
GO:0006862,nucleotide transport,1/468,23/7427,0.0434782608695652,0.68998513563731,-0.386135926978856,0.776708864477095,0.977619756173046,0.910456586028018,CALHM5,1
GO:0007020,microtubule nucleation,1/468,23/7427,0.0434782608695652,0.68998513563731,-0.386135926978856,0.776708864477095,0.977619756173046,0.910456586028018,PDE4DIP,1
GO:0009394,2'-deoxyribonucleotide metabolic process,1/468,23/7427,0.0434782608695652,0.68998513563731,-0.386135926978856,0.776708864477095,0.977619756173046,0.910456586028018,SAMHD1,1
GO:0010526,transposable element silencing,1/468,23/7427,0.0434782608695652,0.68998513563731,-0.386135926978856,0.776708864477095,0.977619756173046,0.910456586028018,APOBEC3F,1
GO:0010934,macrophage cytokine production,1/468,23/7427,0.0434782608695652,0.68998513563731,-0.386135926978856,0.776708864477095,0.977619756173046,0.910456586028018,PLCG2,1
GO:0010935,regulation of macrophage cytokine production,1/468,23/7427,0.0434782608695652,0.68998513563731,-0.386135926978856,0.776708864477095,0.977619756173046,0.910456586028018,PLCG2,1
GO:0032197,retrotransposition,1/468,23/7427,0.0434782608695652,0.68998513563731,-0.386135926978856,0.776708864477095,0.977619756173046,0.910456586028018,APOBEC3F,1
GO:0033260,nuclear DNA replication,1/468,23/7427,0.0434782608695652,0.68998513563731,-0.386135926978856,0.776708864477095,0.977619756173046,0.910456586028018,BCL6,1
GO:0043537,negative regulation of blood vessel endothelial cell migration,1/468,23/7427,0.0434782608695652,0.68998513563731,-0.386135926978856,0.776708864477095,0.977619756173046,0.910456586028018,MEOX2,1
GO:0045879,negative regulation of smoothened signaling pathway,1/468,23/7427,0.0434782608695652,0.68998513563731,-0.386135926978856,0.776708864477095,0.977619756173046,0.910456586028018,PTCH2,1
GO:0048246,macrophage chemotaxis,1/468,23/7427,0.0434782608695652,0.68998513563731,-0.386135926978856,0.776708864477095,0.977619756173046,0.910456586028018,C5AR1,1
GO:0051150,regulation of smooth muscle cell differentiation,1/468,23/7427,0.0434782608695652,0.68998513563731,-0.386135926978856,0.776708864477095,0.977619756173046,0.910456586028018,NOTCH4,1
GO:0051938,L-glutamate import,1/468,23/7427,0.0434782608695652,0.68998513563731,-0.386135926978856,0.776708864477095,0.977619756173046,0.910456586028018,KCNJ10,1
GO:0060251,regulation of glial cell proliferation,1/468,23/7427,0.0434782608695652,0.68998513563731,-0.386135926978856,0.776708864477095,0.977619756173046,0.910456586028018,PRKCH,1
GO:0060317,cardiac epithelial to mesenchymal transition,1/468,23/7427,0.0434782608695652,0.68998513563731,-0.386135926978856,0.776708864477095,0.977619756173046,0.910456586028018,WNT2,1
GO:0090224,regulation of spindle organization,1/468,23/7427,0.0434782608695652,0.68998513563731,-0.386135926978856,0.776708864477095,0.977619756173046,0.910456586028018,ANKRD53,1
GO:0090317,negative regulation of intracellular protein transport,1/468,23/7427,0.0434782608695652,0.68998513563731,-0.386135926978856,0.776708864477095,0.977619756173046,0.910456586028018,OS9,1
GO:0150117,positive regulation of cell-substrate junction organization,1/468,23/7427,0.0434782608695652,0.68998513563731,-0.386135926978856,0.776708864477095,0.977619756173046,0.910456586028018,COL16A1,1
GO:1903539,protein localization to postsynaptic membrane,1/468,23/7427,0.0434782608695652,0.68998513563731,-0.386135926978856,0.776708864477095,0.977619756173046,0.910456586028018,GRIP2,1
GO:1905898,positive regulation of response to endoplasmic reticulum stress,1/468,23/7427,0.0434782608695652,0.68998513563731,-0.386135926978856,0.776708864477095,0.977619756173046,0.910456586028018,TMEM259,1
GO:0007346,regulation of mitotic cell cycle,14/468,262/7427,0.0534351145038168,0.847996998760358,-0.649563617868585,0.777967824234212,0.978857994623662,0.911609756619465,BCL6/PML/CDKN1A/CD28/LGMN/PPP1R9B/HECW2/SH2B1/GPNMB/BTN2A2/RPS27L/RFPL1/CCDC8/CDK5RAP3,14
GO:0071824,protein-DNA complex organization,5/468,102/7427,0.0490196078431373,0.7779244176303,-0.585631005419008,0.779044880269277,0.979866562630063,0.912549035288995,TSPYL2/TAF1C/MED15/CENPT/CHD2,5
GO:0043542,endothelial cell migration,7/468,139/7427,0.0503597122302158,0.799191416097891,-0.619744201959357,0.781726428458677,0.982520790370307,0.915020915702279,PIK3CG/HSPA12B/LGMN/PRKD2/GRN/MEOX2/EGR3,7
GO:0051047,positive regulation of secretion,7/468,139/7427,0.0503597122302158,0.799191416097891,-0.619744201959357,0.781726428458677,0.982520790370307,0.915020915702279,SYK/MYOM1/CXCL12/RAB2B/FFAR4/CFTR/HFE,7
GO:0031400,negative regulation of protein modification process,6/468,121/7427,0.0495867768595041,0.786925196016105,-0.612790366901229,0.783072803054805,0.982520790370307,0.915020915702279,CDKN1A/CAPN3/FLCN/FBLN1/ATG14/CDK5RAP3,6
GO:0045732,positive regulation of protein catabolic process,6/468,121/7427,0.0495867768595041,0.786925196016105,-0.612790366901229,0.783072803054805,0.982520790370307,0.915020915702279,TNFRSF1B/TMEM259/MYLIP/RGMA/RFPL1/CEBPA,6
GO:1900180,regulation of protein localization to nucleus,4/468,84/7427,0.0476190476190476,0.755698005698006,-0.58392473445406,0.784555965916741,0.982520790370307,0.915020915702279,TYK2/RASSF5/FLCN/CDK5RAP3,4
GO:0006094,gluconeogenesis,2/468,45/7427,0.0444444444444444,0.705318138651472,-0.514161580136712,0.785675340575389,0.982520790370307,0.915020915702279,FBP1/ALDOB,2
GO:0010803,regulation of tumor necrosis factor-mediated signaling pathway,2/468,45/7427,0.0444444444444444,0.705318138651472,-0.514161580136712,0.785675340575389,0.982520790370307,0.915020915702279,SYK/SPPL2B,2
GO:0034728,nucleosome organization,2/468,45/7427,0.0444444444444444,0.705318138651472,-0.514161580136712,0.785675340575389,0.982520790370307,0.915020915702279,TSPYL2/CHD2,2
GO:0051336,regulation of hydrolase activity,5/468,103/7427,0.0485436893203884,0.770371753381462,-0.60855065603091,0.786233517224861,0.982520790370307,0.915020915702279,DOCK8/VSIR/GRN/PSAP/CDK5RAP3,5
GO:0045446,endothelial cell differentiation,3/468,65/7427,0.0461538461538462,0.732445759368836,-0.561820512090768,0.786330259121205,0.982520790370307,0.915020915702279,DLL1/PPP1R16B/NOTCH4,3
GO:0010256,endomembrane system organization,17/468,316/7427,0.0537974683544304,0.853747430487937,-0.688983287828215,0.787146370459744,0.982520790370307,0.915020915702279,SYT11/DNM1/MAFB/TJAP1/PDE4DIP/KCNE1/ATP8B4/GOLGA8B/STX11/PRRT2/RAB2B/GOLGB1/CCDC136/CASP7/SYT2/SYNJ1/GARIN1A,17
GO:0048732,gland development,11/468,212/7427,0.0518867924528302,0.823425657152072,-0.676401157484272,0.790251976715091,0.982520790370307,0.915020915702279,PML/MAFB/RCBTB2/NOTCH4/UCP2/PSAP/TBX19/CEBPA/WNT2/CDK5RAP3/HMGCS2,11
GO:0002446,neutrophil mediated immunity,1/468,24/7427,0.0416666666666667,0.661235754985755,-0.431048653925081,0.790822890871574,0.982520790370307,0.915020915702279,SYK,1
GO:0009262,deoxyribonucleotide metabolic process,1/468,24/7427,0.0416666666666667,0.661235754985755,-0.431048653925081,0.790822890871574,0.982520790370307,0.915020915702279,SAMHD1,1
GO:0010171,body morphogenesis,1/468,24/7427,0.0416666666666667,0.661235754985755,-0.431048653925081,0.790822890871574,0.982520790370307,0.915020915702279,MYH3,1
GO:0010719,negative regulation of epithelial to mesenchymal transition,1/468,24/7427,0.0416666666666667,0.661235754985755,-0.431048653925081,0.790822890871574,0.982520790370307,0.915020915702279,TBX5,1
GO:0019674,NAD+ metabolic process,1/468,24/7427,0.0416666666666667,0.661235754985755,-0.431048653925081,0.790822890871574,0.982520790370307,0.915020915702279,HAAO,1
GO:0022602,ovulation cycle process,1/468,24/7427,0.0416666666666667,0.661235754985755,-0.431048653925081,0.790822890871574,0.982520790370307,0.915020915702279,NOTCH4,1
GO:0030521,androgen receptor signaling pathway,1/468,24/7427,0.0416666666666667,0.661235754985755,-0.431048653925081,0.790822890871574,0.982520790370307,0.915020915702279,SAFB2,1
GO:0030866,cortical actin cytoskeleton organization,1/468,24/7427,0.0416666666666667,0.661235754985755,-0.431048653925081,0.790822890871574,0.982520790370307,0.915020915702279,NCKAP1L,1
GO:0032196,transposition,1/468,24/7427,0.0416666666666667,0.661235754985755,-0.431048653925081,0.790822890871574,0.982520790370307,0.915020915702279,APOBEC3F,1
GO:0032438,melanosome organization,1/468,24/7427,0.0416666666666667,0.661235754985755,-0.431048653925081,0.790822890871574,0.982520790370307,0.915020915702279,ASIP,1
GO:0035825,homologous recombination,1/468,24/7427,0.0416666666666667,0.661235754985755,-0.431048653925081,0.790822890871574,0.982520790370307,0.915020915702279,TEX11,1
GO:0042181,ketone biosynthetic process,1/468,24/7427,0.0416666666666667,0.661235754985755,-0.431048653925081,0.790822890871574,0.982520790370307,0.915020915702279,EGR1,1
GO:0045740,positive regulation of DNA replication,1/468,24/7427,0.0416666666666667,0.661235754985755,-0.431048653925081,0.790822890871574,0.982520790370307,0.915020915702279,CDKN1A,1
GO:0045747,positive regulation of Notch signaling pathway,1/468,24/7427,0.0416666666666667,0.661235754985755,-0.431048653925081,0.790822890871574,0.982520790370307,0.915020915702279,DLL1,1
GO:0046148,pigment biosynthetic process,1/468,24/7427,0.0416666666666667,0.661235754985755,-0.431048653925081,0.790822890871574,0.982520790370307,0.915020915702279,ASIP,1
GO:0048753,pigment granule organization,1/468,24/7427,0.0416666666666667,0.661235754985755,-0.431048653925081,0.790822890871574,0.982520790370307,0.915020915702279,ASIP,1
GO:0048873,homeostasis of number of cells within a tissue,1/468,24/7427,0.0416666666666667,0.661235754985755,-0.431048653925081,0.790822890871574,0.982520790370307,0.915020915702279,KMT2A,1
GO:0060071,"Wnt signaling pathway, planar cell polarity pathway",1/468,24/7427,0.0416666666666667,0.661235754985755,-0.431048653925081,0.790822890871574,0.982520790370307,0.915020915702279,VANGL2,1
GO:0062237,protein localization to postsynapse,1/468,24/7427,0.0416666666666667,0.661235754985755,-0.431048653925081,0.790822890871574,0.982520790370307,0.915020915702279,GRIP2,1
GO:0070192,chromosome organization involved in meiotic cell cycle,1/468,24/7427,0.0416666666666667,0.661235754985755,-0.431048653925081,0.790822890871574,0.982520790370307,0.915020915702279,TEX11,1
GO:1900026,positive regulation of substrate adhesion-dependent cell spreading,1/468,24/7427,0.0416666666666667,0.661235754985755,-0.431048653925081,0.790822890871574,0.982520790370307,0.915020915702279,CASS4,1
GO:1902692,regulation of neuroblast proliferation,1/468,24/7427,0.0416666666666667,0.661235754985755,-0.431048653925081,0.790822890871574,0.982520790370307,0.915020915702279,ZNF335,1
GO:1904035,regulation of epithelial cell apoptotic process,1/468,24/7427,0.0416666666666667,0.661235754985755,-0.431048653925081,0.790822890871574,0.982520790370307,0.915020915702279,ZFP36,1
GO:0051129,negative regulation of cellular component organization,21/468,386/7427,0.0544041450777202,0.863375182675701,-0.714879848712591,0.79207444700092,0.983546448574582,0.915976110460977,PML/TNFRSF1B/SYT11/SIRPA/VILL/CH25H/KMT2A/WAS/SEMA6D/LIMA1/GFI1/ARHGAP6/ARHGEF18/FLCN/PRRT2/MYLIP/CGNL1/RGMA/NR1H3/CD300LF/CENATAC,21
GO:0009896,positive regulation of catabolic process,16/468,300/7427,0.0533333333333333,0.846381766381767,-0.704331311656187,0.792645073277256,0.983546448574582,0.915976110460977,STING1/VSIR/SYK/TNFRSF1B/TMEM259/TLR9/ZSWIM8/GTSF1/FLCN/MYLIP/RGMA/ZFP36/RFPL1/RAB37/CEBPA/CDK5RAP3,16
GO:0009141,nucleoside triphosphate metabolic process,8/468,159/7427,0.050314465408805,0.7984733645111,-0.666117031420844,0.793168005651203,0.983546448574582,0.915976110460977,MYH3/VPS9D1/SAMHD1/FLCN/UCP2/NME9/FBP1/ALDOB,8
GO:0048232,male gamete generation,13/468,248/7427,0.0524193548387097,0.831877240143369,-0.6983085429439,0.794035949378925,0.983546448574582,0.915976110460977,BCL6/CCDC159/DLEC1/JAM2/GTSF1/CYP26B1/CCDC136/TSSK4/TEX11/BMAL1/CFTR/GARIN1A/NUP210L,13
GO:0006368,transcription elongation by RNA polymerase II,3/468,66/7427,0.0454545454545455,0.721348096348096,-0.589647625508012,0.794966555988733,0.983546448574582,0.915976110460977,MED15/POLR2A/VHL,3
GO:0007093,mitotic cell cycle checkpoint signaling,3/468,66/7427,0.0454545454545455,0.721348096348096,-0.589647625508012,0.794966555988733,0.983546448574582,0.915976110460977,CDKN1A/RPS27L/CDK5RAP3,3
GO:0030518,nuclear receptor-mediated steroid hormone signaling pathway,3/468,66/7427,0.0454545454545455,0.721348096348096,-0.589647625508012,0.794966555988733,0.983546448574582,0.915976110460977,ZNF366/BMAL1/SAFB2,3
GO:0035148,tube formation,3/468,66/7427,0.0454545454545455,0.721348096348096,-0.589647625508012,0.794966555988733,0.983546448574582,0.915976110460977,PHACTR4/RGMA/VANGL2,3
GO:0043401,steroid hormone receptor signaling pathway,3/468,66/7427,0.0454545454545455,0.721348096348096,-0.589647625508012,0.794966555988733,0.983546448574582,0.915976110460977,ZNF366/BMAL1/SAFB2,3
GO:0051028,mRNA transport,3/468,66/7427,0.0454545454545455,0.721348096348096,-0.589647625508012,0.794966555988733,0.983546448574582,0.915976110460977,NXF1/NPIPA1/ZFP36,3
GO:0071333,cellular response to glucose stimulus,3/468,66/7427,0.0454545454545455,0.721348096348096,-0.589647625508012,0.794966555988733,0.983546448574582,0.915976110460977,UCP2/USF1/CFTR,3
GO:1901796,regulation of signal transduction by p53 class mediator,3/468,66/7427,0.0454545454545455,0.721348096348096,-0.589647625508012,0.794966555988733,0.983546448574582,0.915976110460977,PML/TIFAB/CDK5RAP3,3
GO:0021766,hippocampus development,2/468,46/7427,0.0434782608695652,0.68998513563731,-0.546928823373071,0.795882461352151,0.983653201886588,0.916075529744785,PPP1R9B/RELN,2
GO:0021954,central nervous system neuron development,2/468,46/7427,0.0434782608695652,0.68998513563731,-0.546928823373071,0.795882461352151,0.983653201886588,0.916075529744785,SZT2/GBA2,2
GO:0030510,regulation of BMP signaling pathway,2/468,46/7427,0.0434782608695652,0.68998513563731,-0.546928823373071,0.795882461352151,0.983653201886588,0.916075529744785,RGMA/GDF5,2
GO:0070647,protein modification by small protein conjugation or removal,26/468,473/7427,0.0549682875264271,0.872327930467465,-0.744108226948279,0.798124407102535,0.984131975896475,0.916521411640858,EGR2/PML/TRIM56/DDB2/TRIM38/RASSF5/DTX2/KLHL3/SYVN1/DTX1/UBA7/OTUD1/CAPN3/EGR1/NFATC2IP/OS9/HECW2/ZSWIM8/WDTC1/MYLIP/TRIM4/RNF122/DTX3/NLRP4/VHL/CDK5RAP3,26
GO:0043066,negative regulation of apoptotic process,23/468,422/7427,0.0545023696682465,0.864933973346296,-0.740841428475134,0.798607513208982,0.984131975896475,0.916521411640858,DOCK8/BCL6/PIK3CG/DLL1/CD28/SYVN1/NCKAP1L/LGMN/CAPN3/SLC9A1/PCDHGC3/HCK/PRKCH/CXCL12/PDCD1/GRN/UCP2/TEX11/FFAR4/GDF5/VHL/EGR3/CXCR3,23
GO:0043491,phosphatidylinositol 3-kinase/protein kinase B signal transduction,9/468,178/7427,0.050561797752809,0.802398444252377,-0.691971633620788,0.798613995364649,0.984131975896475,0.916521411640858,PIK3CG/CASS4/CD28/PPP1R16B/FLCN/BTN2A2/RELN/SELP/ATG14,9
GO:0007033,vacuole organization,7/468,142/7427,0.0492957746478873,0.782307090405682,-0.679204663054486,0.79989284762046,0.984131975896475,0.916521411640858,STING1/SYK/TMEM175/GABARAPL1/FLCN/GRN/ATG14,7
GO:0070848,response to growth factor,19/468,354/7427,0.0536723163841808,0.851761311507074,-0.741119681466511,0.80111188807804,0.984131975896475,0.916521411640858,PML/DLL1/KMT2A/LGMN/SNRNP70/PRKD2/EGR1/PPP1R9B/FLCN/RGMA/ZFP36/HIVEP1/POU5F1/GDF5/HFE/WNT2/HYAL1/EGR3/LRIT3,19
GO:0098773,skin epidermis development,3/468,67/7427,0.0447761194029851,0.710581706850364,-0.617094183377642,0.803310126858645,0.984131975896475,0.916521411640858,DLL1/CYP26B1/VANGL2,3
GO:0097193,intrinsic apoptotic signaling pathway,9/468,179/7427,0.0502793296089386,0.797915771379459,-0.709703300321275,0.803859303860972,0.984131975896475,0.916521411640858,PML/TNFRSF1B/CDKN1A/CDIP1/SYVN1/TIFAB/CXCL12/FLCN/RPS27L,9
GO:0000381,"regulation of alternative mRNA splicing, via spliceosome",1/468,25/7427,0.04,0.634786324786325,-0.474317857647092,0.804046568714625,0.984131975896475,0.916521411640858,CELF6,1
GO:0006040,amino sugar metabolic process,1/468,25/7427,0.04,0.634786324786325,-0.474317857647092,0.804046568714625,0.984131975896475,0.916521411640858,UAP1L1,1
GO:0006111,regulation of gluconeogenesis,1/468,25/7427,0.04,0.634786324786325,-0.474317857647092,0.804046568714625,0.984131975896475,0.916521411640858,FBP1,1
GO:0010712,regulation of collagen metabolic process,1/468,25/7427,0.04,0.634786324786325,-0.474317857647092,0.804046568714625,0.984131975896475,0.916521411640858,VSIR,1
GO:0030520,estrogen receptor signaling pathway,1/468,25/7427,0.04,0.634786324786325,-0.474317857647092,0.804046568714625,0.984131975896475,0.916521411640858,ZNF366,1
GO:0031638,zymogen activation,1/468,25/7427,0.04,0.634786324786325,-0.474317857647092,0.804046568714625,0.984131975896475,0.916521411640858,VSIR,1
GO:0035094,response to nicotine,1/468,25/7427,0.04,0.634786324786325,-0.474317857647092,0.804046568714625,0.984131975896475,0.916521411640858,PPP1R9B,1
GO:0043331,response to dsRNA,1/468,25/7427,0.04,0.634786324786325,-0.474317857647092,0.804046568714625,0.984131975896475,0.916521411640858,STING1,1
GO:0044546,NLRP3 inflammasome complex assembly,1/468,25/7427,0.04,0.634786324786325,-0.474317857647092,0.804046568714625,0.984131975896475,0.916521411640858,PLCG2,1
GO:0044786,cell cycle DNA replication,1/468,25/7427,0.04,0.634786324786325,-0.474317857647092,0.804046568714625,0.984131975896475,0.916521411640858,BCL6,1
GO:0046456,icosanoid biosynthetic process,1/468,25/7427,0.04,0.634786324786325,-0.474317857647092,0.804046568714625,0.984131975896475,0.916521411640858,SYK,1
GO:0046466,membrane lipid catabolic process,1/468,25/7427,0.04,0.634786324786325,-0.474317857647092,0.804046568714625,0.984131975896475,0.916521411640858,GBA2,1
GO:0046902,regulation of mitochondrial membrane permeability,1/468,25/7427,0.04,0.634786324786325,-0.474317857647092,0.804046568714625,0.984131975896475,0.916521411640858,SLC9A1,1
GO:0048662,negative regulation of smooth muscle cell proliferation,1/468,25/7427,0.04,0.634786324786325,-0.474317857647092,0.804046568714625,0.984131975896475,0.916521411640858,CDKN1A,1
GO:0050731,positive regulation of peptidyl-tyrosine phosphorylation,1/468,25/7427,0.04,0.634786324786325,-0.474317857647092,0.804046568714625,0.984131975896475,0.916521411640858,CASS4,1
GO:0060711,labyrinthine layer development,1/468,25/7427,0.04,0.634786324786325,-0.474317857647092,0.804046568714625,0.984131975896475,0.916521411640858,WNT2,1
GO:0090148,membrane fission,1/468,25/7427,0.04,0.634786324786325,-0.474317857647092,0.804046568714625,0.984131975896475,0.916521411640858,DNM1,1
GO:0090329,regulation of DNA-templated DNA replication,1/468,25/7427,0.04,0.634786324786325,-0.474317857647092,0.804046568714625,0.984131975896475,0.916521411640858,BCL6,1
GO:0120033,negative regulation of plasma membrane bounded cell projection assembly,1/468,25/7427,0.04,0.634786324786325,-0.474317857647092,0.804046568714625,0.984131975896475,0.916521411640858,LIMA1,1
GO:0141156,cAMP/PKA signal transduction,1/468,25/7427,0.04,0.634786324786325,-0.474317857647092,0.804046568714625,0.984131975896475,0.916521411640858,PDE1B,1
GO:1903307,positive regulation of regulated secretory pathway,1/468,25/7427,0.04,0.634786324786325,-0.474317857647092,0.804046568714625,0.984131975896475,0.916521411640858,SYK,1
GO:0044282,small molecule catabolic process,8/468,161/7427,0.0496894409937888,0.788554440728354,-0.703381255588116,0.804293408470917,0.984131975896475,0.916521411640858,HAAO/CSAD/PIPOX/CYP26B1/CYP46A1/IL4I1/HDC/ALDOB,8
GO:0003073,regulation of systemic arterial blood pressure,2/468,47/7427,0.0425531914893617,0.675304600836516,-0.579060396844087,0.805657659075676,0.984784980526522,0.917129554389999,SLC2A5/AVPR2,2
GO:0034243,regulation of transcription elongation by RNA polymerase II,2/468,47/7427,0.0425531914893617,0.675304600836516,-0.579060396844087,0.805657659075676,0.984784980526522,0.917129554389999,MED15/VHL,2
GO:0043255,regulation of carbohydrate biosynthetic process,2/468,47/7427,0.0425531914893617,0.675304600836516,-0.579060396844087,0.805657659075676,0.984784980526522,0.917129554389999,PPP1R3E/FBP1,2
GO:0045216,cell-cell junction organization,5/468,106/7427,0.0471698113207547,0.748568779229157,-0.676104636114134,0.806713089923795,0.985095887661227,0.917419101984192,CLDN15/PRKCH/FLCN/WHRN/TBX5,5
GO:1903828,negative regulation of protein localization,5/468,106/7427,0.0471698113207547,0.748568779229157,-0.676104636114134,0.806713089923795,0.985095887661227,0.917419101984192,OS9/FLCN/UCP2/NR1H3/MAP1A,5
GO:0019752,carboxylic acid metabolic process,21/468,390/7427,0.0538461538461539,0.854520052596976,-0.765365081005681,0.806819243196861,0.985095887661227,0.917419101984192,SYK/HAAO/CSAD/SCPEP1/C3/PLA2G4C/PIPOX/FLCN/WDTC1/UCP2/CYP26B1/NR1H3/ABHD6/GBA2/FBP1/LIPC/CYP46A1/IL4I1/ACSM5/HDC/ALDOB,21
GO:0045814,"negative regulation of gene expression, epigenetic",4/468,87/7427,0.0459770114942529,0.729639453777385,-0.657781859610132,0.807076544663306,0.985095887661227,0.917419101984192,BCL6/KMT2A/ZNFX1/MBD1,4
GO:0044089,positive regulation of cellular component biogenesis,13/468,251/7427,0.051792828685259,0.821934484285082,-0.744221904417211,0.807526269397093,0.985095887661227,0.917419101984192,SYK/PDE4DIP/NCKAP1L/LIMA1/HCK/COL16A1/PLCG2/LRRN1/TBX5/CLEC7A/HYAL1/LRRC4B/ANKRD53,13
GO:0030336,negative regulation of cell migration,8/468,162/7427,0.0493827160493827,0.783686820723858,-0.721854484931133,0.809684526795936,0.985095887661227,0.917419101984192,EMILIN2/SEMA6D/LIMA1/CXCL12/PODN/ABHD6/MEOX2/TBX5,8
GO:0051338,regulation of transferase activity,8/468,162/7427,0.0493827160493827,0.783686820723858,-0.721854484931133,0.809684526795936,0.985095887661227,0.917419101984192,TSPYL2/LCP2/PIK3CG/CASS4/CDKN1A/CD4/ZFP36/CDK5RAP3,8
GO:0007281,germ cell development,7/468,144/7427,0.0486111111111111,0.771441714150048,-0.718207675376126,0.811352008982241,0.985095887661227,0.917419101984192,CCDC159/JAM2/CCDC136/TSSK4/CFTR/GARIN1A/NUP210L,7
GO:0009205,purine ribonucleoside triphosphate metabolic process,7/468,144/7427,0.0486111111111111,0.771441714150048,-0.718207675376126,0.811352008982241,0.985095887661227,0.917419101984192,MYH3/VPS9D1/FLCN/UCP2/NME9/FBP1/ALDOB,7
GO:0006275,regulation of DNA replication,3/468,68/7427,0.0441176470588235,0.70013197586727,-0.644172519296452,0.81136706188565,0.985095887661227,0.917419101984192,BCL6/TSPYL2/CDKN1A,3
GO:0003006,developmental process involved in reproduction,22/468,409/7427,0.0537897310513447,0.8536246421332,-0.789677788522299,0.813129100388941,0.985095887661227,0.917419101984192,BCL6/CCDC159/C3/TIFAB/DLEC1/NOTCH4/JAM2/TLR9/PPP1R9B/ALPL/GTSF1/CYP26B1/TLR5/PSAP/CCDC136/TSSK4/TEX11/BMAL1/CFTR/GARIN1A/NUP210L/SAFB2,22
GO:0015931,nucleobase-containing compound transport,5/468,107/7427,0.0467289719626168,0.741572809329819,-0.698234872757172,0.813184335139261,0.985095887661227,0.917419101984192,NXF1/NPIPA1/SLC28A3/ZFP36/CALHM5,5
GO:0006367,transcription initiation at RNA polymerase II promoter,4/468,88/7427,0.0454545454545455,0.721348096348096,-0.68188617804919,0.814145228800507,0.985095887661227,0.917419101984192,KMT2A/MED15/EGR1/APOBEC3F,4
GO:0000423,mitophagy,2/468,48/7427,0.0416666666666667,0.661235754985755,-0.61058539312139,0.815014701322174,0.985095887661227,0.917419101984192,GABARAPL1/ATG14,2
GO:0002065,columnar/cuboidal epithelial cell differentiation,2/468,48/7427,0.0416666666666667,0.661235754985755,-0.61058539312139,0.815014701322174,0.985095887661227,0.917419101984192,DLL1/TLR9,2
GO:0009791,post-embryonic development,2/468,48/7427,0.0416666666666667,0.661235754985755,-0.61058539312139,0.815014701322174,0.985095887661227,0.917419101984192,SZT2/KMT2A,2
GO:0014823,response to activity,2/468,48/7427,0.0416666666666667,0.661235754985755,-0.61058539312139,0.815014701322174,0.985095887661227,0.917419101984192,CAPN3/FNDC5,2
GO:0019319,hexose biosynthetic process,2/468,48/7427,0.0416666666666667,0.661235754985755,-0.61058539312139,0.815014701322174,0.985095887661227,0.917419101984192,FBP1/ALDOB,2
GO:0032456,endocytic recycling,2/468,48/7427,0.0416666666666667,0.661235754985755,-0.61058539312139,0.815014701322174,0.985095887661227,0.917419101984192,AKAP5/GRIP2,2
GO:0033559,unsaturated fatty acid metabolic process,2/468,48/7427,0.0416666666666667,0.661235754985755,-0.61058539312139,0.815014701322174,0.985095887661227,0.917419101984192,PLA2G4C/ABHD6,2
GO:0097061,dendritic spine organization,2/468,48/7427,0.0416666666666667,0.661235754985755,-0.61058539312139,0.815014701322174,0.985095887661227,0.917419101984192,LGMN/RELN,2
GO:1900182,positive regulation of protein localization to nucleus,2/468,48/7427,0.0416666666666667,0.661235754985755,-0.61058539312139,0.815014701322174,0.985095887661227,0.917419101984192,TYK2/CDK5RAP3,2
GO:0000271,polysaccharide biosynthetic process,1/468,26/7427,0.0384615384615385,0.610371466140697,-0.516082588167332,0.816435950752122,0.985095887661227,0.917419101984192,PPP1R3E,1
GO:0006473,protein acetylation,1/468,26/7427,0.0384615384615385,0.610371466140697,-0.516082588167332,0.816435950752122,0.985095887661227,0.917419101984192,BMAL1,1
GO:0006940,regulation of smooth muscle contraction,1/468,26/7427,0.0384615384615385,0.610371466140697,-0.516082588167332,0.816435950752122,0.985095887661227,0.917419101984192,P2RX1,1
GO:0010837,regulation of keratinocyte proliferation,1/468,26/7427,0.0384615384615385,0.610371466140697,-0.516082588167332,0.816435950752122,0.985095887661227,0.917419101984192,ZFP36,1
GO:0014003,oligodendrocyte development,1/468,26/7427,0.0384615384615385,0.610371466140697,-0.516082588167332,0.816435950752122,0.985095887661227,0.917419101984192,KCNJ10,1
GO:0045332,phospholipid translocation,1/468,26/7427,0.0384615384615385,0.610371466140697,-0.516082588167332,0.816435950752122,0.985095887661227,0.917419101984192,ATP8B4,1
GO:0051452,intracellular pH reduction,1/468,26/7427,0.0384615384615385,0.610371466140697,-0.516082588167332,0.816435950752122,0.985095887661227,0.917419101984192,GRN,1
GO:0055008,cardiac muscle tissue morphogenesis,1/468,26/7427,0.0384615384615385,0.610371466140697,-0.516082588167332,0.816435950752122,0.985095887661227,0.917419101984192,WNT2,1
GO:0060428,lung epithelium development,1/468,26/7427,0.0384615384615385,0.610371466140697,-0.516082588167332,0.816435950752122,0.985095887661227,0.917419101984192,WNT2,1
GO:0061028,establishment of endothelial barrier,1/468,26/7427,0.0384615384615385,0.610371466140697,-0.516082588167332,0.816435950752122,0.985095887661227,0.917419101984192,PPP1R16B,1
GO:0098927,vesicle-mediated transport between endosomal compartments,1/468,26/7427,0.0384615384615385,0.610371466140697,-0.516082588167332,0.816435950752122,0.985095887661227,0.917419101984192,ATG14,1
GO:0141085,regulation of inflammasome-mediated signaling pathway,1/468,26/7427,0.0384615384615385,0.610371466140697,-0.516082588167332,0.816435950752122,0.985095887661227,0.917419101984192,PLCG2,1
GO:1902116,negative regulation of organelle assembly,1/468,26/7427,0.0384615384615385,0.610371466140697,-0.516082588167332,0.816435950752122,0.985095887661227,0.917419101984192,LIMA1,1
GO:1905521,regulation of macrophage migration,1/468,26/7427,0.0384615384615385,0.610371466140697,-0.516082588167332,0.816435950752122,0.985095887661227,0.917419101984192,C5AR1,1
GO:2000179,positive regulation of neural precursor cell proliferation,1/468,26/7427,0.0384615384615385,0.610371466140697,-0.516082588167332,0.816435950752122,0.985095887661227,0.917419101984192,ZNF335,1
GO:2000242,negative regulation of reproductive process,1/468,26/7427,0.0384615384615385,0.610371466140697,-0.516082588167332,0.816435950752122,0.985095887661227,0.917419101984192,TEX11,1
GO:0007040,lysosome organization,3/468,69/7427,0.0434782608695652,0.68998513563731,-0.67089437700205,0.819143618081897,0.985396778614312,0.917699321515541,TMEM175/FLCN/GRN,3
GO:0030316,osteoclast differentiation,3/468,69/7427,0.0434782608695652,0.68998513563731,-0.67089437700205,0.819143618081897,0.985396778614312,0.917699321515541,INPP5D/MAFB/TMEM178A,3
GO:0050796,regulation of insulin secretion,3/468,69/7427,0.0434782608695652,0.68998513563731,-0.67089437700205,0.819143618081897,0.985396778614312,0.917699321515541,UCP2/BMAL1/CFTR,3
GO:0080171,lytic vacuole organization,3/468,69/7427,0.0434782608695652,0.68998513563731,-0.67089437700205,0.819143618081897,0.985396778614312,0.917699321515541,TMEM175/FLCN/GRN,3
GO:1903076,regulation of protein localization to plasma membrane,3/468,69/7427,0.0434782608695652,0.68998513563731,-0.67089437700205,0.819143618081897,0.985396778614312,0.917699321515541,PRKCH/PPP1R9B/AKAP5,3
GO:0030324,lung development,5/468,108/7427,0.0462962962962963,0.734706394428617,-0.720177861875904,0.819481680016101,0.985396778614312,0.917699321515541,CEBPA/TBX5/VANGL2/WNT2/HMGCS2,5
GO:0031345,negative regulation of cell projection organization,5/468,108/7427,0.0462962962962963,0.734706394428617,-0.720177861875904,0.819481680016101,0.985396778614312,0.917699321515541,SEMA6D/LIMA1/GFI1/MYLIP/RGMA,5
GO:0120032,regulation of plasma membrane bounded cell projection assembly,5/468,108/7427,0.0462962962962963,0.734706394428617,-0.720177861875904,0.819481680016101,0.985396778614312,0.917699321515541,WAS/LIMA1/PPP1R16B/SYNE2/DAAM2,5
GO:0043010,camera-type eye development,8/468,164/7427,0.0487804878048781,0.774129664373567,-0.758490385073606,0.82012777448019,0.985396778614312,0.917699321515541,PHACTR4/DLL1/MYOM1/GRN/TSPAN12/WNT2/IMPG2/RP1L1,8
GO:1901990,regulation of mitotic cell cycle phase transition,8/468,164/7427,0.0487804878048781,0.774129664373567,-0.758490385073606,0.82012777448019,0.985396778614312,0.917699321515541,CDKN1A/PPP1R9B/HECW2/GPNMB/BTN2A2/RPS27L/RFPL1/CDK5RAP3,8
GO:0046879,hormone secretion,6/468,127/7427,0.047244094488189,0.749747627700384,-0.737641961924512,0.820226761845917,0.985396778614312,0.917699321515541,UCP2/BMAL1/FFAR4/CFTR/HFE/CCKAR,6
GO:0007167,enzyme-linked receptor protein signaling pathway,27/468,497/7427,0.0543259557344064,0.862134344528711,-0.825077317207876,0.820564349586639,0.985396778614312,0.917699321515541,PML/SYK/LCP2/CASS4/TYK2/BLNK/DOK3/DLL1/ROR2/ZNF592/CD4/LGMN/PRKD2/EGR1/HCK/SH2B1/FLCN/RGMA/HIVEP1/CD8B/POU5F1/GDF5/HFE/COL4A3/MUC20/CLNK/LRIT3,27
GO:0009749,response to glucose,4/468,89/7427,0.0449438202247191,0.713243061557668,-0.705743789943328,0.821000713043441,0.985396778614312,0.917699321515541,EGR1/UCP2/USF1/CFTR,4
GO:0071453,cellular response to oxygen levels,4/468,89/7427,0.0449438202247191,0.713243061557668,-0.705743789943328,0.821000713043441,0.985396778614312,0.917699321515541,SLC9A1/SLC8A3/VHL/MPL,4
GO:1990138,neuron projection extension,4/468,89/7427,0.0449438202247191,0.713243061557668,-0.705743789943328,0.821000713043441,0.985396778614312,0.917699321515541,SEMA6D/CXCL12/SEMA5B/SYT2,4
GO:0046394,carboxylic acid biosynthetic process,7/468,146/7427,0.0479452054794521,0.760874019435663,-0.756719032188873,0.822299760438756,0.985396778614312,0.917699321515541,SYK/HAAO/WDTC1/NR1H3/LIPC/CYP46A1/ACSM5,7
GO:0048589,developmental growth,17/468,325/7427,0.0523076923076923,0.830105193951348,-0.812191479773442,0.82267522610973,0.985396778614312,0.917699321515541,CDKN1A/DLL1/COLQ/LGMN/CAPN3/SEMA6D/CXCL12/SEMA5B/WDTC1/GRN/RGMA/PSAP/SYT2/TBX5/VANGL2/GDF5/WNT2,17
GO:0007178,cell surface receptor protein serine/threonine kinase signaling pathway,9/468,183/7427,0.0491803278688525,0.780474989491383,-0.779735507273813,0.823824004805612,0.985396778614312,0.917699321515541,PML/EGR1/SH2B1/FLCN/RGMA/HIVEP1/POU5F1/GDF5/HFE,9
GO:0006835,dicarboxylic acid transport,2/468,49/7427,0.0408163265306122,0.647741147741148,-0.641530946644485,0.823967339159862,0.985396778614312,0.917699321515541,UCP2/KCNJ10,2
GO:0030317,flagellated sperm motility,2/468,49/7427,0.0408163265306122,0.647741147741148,-0.641530946644485,0.823967339159862,0.985396778614312,0.917699321515541,CCDC159/TSSK4,2
GO:0046364,monosaccharide biosynthetic process,2/468,49/7427,0.0408163265306122,0.647741147741148,-0.641530946644485,0.823967339159862,0.985396778614312,0.917699321515541,FBP1/ALDOB,2
GO:0072009,nephron epithelium development,2/468,49/7427,0.0408163265306122,0.647741147741148,-0.641530946644485,0.823967339159862,0.985396778614312,0.917699321515541,DLL1/KLHL3,2
GO:0060491,regulation of cell projection assembly,5/468,109/7427,0.0458715596330275,0.727965968791657,-0.741937401042246,0.825607538450112,0.985396778614312,0.917699321515541,WAS/LIMA1/PPP1R16B/SYNE2/DAAM2,5
GO:0060560,developmental growth involved in morphogenesis,6/468,128/7427,0.046875,0.743890224358974,-0.757925361262775,0.825902471134025,0.985396778614312,0.917699321515541,SEMA6D/CXCL12/SEMA5B/RGMA/SYT2/VANGL2,6
GO:0098742,cell-cell adhesion via plasma-membrane adhesion molecules,6/468,128/7427,0.046875,0.743890224358974,-0.757925361262775,0.825902471134025,0.985396778614312,0.917699321515541,CLDN15/PCDHGC3/MDGA1/CDH23/SELP/LRRC4B,6
GO:0030879,mammary gland development,3/468,70/7427,0.0428571428571429,0.680128205128205,-0.697270947061445,0.826646188800721,0.985396778614312,0.917699321515541,PML/NOTCH4/WNT2,3
GO:0050768,negative regulation of neurogenesis,3/468,70/7427,0.0428571428571429,0.680128205128205,-0.697270947061445,0.826646188800721,0.985396778614312,0.917699321515541,SEMA6D/RGMA/DAAM2,3
GO:0051783,regulation of nuclear division,3/468,70/7427,0.0428571428571429,0.680128205128205,-0.697270947061445,0.826646188800721,0.985396778614312,0.917699321515541,CD28/SH2B1/CCDC8,3
GO:1901800,positive regulation of proteasomal protein catabolic process,3/468,70/7427,0.0428571428571429,0.680128205128205,-0.697270947061445,0.826646188800721,0.985396778614312,0.917699321515541,TMEM259/RFPL1/CEBPA,3
GO:0016241,regulation of macroautophagy,4/468,90/7427,0.0444444444444444,0.705318138651472,-0.729360736463532,0.827646731036824,0.985396778614312,0.917699321515541,STING1/LZTS1/ATG14/CDK5RAP3,4
GO:0001655,urogenital system development,1/468,27/7427,0.037037037037037,0.587765115542893,-0.556464858357591,0.828043567972499,0.985396778614312,0.917699321515541,PSAP,1
GO:0001738,morphogenesis of a polarized epithelium,1/468,27/7427,0.037037037037037,0.587765115542893,-0.556464858357591,0.828043567972499,0.985396778614312,0.917699321515541,VANGL2,1
GO:0032210,regulation of telomere maintenance via telomerase,1/468,27/7427,0.037037037037037,0.587765115542893,-0.556464858357591,0.828043567972499,0.985396778614312,0.917699321515541,PML,1
GO:0042255,ribosome assembly,1/468,27/7427,0.037037037037037,0.587765115542893,-0.556464858357591,0.828043567972499,0.985396778614312,0.917699321515541,RPS27L,1
GO:0043627,response to estrogen,1/468,27/7427,0.037037037037037,0.587765115542893,-0.556464858357591,0.828043567972499,0.985396778614312,0.917699321515541,ZNF366,1
GO:0051123,RNA polymerase II preinitiation complex assembly,1/468,27/7427,0.037037037037037,0.587765115542893,-0.556464858357591,0.828043567972499,0.985396778614312,0.917699321515541,MED15,1
GO:0060443,mammary gland morphogenesis,1/468,27/7427,0.037037037037037,0.587765115542893,-0.556464858357591,0.828043567972499,0.985396778614312,0.917699321515541,PML,1
GO:0061001,regulation of dendritic spine morphogenesis,1/468,27/7427,0.037037037037037,0.587765115542893,-0.556464858357591,0.828043567972499,0.985396778614312,0.917699321515541,RELN,1
GO:0090049,regulation of cell migration involved in sprouting angiogenesis,1/468,27/7427,0.037037037037037,0.587765115542893,-0.556464858357591,0.828043567972499,0.985396778614312,0.917699321515541,MEOX2,1
GO:1901379,regulation of potassium ion transmembrane transport,1/468,27/7427,0.037037037037037,0.587765115542893,-0.556464858357591,0.828043567972499,0.985396778614312,0.917699321515541,KCNE1,1
GO:1905168,positive regulation of double-strand break repair via homologous recombination,1/468,27/7427,0.037037037037037,0.587765115542893,-0.556464858357591,0.828043567972499,0.985396778614312,0.917699321515541,WAS,1
GO:1901988,negative regulation of cell cycle phase transition,6/468,129/7427,0.0465116279069768,0.738123633472471,-0.7780655969687,0.831435044950861,0.986452136018193,0.918682175117782,CDKN1A/GPNMB/BTN2A2/RPS27L/RFPL1/CDK5RAP3,6
GO:0009636,response to toxic substance,5/468,110/7427,0.0454545454545455,0.721348096348096,-0.763517173894853,0.831564423355694,0.986452136018193,0.918682175117782,SOD3/IPCEF1/CP/GCH1/SLC47A1,5
GO:0048771,tissue remodeling,5/468,110/7427,0.0454545454545455,0.721348096348096,-0.763517173894853,0.831564423355694,0.986452136018193,0.918682175117782,INPP5D/PML/SYK/GPNMB/GDF5,5
GO:0051897,positive regulation of phosphatidylinositol 3-kinase/protein kinase B signal transduction,5/468,110/7427,0.0454545454545455,0.721348096348096,-0.763517173894853,0.831564423355694,0.986452136018193,0.918682175117782,PIK3CG/CASS4/CD28/RELN/SELP,5
GO:0016567,protein ubiquitination,20/468,380/7427,0.0526315789473684,0.835245164192533,-0.854977752346487,0.832053892960681,0.986452136018193,0.918682175117782,TRIM56/DDB2/TRIM38/RASSF5/DTX2/KLHL3/SYVN1/DTX1/UBA7/OS9/HECW2/ZSWIM8/WDTC1/MYLIP/TRIM4/RNF122/DTX3/NLRP4/VHL/CDK5RAP3,20
GO:0001892,embryonic placenta development,2/468,50/7427,0.04,0.634786324786325,-0.671922404268295,0.832529254663078,0.986452136018193,0.918682175117782,CEBPA/WNT2,2
GO:0016239,positive regulation of macroautophagy,2/468,50/7427,0.04,0.634786324786325,-0.671922404268295,0.832529254663078,0.986452136018193,0.918682175117782,STING1/CDK5RAP3,2
GO:0030968,endoplasmic reticulum unfolded protein response,2/468,50/7427,0.04,0.634786324786325,-0.671922404268295,0.832529254663078,0.986452136018193,0.918682175117782,OS9/CDK5RAP3,2
GO:0031398,positive regulation of protein ubiquitination,2/468,50/7427,0.04,0.634786324786325,-0.671922404268295,0.832529254663078,0.986452136018193,0.918682175117782,RASSF5/CDK5RAP3,2
GO:0097722,sperm motility,2/468,50/7427,0.04,0.634786324786325,-0.671922404268295,0.832529254663078,0.986452136018193,0.918682175117782,CCDC159/TSSK4,2
GO:0018108,peptidyl-tyrosine phosphorylation,3/468,71/7427,0.0422535211267606,0.670548934633442,-0.723312900775198,0.833881275468059,0.986452136018193,0.918682175117782,SYK/CASS4/HCK,3
GO:0006261,DNA-templated DNA replication,4/468,91/7427,0.043956043956044,0.697567389875082,-0.752742839905657,0.834087127374966,0.986452136018193,0.918682175117782,BCL6/BOD1L1/POLG/SAMHD1,4
GO:0045727,positive regulation of translation,4/468,91/7427,0.043956043956044,0.697567389875082,-0.752742839905657,0.834087127374966,0.986452136018193,0.918682175117782,CD28/TIFAB/PRKCH/RPS27L,4
GO:0060485,mesenchyme development,8/468,167/7427,0.0479041916167665,0.760223143456677,-0.812688601056165,0.834959607036396,0.986452136018193,0.918682175117782,AKNA/PHACTR4/SEMA6D/NOTCH4/SEMA5B/TBX5/GLIPR2/WNT2,8
GO:0141091,transforming growth factor beta receptor superfamily signaling pathway,8/468,167/7427,0.0479041916167665,0.760223143456677,-0.812688601056165,0.834959607036396,0.986452136018193,0.918682175117782,PML/EGR1/FLCN/RGMA/HIVEP1/POU5F1/GDF5/HFE,8
GO:0000226,microtubule cytoskeleton organization,16/468,311/7427,0.0514469453376206,0.816445433808778,-0.857540022424655,0.835626706621691,0.986452136018193,0.918682175117782,RANBP10/CHD3/STARD9/PDE4DIP/CCDC88B/NCKAP5L/SYNE2/CDK11A/MAP1A/CCDC8/GBA2/CALML4/MAP6/RP1L1/CENATAC/ANKRD53,16
GO:0009914,hormone transport,6/468,130/7427,0.0461538461538462,0.732445759368836,-0.798065106125941,0.836826344185444,0.986452136018193,0.918682175117782,UCP2/BMAL1/FFAR4/CFTR/HFE/CCKAR,6
GO:0000302,response to reactive oxygen species,5/468,111/7427,0.0450450450450451,0.714849464849465,-0.7849207546058,0.837354936796498,0.986452136018193,0.918682175117782,SIRPA/SOD3/UCP2/GCH1/HYAL1,5
GO:0010594,regulation of endothelial cell migration,5/468,111/7427,0.0450450450450451,0.714849464849465,-0.7849207546058,0.837354936796498,0.986452136018193,0.918682175117782,PIK3CG/LGMN/PRKD2/GRN/MEOX2,5
GO:0030323,respiratory tube development,5/468,111/7427,0.0450450450450451,0.714849464849465,-0.7849207546058,0.837354936796498,0.986452136018193,0.918682175117782,CEBPA/TBX5/VANGL2/WNT2/HMGCS2,5
GO:0003176,aortic valve development,1/468,28/7427,0.0357142857142857,0.566773504273504,-0.595572302730531,0.838918650430454,0.986452136018193,0.918682175117782,TNFRSF1B,1
GO:0006220,pyrimidine nucleotide metabolic process,1/468,28/7427,0.0357142857142857,0.566773504273504,-0.595572302730531,0.838918650430454,0.986452136018193,0.918682175117782,NME9,1
GO:0032890,regulation of organic acid transport,1/468,28/7427,0.0357142857142857,0.566773504273504,-0.595572302730531,0.838918650430454,0.986452136018193,0.918682175117782,SYK,1
GO:0034204,lipid translocation,1/468,28/7427,0.0357142857142857,0.566773504273504,-0.595572302730531,0.838918650430454,0.986452136018193,0.918682175117782,ATP8B4,1
GO:0044331,cell-cell adhesion mediated by cadherin,1/468,28/7427,0.0357142857142857,0.566773504273504,-0.595572302730531,0.838918650430454,0.986452136018193,0.918682175117782,NOTCH4,1
GO:0048538,thymus development,1/468,28/7427,0.0357142857142857,0.566773504273504,-0.595572302730531,0.838918650430454,0.986452136018193,0.918682175117782,MAFB,1
GO:0050994,regulation of lipid catabolic process,1/468,28/7427,0.0357142857142857,0.566773504273504,-0.595572302730531,0.838918650430454,0.986452136018193,0.918682175117782,PIK3CG,1
GO:0061333,renal tubule morphogenesis,1/468,28/7427,0.0357142857142857,0.566773504273504,-0.595572302730531,0.838918650430454,0.986452136018193,0.918682175117782,KLHL3,1
GO:0072078,nephron tubule morphogenesis,1/468,28/7427,0.0357142857142857,0.566773504273504,-0.595572302730531,0.838918650430454,0.986452136018193,0.918682175117782,KLHL3,1
GO:1900181,negative regulation of protein localization to nucleus,1/468,28/7427,0.0357142857142857,0.566773504273504,-0.595572302730531,0.838918650430454,0.986452136018193,0.918682175117782,FLCN,1
GO:1902459,positive regulation of stem cell population maintenance,1/468,28/7427,0.0357142857142857,0.566773504273504,-0.595572302730531,0.838918650430454,0.986452136018193,0.918682175117782,BICRA,1
GO:2000780,negative regulation of double-strand break repair,1/468,28/7427,0.0357142857142857,0.566773504273504,-0.595572302730531,0.838918650430454,0.986452136018193,0.918682175117782,GFI1,1
GO:0071375,cellular response to peptide hormone stimulus,8/468,168/7427,0.0476190476190476,0.755698005698006,-0.830558516162299,0.839685654856257,0.986452136018193,0.918682175117782,TYK2/ZNF592/SLC9A1/WDTC1/UCP2/USF1/FBP1/HMGCS2,8
GO:0007283,spermatogenesis,12/468,241/7427,0.049792531120332,0.790190445792105,-0.858651942189545,0.840105187270028,0.986452136018193,0.918682175117782,BCL6/CCDC159/DLEC1/JAM2/GTSF1/CYP26B1/CCDC136/TSSK4/BMAL1/CFTR/GARIN1A/NUP210L,12
GO:0001764,neuron migration,4/468,92/7427,0.0434782608695652,0.68998513563731,-0.775895714039321,0.840325842321882,0.986452136018193,0.918682175117782,CXCL12/MDGA1/RELN/CCKAR,4
GO:0061138,morphogenesis of a branching epithelium,4/468,92/7427,0.0434782608695652,0.68998513563731,-0.775895714039321,0.840325842321882,0.986452136018193,0.918682175117782,PML/NOTCH4/VANGL2/WNT2,4
GO:0065004,protein-DNA complex assembly,4/468,92/7427,0.0434782608695652,0.68998513563731,-0.775895714039321,0.840325842321882,0.986452136018193,0.918682175117782,TSPYL2/TAF1C/MED15/CENPT,4
GO:0003300,cardiac muscle hypertrophy,2/468,51/7427,0.0392156862745098,0.62233953410424,-0.701783477780606,0.840714015079862,0.986452136018193,0.918682175117782,TNFRSF1B/SLC9A1,2
GO:0008589,regulation of smoothened signaling pathway,2/468,51/7427,0.0392156862745098,0.62233953410424,-0.701783477780606,0.840714015079862,0.986452136018193,0.918682175117782,SHOX2/PTCH2,2
GO:0010569,regulation of double-strand break repair via homologous recombination,2/468,51/7427,0.0392156862745098,0.62233953410424,-0.701783477780606,0.840714015079862,0.986452136018193,0.918682175117782,WAS/GFI1,2
GO:0014897,striated muscle hypertrophy,2/468,51/7427,0.0392156862745098,0.62233953410424,-0.701783477780606,0.840714015079862,0.986452136018193,0.918682175117782,TNFRSF1B/SLC9A1,2
GO:0018212,peptidyl-tyrosine modification,3/468,72/7427,0.0416666666666667,0.661235754985755,-0.749030421545108,0.840855461458296,0.986452136018193,0.918682175117782,SYK/CASS4/HCK,3
GO:0051961,negative regulation of nervous system development,3/468,72/7427,0.0416666666666667,0.661235754985755,-0.749030421545108,0.840855461458296,0.986452136018193,0.918682175117782,SEMA6D/RGMA/DAAM2,3
GO:0010638,positive regulation of organelle organization,13/468,260/7427,0.05,0.793482905982906,-0.879024455394186,0.844122731752919,0.989280965586561,0.921316662089848,PML/SYT11/PDE4DIP/CD28/NCKAP1L/LIMA1/HCK/SH2B1/GRN/PRRT2/SYT2/SYNJ1/ANKRD53,13
GO:0043436,oxoacid metabolic process,21/468,402/7427,0.0522388059701493,0.829011991325424,-0.914076402618749,0.846606915774643,0.989280965586561,0.921316662089848,SYK/HAAO/CSAD/SCPEP1/C3/PLA2G4C/PIPOX/FLCN/WDTC1/UCP2/CYP26B1/NR1H3/ABHD6/GBA2/FBP1/LIPC/CYP46A1/IL4I1/ACSM5/HDC/ALDOB,21
GO:1903829,positive regulation of protein localization,11/468,225/7427,0.0488888888888889,0.775849952516619,-0.885381649428388,0.848287255238467,0.989280965586561,0.921316662089848,PML/SYT11/TYK2/MYOM1/PRKCH/PPP1R9B/MAP1A/TMEM35A/AKAP5/CFTR/CDK5RAP3,11
GO:0014896,muscle hypertrophy,2/468,52/7427,0.0384615384615385,0.610371466140697,-0.731136380614761,0.848535033025846,0.989280965586561,0.921316662089848,TNFRSF1B/SLC9A1,2
GO:0046889,positive regulation of lipid biosynthetic process,2/468,52/7427,0.0384615384615385,0.610371466140697,-0.731136380614761,0.848535033025846,0.989280965586561,0.921316662089848,NR1H3/ABHD6,2
GO:0003197,endocardial cushion development,1/468,29/7427,0.0344827586206897,0.547229590333039,-0.633500340201568,0.849107334252396,0.989280965586561,0.921316662089848,TBX5,1
GO:0003229,ventricular cardiac muscle tissue development,1/468,29/7427,0.0344827586206897,0.547229590333039,-0.633500340201568,0.849107334252396,0.989280965586561,0.921316662089848,TBX5,1
GO:0006890,"retrograde vesicle-mediated transport, Golgi to endoplasmic reticulum",1/468,29/7427,0.0344827586206897,0.547229590333039,-0.633500340201568,0.849107334252396,0.989280965586561,0.921316662089848,COPZ2,1
GO:0009225,nucleotide-sugar metabolic process,1/468,29/7427,0.0344827586206897,0.547229590333039,-0.633500340201568,0.849107334252396,0.989280965586561,0.921316662089848,UAP1L1,1
GO:0030837,negative regulation of actin filament polymerization,1/468,29/7427,0.0344827586206897,0.547229590333039,-0.633500340201568,0.849107334252396,0.989280965586561,0.921316662089848,VILL,1
GO:0032233,positive regulation of actin filament bundle assembly,1/468,29/7427,0.0344827586206897,0.547229590333039,-0.633500340201568,0.849107334252396,0.989280965586561,0.921316662089848,LIMA1,1
GO:0048857,neural nucleus development,1/468,29/7427,0.0344827586206897,0.547229590333039,-0.633500340201568,0.849107334252396,0.989280965586561,0.921316662089848,KCNE1,1
GO:0060324,face development,1/468,29/7427,0.0344827586206897,0.547229590333039,-0.633500340201568,0.849107334252396,0.989280965586561,0.921316662089848,MYH3,1
GO:0070169,positive regulation of biomineral tissue development,1/468,29/7427,0.0344827586206897,0.547229590333039,-0.633500340201568,0.849107334252396,0.989280965586561,0.921316662089848,CFTR,1
GO:0070269,pyroptotic inflammatory response,1/468,29/7427,0.0344827586206897,0.547229590333039,-0.633500340201568,0.849107334252396,0.989280965586561,0.921316662089848,CASP7,1
GO:0085029,extracellular matrix assembly,1/468,29/7427,0.0344827586206897,0.547229590333039,-0.633500340201568,0.849107334252396,0.989280965586561,0.921316662089848,MYH11,1
GO:1901568,fatty acid derivative metabolic process,1/468,29/7427,0.0344827586206897,0.547229590333039,-0.633500340201568,0.849107334252396,0.989280965586561,0.921316662089848,HMGCS2,1
GO:1903426,regulation of reactive oxygen species biosynthetic process,1/468,29/7427,0.0344827586206897,0.547229590333039,-0.633500340201568,0.849107334252396,0.989280965586561,0.921316662089848,PLCG2,1
GO:1905314,semi-lunar valve development,1/468,29/7427,0.0344827586206897,0.547229590333039,-0.633500340201568,0.849107334252396,0.989280965586561,0.921316662089848,TNFRSF1B,1
GO:2000573,positive regulation of DNA biosynthetic process,1/468,29/7427,0.0344827586206897,0.547229590333039,-0.633500340201568,0.849107334252396,0.989280965586561,0.921316662089848,PRKD2,1
GO:2001222,regulation of neuron migration,1/468,29/7427,0.0344827586206897,0.547229590333039,-0.633500340201568,0.849107334252396,0.989280965586561,0.921316662089848,RELN,1
GO:0071560,cellular response to transforming growth factor beta stimulus,6/468,133/7427,0.0451127819548872,0.715924426450742,-0.857242736377443,0.852172199417205,0.989677832071852,0.921686263566316,PML/KMT2A/SNRNP70/FLCN/GDF5/WNT2,6
GO:0017148,negative regulation of translation,4/468,94/7427,0.0425531914893617,0.675304600836516,-0.82153524476917,0.852214381677348,0.989677832071852,0.921686263566316,PML/SHFL/PRKCH/ZFP36,4
GO:0031647,regulation of protein stability,8/468,171/7427,0.0467836257309942,0.742440145948918,-0.883597684726045,0.853226550240824,0.989677832071852,0.921686263566316,PML/SYVN1/CAPN3/FLCN/GRN/MYLIP/IFI30/VHL,8
GO:0051648,vesicle localization,5/468,114/7427,0.043859649122807,0.696037636827111,-0.848108531495022,0.853755410356087,0.989677832071852,0.921686263566316,PIK3CG/SYT11/DNM1/SYNJ1/ASIP,5
GO:0006354,DNA-templated transcription elongation,3/468,74/7427,0.0405405405405405,0.643364518364519,-0.799530630577599,0.85404773209188,0.989677832071852,0.921686263566316,MED15/POLR2A/VHL,3
GO:0006082,organic acid metabolic process,21/468,405/7427,0.0518518518518519,0.822871161760051,-0.950634023873954,0.855533580267648,0.989677832071852,0.921686263566316,SYK/HAAO/CSAD/SCPEP1/C3/PLA2G4C/PIPOX/FLCN/WDTC1/UCP2/CYP26B1/NR1H3/ABHD6/GBA2/FBP1/LIPC/CYP46A1/IL4I1/ACSM5/HDC/ALDOB,21
GO:0006839,mitochondrial transport,2/468,53/7427,0.0377358490566038,0.598855023383325,-0.760001950670607,0.856005532129648,0.989677832071852,0.921686263566316,SLC9A1/UCP2,2
GO:0007006,mitochondrial membrane organization,2/468,53/7427,0.0377358490566038,0.598855023383325,-0.760001950670607,0.856005532129648,0.989677832071852,0.921686263566316,TRMT10B/SLC9A1,2
GO:0021549,cerebellum development,2/468,53/7427,0.0377358490566038,0.598855023383325,-0.760001950670607,0.856005532129648,0.989677832071852,0.921686263566316,DLL1/WHRN,2
GO:0032436,positive regulation of proteasomal ubiquitin-dependent protein catabolic process,2/468,53/7427,0.0377358490566038,0.598855023383325,-0.760001950670607,0.856005532129648,0.989677832071852,0.921686263566316,RFPL1/CEBPA,2
GO:0032784,regulation of DNA-templated transcription elongation,2/468,53/7427,0.0377358490566038,0.598855023383325,-0.760001950670607,0.856005532129648,0.989677832071852,0.921686263566316,MED15/VHL,2
GO:0043500,muscle adaptation,2/468,53/7427,0.0377358490566038,0.598855023383325,-0.760001950670607,0.856005532129648,0.989677832071852,0.921686263566316,TNFRSF1B/SLC9A1,2
GO:1901874,negative regulation of post-translational protein modification,2/468,53/7427,0.0377358490566038,0.598855023383325,-0.760001950670607,0.856005532129648,0.989677832071852,0.921686263566316,CAPN3/FLCN,2
GO:0021700,developmental maturation,7/468,153/7427,0.0457516339869281,0.72606278978828,-0.887844842794888,0.856743001583863,0.989677832071852,0.921686263566316,C3/KCNE1/RELN/CEBPA/CFTR/CLEC7A/SLC24A4,7
GO:0046034,ATP metabolic process,6/468,134/7427,0.0447761194029851,0.710581706850364,-0.876702512275371,0.857018294753147,0.989677832071852,0.921686263566316,MYH3/VPS9D1/FLCN/UCP2/FBP1/ALDOB,6
GO:0007034,vacuolar transport,4/468,95/7427,0.0421052631578947,0.668196131354026,-0.84403217126808,0.857872439181884,0.989677832071852,0.921686263566316,GRN/PSAP/SLC30A3/ATG14,4
GO:0001656,metanephros development,1/468,30/7427,0.0333333333333333,0.528988603988604,-0.670333947301641,0.858652855686551,0.989677832071852,0.921686263566316,EGR1,1
GO:0002686,negative regulation of leukocyte migration,1/468,30/7427,0.0333333333333333,0.528988603988604,-0.670333947301641,0.858652855686551,0.989677832071852,0.921686263566316,CXCL12,1
GO:0006406,mRNA export from nucleus,1/468,30/7427,0.0333333333333333,0.528988603988604,-0.670333947301641,0.858652855686551,0.989677832071852,0.921686263566316,NXF1,1
GO:0006513,protein monoubiquitination,1/468,30/7427,0.0333333333333333,0.528988603988604,-0.670333947301641,0.858652855686551,0.989677832071852,0.921686263566316,TRIM56,1
GO:0009064,glutamine family amino acid metabolic process,1/468,30/7427,0.0333333333333333,0.528988603988604,-0.670333947301641,0.858652855686551,0.989677832071852,0.921686263566316,UCP2,1
GO:0010596,negative regulation of endothelial cell migration,1/468,30/7427,0.0333333333333333,0.528988603988604,-0.670333947301641,0.858652855686551,0.989677832071852,0.921686263566316,MEOX2,1
GO:0019320,hexose catabolic process,1/468,30/7427,0.0333333333333333,0.528988603988604,-0.670333947301641,0.858652855686551,0.989677832071852,0.921686263566316,ALDOB,1
GO:0032968,positive regulation of transcription elongation by RNA polymerase II,1/468,30/7427,0.0333333333333333,0.528988603988604,-0.670333947301641,0.858652855686551,0.989677832071852,0.921686263566316,MED15,1
GO:0042440,pigment metabolic process,1/468,30/7427,0.0333333333333333,0.528988603988604,-0.670333947301641,0.858652855686551,0.989677832071852,0.921686263566316,ASIP,1
GO:0045197,establishment or maintenance of epithelial cell apical/basal polarity,1/468,30/7427,0.0333333333333333,0.528988603988604,-0.670333947301641,0.858652855686551,0.989677832071852,0.921686263566316,VANGL2,1
GO:0045738,negative regulation of DNA repair,1/468,30/7427,0.0333333333333333,0.528988603988604,-0.670333947301641,0.858652855686551,0.989677832071852,0.921686263566316,GFI1,1
GO:0045947,negative regulation of translational initiation,1/468,30/7427,0.0333333333333333,0.528988603988604,-0.670333947301641,0.858652855686551,0.989677832071852,0.921686263566316,PML,1
GO:0046323,D-glucose import,1/468,30/7427,0.0333333333333333,0.528988603988604,-0.670333947301641,0.858652855686551,0.989677832071852,0.921686263566316,SLC2A5,1
GO:0046365,monosaccharide catabolic process,1/468,30/7427,0.0333333333333333,0.528988603988604,-0.670333947301641,0.858652855686551,0.989677832071852,0.921686263566316,ALDOB,1
GO:0046626,regulation of insulin receptor signaling pathway,1/468,30/7427,0.0333333333333333,0.528988603988604,-0.670333947301641,0.858652855686551,0.989677832071852,0.921686263566316,ZNF592,1
GO:0072028,nephron morphogenesis,1/468,30/7427,0.0333333333333333,0.528988603988604,-0.670333947301641,0.858652855686551,0.989677832071852,0.921686263566316,KLHL3,1
GO:0072088,nephron epithelium morphogenesis,1/468,30/7427,0.0333333333333333,0.528988603988604,-0.670333947301641,0.858652855686551,0.989677832071852,0.921686263566316,KLHL3,1
GO:0050708,regulation of protein secretion,5/468,115/7427,0.0434782608695652,0.68998513563731,-0.868841040671775,0.858907918922071,0.989677832071852,0.921686263566316,MYOM1/UCP2/NR1H3/BMAL1/CFTR,5
GO:2001235,positive regulation of apoptotic signaling pathway,3/468,75/7427,0.04,0.634786324786325,-0.824331497250191,0.860279186082277,0.990936873346716,0.922858807813241,PML/FLCN/TNFSF14,3
GO:0006520,amino acid metabolic process,6/468,135/7427,0.0444444444444444,0.705318138651472,-0.896032865481705,0.861733331844183,0.991657462180456,0.92352989168338,HAAO/CSAD/PIPOX/UCP2/IL4I1/HDC,6
GO:0051640,organelle localization,16/468,319/7427,0.0501567398119122,0.795970313211693,-0.965921817226362,0.862464232457217,0.991657462180456,0.92352989168338,SYK/PIK3CG/SYT11/DNM1/LGALS9/SYNE2/STX11/FLCN/SYNJ1/CFTR/MAP6/MRGPRX2/ATG14/CLNK/ASIP/ANKRD53,16
GO:0006091,generation of precursor metabolites and energy,12/468,247/7427,0.048582995951417,0.770995536177722,-0.949198805597824,0.862496827488642,0.991657462180456,0.92352989168338,GABARAPL1/PPP1R3E/FLCN/UCP2/ISCU/PYGM/CEBPA/COQ10A/FBP1/ASIP/HMGCS2/ALDOB,12
GO:0006664,glycolipid metabolic process,2/468,54/7427,0.037037037037037,0.587765115542893,-0.788399760893304,0.863138517603247,0.991657462180456,0.92352989168338,GAL3ST4/GBA2,2
GO:0048024,"regulation of mRNA splicing, via spliceosome",2/468,54/7427,0.037037037037037,0.587765115542893,-0.788399760893304,0.863138517603247,0.991657462180456,0.92352989168338,CELF6/SNRNP70,2
GO:0042180,ketone metabolic process,4/468,96/7427,0.0416666666666667,0.661235754985755,-0.866320425119999,0.863345256669564,0.991657462180456,0.92352989168338,EGR1/WDTC1/NR1H3/CYP46A1,4
GO:0042325,regulation of phosphorylation,11/468,229/7427,0.0480349344978166,0.762297988280521,-0.947483505122843,0.863393625726256,0.991657462180456,0.92352989168338,STAT2/TSPYL2/LCP2/PIK3CG/CASS4/CDKN1A/C3/CD4/FBLN1/ATG14/CDK5RAP3,11
GO:0051656,establishment of organelle localization,10/468,211/7427,0.04739336492891,0.752116498561996,-0.947256443598832,0.86481950535391,0.991657462180456,0.92352989168338,SYK/PIK3CG/SYT11/DNM1/LGALS9/SYNE2/SYNJ1/MRGPRX2/CLNK/ASIP,10
GO:0019220,regulation of phosphate metabolic process,15/468,302/7427,0.0496688741721854,0.7882280523009,-0.974330838899013,0.865258100652692,0.991657462180456,0.92352989168338,STAT2/TSPYL2/LCP2/PIK3CG/CASS4/CDKN1A/C3/GNB3/CD4/FLCN/FBLN1/FBP1/ATG14/CDK5RAP3/ALDOB,15
GO:0022412,cellular process involved in reproduction in multicellular organism,7/468,155/7427,0.0451612903225806,0.71669423766198,-0.924317770625192,0.865527159072554,0.991657462180456,0.92352989168338,CCDC159/JAM2/CCDC136/TSSK4/CFTR/GARIN1A/NUP210L,7
GO:0034976,response to endoplasmic reticulum stress,7/468,155/7427,0.0451612903225806,0.71669423766198,-0.924317770625192,0.865527159072554,0.991657462180456,0.92352989168338,PML/TMEM259/SYVN1/OS9/NR1H3/CFTR/CDK5RAP3,7
GO:0001678,intracellular glucose homeostasis,3/468,76/7427,0.0394736842105263,0.6264338731444,-0.848844336045081,0.866276439224446,0.991657462180456,0.92352989168338,UCP2/USF1/CFTR,3
GO:0035264,multicellular organism growth,3/468,76/7427,0.0394736842105263,0.6264338731444,-0.848844336045081,0.866276439224446,0.991657462180456,0.92352989168338,LGMN/WDTC1/GDF5,3
GO:0061351,neural precursor cell proliferation,3/468,76/7427,0.0394736842105263,0.6264338731444,-0.848844336045081,0.866276439224446,0.991657462180456,0.92352989168338,AKNA/ZNF335/WNT2,3
GO:0006468,protein phosphorylation,19/468,374/7427,0.0508021390374332,0.806212578271402,-0.997243982822788,0.867567827542069,0.991657462180456,0.92352989168338,STAT2/SYK/TSPYL2/LCP2/PIK3CG/CASS4/TYK2/CDKN1A/C3/CD4/MAP3K6/PRKD2/HCK/PRKCH/CDK11A/FBLN1/TSSK4/ATG14/CDK5RAP3,19
GO:0002931,response to ischemia,1/468,31/7427,0.032258064516129,0.511924455472843,-0.706149122686862,0.86759573300691,0.991657462180456,0.92352989168338,EGR1,1
GO:0006284,base-excision repair,1/468,31/7427,0.032258064516129,0.511924455472843,-0.706149122686862,0.86759573300691,0.991657462180456,0.92352989168338,POLG,1
GO:0031529,ruffle organization,1/468,31/7427,0.032258064516129,0.511924455472843,-0.706149122686862,0.86759573300691,0.991657462180456,0.92352989168338,LIMA1,1
GO:0038084,vascular endothelial growth factor signaling pathway,1/468,31/7427,0.032258064516129,0.511924455472843,-0.706149122686862,0.86759573300691,0.991657462180456,0.92352989168338,DLL1,1
GO:0051148,negative regulation of muscle cell differentiation,1/468,31/7427,0.032258064516129,0.511924455472843,-0.706149122686862,0.86759573300691,0.991657462180456,0.92352989168338,DLL1,1
GO:0071902,positive regulation of protein serine/threonine kinase activity,1/468,31/7427,0.032258064516129,0.511924455472843,-0.706149122686862,0.86759573300691,0.991657462180456,0.92352989168338,PIK3CG,1
GO:0098930,axonal transport,1/468,31/7427,0.032258064516129,0.511924455472843,-0.706149122686862,0.86759573300691,0.991657462180456,0.92352989168338,MAP1A,1
GO:0140632,canonical inflammasome complex assembly,1/468,31/7427,0.032258064516129,0.511924455472843,-0.706149122686862,0.86759573300691,0.991657462180456,0.92352989168338,PLCG2,1
GO:1904356,regulation of telomere maintenance via telomere lengthening,1/468,31/7427,0.032258064516129,0.511924455472843,-0.706149122686862,0.86759573300691,0.991657462180456,0.92352989168338,PML,1
GO:0051174,regulation of phosphorus metabolic process,15/468,303/7427,0.0495049504950495,0.785626639587036,-0.988000479554075,0.86839225152299,0.991930391351083,0.923784070426545,STAT2/TSPYL2/LCP2/PIK3CG/CASS4/CDKN1A/C3/GNB3/CD4/FLCN/FBLN1/FBP1/ATG14/CDK5RAP3/ALDOB,15
GO:0051248,negative regulation of protein metabolic process,15/468,303/7427,0.0495049504950495,0.785626639587036,-0.988000479554075,0.86839225152299,0.991930391351083,0.923784070426545,PML/CDKN1A/SHFL/CAPN3/SNRNP70/PRKCH/FLCN/NR1H3/MAP1A/ZFP36/FBLN1/LAMP3/HFE/ATG14/CDK5RAP3,15
GO:0072659,protein localization to plasma membrane,7/468,156/7427,0.0448717948717949,0.712100043830813,-0.942396807797171,0.869751379884515,0.992749629199563,0.924547026054193,TTC7A/FYB1/PRKCH/PPP1R9B/AKAP5/GRIP2/CACNB2,7
GO:0016579,protein deubiquitination,2/468,55/7427,0.0363636363636364,0.577078477078477,-0.816348219036685,0.869946751255282,0.992749629199563,0.924547026054193,OTUD1/NLRP4,2
GO:1903509,liposaccharide metabolic process,2/468,55/7427,0.0363636363636364,0.577078477078477,-0.816348219036685,0.869946751255282,0.992749629199563,0.924547026054193,GAL3ST4/GBA2,2
GO:0072657,protein localization to membrane,11/468,231/7427,0.0476190476190476,0.755698005698006,-0.978170149790004,0.870488344580512,0.993049083281873,0.924825907428808,TTC7A/FYB1/COLQ/CAPN3/PRKCH/PPP1R9B/RELN/AKAP5/GRIP2/CYP46A1/CACNB2,11
GO:0090150,establishment of protein localization to membrane,6/468,137/7427,0.0437956204379562,0.695021523488677,-0.934313643514991,0.870779006364503,0.993062175581448,0.924838100278122,KCNE1/COLQ/TRMT10B/STOM/AKAP5/GRIP2,6
GO:0000086,G2/M transition of mitotic cell cycle,3/468,77/7427,0.038961038961039,0.618298368298368,-0.873077287018923,0.872046160700859,0.993233491390636,0.924997646569797,CDKN1A/RFPL1/CDK5RAP3,3
GO:0030177,positive regulation of Wnt signaling pathway,3/468,77/7427,0.038961038961039,0.618298368298368,-0.873077287018923,0.872046160700859,0.993233491390636,0.924997646569797,POU5F1/BMAL1/DAAM2,3
GO:0050657,nucleic acid transport,3/468,77/7427,0.038961038961039,0.618298368298368,-0.873077287018923,0.872046160700859,0.993233491390636,0.924997646569797,NXF1/NPIPA1/ZFP36,3
GO:0050658,RNA transport,3/468,77/7427,0.038961038961039,0.618298368298368,-0.873077287018923,0.872046160700859,0.993233491390636,0.924997646569797,NXF1/NPIPA1/ZFP36,3
GO:0006790,sulfur compound metabolic process,5/468,118/7427,0.0423728813559322,0.67244314066348,-0.930091556543636,0.87346324006011,0.993288654737259,0.92504902015541,GAL3ST4/CSAD/PIPOX/ACSM5/HMGCS2,5
GO:0050821,protein stabilization,5/468,118/7427,0.0423728813559322,0.67244314066348,-0.930091556543636,0.87346324006011,0.993288654737259,0.92504902015541,PML/SYVN1/GRN/IFI30/VHL,5
GO:0030705,cytoskeleton-dependent intracellular transport,4/468,98/7427,0.0408163265306122,0.647741147741148,-0.9102895842643,0.873752065953379,0.993288654737259,0.92504902015541,CCDC88B/SYNE2/MAP1A/MAP6,4
GO:0006623,protein targeting to vacuole,1/468,32/7427,0.03125,0.495926816239316,-0.741014104951146,0.875973937029728,0.993288654737259,0.92504902015541,ATG14,1
GO:0006687,glycosphingolipid metabolic process,1/468,32/7427,0.03125,0.495926816239316,-0.741014104951146,0.875973937029728,0.993288654737259,0.92504902015541,GBA2,1
GO:0008333,endosome to lysosome transport,1/468,32/7427,0.03125,0.495926816239316,-0.741014104951146,0.875973937029728,0.993288654737259,0.92504902015541,ATG14,1
GO:0015804,neutral amino acid transport,1/468,32/7427,0.03125,0.495926816239316,-0.741014104951146,0.875973937029728,0.993288654737259,0.92504902015541,SLC36A1,1
GO:0032387,negative regulation of intracellular transport,1/468,32/7427,0.03125,0.495926816239316,-0.741014104951146,0.875973937029728,0.993288654737259,0.92504902015541,OS9,1
GO:0048663,neuron fate commitment,1/468,32/7427,0.03125,0.495926816239316,-0.741014104951146,0.875973937029728,0.993288654737259,0.92504902015541,DLL1,1
GO:0070918,regulatory ncRNA processing,1/468,32/7427,0.03125,0.495926816239316,-0.741014104951146,0.875973937029728,0.993288654737259,0.92504902015541,GTSF1,1
GO:0090559,regulation of membrane permeability,1/468,32/7427,0.03125,0.495926816239316,-0.741014104951146,0.875973937029728,0.993288654737259,0.92504902015541,SLC9A1,1
GO:1902808,positive regulation of cell cycle G1/S phase transition,1/468,32/7427,0.03125,0.495926816239316,-0.741014104951146,0.875973937029728,0.993288654737259,0.92504902015541,PLCG2,1
GO:2001244,positive regulation of intrinsic apoptotic signaling pathway,1/468,32/7427,0.03125,0.495926816239316,-0.741014104951146,0.875973937029728,0.993288654737259,0.92504902015541,FLCN,1
GO:0031214,biomineral tissue development,3/468,78/7427,0.0384615384615385,0.610371466140697,-0.897038148312005,0.877594984269318,0.993288654737259,0.92504902015541,ALPL/CFTR/SLC24A4,3
GO:0043534,blood vessel endothelial cell migration,3/468,78/7427,0.0384615384615385,0.610371466140697,-0.897038148312005,0.877594984269318,0.993288654737259,0.92504902015541,PRKD2/MEOX2/EGR3,3
GO:2001242,regulation of intrinsic apoptotic signaling pathway,4/468,99/7427,0.0404040404040404,0.641198307864975,-0.931979436931649,0.878694547686951,0.993288654737259,0.92504902015541,SYVN1/TIFAB/CXCL12/FLCN,4
GO:0048609,multicellular organismal reproductive process,20/468,396/7427,0.0505050505050505,0.801497884831218,-1.05276433457649,0.879200605521098,0.993288654737259,0.92504902015541,APOL2/BCL6/CCDC159/P2RX1/EGR1/LGALS9/DLEC1/NOTCH4/JAM2/PPP1R9B/GTSF1/CYP26B1/CCDC136/TSSK4/HAVCR2/TEX11/BMAL1/CFTR/GARIN1A/NUP210L,20
GO:0071559,response to transforming growth factor beta,6/468,139/7427,0.0431654676258993,0.685021213798192,-0.972101255312503,0.879327091624172,0.993288654737259,0.92504902015541,PML/KMT2A/SNRNP70/FLCN/GDF5/WNT2,6
GO:0051402,neuron apoptotic process,7/468,159/7427,0.0440251572327044,0.698664193947213,-0.996021752170552,0.88177377655518,0.993288654737259,0.92504902015541,LGMN/EGR1/PCDHGC3/GRN/UCP2/CASP7/GDF5,7
GO:0048588,developmental cell growth,5/468,120/7427,0.0416666666666667,0.661235754985755,-0.970165030354848,0.882444825768467,0.993288654737259,0.92504902015541,SEMA6D/CXCL12/SEMA5B/RGMA/SYT2,5
GO:0008380,RNA splicing,10/468,216/7427,0.0462962962962963,0.734706394428617,-1.02608394129164,0.88247644647769,0.993288654737259,0.92504902015541,CELF6/AKAP17A/SNRNP70/POLR2A/PPP1R9B/CDK11A/RSRP1/ZRSR2/CENATAC/U2AF1L4,10
GO:0007032,endosome organization,2/468,57/7427,0.0350877192982456,0.556830109461688,-0.870965416753833,0.882638671002176,0.993288654737259,0.92504902015541,DNM1/SYNJ1,2
GO:0015695,organic cation transport,2/468,57/7427,0.0350877192982456,0.556830109461688,-0.870965416753833,0.882638671002176,0.993288654737259,0.92504902015541,SLC36A1/SLC47A1,2
GO:0032355,response to estradiol,2/468,57/7427,0.0350877192982456,0.556830109461688,-0.870965416753833,0.882638671002176,0.993288654737259,0.92504902015541,CD4/PPP1R9B,2
GO:0060294,cilium movement involved in cell motility,2/468,57/7427,0.0350877192982456,0.556830109461688,-0.870965416753833,0.882638671002176,0.993288654737259,0.92504902015541,CCDC159/TSSK4,2
GO:0060996,dendritic spine development,2/468,57/7427,0.0350877192982456,0.556830109461688,-0.870965416753833,0.882638671002176,0.993288654737259,0.92504902015541,RELN/GRIN3A,2
GO:0010212,response to ionizing radiation,3/468,79/7427,0.0379746835443038,0.602645245050308,-0.920734394905495,0.882929494357929,0.993288654737259,0.92504902015541,PML/CDKN1A/EGR1,3
GO:0051236,establishment of RNA localization,3/468,79/7427,0.0379746835443038,0.602645245050308,-0.920734394905495,0.882929494357929,0.993288654737259,0.92504902015541,NXF1/NPIPA1/ZFP36,3
GO:0003407,neural retina development,1/468,33/7427,0.0303030303030303,0.480898730898731,-0.774990391747106,0.883823050954013,0.993288654737259,0.92504902015541,TSPAN12,1
GO:0006120,"mitochondrial electron transport, NADH to ubiquinone",1/468,33/7427,0.0303030303030303,0.480898730898731,-0.774990391747106,0.883823050954013,0.993288654737259,0.92504902015541,ISCU,1
GO:0006518,peptide metabolic process,1/468,33/7427,0.0303030303030303,0.480898730898731,-0.774990391747106,0.883823050954013,0.993288654737259,0.92504902015541,PCSK1,1
GO:0010718,positive regulation of epithelial to mesenchymal transition,1/468,33/7427,0.0303030303030303,0.480898730898731,-0.774990391747106,0.883823050954013,0.993288654737259,0.92504902015541,GLIPR2,1
GO:0019226,transmission of nerve impulse,1/468,33/7427,0.0303030303030303,0.480898730898731,-0.774990391747106,0.883823050954013,0.993288654737259,0.92504902015541,P2RX1,1
GO:0021536,diencephalon development,1/468,33/7427,0.0303030303030303,0.480898730898731,-0.774990391747106,0.883823050954013,0.993288654737259,0.92504902015541,TBX19,1
GO:0031670,cellular response to nutrient,1/468,33/7427,0.0303030303030303,0.480898730898731,-0.774990391747106,0.883823050954013,0.993288654737259,0.92504902015541,USF1,1
GO:0032786,"positive regulation of DNA-templated transcription, elongation",1/468,33/7427,0.0303030303030303,0.480898730898731,-0.774990391747106,0.883823050954013,0.993288654737259,0.92504902015541,MED15,1
GO:0035088,establishment or maintenance of apical/basal cell polarity,1/468,33/7427,0.0303030303030303,0.480898730898731,-0.774990391747106,0.883823050954013,0.993288654737259,0.92504902015541,VANGL2,1
GO:0060261,positive regulation of transcription initiation by RNA polymerase II,1/468,33/7427,0.0303030303030303,0.480898730898731,-0.774990391747106,0.883823050954013,0.993288654737259,0.92504902015541,MED15,1
GO:0061245,establishment or maintenance of bipolar cell polarity,1/468,33/7427,0.0303030303030303,0.480898730898731,-0.774990391747106,0.883823050954013,0.993288654737259,0.92504902015541,VANGL2,1
GO:1902895,positive regulation of miRNA transcription,1/468,33/7427,0.0303030303030303,0.480898730898731,-0.774990391747106,0.883823050954013,0.993288654737259,0.92504902015541,EGR1,1
GO:1904705,regulation of vascular associated smooth muscle cell proliferation,1/468,33/7427,0.0303030303030303,0.480898730898731,-0.774990391747106,0.883823050954013,0.993288654737259,0.92504902015541,CDKN1A,1
GO:1905517,macrophage migration,1/468,33/7427,0.0303030303030303,0.480898730898731,-0.774990391747106,0.883823050954013,0.993288654737259,0.92504902015541,C5AR1,1
GO:0030073,insulin secretion,3/468,80/7427,0.0375,0.595112179487179,-0.94417319611942,0.888056213532778,0.993907357364571,0.925625217473716,UCP2/BMAL1/CFTR,3
GO:0016051,carbohydrate biosynthetic process,4/468,101/7427,0.0396039603960396,0.628501311669629,-0.97479096493012,0.888078920130793,0.993907357364571,0.925625217473716,PPP1R3E/FBP1/CHST13/ALDOB,4
GO:0032259,methylation,4/468,101/7427,0.0396039603960396,0.628501311669629,-0.97479096493012,0.888078920130793,0.993907357364571,0.925625217473716,KMT2A/TRMT10B/TMT1A/METTL24,4
GO:0000422,autophagy of mitochondrion,2/468,58/7427,0.0344827586206897,0.547229590333039,-0.897665915974634,0.88854649245858,0.993907357364571,0.925625217473716,GABARAPL1/ATG14,2
GO:0006612,protein targeting to membrane,2/468,58/7427,0.0344827586206897,0.547229590333039,-0.897665915974634,0.88854649245858,0.993907357364571,0.925625217473716,KCNE1/STOM,2
GO:0007338,single fertilization,2/468,58/7427,0.0344827586206897,0.547229590333039,-0.897665915974634,0.88854649245858,0.993907357364571,0.925625217473716,CCDC159/CCDC136,2
GO:0021761,limbic system development,2/468,58/7427,0.0344827586206897,0.547229590333039,-0.897665915974634,0.88854649245858,0.993907357364571,0.925625217473716,PPP1R9B/RELN,2
GO:0034620,cellular response to unfolded protein,2/468,58/7427,0.0344827586206897,0.547229590333039,-0.897665915974634,0.88854649245858,0.993907357364571,0.925625217473716,OS9/CDK5RAP3,2
GO:0061157,mRNA destabilization,2/468,58/7427,0.0344827586206897,0.547229590333039,-0.897665915974634,0.88854649245858,0.993907357364571,0.925625217473716,GTSF1/ZFP36,2
GO:0010564,regulation of cell cycle process,17/468,347/7427,0.0489913544668588,0.777476046208035,-1.10091010274334,0.890973788983264,0.993907357364571,0.925625217473716,BCL6/CDKN1A/CD28/PPP1R9B/HECW2/SH2B1/GPNMB/CDK11A/BTN2A2/PLCG2/RPS27L/RFPL1/CCDC8/MRGPRX2/CDK5RAP3/CENATAC/ANKRD53,17
GO:0001707,mesoderm formation,1/468,34/7427,0.0294117647058824,0.46675465057818,-0.808133597707794,0.891176420193061,0.993907357364571,0.925625217473716,TBX19,1
GO:0003208,cardiac ventricle morphogenesis,1/468,34/7427,0.0294117647058824,0.46675465057818,-0.808133597707794,0.891176420193061,0.993907357364571,0.925625217473716,TBX5,1
GO:0007004,telomere maintenance via telomerase,1/468,34/7427,0.0294117647058824,0.46675465057818,-0.808133597707794,0.891176420193061,0.993907357364571,0.925625217473716,PML,1
GO:0014009,glial cell proliferation,1/468,34/7427,0.0294117647058824,0.46675465057818,-0.808133597707794,0.891176420193061,0.993907357364571,0.925625217473716,PRKCH,1
GO:0014037,Schwann cell differentiation,1/468,34/7427,0.0294117647058824,0.46675465057818,-0.808133597707794,0.891176420193061,0.993907357364571,0.925625217473716,EGR2,1
GO:0032024,positive regulation of insulin secretion,1/468,34/7427,0.0294117647058824,0.46675465057818,-0.808133597707794,0.891176420193061,0.993907357364571,0.925625217473716,CFTR,1
GO:0043266,regulation of potassium ion transport,1/468,34/7427,0.0294117647058824,0.46675465057818,-0.808133597707794,0.891176420193061,0.993907357364571,0.925625217473716,KCNE1,1
GO:0048332,mesoderm morphogenesis,1/468,34/7427,0.0294117647058824,0.46675465057818,-0.808133597707794,0.891176420193061,0.993907357364571,0.925625217473716,TBX19,1
GO:0060612,adipose tissue development,1/468,34/7427,0.0294117647058824,0.46675465057818,-0.808133597707794,0.891176420193061,0.993907357364571,0.925625217473716,HMGCS2,1
GO:0070585,protein localization to mitochondrion,1/468,34/7427,0.0294117647058824,0.46675465057818,-0.808133597707794,0.891176420193061,0.993907357364571,0.925625217473716,TRMT10B,1
GO:0072577,endothelial cell apoptotic process,1/468,34/7427,0.0294117647058824,0.46675465057818,-0.808133597707794,0.891176420193061,0.993907357364571,0.925625217473716,COL4A3,1
GO:1901657,glycosyl compound metabolic process,1/468,34/7427,0.0294117647058824,0.46675465057818,-0.808133597707794,0.891176420193061,0.993907357364571,0.925625217473716,GBA2,1
GO:1905330,regulation of morphogenesis of an epithelium,1/468,34/7427,0.0294117647058824,0.46675465057818,-0.808133597707794,0.891176420193061,0.993907357364571,0.925625217473716,WNT2,1
GO:0021543,pallium development,4/468,102/7427,0.0392156862745098,0.62233953410424,-0.995920740089979,0.892529289104732,0.993907357364571,0.925625217473716,SYNE2/PPP1R9B/MDGA1/RELN,4
GO:1902532,negative regulation of intracellular signal transduction,22/468,437/7427,0.0503432494279176,0.798930157053727,-1.12350769180039,0.892663678014163,0.993907357364571,0.925625217473716,BCL6/SYK/SIRPA/PDE1B/SZT2/ZNF366/SYVN1/TLR9/CXCL12/FLCN/CGNL1/SLA2/BTN2A2/CYP26B1/DHRS3/FBLN1/BMAL1/FBP1/SLC8A3/VHL/CDK5RAP3/SLC24A4,22
GO:0034614,cellular response to reactive oxygen species,3/468,81/7427,0.037037037037037,0.587765115542893,-0.967361431950775,0.892981591253502,0.993907357364571,0.925625217473716,SIRPA/SOD3/GCH1,3
GO:0001539,cilium or flagellum-dependent cell motility,2/468,59/7427,0.0338983050847458,0.537954512530784,-0.923980723906356,0.894177807397612,0.993907357364571,0.925625217473716,CCDC159/TSSK4,2
GO:0035821,modulation of process of another organism,2/468,59/7427,0.0338983050847458,0.537954512530784,-0.923980723906356,0.894177807397612,0.993907357364571,0.925625217473716,FBLN1/STOM,2
GO:0060285,cilium-dependent cell motility,2/468,59/7427,0.0338983050847458,0.537954512530784,-0.923980723906356,0.894177807397612,0.993907357364571,0.925625217473716,CCDC159/TSSK4,2
GO:0060840,artery development,2/468,59/7427,0.0338983050847458,0.537954512530784,-0.923980723906356,0.894177807397612,0.993907357364571,0.925625217473716,EGR2/CNTRL,2
GO:2001243,negative regulation of intrinsic apoptotic signaling pathway,2/468,59/7427,0.0338983050847458,0.537954512530784,-0.923980723906356,0.894177807397612,0.993907357364571,0.925625217473716,SYVN1/CXCL12,2
GO:0097305,response to alcohol,6/468,143/7427,0.041958041958042,0.665859781244397,-1.04625798011328,0.895003850675766,0.993907357364571,0.925625217473716,CD4/PPP1R9B/GRIN3A/CFTR/FBP1/HMGCS2,6
GO:0022618,protein-RNA complex assembly,4/468,103/7427,0.0388349514563107,0.61629740270517,-1.01687170782796,0.896824067766546,0.993907357364571,0.925625217473716,CELF6/RPS27L/RSRP1/ZRSR2,4
GO:0042770,signal transduction in response to DNA damage,4/468,103/7427,0.0388349514563107,0.61629740270517,-1.01687170782796,0.896824067766546,0.993907357364571,0.925625217473716,PML/CDKN1A/RPS27L/CDK5RAP3,4
GO:0044839,cell cycle G2/M phase transition,3/468,82/7427,0.0365853658536585,0.580597248280175,-0.990305708342272,0.89771199383512,0.993907357364571,0.925625217473716,CDKN1A/RFPL1/CDK5RAP3,3
GO:1903313,positive regulation of mRNA metabolic process,3/468,82/7427,0.0365853658536585,0.580597248280175,-0.990305708342272,0.89771199383512,0.993907357364571,0.925625217473716,SNRNP70/GTSF1/ZFP36,3
GO:0000288,"nuclear-transcribed mRNA catabolic process, deadenylation-dependent decay",1/468,35/7427,0.0285714285714286,0.453418803418803,-0.840494180691833,0.898065292822528,0.993907357364571,0.925625217473716,ZFP36,1
GO:0006278,RNA-templated DNA biosynthetic process,1/468,35/7427,0.0285714285714286,0.453418803418803,-0.840494180691833,0.898065292822528,0.993907357364571,0.925625217473716,PML,1
GO:0006334,nucleosome assembly,1/468,35/7427,0.0285714285714286,0.453418803418803,-0.840494180691833,0.898065292822528,0.993907357364571,0.925625217473716,TSPYL2,1
GO:0007080,mitotic metaphase chromosome alignment,1/468,35/7427,0.0285714285714286,0.453418803418803,-0.840494180691833,0.898065292822528,0.993907357364571,0.925625217473716,ANKRD53,1
GO:0008631,intrinsic apoptotic signaling pathway in response to oxidative stress,1/468,35/7427,0.0285714285714286,0.453418803418803,-0.840494180691833,0.898065292822528,0.993907357364571,0.925625217473716,PML,1
GO:0014910,regulation of smooth muscle cell migration,1/468,35/7427,0.0285714285714286,0.453418803418803,-0.840494180691833,0.898065292822528,0.993907357364571,0.925625217473716,SEMA6D,1
GO:0030865,cortical cytoskeleton organization,1/468,35/7427,0.0285714285714286,0.453418803418803,-0.840494180691833,0.898065292822528,0.993907357364571,0.925625217473716,NCKAP1L,1
GO:0034605,cellular response to heat,1/468,35/7427,0.0285714285714286,0.453418803418803,-0.840494180691833,0.898065292822528,0.993907357364571,0.925625217473716,IER5,1
GO:0048255,mRNA stabilization,1/468,35/7427,0.0285714285714286,0.453418803418803,-0.840494180691833,0.898065292822528,0.993907357364571,0.925625217473716,ZFP36,1
GO:0060997,dendritic spine morphogenesis,1/468,35/7427,0.0285714285714286,0.453418803418803,-0.840494180691833,0.898065292822528,0.993907357364571,0.925625217473716,RELN,1
GO:1903008,organelle disassembly,1/468,35/7427,0.0285714285714286,0.453418803418803,-0.840494180691833,0.898065292822528,0.993907357364571,0.925625217473716,CDK5RAP3,1
GO:1990874,vascular associated smooth muscle cell proliferation,1/468,35/7427,0.0285714285714286,0.453418803418803,-0.840494180691833,0.898065292822528,0.993907357364571,0.925625217473716,CDKN1A,1
GO:2000036,regulation of stem cell population maintenance,1/468,35/7427,0.0285714285714286,0.453418803418803,-0.840494180691833,0.898065292822528,0.993907357364571,0.925625217473716,BICRA,1
GO:0009100,glycoprotein metabolic process,8/468,183/7427,0.0437158469945355,0.693755546214563,-1.08775612386456,0.898478827557796,0.99405573549707,0.925763401923348,GAL3ST4/SYVN1/MAN2B2/VANGL2/HYAL1/CHST13/HS3ST2/GALNT15,8
GO:0001649,osteoblast differentiation,5/468,125/7427,0.04,0.634786324786325,-1.06784471850234,0.902548800872664,0.997476942625435,0.928949569697185,SHOX2/TMT1A/ALPL/CEBPA/FFAR4,5
GO:0010562,positive regulation of phosphorus metabolic process,7/468,165/7427,0.0424242424242424,0.673258223258223,-1.10064051890637,0.903056641747461,0.997476942625435,0.928949569697185,LCP2/PIK3CG/CASS4/CDKN1A/C3/CD4/ATG14,7
GO:0045937,positive regulation of phosphate metabolic process,7/468,165/7427,0.0424242424242424,0.673258223258223,-1.10064051890637,0.903056641747461,0.997476942625435,0.928949569697185,LCP2/PIK3CG/CASS4/CDKN1A/C3/CD4/ATG14,7
GO:0000380,"alternative mRNA splicing, via spliceosome",1/468,36/7427,0.0277777777777778,0.44082383665717,-0.872118059777366,0.904518951231491,0.997476942625435,0.928949569697185,CELF6,1
GO:0032272,negative regulation of protein polymerization,1/468,36/7427,0.0277777777777778,0.44082383665717,-0.872118059777366,0.904518951231491,0.997476942625435,0.928949569697185,VILL,1
GO:0033059,cellular pigmentation,1/468,36/7427,0.0277777777777778,0.44082383665717,-0.872118059777366,0.904518951231491,0.997476942625435,0.928949569697185,ASIP,1
GO:0045913,positive regulation of carbohydrate metabolic process,1/468,36/7427,0.0277777777777778,0.44082383665717,-0.872118059777366,0.904518951231491,0.997476942625435,0.928949569697185,PPP1R3E,1
GO:0060260,regulation of transcription initiation by RNA polymerase II,1/468,36/7427,0.0277777777777778,0.44082383665717,-0.872118059777366,0.904518951231491,0.997476942625435,0.928949569697185,MED15,1
GO:0141084,inflammasome-mediated signaling pathway,1/468,36/7427,0.0277777777777778,0.44082383665717,-0.872118059777366,0.904518951231491,0.997476942625435,0.928949569697185,PLCG2,1
GO:1900076,regulation of cellular response to insulin stimulus,1/468,36/7427,0.0277777777777778,0.44082383665717,-0.872118059777366,0.904518951231491,0.997476942625435,0.928949569697185,ZNF592,1
GO:0043473,pigmentation,2/468,61/7427,0.0327868852459016,0.520316659660922,-0.975507643070572,0.904655782094364,0.997476942625435,0.928949569697185,SZT2/ASIP,2
GO:0051650,establishment of vesicle localization,4/468,105/7427,0.0380952380952381,0.604558404558405,-1.05825204806657,0.904963549314806,0.997507079303615,0.928977635964215,SYT11/DNM1/SYNJ1/ASIP,4
GO:0061024,membrane organization,21/468,425/7427,0.0494117647058824,0.784147812971342,-1.18841150036932,0.905323708076082,0.997594928632783,0.929059449982205,SYT11/TMEM175/DNM1/ELMO1/MAFB/CH25H/DOCK2/NCKAP1L/C3/COLQ/TRMT10B/SLC9A1/ATP8B4/STX11/PRRT2/PLCG2/RELN/CASP7/SYT2/SYNJ1/GBA2,21
GO:0044843,cell cycle G1/S phase transition,5/468,126/7427,0.0396825396825397,0.629748338081671,-1.08697134597886,0.906191059935899,0.998016511083348,0.929452069419617,CDKN1A/GPNMB/BTN2A2/PLCG2/RPS27L,5
GO:0006631,fatty acid metabolic process,7/468,166/7427,0.0421686746987952,0.669202450828957,-1.11775105807087,0.906267453134443,0.998016511083348,0.929452069419617,C3/PLA2G4C/WDTC1/NR1H3/ABHD6/LIPC/ACSM5,7
GO:2000779,regulation of double-strand break repair,3/468,84/7427,0.0357142857142857,0.566773504273504,-1.03548752108362,0.906612870708864,0.998087892637397,0.929518547010309,PML/WAS/GFI1,3
GO:0010975,regulation of neuron projection development,11/468,243/7427,0.0452674897119342,0.718379585663536,-1.15747358542524,0.907082913636128,0.998296387315504,0.929712717956259,LZTS1/SHOX2/SEMA6D/GFI1/CXCL12/HECW2/GRN/MYLIP/RGMA/RELN/MAP6,11
GO:0097190,apoptotic signaling pathway,15/468,318/7427,0.0471698113207547,0.748568779229157,-1.18838041986892,0.908866772736923,0.999290531347308,0.93063856358847,PML/SYK/TNFRSF1B/CDKN1A/TNFRSF25/CDIP1/CD28/SYVN1/TIFAB/CXCL12/FLCN/TNFSF14/RPS27L/CD5/CLEC7A,15
GO:0043535,regulation of blood vessel endothelial cell migration,2/468,62/7427,0.032258064516129,0.511924455472843,-1.00074515772024,0.909524064120154,0.999290531347308,0.93063856358847,PRKD2/MEOX2,2
GO:0072073,kidney epithelium development,2/468,62/7427,0.032258064516129,0.511924455472843,-1.00074515772024,0.909524064120154,0.999290531347308,0.93063856358847,DLL1/KLHL3,2
GO:1903322,positive regulation of protein modification by small protein conjugation or removal,2/468,62/7427,0.032258064516129,0.511924455472843,-1.00074515772024,0.909524064120154,0.999290531347308,0.93063856358847,RASSF5/CDK5RAP3,2
GO:0003151,outflow tract morphogenesis,1/468,37/7427,0.027027027027027,0.428909678909679,-0.903047143726436,0.910564835526399,0.999290531347308,0.93063856358847,DHRS3,1
GO:0003179,heart valve morphogenesis,1/468,37/7427,0.027027027027027,0.428909678909679,-0.903047143726436,0.910564835526399,0.999290531347308,0.93063856358847,TBX5,1
GO:0030199,collagen fibril organization,1/468,37/7427,0.027027027027027,0.428909678909679,-0.903047143726436,0.910564835526399,0.999290531347308,0.93063856358847,COL5A3,1
GO:0043536,positive regulation of blood vessel endothelial cell migration,1/468,37/7427,0.027027027027027,0.428909678909679,-0.903047143726436,0.910564835526399,0.999290531347308,0.93063856358847,PRKD2,1
GO:0072527,pyrimidine-containing compound metabolic process,1/468,37/7427,0.027027027027027,0.428909678909679,-0.903047143726436,0.910564835526399,0.999290531347308,0.93063856358847,NME9,1
GO:0021915,neural tube development,3/468,85/7427,0.0352941176470588,0.560105580693816,-1.05773702309216,0.910795586906936,0.999290531347308,0.93063856358847,PHACTR4/RGMA/VANGL2,3
GO:0090407,organophosphate biosynthetic process,15/468,320/7427,0.046875,0.743890224358974,-1.21446490098382,0.913398450791109,0.999989493569571,0.931289506610669,INPP5D/HAAO/PIK3CG/TTC7A/LCAT/PTAFR/VPS9D1/PLA2G4C/UAP1L1/PLCG2/NME9/SYNJ1/ATG14/MOCS1/HMGCS2,15
GO:0001824,blastocyst development,2/468,63/7427,0.0317460317460317,0.503798670465337,-1.02564788581258,0.914159077346529,0.999989493569571,0.931289506610669,GRN/POU5F1,2
GO:0010717,regulation of epithelial to mesenchymal transition,2/468,63/7427,0.0317460317460317,0.503798670465337,-1.02564788581258,0.914159077346529,0.999989493569571,0.931289506610669,TBX5/GLIPR2,2
GO:0034446,substrate adhesion-dependent cell spreading,2/468,63/7427,0.0317460317460317,0.503798670465337,-1.02564788581258,0.914159077346529,0.999989493569571,0.931289506610669,CASS4/FBLN1,2
GO:0072665,protein localization to vacuole,2/468,63/7427,0.0317460317460317,0.503798670465337,-1.02564788581258,0.914159077346529,0.999989493569571,0.931289506610669,SZT2/ATG14,2
GO:0006606,protein import into nucleus,3/468,86/7427,0.0348837209302326,0.553592725104353,-1.07976652125051,0.914807798936754,0.999989493569571,0.931289506610669,PML/SYK/CDKN1A,3
GO:0007009,plasma membrane organization,3/468,86/7427,0.0348837209302326,0.553592725104353,-1.07976652125051,0.914807798936754,0.999989493569571,0.931289506610669,SYT11/MAFB/CASP7,3
GO:1904375,regulation of protein localization to cell periphery,3/468,86/7427,0.0348837209302326,0.553592725104353,-1.07976652125051,0.914807798936754,0.999989493569571,0.931289506610669,PRKCH/PPP1R9B/AKAP5,3
GO:0006405,RNA export from nucleus,1/468,38/7427,0.0263157894736842,0.417622582096266,-0.933319784983541,0.916228659203482,0.999989493569571,0.931289506610669,NXF1,1
GO:0006611,protein export from nucleus,1/468,38/7427,0.0263157894736842,0.417622582096266,-0.933319784983541,0.916228659203482,0.999989493569571,0.931289506610669,EGR2,1
GO:0021879,forebrain neuron differentiation,1/468,38/7427,0.0263157894736842,0.417622582096266,-0.933319784983541,0.916228659203482,0.999989493569571,0.931289506610669,ZNF335,1
GO:0034248,regulation of amide metabolic process,1/468,38/7427,0.0263157894736842,0.417622582096266,-0.933319784983541,0.916228659203482,0.999989493569571,0.931289506610669,ALDOB,1
GO:0034308,primary alcohol metabolic process,1/468,38/7427,0.0263157894736842,0.417622582096266,-0.933319784983541,0.916228659203482,0.999989493569571,0.931289506610669,DHRS3,1
GO:0045132,meiotic chromosome segregation,1/468,38/7427,0.0263157894736842,0.417622582096266,-0.933319784983541,0.916228659203482,0.999989493569571,0.931289506610669,TEX11,1
GO:0051298,centrosome duplication,1/468,38/7427,0.0263157894736842,0.417622582096266,-0.933319784983541,0.916228659203482,0.999989493569571,0.931289506610669,CENATAC,1
GO:0051781,positive regulation of cell division,1/468,38/7427,0.0263157894736842,0.417622582096266,-0.933319784983541,0.916228659203482,0.999989493569571,0.931289506610669,MRGPRX2,1
GO:1903409,reactive oxygen species biosynthetic process,1/468,38/7427,0.0263157894736842,0.417622582096266,-0.933319784983541,0.916228659203482,0.999989493569571,0.931289506610669,PLCG2,1
GO:0031623,receptor internalization,2/468,64/7427,0.03125,0.495926816239316,-1.05022695698566,0.918570810621394,0.999989493569571,0.931289506610669,SYK/PLCG2,2
GO:0071826,protein-RNA complex organization,4/468,109/7427,0.036697247706422,0.582372775033326,-1.13902388065173,0.919556856853239,0.999989493569571,0.931289506610669,CELF6/RPS27L/RSRP1/ZRSR2,4
GO:0002009,morphogenesis of an epithelium,11/468,248/7427,0.0443548387096774,0.703896126275159,-1.22988621408051,0.919565198802463,0.999989493569571,0.931289506610669,PML/PHACTR4/DLL1/KLHL3/PRKD2/NOTCH4/RGMA/TBX18/TBX5/VANGL2/WNT2,11
GO:0018193,peptidyl-amino acid modification,9/468,210/7427,0.0428571428571429,0.680128205128205,-1.21936639714487,0.920378084859916,0.999989493569571,0.931289506610669,EGR2/PML/SYK/CASS4/TRIM38/CAPN3/EGR1/HCK/NFATC2IP,9
GO:0001570,vasculogenesis,1/468,39/7427,0.0256410256410256,0.406914310760465,-0.962971171406346,0.921534517573055,0.999989493569571,0.931289506610669,TBX5,1
GO:0007585,respiratory gaseous exchange by respiratory system,1/468,39/7427,0.0256410256410256,0.406914310760465,-0.962971171406346,0.921534517573055,0.999989493569571,0.931289506610669,MAFB,1
GO:0044788,host-mediated perturbation of viral process,1/468,39/7427,0.0256410256410256,0.406914310760465,-0.962971171406346,0.921534517573055,0.999989493569571,0.931289506610669,STOM,1
GO:0062197,cellular response to chemical stress,8/468,191/7427,0.0418848167539267,0.664697722289345,-1.21739324845573,0.921633650055998,0.999989493569571,0.931289506610669,PML/SIRPA/SOD3/CAPN3/TIFAB/GCH1/BMAL1/FBP1,8
GO:0010976,positive regulation of neuron projection development,3/468,88/7427,0.0340909090909091,0.541011072261072,-1.12318703587172,0.922343936023942,0.999989493569571,0.931289506610669,GRN/RGMA/RELN,3
GO:0003341,cilium movement,2/468,65/7427,0.0307692307692308,0.488297172912558,-1.07449294645594,0.922768923367432,0.999989493569571,0.931289506610669,CCDC159/TSSK4,2
GO:0030278,regulation of ossification,2/468,65/7427,0.0307692307692308,0.488297172912558,-1.07449294645594,0.922768923367432,0.999989493569571,0.931289506610669,EGR2/DHRS3,2
GO:0061014,positive regulation of mRNA catabolic process,2/468,65/7427,0.0307692307692308,0.488297172912558,-1.07449294645594,0.922768923367432,0.999989493569571,0.931289506610669,GTSF1/ZFP36,2
GO:0070646,protein modification by small protein removal,2/468,65/7427,0.0307692307692308,0.488297172912558,-1.07449294645594,0.922768923367432,0.999989493569571,0.931289506610669,OTUD1/NLRP4,2
GO:0071900,regulation of protein serine/threonine kinase activity,2/468,65/7427,0.0307692307692308,0.488297172912558,-1.07449294645594,0.922768923367432,0.999989493569571,0.931289506610669,PIK3CG/CDK5RAP3,2
GO:2000060,positive regulation of ubiquitin-dependent protein catabolic process,2/468,65/7427,0.0307692307692308,0.488297172912558,-1.07449294645594,0.922768923367432,0.999989493569571,0.931289506610669,RFPL1/CEBPA,2
GO:0007051,spindle organization,4/468,110/7427,0.0363636363636364,0.577078477078477,-1.15882160404592,0.922877326041826,0.999989493569571,0.931289506610669,CHD3/STARD9/PDE4DIP/ANKRD53,4
GO:0120035,regulation of plasma membrane bounded cell projection organization,16/468,344/7427,0.0465116279069768,0.738123633472471,-1.2897154061399,0.924905353592534,0.999989493569571,0.931289506610669,LZTS1/SHOX2/WAS/SEMA6D/LIMA1/GFI1/PPP1R16B/CXCL12/SYNE2/HECW2/GRN/MYLIP/RGMA/RELN/DAAM2/MAP6,16
GO:1901873,regulation of post-translational protein modification,5/468,132/7427,0.0378787878787879,0.601123413623414,-1.19905703827798,0.925646430578577,0.999989493569571,0.931289506610669,RASSF5/CAPN3/EGR1/FLCN/CDK5RAP3,5
GO:0051205,protein insertion into membrane,1/468,40/7427,0.025,0.396741452991453,-0.992033665665413,0.926504989388947,0.999989493569571,0.931289506610669,TRMT10B,1
GO:0031399,regulation of protein modification process,16/468,345/7427,0.0463768115942029,0.735984144679797,-1.30223263830171,0.926807850811507,0.999989493569571,0.931289506610669,STAT2/TSPYL2/LCP2/PIK3CG/CASS4/CDKN1A/RASSF5/C3/CD4/CAPN3/EGR1/FLCN/FBLN1/BMAL1/ATG14/CDK5RAP3,16
GO:1901987,regulation of cell cycle phase transition,9/468,213/7427,0.0422535211267606,0.670548934633442,-1.26508477680803,0.927607212694237,0.999989493569571,0.931289506610669,CDKN1A/PPP1R9B/HECW2/GPNMB/BTN2A2/PLCG2/RPS27L/RFPL1/CDK5RAP3,9
GO:0051170,import into nucleus,3/468,90/7427,0.0333333333333333,0.528988603988604,-1.16579017488721,0.929266490032417,0.999989493569571,0.931289506610669,PML/SYK/CDKN1A,3
GO:0000377,"RNA splicing, via transesterification reactions with bulged adenosine as nucleophile",6/468,154/7427,0.038961038961039,0.618298368298368,-1.24123657377492,0.92944367251959,0.999989493569571,0.931289506610669,CELF6/SNRNP70/RSRP1/ZRSR2/CENATAC/U2AF1L4,6
GO:0000398,"mRNA splicing, via spliceosome",6/468,154/7427,0.038961038961039,0.618298368298368,-1.24123657377492,0.92944367251959,0.999989493569571,0.931289506610669,CELF6/SNRNP70/RSRP1/ZRSR2/CENATAC/U2AF1L4,6
GO:0097306,cellular response to alcohol,2/468,67/7427,0.0298507462686567,0.473721137900242,-1.12212542304109,0.93056128951692,0.999989493569571,0.931289506610669,CFTR/FBP1,2
GO:0009247,glycolipid biosynthetic process,1/468,41/7427,0.024390243902439,0.387064832186783,-1.02053710045401,0.931161232108044,0.999989493569571,0.931289506610669,GAL3ST4,1
GO:0010833,telomere maintenance via telomere lengthening,1/468,41/7427,0.024390243902439,0.387064832186783,-1.02053710045401,0.931161232108044,0.999989493569571,0.931289506610669,PML,1
GO:0014909,smooth muscle cell migration,1/468,41/7427,0.024390243902439,0.387064832186783,-1.02053710045401,0.931161232108044,0.999989493569571,0.931289506610669,SEMA6D,1
GO:0021872,forebrain generation of neurons,1/468,41/7427,0.024390243902439,0.387064832186783,-1.02053710045401,0.931161232108044,0.999989493569571,0.931289506610669,ZNF335,1
GO:0043543,protein acylation,1/468,41/7427,0.024390243902439,0.387064832186783,-1.02053710045401,0.931161232108044,0.999989493569571,0.931289506610669,BMAL1,1
GO:0050730,regulation of peptidyl-tyrosine phosphorylation,1/468,41/7427,0.024390243902439,0.387064832186783,-1.02053710045401,0.931161232108044,0.999989493569571,0.931289506610669,CASS4,1
GO:0050886,endocrine process,1/468,41/7427,0.024390243902439,0.387064832186783,-1.02053710045401,0.931161232108044,0.999989493569571,0.931289506610669,AVPR2,1
GO:0070301,cellular response to hydrogen peroxide,1/468,41/7427,0.024390243902439,0.387064832186783,-1.02053710045401,0.931161232108044,0.999989493569571,0.931289506610669,SIRPA,1
GO:0071709,membrane assembly,1/468,41/7427,0.024390243902439,0.387064832186783,-1.02053710045401,0.931161232108044,0.999989493569571,0.931289506610669,MAFB,1
GO:0072666,establishment of protein localization to vacuole,1/468,41/7427,0.024390243902439,0.387064832186783,-1.02053710045401,0.931161232108044,0.999989493569571,0.931289506610669,ATG14,1
GO:1903053,regulation of extracellular matrix organization,1/468,41/7427,0.024390243902439,0.387064832186783,-1.02053710045401,0.931161232108044,0.999989493569571,0.931289506610669,TNFRSF1B,1
GO:0000375,"RNA splicing, via transesterification reactions",6/468,155/7427,0.0387096774193548,0.614309346567411,-1.25836030298047,0.932017491853027,0.999989493569571,0.931289506610669,CELF6/SNRNP70/RSRP1/ZRSR2/CENATAC/U2AF1L4,6
GO:0030010,establishment of cell polarity,3/468,91/7427,0.032967032967033,0.523175542406312,-1.18679727095995,0.932511241032103,0.999989493569571,0.931289506610669,DOCK8/DOCK2/CYP26B1,3
GO:0080135,regulation of cellular response to stress,13/468,292/7427,0.0445205479452055,0.706525875190259,-1.3267565302435,0.932516385655465,0.999989493569571,0.931289506610669,PML/TMEM259/SYVN1/WAS/GFI1/TIFAB/CXCL12/GRN/RGMA/NR1H3/IER5/GCH1/VHL,13
GO:0002062,chondrocyte differentiation,2/468,68/7427,0.0294117647058824,0.46675465057818,-1.14551059965009,0.934173235808777,0.999989493569571,0.931289506610669,SHOX2/GDF5,2
GO:0050714,positive regulation of protein secretion,2/468,68/7427,0.0294117647058824,0.46675465057818,-1.14551059965009,0.934173235808777,0.999989493569571,0.931289506610669,MYOM1/CFTR,2
GO:1901655,cellular response to ketone,2/468,68/7427,0.0294117647058824,0.46675465057818,-1.14551059965009,0.934173235808777,0.999989493569571,0.931289506610669,CFTR/FBP1,2
GO:0000209,protein polyubiquitination,6/468,156/7427,0.0384615384615385,0.610371466140697,-1.27538986605444,0.934508136331768,0.999989493569571,0.931289506610669,TRIM56/DDB2/TRIM38/KLHL3/SYVN1/NLRP4,6
GO:0090287,regulation of cellular response to growth factor stimulus,6/468,156/7427,0.0384615384615385,0.610371466140697,-1.27538986605444,0.934508136331768,0.999989493569571,0.931289506610669,DLL1/PRKD2/FLCN/RGMA/GDF5/LRIT3,6
GO:0000082,G1/S transition of mitotic cell cycle,4/468,114/7427,0.0350877192982456,0.556830109461688,-1.23652205208536,0.934962942991951,0.999989493569571,0.931289506610669,CDKN1A/GPNMB/BTN2A2/RPS27L,4
GO:0001510,RNA methylation,1/468,42/7427,0.0238095238095238,0.377849002849003,-1.04850903621364,0.935523071178371,0.999989493569571,0.931289506610669,TRMT10B,1
GO:0001954,positive regulation of cell-matrix adhesion,1/468,42/7427,0.0238095238095238,0.377849002849003,-1.04850903621364,0.935523071178371,0.999989493569571,0.931289506610669,COL16A1,1
GO:0006400,tRNA modification,1/468,42/7427,0.0238095238095238,0.377849002849003,-1.04850903621364,0.935523071178371,0.999989493569571,0.931289506610669,TRMT10B,1
GO:0008088,axo-dendritic transport,1/468,42/7427,0.0238095238095238,0.377849002849003,-1.04850903621364,0.935523071178371,0.999989493569571,0.931289506610669,MAP1A,1
GO:0015914,phospholipid transport,1/468,42/7427,0.0238095238095238,0.377849002849003,-1.04850903621364,0.935523071178371,0.999989493569571,0.931289506610669,ATP8B4,1
GO:1902373,negative regulation of mRNA catabolic process,1/468,42/7427,0.0238095238095238,0.377849002849003,-1.04850903621364,0.935523071178371,0.999989493569571,0.931289506610669,ZFP36,1
GO:0034504,protein localization to nucleus,7/468,177/7427,0.0395480225988701,0.627613597952581,-1.30028461698707,0.935983147160163,0.999989493569571,0.931289506610669,PML/SYK/TYK2/CDKN1A/RASSF5/FLCN/CDK5RAP3,7
GO:0035967,cellular response to topologically incorrect protein,2/468,69/7427,0.0289855072463768,0.459990090424873,-1.16862013247046,0.937606955740923,0.999989493569571,0.931289506610669,OS9/CDK5RAP3,2
GO:0090068,positive regulation of cell cycle process,4/468,115/7427,0.0347826086956522,0.551988108509848,-1.25558856294143,0.937703664580055,0.999989493569571,0.931289506610669,CD28/SH2B1/PLCG2/MRGPRX2,4
GO:0006310,DNA recombination,7/468,178/7427,0.0393258426966292,0.62408767886296,-1.31638975194915,0.938222735003446,0.999989493569571,0.931289506610669,BCL6/CD28/WAS/GFI1/SAMHD1/TBX21/TEX11,7
GO:0015980,energy derivation by oxidation of organic compounds,9/468,218/7427,0.0412844036697248,0.655169371912491,-1.3400578524749,0.938402839313727,0.999989493569571,0.931289506610669,GABARAPL1/PPP1R3E/FLCN/UCP2/ISCU/PYGM/COQ10A/FBP1/ALDOB,9
GO:0000075,cell cycle checkpoint signaling,3/468,93/7427,0.032258064516129,0.511924455472843,-1.22824512674142,0.938593671243795,0.999989493569571,0.931289506610669,CDKN1A/RPS27L/CDK5RAP3,3
GO:1905475,regulation of protein localization to membrane,3/468,93/7427,0.032258064516129,0.511924455472843,-1.22824512674142,0.938593671243795,0.999989493569571,0.931289506610669,PRKCH/PPP1R9B/AKAP5,3
GO:0090092,regulation of transmembrane receptor protein serine/threonine kinase signaling pathway,5/468,137/7427,0.0364963503649635,0.579184602907231,-1.28918463821612,0.939035874578001,0.999989493569571,0.931289506610669,SH2B1/FLCN/RGMA/GDF5/HFE,5
GO:0140014,mitotic nuclear division,5/468,137/7427,0.0364963503649635,0.579184602907231,-1.28918463821612,0.939035874578001,0.999989493569571,0.931289506610669,CD28/PPP1R9B/SH2B1/CCDC8/ANKRD53,5
GO:0051304,chromosome separation,1/468,43/7427,0.0232558139534884,0.369061816736235,-1.0759749869269,0.939609083729288,0.999989493569571,0.931289506610669,CENATAC,1
GO:0072384,organelle transport along microtubule,1/468,43/7427,0.0232558139534884,0.369061816736235,-1.0759749869269,0.939609083729288,0.999989493569571,0.931289506610669,SYNE2,1
GO:2000177,regulation of neural precursor cell proliferation,1/468,43/7427,0.0232558139534884,0.369061816736235,-1.0759749869269,0.939609083729288,0.999989493569571,0.931289506610669,ZNF335,1
GO:0033500,carbohydrate homeostasis,4/468,116/7427,0.0344827586206897,0.547229590333039,-1.27451696188969,0.940339220936855,0.999989493569571,0.931289506610669,UCP2/USF1/CEBPA/CFTR,4
GO:0042593,glucose homeostasis,4/468,116/7427,0.0344827586206897,0.547229590333039,-1.27451696188969,0.940339220936855,0.999989493569571,0.931289506610669,UCP2/USF1/CEBPA/CFTR,4
GO:0031344,regulation of cell projection organization,16/468,353/7427,0.0453257790368272,0.719304617321615,-1.40125467461138,0.940621650368375,0.999989493569571,0.931289506610669,LZTS1/SHOX2/WAS/SEMA6D/LIMA1/GFI1/PPP1R16B/CXCL12/SYNE2/HECW2/GRN/MYLIP/RGMA/RELN/DAAM2/MAP6,16
GO:0009206,purine ribonucleoside triphosphate biosynthetic process,2/468,70/7427,0.0285714285714286,0.453418803418803,-1.19146231301481,0.940870507709752,0.999989493569571,0.931289506610669,VPS9D1/NME9,2
GO:0006338,chromatin remodeling,14/468,316/7427,0.0443037974683544,0.70308611922536,-1.39873577921018,0.941523378937854,0.999989493569571,0.931289506610669,BCL6/PML/TSPYL2/CHD3/KMT2A/IRF4/EGR1/ZNFX1/CHD2/ZNF335/MBD1/APOBEC3F/BICRA/ASIP,14
GO:0002088,lens development in camera-type eye,1/468,44/7427,0.0227272727272727,0.360674048174048,-1.1029586185961,0.943436677014052,0.999989493569571,0.931289506610669,WNT2,1
GO:1901184,regulation of ERBB signaling pathway,1/468,44/7427,0.0227272727272727,0.360674048174048,-1.1029586185961,0.943436677014052,0.999989493569571,0.931289506610669,LGMN,1
GO:0051054,positive regulation of DNA metabolic process,6/468,160/7427,0.0375,0.595112179487179,-1.34259215394839,0.943681548616047,0.999989493569571,0.931289506610669,PML/CDKN1A/CD28/WAS/PRKD2/TBX21,6
GO:0060341,regulation of cellular localization,11/468,260/7427,0.0423076923076923,0.671408612754767,-1.39862448963452,0.943864076757723,0.999989493569571,0.931289506610669,PML/KCNE1/CD4/PRKCH/OS9/PPP1R9B/UCP2/STOM/ISCU/AKAP5/CFTR,11
GO:0006575,modified amino acid metabolic process,2/468,71/7427,0.028169014084507,0.447032623088961,-1.21404505698762,0.943971644876178,0.999989493569571,0.931289506610669,GCH1/DMGDH,2
GO:0009145,purine nucleoside triphosphate biosynthetic process,2/468,71/7427,0.028169014084507,0.447032623088961,-1.21404505698762,0.943971644876178,0.999989493569571,0.931289506610669,VPS9D1/NME9,2
GO:0015748,organophosphate ester transport,2/468,71/7427,0.028169014084507,0.447032623088961,-1.21404505698762,0.943971644876178,0.999989493569571,0.931289506610669,ATP8B4/CALHM5,2
GO:0045834,positive regulation of lipid metabolic process,2/468,71/7427,0.028169014084507,0.447032623088961,-1.21404505698762,0.943971644876178,0.999989493569571,0.931289506610669,NR1H3/ABHD6,2
GO:0006457,protein folding,3/468,95/7427,0.0315789473684211,0.50114709851552,-1.26896620977188,0.944166412987624,0.999989493569571,0.931289506610669,SNRNP70/GRN/NFYC,3
GO:0006486,protein glycosylation,3/468,95/7427,0.0315789473684211,0.50114709851552,-1.26896620977188,0.944166412987624,0.999989493569571,0.931289506610669,ABO/GALNT15/ST6GAL2,3
GO:0043413,macromolecule glycosylation,3/468,95/7427,0.0315789473684211,0.50114709851552,-1.26896620977188,0.944166412987624,0.999989493569571,0.931289506610669,ABO/GALNT15/ST6GAL2,3
GO:0001701,in utero embryonic development,9/468,221/7427,0.0407239819004525,0.646275670031326,-1.38433411397572,0.944184608179381,0.999989493569571,0.931289506610669,CDKN1A/MAFB/ZNF335/FLCN/WDTC1/GRN/POU5F1/CEBPA/WNT2,9
GO:0048729,tissue morphogenesis,13/468,300/7427,0.0433333333333333,0.687685185185185,-1.43194657292341,0.946333609744977,0.999989493569571,0.931289506610669,PML/SHOX2/PHACTR4/DLL1/KLHL3/PRKD2/NOTCH4/RGMA/TBX19/TBX18/TBX5/VANGL2/WNT2,13
GO:0008585,female gonad development,1/468,45/7427,0.0222222222222222,0.352659069325736,-1.12948192426745,0.947022161933112,0.999989493569571,0.931289506610669,NOTCH4,1
GO:0014812,muscle cell migration,1/468,45/7427,0.0222222222222222,0.352659069325736,-1.12948192426745,0.947022161933112,0.999989493569571,0.931289506610669,SEMA6D,1
GO:0030901,midbrain development,1/468,45/7427,0.0222222222222222,0.352659069325736,-1.12948192426745,0.947022161933112,0.999989493569571,0.931289506610669,WNT2,1
GO:0032206,positive regulation of telomere maintenance,1/468,45/7427,0.0222222222222222,0.352659069325736,-1.12948192426745,0.947022161933112,0.999989493569571,0.931289506610669,PML,1
GO:0042274,ribosomal small subunit biogenesis,1/468,45/7427,0.0222222222222222,0.352659069325736,-1.12948192426745,0.947022161933112,0.999989493569571,0.931289506610669,RPS27L,1
GO:0009306,protein secretion,6/468,162/7427,0.037037037037037,0.587765115542893,-1.37566098000229,0.947823734538526,0.999989493569571,0.931289506610669,TVP23A/MYOM1/UCP2/NR1H3/BMAL1/CFTR,6
GO:0006886,intracellular protein transport,15/468,339/7427,0.0442477876106195,0.702197261931775,-1.45543783953316,0.947840165427648,0.999989493569571,0.931289506610669,STING1/EGR2/PML/SYK/CDKN1A/SYVN1/NAPB/OS9/STX11/SYTL3/MAP1A/AKAP5/GRIP2/ATG14/COPZ2,15
GO:0060828,regulation of canonical Wnt signaling pathway,5/468,141/7427,0.0354609929078014,0.56275383403043,-1.35930828403456,0.948145474995657,0.999989493569571,0.931289506610669,EGR1/POU5F1/TBX18/BMAL1/DAAM2,5
GO:1990778,protein localization to cell periphery,7/468,183/7427,0.0382513661202186,0.607036102937742,-1.3957767404553,0.948415557744231,0.999989493569571,0.931289506610669,TTC7A/FYB1/PRKCH/PPP1R9B/AKAP5/GRIP2/CACNB2,7
GO:0007156,homophilic cell adhesion via plasma membrane adhesion molecules,2/468,73/7427,0.0273972602739726,0.434785153963236,-1.25846215157403,0.949716199954655,0.999989493569571,0.931289506610669,PCDHGC3/CDH23,2
GO:0035592,establishment of protein localization to extracellular region,6/468,163/7427,0.0368098159509202,0.584159194588643,-1.39206645565876,0.949790722064452,0.999989493569571,0.931289506610669,TVP23A/MYOM1/UCP2/NR1H3/BMAL1/CFTR,6
GO:0071692,protein localization to extracellular region,6/468,163/7427,0.0368098159509202,0.584159194588643,-1.39206645565876,0.949790722064452,0.999989493569571,0.931289506610669,TVP23A/MYOM1/UCP2/NR1H3/BMAL1/CFTR,6
GO:0022604,regulation of cell morphogenesis,5/468,142/7427,0.0352112676056338,0.558790778861201,-1.37657841469694,0.950221722707873,0.999989493569571,0.931289506610669,HCK/ARHGEF18/RELN/SYT2/MPL,5
GO:0034599,cellular response to oxidative stress,5/468,142/7427,0.0352112676056338,0.558790778861201,-1.37657841469694,0.950221722707873,0.999989493569571,0.931289506610669,PML/SIRPA/SOD3/GCH1/BMAL1,5
GO:0001942,hair follicle development,1/468,46/7427,0.0217391304347826,0.344992567818655,-1.15556537884083,0.950380821946022,0.999989493569571,0.931289506610669,VANGL2,1
GO:0043489,RNA stabilization,1/468,46/7427,0.0217391304347826,0.344992567818655,-1.15556537884083,0.950380821946022,0.999989493569571,0.931289506610669,ZFP36,1
GO:0043648,dicarboxylic acid metabolic process,1/468,46/7427,0.0217391304347826,0.344992567818655,-1.15556537884083,0.950380821946022,0.999989493569571,0.931289506610669,HAAO,1
GO:0044091,membrane biogenesis,1/468,46/7427,0.0217391304347826,0.344992567818655,-1.15556537884083,0.950380821946022,0.999989493569571,0.931289506610669,MAFB,1
GO:0016310,phosphorylation,19/468,416/7427,0.0456730769230769,0.724816116042078,-1.49798221959437,0.950770369762938,0.999989493569571,0.931289506610669,STAT2/SYK/TSPYL2/LCP2/PIK3CG/CASS4/TYK2/CDKN1A/C3/CD4/MAP3K6/PRKD2/HCK/PRKCH/CDK11A/FBLN1/TSSK4/ATG14/CDK5RAP3,19
GO:0000724,double-strand break repair via homologous recombination,3/468,98/7427,0.0306122448979592,0.485805860805861,-1.32875459678788,0.951651955470252,0.999989493569571,0.931289506610669,WAS/GFI1/SAMHD1,3
GO:1903311,regulation of mRNA metabolic process,6/468,164/7427,0.0365853658536585,0.580597248280175,-1.40838748820486,0.951690894068989,0.999989493569571,0.931289506610669,CELF6/SNRNP70/GTSF1/CDK11A/ZFP36/SAFB2,6
GO:0009201,ribonucleoside triphosphate biosynthetic process,2/468,74/7427,0.027027027027027,0.428909678909679,-1.28031064784744,0.952373657395288,0.999989493569571,0.931289506610669,VPS9D1/NME9,2
GO:0045667,regulation of osteoblast differentiation,2/468,74/7427,0.027027027027027,0.428909678909679,-1.28031064784744,0.952373657395288,0.999989493569571,0.931289506610669,CEBPA/FFAR4,2
GO:0006470,protein dephosphorylation,1/468,47/7427,0.0212765957446809,0.337652300418258,-1.18122807639618,0.953526977660595,0.999989493569571,0.931289506610669,PTPN7,1
GO:0022404,molting cycle process,1/468,47/7427,0.0212765957446809,0.337652300418258,-1.18122807639618,0.953526977660595,0.999989493569571,0.931289506610669,VANGL2,1
GO:0022405,hair cycle process,1/468,47/7427,0.0212765957446809,0.337652300418258,-1.18122807639618,0.953526977660595,0.999989493569571,0.931289506610669,VANGL2,1
GO:0046545,development of primary female sexual characteristics,1/468,47/7427,0.0212765957446809,0.337652300418258,-1.18122807639618,0.953526977660595,0.999989493569571,0.931289506610669,NOTCH4,1
GO:1902115,regulation of organelle assembly,4/468,122/7427,0.0327868852459016,0.520316659660922,-1.38532420152361,0.954130721676122,0.999989493569571,0.931289506610669,LIMA1/HCK/SYNE2/LRRC4B,4
GO:0006979,response to oxidative stress,9/468,227/7427,0.039647577092511,0.629193493730939,-1.47136698473756,0.954337943277202,0.999989493569571,0.931289506610669,PML/SIRPA/SOD3/IPCEF1/UCP2/GCH1/BMAL1/PDLIM1/HYAL1,9
GO:0140694,membraneless organelle assembly,9/468,227/7427,0.039647577092511,0.629193493730939,-1.47136698473756,0.954337943277202,0.999989493569571,0.931289506610669,STARD9/MYH3/MYH11/PLA2G4C/CENPT/CAPN3/HCK/MYOM1/RPS27L,9
GO:0016236,macroautophagy,8/468,207/7427,0.0386473429951691,0.613320120566497,-1.46317114936731,0.954631606615268,0.999989493569571,0.931289506610669,STING1/SYK/LZTS1/KLHL3/GABARAPL1/RAB2B/ATG14/CDK5RAP3,8
GO:0007018,microtubule-based movement,6/468,166/7427,0.036144578313253,0.573602100710534,-1.44078063541989,0.955298349963792,0.999989493569571,0.931289506610669,CCDC159/STARD9/SYNE2/DYNLT5/MAP1A/TSSK4,6
GO:0051668,localization within membrane,16/468,364/7427,0.043956043956044,0.697567389875082,-1.53430495314825,0.955947988313017,0.999989493569571,0.931289506610669,TTC7A/FYB1/DOCK2/KCNE1/COLQ/TRMT10B/CAPN3/PRKCH/PPP1R9B/RELN/PSAP/STOM/AKAP5/GRIP2/CYP46A1/CACNB2,16
GO:0030071,regulation of mitotic metaphase/anaphase transition,1/468,48/7427,0.0208333333333333,0.330617877492877,-1.20648785234775,0.956474047369923,0.999989493569571,0.931289506610669,HECW2,1
GO:1902099,regulation of metaphase/anaphase transition of cell cycle,1/468,48/7427,0.0208333333333333,0.330617877492877,-1.20648785234775,0.956474047369923,0.999989493569571,0.931289506610669,HECW2,1
GO:0006260,DNA replication,6/468,167/7427,0.0359281437125749,0.570167357592507,-1.45685490202139,0.957009325562397,0.999989493569571,0.931289506610669,BCL6/TSPYL2/CDKN1A/BOD1L1/POLG/SAMHD1,6
GO:0007224,smoothened signaling pathway,2/468,76/7427,0.0263157894736842,0.417622582096266,-1.32332065754781,0.95729193830838,0.999989493569571,0.931289506610669,SHOX2/PTCH2,2
GO:0048285,organelle fission,9/468,229/7427,0.0393013100436681,0.623698354047699,-1.499943563419,0.957339050387135,0.999989493569571,0.931289506610669,STAT2/CD28/PPP1R9B/SH2B1/UCP2/CYP26B1/TEX11/CCDC8/ANKRD53,9
GO:0032880,regulation of protein localization,20/468,441/7427,0.0453514739229025,0.719712386379053,-1.57375053516766,0.95826653480157,0.999989493569571,0.931289506610669,PML/SYT11/TYK2/RASSF5/KCNE1/MYOM1/PRKCH/OS9/PPP1R9B/FLCN/UCP2/NR1H3/MAP1A/TMEM35A/STOM/BMAL1/AKAP5/CFTR/HFE/CDK5RAP3,20
GO:0009150,purine ribonucleotide metabolic process,7/468,189/7427,0.037037037037037,0.587765115542893,-1.48865250868964,0.958651930441633,0.999989493569571,0.931289506610669,MYH3/VPS9D1/FLCN/UCP2/NME9/FBP1/ALDOB,7
GO:0060070,canonical Wnt signaling pathway,6/468,168/7427,0.0357142857142857,0.566773504273504,-1.47284903048314,0.958660868282464,0.999989493569571,0.931289506610669,EGR1/POU5F1/TBX18/BMAL1/DAAM2/WNT2,6
GO:0007127,meiosis I,1/468,49/7427,0.0204081632653061,0.323870573870574,-1.23136139238955,0.959234603790966,0.999989493569571,0.931289506610669,TEX11,1
GO:0044272,sulfur compound biosynthetic process,1/468,49/7427,0.0204081632653061,0.323870573870574,-1.23136139238955,0.959234603790966,0.999989493569571,0.931289506610669,CSAD,1
GO:0030258,lipid modification,2/468,77/7427,0.025974025974026,0.412198912198912,-1.34449459059504,0.95956515904458,0.999989493569571,0.931289506610669,INPP5D/SYNJ1,2
GO:0031333,negative regulation of protein-containing complex assembly,2/468,77/7427,0.025974025974026,0.412198912198912,-1.34449459059504,0.95956515904458,0.999989493569571,0.931289506610669,VILL/PRRT2,2
GO:0062013,positive regulation of small molecule metabolic process,2/468,77/7427,0.025974025974026,0.412198912198912,-1.34449459059504,0.95956515904458,0.999989493569571,0.931289506610669,PPP1R3E/NR1H3,2
GO:0000725,recombinational repair,3/468,102/7427,0.0294117647058824,0.46675465057818,-1.40621047476095,0.960183598132217,0.999989493569571,0.931289506610669,WAS/GFI1/SAMHD1,3
GO:0006403,RNA localization,3/468,102/7427,0.0294117647058824,0.46675465057818,-1.40621047476095,0.960183598132217,0.999989493569571,0.931289506610669,NXF1/NPIPA1/ZFP36,3
GO:0051604,protein maturation,12/468,291/7427,0.0412371134020619,0.654418891532294,-1.55953831075795,0.960695461377887,0.999989493569571,0.931289506610669,VSIR/MAFB/C3/LGMN/SNRNP70/GRN/MEP1A/NFYC/FBLN1/CASP7/CFB/PCSK1,12
GO:0072521,purine-containing compound metabolic process,12/468,291/7427,0.0412371134020619,0.654418891532294,-1.55953831075795,0.960695461377887,0.999989493569571,0.931289506610669,HAAO/MYH3/VPS9D1/PIPOX/SAMHD1/FLCN/UCP2/NME9/FBP1/ACSM5/HMGCS2/ALDOB,12
GO:0006163,purine nucleotide metabolic process,9/468,232/7427,0.0387931034482759,0.615633289124668,-1.54241535983076,0.961512218893938,0.999989493569571,0.931289506610669,HAAO/MYH3/VPS9D1/SAMHD1/FLCN/UCP2/NME9/FBP1/ALDOB,9
GO:0001890,placenta development,2/468,78/7427,0.0256410256410256,0.406914310760465,-1.36545566413238,0.961722268907087,0.999989493569571,0.931289506610669,CEBPA/WNT2,2
GO:0006986,response to unfolded protein,2/468,78/7427,0.0256410256410256,0.406914310760465,-1.36545566413238,0.961722268907087,0.999989493569571,0.931289506610669,OS9/CDK5RAP3,2
GO:0006289,nucleotide-excision repair,1/468,50/7427,0.02,0.317393162393162,-1.25586432990609,0.961820427242556,0.999989493569571,0.931289506610669,DDB2,1
GO:0009408,response to heat,1/468,50/7427,0.02,0.317393162393162,-1.25586432990609,0.961820427242556,0.999989493569571,0.931289506610669,IER5,1
GO:0015986,proton motive force-driven ATP synthesis,1/468,50/7427,0.02,0.317393162393162,-1.25586432990609,0.961820427242556,0.999989493569571,0.931289506610669,VPS9D1,1
GO:0034502,protein localization to chromosome,1/468,50/7427,0.02,0.317393162393162,-1.25586432990609,0.961820427242556,0.999989493569571,0.931289506610669,PML,1
GO:0072329,monocarboxylic acid catabolic process,1/468,50/7427,0.02,0.317393162393162,-1.25586432990609,0.961820427242556,0.999989493569571,0.931289506610669,CYP26B1,1
GO:0090316,positive regulation of intracellular protein transport,1/468,50/7427,0.02,0.317393162393162,-1.25586432990609,0.961820427242556,0.999989493569571,0.931289506610669,AKAP5,1
GO:1903321,negative regulation of protein modification by small protein conjugation or removal,1/468,50/7427,0.02,0.317393162393162,-1.25586432990609,0.961820427242556,0.999989493569571,0.931289506610669,CAPN3,1
GO:2001251,negative regulation of chromosome organization,1/468,50/7427,0.02,0.317393162393162,-1.25586432990609,0.961820427242556,0.999989493569571,0.931289506610669,PML,1
GO:0070085,glycosylation,3/468,103/7427,0.029126213592233,0.462223052028877,-1.42519275962501,0.962084384043187,0.999989493569571,0.931289506610669,ABO/GALNT15/ST6GAL2,3
GO:0001503,ossification,8/468,213/7427,0.0375586854460094,0.596043497451948,-1.55118400147699,0.963378811242985,0.999989493569571,0.931289506610669,EGR2/SHOX2/TMT1A/ALPL/DHRS3/CEBPA/FFAR4/GDF5,8
GO:0090090,negative regulation of canonical Wnt signaling pathway,2/468,79/7427,0.0253164556962025,0.401763496700206,-1.38620947154855,0.963768834479792,0.999989493569571,0.931289506610669,EGR1/TBX18,2
GO:0051216,cartilage development,3/468,104/7427,0.0288461538461538,0.457778599605523,-1.44402857608421,0.963899738862044,0.999989493569571,0.931289506610669,SHOX2/GDF5/HYAL1,3
GO:0007091,metaphase/anaphase transition of mitotic cell cycle,1/468,51/7427,0.0196078431372549,0.31116976705212,-1.28001133328056,0.96424255548581,0.999989493569571,0.931289506610669,HECW2,1
GO:0044784,metaphase/anaphase transition of cell cycle,1/468,51/7427,0.0196078431372549,0.31116976705212,-1.28001133328056,0.96424255548581,0.999989493569571,0.931289506610669,HECW2,1
GO:0070167,regulation of biomineral tissue development,1/468,51/7427,0.0196078431372549,0.31116976705212,-1.28001133328056,0.96424255548581,0.999989493569571,0.931289506610669,CFTR,1
GO:0070534,protein K63-linked ubiquitination,1/468,51/7427,0.0196078431372549,0.31116976705212,-1.28001133328056,0.96424255548581,0.999989493569571,0.931289506610669,TRIM56,1
GO:0009101,glycoprotein biosynthetic process,5/468,150/7427,0.0333333333333333,0.528988603988604,-1.511220505112,0.964300669856769,0.999989493569571,0.931289506610669,GAL3ST4/VANGL2/CHST13/HS3ST2/GALNT15,5
GO:0009142,nucleoside triphosphate biosynthetic process,2/468,80/7427,0.025,0.396741452991453,-1.40676138317522,0.965710183734844,0.999989493569571,0.931289506610669,VPS9D1/NME9,2
GO:0061448,connective tissue development,5/468,151/7427,0.033112582781457,0.5254853682006,-1.52763189656597,0.965776676688382,0.999989493569571,0.931289506610669,SHOX2/EGR1/GDF5/HYAL1/HMGCS2,5
GO:0007017,microtubule-based process,19/468,430/7427,0.0441860465116279,0.701217451798847,-1.65523819204442,0.965919077081623,0.999989493569571,0.931289506610669,RANBP10/CCDC159/CHD3/STARD9/PDE4DIP/CCDC88B/NCKAP5L/SYNE2/DYNLT5/CDK11A/MAP1A/TSSK4/CCDC8/GBA2/CALML4/MAP6/RP1L1/CENATAC/ANKRD53,19
GO:1903320,regulation of protein modification by small protein conjugation or removal,4/468,129/7427,0.0310077519379845,0.49208242231498,-1.50908307814347,0.96648718112067,0.999989493569571,0.931289506610669,RASSF5/CAPN3/EGR1/CDK5RAP3,4
GO:0043547,positive regulation of GTPase activity,1/468,52/7427,0.0192307692307692,0.305185733070349,-1.30381618432978,0.966511330436005,0.999989493569571,0.931289506610669,DOCK8,1
GO:0046660,female sex differentiation,1/468,52/7427,0.0192307692307692,0.305185733070349,-1.30381618432978,0.966511330436005,0.999989493569571,0.931289506610669,NOTCH4,1
GO:0061982,meiosis I cell cycle process,1/468,52/7427,0.0192307692307692,0.305185733070349,-1.30381618432978,0.966511330436005,0.999989493569571,0.931289506610669,TEX11,1
GO:0007179,transforming growth factor beta receptor signaling pathway,3/468,106/7427,0.0283018867924528,0.449141267537494,-1.48127245980045,0.96728801001803,0.999989493569571,0.931289506610669,PML/FLCN/GDF5,3
GO:0008360,regulation of cell shape,2/468,81/7427,0.0246913580246914,0.391843410361929,-1.42711655802094,0.967551413924245,0.999989493569571,0.931289506610669,HCK/ARHGEF18,2
GO:0140013,meiotic nuclear division,2/468,81/7427,0.0246913580246914,0.391843410361929,-1.42711655802094,0.967551413924245,0.999989493569571,0.931289506610669,CYP26B1/TEX11,2
GO:0045787,positive regulation of cell cycle,5/468,153/7427,0.0326797385620915,0.5186162784202,-1.5601898489063,0.968561632938676,0.999989493569571,0.931289506610669,CD28/LGMN/SH2B1/PLCG2/MRGPRX2,5
GO:0098876,vesicle-mediated transport to the plasma membrane,2/468,82/7427,0.024390243902439,0.387064832186783,-1.44727995474538,0.969297399426473,0.999989493569571,0.931289506610669,AKAP5/GRIP2,2
GO:0009259,ribonucleotide metabolic process,7/468,197/7427,0.0355329949238579,0.563896481409172,-1.60872027687325,0.969451177362885,0.999989493569571,0.931289506610669,MYH3/VPS9D1/FLCN/UCP2/NME9/FBP1/ALDOB,7
GO:0006397,mRNA processing,9/468,239/7427,0.0376569037656904,0.597602188606373,-1.63974949927487,0.9698635258708,0.999989493569571,0.931289506610669,CELF6/AKAP17A/SNRNP70/CDK11A/RSRP1/ZRSR2/SAFB2/CENATAC/U2AF1L4,9
GO:0033002,muscle cell proliferation,3/468,108/7427,0.0277777777777778,0.44082383665717,-1.51796456933393,0.970374939389298,0.999989493569571,0.931289506610669,CDKN1A/TBX5/WNT2,3
GO:0043487,regulation of RNA stability,3/468,108/7427,0.0277777777777778,0.44082383665717,-1.51796456933393,0.970374939389298,0.999989493569571,0.931289506610669,TNFRSF1B/GTSF1/ZFP36,3
GO:0006900,vesicle budding from membrane,1/468,54/7427,0.0185185185185185,0.293882557771447,-1.35045054071233,0.970626968816211,0.999989493569571,0.931289506610669,DNM1,1
GO:0051851,host-mediated perturbation of symbiont process,1/468,54/7427,0.0185185185185185,0.293882557771447,-1.35045054071233,0.970626968816211,0.999989493569571,0.931289506610669,STOM,1
GO:1901989,positive regulation of cell cycle phase transition,1/468,54/7427,0.0185185185185185,0.293882557771447,-1.35045054071233,0.970626968816211,0.999989493569571,0.931289506610669,PLCG2,1
GO:1902369,negative regulation of RNA catabolic process,1/468,54/7427,0.0185185185185185,0.293882557771447,-1.35045054071233,0.970626968816211,0.999989493569571,0.931289506610669,ZFP36,1
GO:1903312,negative regulation of mRNA metabolic process,1/468,54/7427,0.0185185185185185,0.293882557771447,-1.35045054071233,0.970626968816211,0.999989493569571,0.931289506610669,ZFP36,1
GO:0010970,transport along microtubule,2/468,83/7427,0.0240963855421687,0.38240140047369,-1.4672563419322,0.970952799522492,0.999989493569571,0.931289506610669,SYNE2/MAP1A,2
GO:0033157,regulation of intracellular protein transport,2/468,83/7427,0.0240963855421687,0.38240140047369,-1.4672563419322,0.970952799522492,0.999989493569571,0.931289506610669,OS9/AKAP5,2
GO:0045333,cellular respiration,6/468,177/7427,0.0338983050847458,0.537954512530784,-1.61335278732334,0.971128194484404,0.999989493569571,0.931289506610669,FLCN/UCP2/ISCU/COQ10A/FBP1/ALDOB,6
GO:0006605,protein targeting,5/468,155/7427,0.032258064516129,0.511924455472843,-1.59240283533575,0.971136210318256,0.999989493569571,0.931289506610669,PML/KCNE1/OS9/STOM/ATG14,5
GO:0030111,regulation of Wnt signaling pathway,6/468,178/7427,0.0337078651685393,0.534932296168251,-1.62859881111333,0.972276059350018,0.999989493569571,0.931289506610669,EGR1/POU5F1/TBX18/BMAL1/VANGL2/DAAM2,6
GO:0033045,regulation of sister chromatid segregation,1/468,55/7427,0.0181818181818182,0.288539238539239,-1.3733037787267,0.972491417289561,0.999989493569571,0.931289506610669,HECW2,1
GO:2000781,positive regulation of double-strand break repair,1/468,55/7427,0.0181818181818182,0.288539238539239,-1.3733037787267,0.972491417289561,0.999989493569571,0.931289506610669,WAS,1
GO:0019693,ribose phosphate metabolic process,7/468,200/7427,0.035,0.555438034188034,-1.65270467430459,0.972788977499212,0.999989493569571,0.931289506610669,MYH3/VPS9D1/FLCN/UCP2/NME9/FBP1/ALDOB,7
GO:0000281,mitotic cytokinesis,1/468,56/7427,0.0178571428571429,0.283386752136752,-1.39586243958544,0.974237757049258,0.999989493569571,0.931289506610669,ANKRD53,1
GO:0019646,aerobic electron transport chain,1/468,56/7427,0.0178571428571429,0.283386752136752,-1.39586243958544,0.974237757049258,0.999989493569571,0.931289506610669,ISCU,1
GO:0030282,bone mineralization,1/468,56/7427,0.0178571428571429,0.283386752136752,-1.39586243958544,0.974237757049258,0.999989493569571,0.931289506610669,ALPL,1
GO:0051168,nuclear export,2/468,86/7427,0.0232558139534884,0.369061816736235,-1.52610847891332,0.975419014266412,0.999989493569571,0.931289506610669,EGR2/NXF1,2
GO:2001236,regulation of extrinsic apoptotic signaling pathway,2/468,86/7427,0.0232558139534884,0.369061816736235,-1.52610847891332,0.975419014266412,0.999989493569571,0.931289506610669,PML/TNFSF14,2
GO:0070201,regulation of establishment of protein localization,9/468,245/7427,0.036734693877551,0.582967032967033,-1.72130452498301,0.97567931576907,0.999989493569571,0.931289506610669,KCNE1/MYOM1/OS9/UCP2/NR1H3/STOM/BMAL1/AKAP5/CFTR,9
GO:0043414,macromolecule methylation,1/468,57/7427,0.0175438596491228,0.278415054730844,-1.41813680486335,0.975873455014385,0.999989493569571,0.931289506610669,TRMT10B,1
GO:0072655,establishment of protein localization to mitochondrion,1/468,57/7427,0.0175438596491228,0.278415054730844,-1.41813680486335,0.975873455014385,0.999989493569571,0.931289506610669,TRMT10B,1
GO:0099072,regulation of postsynaptic membrane neurotransmitter receptor levels,1/468,57/7427,0.0175438596491228,0.278415054730844,-1.41813680486335,0.975873455014385,0.999989493569571,0.931289506610669,GRIP2,1
GO:0000280,nuclear division,7/468,204/7427,0.0343137254901961,0.54454709234121,-1.71051440537725,0.976720800881048,0.999989493569571,0.931289506610669,CD28/PPP1R9B/SH2B1/CYP26B1/TEX11/CCDC8/ANKRD53,7
GO:0009060,aerobic respiration,5/468,160/7427,0.03125,0.495926816239316,-1.67148693353064,0.976743263124188,0.999989493569571,0.931289506610669,FLCN/UCP2/ISCU/FBP1/ALDOB,5
GO:0009451,RNA modification,2/468,87/7427,0.0229885057471264,0.364819726888692,-1.54538103681297,0.976754630043687,0.999989493569571,0.931289506610669,TRMT10B/APOBEC3F,2
GO:0051052,regulation of DNA metabolic process,10/468,267/7427,0.0374531835205993,0.594369217964724,-1.7504794032518,0.976856726053524,0.999989493569571,0.931289506610669,BCL6/PML/TSPYL2/CDKN1A/CD28/WAS/PRKD2/GFI1/SH2B1/TBX21,10
GO:0044772,mitotic cell cycle phase transition,8/468,226/7427,0.0353982300884956,0.56175780954542,-1.73499800793833,0.977338856823779,0.999989493569571,0.931289506610669,CDKN1A/PPP1R9B/HECW2/GPNMB/BTN2A2/RPS27L/RFPL1/CDK5RAP3,8
GO:0010821,regulation of mitochondrion organization,1/468,58/7427,0.0172413793103448,0.273614795166519,-1.44013660417184,0.977405506989048,0.999989493569571,0.931289506610669,STAT2,1
GO:0032963,collagen metabolic process,1/468,58/7427,0.0172413793103448,0.273614795166519,-1.44013660417184,0.977405506989048,0.999989493569571,0.931289506610669,VSIR,1
GO:0042542,response to hydrogen peroxide,1/468,58/7427,0.0172413793103448,0.273614795166519,-1.44013660417184,0.977405506989048,0.999989493569571,0.931289506610669,SIRPA,1
GO:0051310,metaphase chromosome alignment,1/468,58/7427,0.0172413793103448,0.273614795166519,-1.44013660417184,0.977405506989048,0.999989493569571,0.931289506610669,ANKRD53,1
GO:0042773,ATP synthesis coupled electron transport,1/468,59/7427,0.0169491525423729,0.268977256265392,-1.46187105440114,0.978840467326831,0.999989493569571,0.931289506610669,ISCU,1
GO:0042775,mitochondrial ATP synthesis coupled electron transport,1/468,59/7427,0.0169491525423729,0.268977256265392,-1.46187105440114,0.978840467326831,0.999989493569571,0.931289506610669,ISCU,1
GO:0043124,negative regulation of canonical NF-kappaB signal transduction,1/468,59/7427,0.0169491525423729,0.268977256265392,-1.46187105440114,0.978840467326831,0.999989493569571,0.931289506610669,SIRPA,1
GO:0016055,Wnt signaling pathway,9/468,249/7427,0.036144578313253,0.573602100710534,-1.77476143756238,0.978968188672576,0.999989493569571,0.931289506610669,ROR2/EGR1/PLCG2/POU5F1/TBX18/BMAL1/VANGL2/DAAM2/WNT2,9
GO:0006164,purine nucleotide biosynthetic process,3/468,115/7427,0.0260869565217391,0.413991081382386,-1.64233608521109,0.979147079807848,0.999989493569571,0.931289506610669,HAAO/VPS9D1/NME9,3
GO:0051223,regulation of protein transport,7/468,207/7427,0.0338164251207729,0.536655105495685,-1.75326650778565,0.979319225416486,0.999989493569571,0.931289506610669,MYOM1/OS9/UCP2/NR1H3/BMAL1/AKAP5/CFTR,7
GO:0008286,insulin receptor signaling pathway,1/468,60/7427,0.0166666666666667,0.264494301994302,-1.48334889552839,0.980184476731153,0.999989493569571,0.931289506610669,ZNF592,1
GO:0007276,gamete generation,13/468,333/7427,0.039039039039039,0.619536202869536,-1.84211544299225,0.980650065563394,0.999989493569571,0.931289506610669,BCL6/CCDC159/DLEC1/JAM2/GTSF1/CYP26B1/CCDC136/TSSK4/TEX11/BMAL1/CFTR/GARIN1A/NUP210L,13
GO:0000910,cytokinesis,2/468,91/7427,0.021978021978022,0.348783694937541,-1.62085170201425,0.981429026989922,0.999989493569571,0.931289506610669,MRGPRX2/ANKRD53,2
GO:0035966,response to topologically incorrect protein,2/468,91/7427,0.021978021978022,0.348783694937541,-1.62085170201425,0.981429026989922,0.999989493569571,0.931289506610669,OS9/CDK5RAP3,2
GO:0099111,microtubule-based transport,2/468,91/7427,0.021978021978022,0.348783694937541,-1.62085170201425,0.981429026989922,0.999989493569571,0.931289506610669,SYNE2/MAP1A,2
GO:1903046,meiotic cell cycle process,2/468,91/7427,0.021978021978022,0.348783694937541,-1.62085170201425,0.981429026989922,0.999989493569571,0.931289506610669,CYP26B1/TEX11,2
GO:0032204,regulation of telomere maintenance,1/468,62/7427,0.0161290322580645,0.255962227736421,-1.52556751941974,0.982622291983651,0.999989493569571,0.931289506610669,PML,1
GO:2001252,positive regulation of chromosome organization,1/468,62/7427,0.0161290322580645,0.255962227736421,-1.52556751941974,0.982622291983651,0.999989493569571,0.931289506610669,PML,1
GO:0008033,tRNA processing,1/468,63/7427,0.0158730158730159,0.251899335232669,-1.54632367856241,0.983726537381023,0.999989493569571,0.931289506610669,TRMT10B,1
GO:0050000,chromosome localization,1/468,63/7427,0.0158730158730159,0.251899335232669,-1.54632367856241,0.983726537381023,0.999989493569571,0.931289506610669,ANKRD53,1
GO:2000241,regulation of reproductive process,1/468,63/7427,0.0158730158730159,0.251899335232669,-1.54632367856241,0.983726537381023,0.999989493569571,0.931289506610669,TEX11,1
GO:0006753,nucleoside phosphate metabolic process,13/468,339/7427,0.0383480825958702,0.608570960340872,-1.91301342461636,0.984119340471242,0.999989493569571,0.931289506610669,HAAO/MYH3/VPS9D1/PIPOX/SAMHD1/FLCN/UAP1L1/UCP2/NME9/FBP1/ACSM5/HMGCS2/ALDOB,13
GO:2001233,regulation of apoptotic signaling pathway,6/468,192/7427,0.03125,0.495926816239316,-1.83506698294618,0.984499691574337,0.999989493569571,0.931289506610669,PML/SYVN1/TIFAB/CXCL12/FLCN/TNFSF14,6
GO:0030178,negative regulation of Wnt signaling pathway,2/468,95/7427,0.0210526315789474,0.334098065677013,-1.69390024827568,0.985186814352986,0.999989493569571,0.931289506610669,EGR1/TBX18,2
GO:0097191,extrinsic apoptotic signaling pathway,3/468,122/7427,0.0245901639344262,0.390237494745691,-1.76099248123427,0.985410603663766,0.999989493569571,0.931289506610669,PML/TNFRSF1B/TNFSF14,3
GO:0006446,regulation of translational initiation,1/468,65/7427,0.0153846153846154,0.244148586456279,-1.58716538082111,0.985729377639514,0.999989493569571,0.931289506610669,PML,1
GO:0006754,ATP biosynthetic process,1/468,65/7427,0.0153846153846154,0.244148586456279,-1.58716538082111,0.985729377639514,0.999989493569571,0.931289506610669,VPS9D1,1
GO:0009152,purine ribonucleotide biosynthetic process,2/468,96/7427,0.0208333333333333,0.330617877492877,-1.71180817773054,0.98600411791236,0.999989493569571,0.931289506610669,VPS9D1/NME9,2
GO:0010608,post-transcriptional regulation of gene expression,11/468,302/7427,0.0364238410596027,0.57803390502066,-1.94140245568468,0.986071315697868,0.999989493569571,0.931289506610669,PML/TNFRSF1B/SHFL/CD28/TIFAB/PRKCH/ZSWIM8/GTSF1/ZFP36/RPS27L/ATG14,11
GO:0045931,positive regulation of mitotic cell cycle,1/468,66/7427,0.0151515151515152,0.240449365449365,-1.6072641968216,0.986636556567075,0.999989493569571,0.931289506610669,LGMN,1
GO:0051225,spindle assembly,1/468,66/7427,0.0151515151515152,0.240449365449365,-1.6072641968216,0.986636556567075,0.999989493569571,0.931289506610669,STARD9,1
GO:0051222,positive regulation of protein transport,3/468,124/7427,0.0241935483870968,0.383943341604632,-1.79393964995273,0.986839758150288,0.999989493569571,0.931289506610669,MYOM1/AKAP5/CFTR,3
GO:0031346,positive regulation of cell projection organization,6/468,196/7427,0.0306122448979592,0.485805860805861,-1.89183370178909,0.986929555498897,0.999989493569571,0.931289506610669,SHOX2/CXCL12/GRN/RGMA/RELN/MAP6,6
GO:0022904,respiratory electron transport chain,1/468,67/7427,0.0149253731343284,0.236860568950121,-1.62715666270453,0.987486181825411,0.999989493569571,0.931289506610669,ISCU,1
GO:0043488,regulation of mRNA stability,2/468,98/7427,0.0204081632653061,0.323870573870574,-1.74721960931146,0.987509308048298,0.999989493569571,0.931289506610669,GTSF1/ZFP36,2
GO:0009117,nucleotide metabolic process,9/468,264/7427,0.0340909090909091,0.541011072261072,-1.96917211727701,0.987995872152631,0.999989493569571,0.931289506610669,HAAO/MYH3/VPS9D1/SAMHD1/FLCN/UCP2/NME9/FBP1/ALDOB,9
GO:0006913,nucleocytoplasmic transport,5/468,175/7427,0.0285714285714286,0.453418803418803,-1.89745635206047,0.988064527257103,0.999989493569571,0.931289506610669,EGR2/PML/SYK/CDKN1A/NXF1,5
GO:0051169,nuclear transport,5/468,175/7427,0.0285714285714286,0.453418803418803,-1.89745635206047,0.988064527257103,0.999989493569571,0.931289506610669,EGR2/PML/SYK/CDKN1A/NXF1,5
GO:0006325,chromatin organization,16/468,408/7427,0.0392156862745098,0.62233953410424,-2.03479642360596,0.988138013027518,0.999989493569571,0.931289506610669,BCL6/PML/TSPYL2/CHD3/KMT2A/IKZF1/IRF4/EGR1/ZNFX1/CHD2/ZNF335/MBD1/APOBEC3F/BICRA/CXXC1/ASIP,16
GO:0007052,mitotic spindle organization,1/468,68/7427,0.0147058823529412,0.23337732528909,-1.64684868000373,0.988281897437599,0.999989493569571,0.931289506610669,ANKRD53,1
GO:0031396,regulation of protein ubiquitination,2/468,100/7427,0.02,0.317393162393162,-1.78211004940825,0.988856534020064,0.999989493569571,0.931289506610669,RASSF5/CDK5RAP3,2
GO:0022612,gland morphogenesis,1/468,69/7427,0.0144927536231884,0.229995045212437,-1.66634588793886,0.989027117168433,0.999989493569571,0.931289506610669,PML,1
GO:0051983,regulation of chromosome segregation,1/468,69/7427,0.0144927536231884,0.229995045212437,-1.66634588793886,0.989027117168433,0.999989493569571,0.931289506610669,HECW2,1
GO:0061640,cytoskeleton-dependent cytokinesis,1/468,69/7427,0.0144927536231884,0.229995045212437,-1.66634588793886,0.989027117168433,0.999989493569571,0.931289506610669,ANKRD53,1
GO:0009260,ribonucleotide biosynthetic process,2/468,101/7427,0.0198019801980198,0.314250655834814,-1.79936642011645,0.989475983888878,0.999989493569571,0.931289506610669,VPS9D1/NME9,2
GO:0006417,regulation of translation,7/468,224/7427,0.03125,0.495926816239316,-1.98649683061624,0.989634118221983,0.999989493569571,0.931289506610669,PML/SHFL/CD28/TIFAB/PRKCH/ZFP36/RPS27L,7
GO:1904951,positive regulation of establishment of protein localization,4/468,154/7427,0.025974025974026,0.412198912198912,-1.91144115635771,0.989653962962148,0.999989493569571,0.931289506610669,MYOM1/STOM/AKAP5/CFTR,4
GO:0055086,nucleobase-containing small molecule metabolic process,13/468,352/7427,0.0369318181818182,0.586095328282828,-2.06317192135834,0.98977189652881,0.999989493569571,0.931289506610669,HAAO/MYH3/VPS9D1/PIPOX/SAMHD1/FLCN/UAP1L1/UCP2/NME9/FBP1/ACSM5/HMGCS2/ALDOB,13
GO:0006282,regulation of DNA repair,3/468,129/7427,0.0232558139534884,0.369061816736235,-1.87459181873085,0.989849088764975,0.999989493569571,0.931289506610669,PML/WAS/GFI1,3
GO:0016197,endosomal transport,4/468,155/7427,0.0258064516129032,0.409539564378274,-1.92644536769102,0.990144499456026,0.999989493569571,0.931289506610669,WAS/AKAP5/GRIP2/ATG14,4
GO:0032388,positive regulation of intracellular transport,1/468,71/7427,0.0140845070422535,0.223516311544481,-1.70477721320004,0.990378658961338,0.999989493569571,0.931289506610669,AKAP5,1
GO:0009165,nucleotide biosynthetic process,3/468,131/7427,0.0229007633587786,0.36342728518301,-1.90619899211205,0.990857109358044,0.999989493569571,0.931289506610669,HAAO/VPS9D1/NME9,3
GO:0017015,regulation of transforming growth factor beta receptor signaling pathway,1/468,72/7427,0.0138888888888889,0.220411918328585,-1.72372143176246,0.990990783431987,0.999989493569571,0.931289506610669,FLCN,1
GO:0046390,ribose phosphate biosynthetic process,2/468,104/7427,0.0192307692307692,0.305185733070349,-1.85040954817991,0.991139685596103,0.999989493569571,0.931289506610669,VPS9D1/NME9,2
GO:0000956,nuclear-transcribed mRNA catabolic process,1/468,73/7427,0.0136986301369863,0.217392576981618,-1.74249106921982,0.991564041535839,0.999989493569571,0.931289506610669,ZFP36,1
GO:0006997,nucleus organization,1/468,73/7427,0.0136986301369863,0.217392576981618,-1.74249106921982,0.991564041535839,0.999989493569571,0.931289506610669,PML,1
GO:1903844,regulation of cellular response to transforming growth factor beta stimulus,1/468,73/7427,0.0136986301369863,0.217392576981618,-1.74249106921982,0.991564041535839,0.999989493569571,0.931289506610669,FLCN,1
GO:0022900,electron transport chain,1/468,74/7427,0.0135135135135135,0.214454839454839,-1.76109066511728,0.992100896113107,0.999989493569571,0.931289506610669,ISCU,1
GO:0048660,regulation of smooth muscle cell proliferation,1/468,74/7427,0.0135135135135135,0.214454839454839,-1.76109066511728,0.992100896113107,0.999989493569571,0.931289506610669,CDKN1A,1
GO:0044770,cell cycle phase transition,9/468,277/7427,0.0324909747292419,0.51562066092752,-2.13058789211172,0.992756564847886,0.999989493569571,0.931289506610669,CDKN1A/PPP1R9B/HECW2/GPNMB/BTN2A2/PLCG2/RPS27L/RFPL1/CDK5RAP3,9
GO:0007005,mitochondrion organization,6/468,211/7427,0.028436018957346,0.451269899137198,-2.09690488000843,0.993212592597848,0.999989493569571,0.931289506610669,STAT2/MIGA2/TRMT10B/SLC9A1/UCP2/CEBPA,6
GO:0006302,double-strand break repair,4/468,163/7427,0.0245398773006135,0.389439463059095,-2.04390918727579,0.993343399985405,0.999989493569571,0.931289506610669,PML/WAS/GFI1/SAMHD1,4
GO:0016071,mRNA metabolic process,14/468,386/7427,0.0362694300518135,0.575583455117134,-2.22073003528197,0.99358339388387,0.999989493569571,0.931289506610669,CELF6/AKAP17A/SNRNP70/POLR2A/GTSF1/CDK11A/NR1H3/ZFP36/C5AR1/RSRP1/ZRSR2/SAFB2/CENATAC/U2AF1L4,14
GO:0061013,regulation of mRNA catabolic process,2/468,110/7427,0.0181818181818182,0.288539238539239,-1.94943046434806,0.99373300857038,0.999989493569571,0.931289506610669,GTSF1/ZFP36,2
GO:0038127,ERBB signaling pathway,1/468,78/7427,0.0128205128205128,0.203457155380232,-1.83387317995276,0.993928286880989,0.999989493569571,0.931289506610669,LGMN,1
GO:0048659,smooth muscle cell proliferation,1/468,78/7427,0.0128205128205128,0.203457155380232,-1.83387317995276,0.993928286880989,0.999989493569571,0.931289506610669,CDKN1A,1
GO:0072594,establishment of protein localization to organelle,7/468,238/7427,0.0294117647058824,0.46675465057818,-2.16824470253981,0.994267569961082,0.999989493569571,0.931289506610669,PML/SYK/CDKN1A/IL10RA/TRMT10B/LAMP3/ATG14,7
GO:0043087,regulation of GTPase activity,1/468,79/7427,0.0126582278481013,0.200881748350103,-1.8516845481916,0.994314946527158,0.999989493569571,0.931289506610669,DOCK8,1
GO:0045739,positive regulation of DNA repair,1/468,79/7427,0.0126582278481013,0.200881748350103,-1.8516845481916,0.994314946527158,0.999989493569571,0.931289506610669,WAS,1
GO:2001234,negative regulation of apoptotic signaling pathway,2/468,112/7427,0.0178571428571429,0.283386752136752,-1.9815893498411,0.994419551932425,0.999989493569571,0.931289506610669,SYVN1/CXCL12,2
GO:0072522,purine-containing compound biosynthetic process,3/468,143/7427,0.020979020979021,0.332929890622198,-2.08872618755912,0.995158101051427,0.999989493569571,0.931289506610669,HAAO/VPS9D1/NME9,3
GO:0046777,protein autophosphorylation,1/468,84/7427,0.0119047619047619,0.188924501424501,-1.93861309434274,0.995909364474727,0.999989493569571,0.931289506610669,HCK,1
GO:1901293,nucleoside phosphate biosynthetic process,4/468,173/7427,0.023121387283237,0.366928511437182,-2.18481169299011,0.99596066924634,0.999989493569571,0.931289506610669,HAAO/VPS9D1/UAP1L1/NME9,4
GO:0033365,protein localization to organelle,17/468,461/7427,0.0368763557483731,0.585215158425571,-2.3845618140788,0.995973988270572,0.999989493569571,0.931289506610669,STING1/PML/SYK/SYT11/TYK2/CDKN1A/RASSF5/IL10RA/SZT2/TRMT10B/OS9/PPP1R9B/FLCN/GOLGB1/MAP1A/ATG14/CDK5RAP3,17
GO:0007059,chromosome segregation,6/468,223/7427,0.0269058295964126,0.426986317120846,-2.2529811218647,0.996048321881861,0.999989493569571,0.931289506610669,STARD9/CENPT/HECW2/TEX11/CENATAC/ANKRD53,6
GO:0051321,meiotic cell cycle,2/468,120/7427,0.0166666666666667,0.264494301994302,-2.10636724014914,0.996501349314203,0.999989493569571,0.931289506610669,CYP26B1/TEX11,2
GO:0006119,oxidative phosphorylation,1/468,87/7427,0.0114942528735632,0.182409863444346,-1.9891806254144,0.99664280762971,0.999989493569571,0.931289506610669,ISCU,1
GO:1902850,microtubule cytoskeleton organization involved in mitosis,1/468,87/7427,0.0114942528735632,0.182409863444346,-1.9891806254144,0.99664280762971,0.999989493569571,0.931289506610669,ANKRD53,1
GO:0000819,sister chromatid segregation,2/468,121/7427,0.0165289256198347,0.262308398672035,-2.12155683631128,0.996700675752461,0.999989493569571,0.931289506610669,HECW2/ANKRD53,2
GO:0006413,translational initiation,1/468,88/7427,0.0113636363636364,0.180337024087024,-2.00578875151677,0.996856862947052,0.999989493569571,0.931289506610669,PML,1
GO:0034655,nucleobase-containing compound catabolic process,9/468,299/7427,0.0301003344481605,0.477682016979676,-2.39063739136457,0.9970306941757,0.999989493569571,0.931289506610669,TNFRSF1B/SAMHD1/ZSWIM8/GTSF1/FLCN/UCP2/ZFP36/FBP1/ALDOB,9
GO:0019953,sexual reproduction,15/468,432/7427,0.0347222222222222,0.551029795821463,-2.49340321325278,0.9973786781329,0.999989493569571,0.931289506610669,BCL6/CCDC159/DLEC1/JAM2/GTSF1/CYP26B1/CCDC136/CRISP2/TSSK4/TEX11/BMAL1/CFTR/GLIPR2/GARIN1A/NUP210L,15
GO:0000278,mitotic cell cycle,17/468,475/7427,0.0357894736842105,0.567966711650922,-2.52369062559715,0.997511886226527,0.999989493569571,0.931289506610669,BCL6/PML/CDKN1A/CD28/LGMN/CENPT/PPP1R9B/HECW2/SH2B1/GPNMB/CDK11A/BTN2A2/RPS27L/RFPL1/CCDC8/CDK5RAP3/ANKRD53,17
GO:0006974,DNA damage response,18/468,498/7427,0.036144578313253,0.573602100710534,-2.55459129448706,0.997714657594161,0.999989493569571,0.931289506610669,BCL6/PML/DDB2/TNFRSF1B/CDKN1A/EEPD1/BOD1L1/CDIP1/WAS/UBA7/GFI1/POLG/CHD2/CEP164/SAMHD1/CXCL12/RPS27L/CDK5RAP3,18
GO:0006401,RNA catabolic process,4/468,185/7427,0.0216216216216216,0.343127743127743,-2.34619715829635,0.997808439388776,0.999989493569571,0.931289506610669,TNFRSF1B/ZSWIM8/GTSF1/ZFP36,4
GO:0098813,nuclear chromosome segregation,3/468,158/7427,0.0189873417721519,0.301322622525154,-2.30194462008196,0.997850839971178,0.999989493569571,0.931289506610669,HECW2/TEX11/ANKRD53,3
GO:0033044,regulation of chromosome organization,2/468,129/7427,0.0155038759689922,0.24604121115749,-2.24010055931823,0.997941004293355,0.999989493569571,0.931289506610669,PML/HECW2,2
GO:0000723,telomere maintenance,1/468,95/7427,0.0105263157894737,0.167049032838507,-2.11883428677948,0.998018655246629,0.999989493569571,0.931289506610669,PML,1
GO:0000070,mitotic sister chromatid segregation,1/468,96/7427,0.0104166666666667,0.165308938746439,-2.13455205403581,0.998145124060674,0.999989493569571,0.931289506610669,ANKRD53,1
GO:1903047,mitotic cell cycle process,13/468,402/7427,0.0323383084577114,0.513197899391929,-2.60237145493606,0.998359049472595,0.999989493569571,0.931289506610669,BCL6/CDKN1A/CD28/PPP1R9B/HECW2/SH2B1/GPNMB/BTN2A2/RPS27L/RFPL1/CCDC8/CDK5RAP3/ANKRD53,13
GO:0032200,telomere organization,1/468,98/7427,0.0102040816326531,0.161935286935287,-2.16568462183504,0.998374404882362,0.999989493569571,0.931289506610669,PML,1
GO:0051301,cell division,9/468,318/7427,0.0283018867924528,0.449141267537494,-2.60361354395558,0.998671242792034,0.999989493569571,0.931289506610669,AKNA/DLL1/CENPT/CEP164/CNTRL/POU5F1/VANGL2/MRGPRX2/ANKRD53,9
GO:0032386,regulation of intracellular transport,2/468,137/7427,0.0145985401459854,0.231673841162892,-2.3537976223195,0.998719789869174,0.999989493569571,0.931289506610669,OS9/AKAP5,2
GO:0141188,nucleic acid catabolic process,4/468,198/7427,0.0202020202020202,0.320599153932487,-2.51273417698322,0.998885033954641,0.999989493569571,0.931289506610669,TNFRSF1B/ZSWIM8/GTSF1/ZFP36,4
GO:0006399,tRNA metabolic process,1/468,104/7427,0.00961538461538462,0.152592866535174,-2.2567905202756,0.998906023707803,0.999989493569571,0.931289506610669,TRMT10B,1
GO:0006402,mRNA catabolic process,2/468,148/7427,0.0135135135135135,0.214454839454839,-2.50318608638574,0.99933756136718,0.999989493569571,0.931289506610669,GTSF1/ZFP36,2
GO:0006281,DNA repair,9/468,338/7427,0.0266272189349112,0.422564861174329,-2.81770842993729,0.999447236464877,0.999989493569571,0.931289506610669,PML/DDB2/EEPD1/BOD1L1/WAS/GFI1/POLG/CEP164/SAMHD1,9
GO:1901137,carbohydrate derivative biosynthetic process,8/468,317/7427,0.0252365930599369,0.400496103966136,-2.82887541470149,0.999516297340171,0.999989493569571,0.931289506610669,GAL3ST4/VPS9D1/UAP1L1/NME9/VANGL2/CHST13/HS3ST2/GALNT15,8
GO:0006396,RNA processing,14/468,464/7427,0.0301724137931035,0.478825891541409,-3.00656505624334,0.999664798144103,0.999989493569571,0.931289506610669,CELF6/AKAP17A/TRMT10B/SNRNP70/POLR2A/TMT1A/PPP1R9B/GTSF1/CDK11A/RSRP1/ZRSR2/SAFB2/CENATAC/U2AF1L4,14
GO:0022613,ribonucleoprotein complex biogenesis,4/468,236/7427,0.0169491525423729,0.268977256265392,-2.95950601424726,0.999855464744413,0.999989493569571,0.931289506610669,CELF6/RPS27L/RSRP1/ZRSR2,4
GO:0051276,chromosome organization,5/468,282/7427,0.0177304964539007,0.281376917015215,-3.19044734508595,0.999943697606524,0.999989493569571,0.931289506610669,PML/CENPT/HECW2/TEX11/ANKRD53,5
GO:0042254,ribosome biogenesis,1/468,155/7427,0.00645161290322581,0.102384891094569,-2.92857296475686,0.999962755632597,0.999989493569571,0.931289506610669,RPS27L,1
GO:0006412,translation,8/468,371/7427,0.0215633423180593,0.342202870504757,-3.37075062291786,0.999963519762131,0.999989493569571,0.931289506610669,PML/SHFL/CD28/TIFAB/PRKCH/ZFP36/RPS27L/CDK5RAP3,8
GO:0048193,Golgi vesicle transport,1/468,174/7427,0.00574712643678161,0.0912049317221731,-3.1456378927514,0.999989493569571,0.999989493569571,0.931289506610669,COPZ2,1
