ID,Description,GeneRatio,BgRatio,RichFactor,FoldEnrichment,zScore,pvalue,p.adjust,qvalue,geneID,Count
GO:0006412,translation,36/193,156/2843,0.230769230769231,3.39936229573535,8.31748545797688,1.08164133118007e-11,2.02266928930673e-08,1.95150867541331e-08,DAP3/TRAP1/BZW2/EIF3M/METTL5/MRPL24/PAIP1/APEH/EIF3E/NPM1/COPS5/MRPS35/EIF5A/MRPS28/EIF3H/DDX1/NARS2/MRPL3/RPLP0/PTRH1/FARSB/MRPL39/EIF3C/RPS16/MRPL30/LRPPRC/RPS18/ELP2/DARS1/EIF2B3/MRPL4/RPL38/KCMF1/FARS2/ELP4/RPUSD3,36
GO:0022613,ribonucleoprotein complex biogenesis,23/193,91/2843,0.252747252747253,3.72311108580539,7.12409322405908,1.34936472042414e-08,1.26165601359657e-05,1.2172690162142e-05,EIF3M/STRAP/METTL5/DCAF13/IMP4/EIF3E/NPM1/EIF3H/NOL10/DDX1/NPM3/RPLP0/SRSF9/CLNS1A/LSM2/EIF3C/WDR12/RPS16/UTP18/NOA1/PWP1/EXOSC7/RPL38,23
GO:0002181,cytoplasmic translation,11/193,30/2843,0.366666666666667,5.40120898100173,6.53906276744044,1.85767841702762e-06,0.000868464659960411,0.00083791073862772,EIF3M/PAIP1/EIF3E/EIF3H/RPLP0/EIF3C/RPS16/RPS18/EIF2B3/RPL38/KCMF1,11
GO:0006413,translational initiation,11/193,30/2843,0.366666666666667,5.40120898100173,6.53906276744044,1.85767841702762e-06,0.000868464659960411,0.00083791073862772,BZW2/EIF3M/PAIP1/EIF3E/NPM1/COPS5/EIF3H/DDX1/EIF3C/EIF2B3/KCMF1,11
GO:0009259,ribonucleotide metabolic process,19/193,90/2843,0.211111111111111,3.1097869890616,5.48813155333576,5.23845005144485e-06,0.00163265026603364,0.00157521112073271,ATP5F1C/OLA1/LDHA/NME2/NDUFV2/ENO1/GMPS/ATP5F1A/ATP5PO/ADK/MTCH2/PAICS/ATP5F1B/GALK1/PGK1/PPAT/NDUFS1/FOXK2/CTPS2,19
GO:0019693,ribose phosphate metabolic process,19/193,90/2843,0.211111111111111,3.1097869890616,5.48813155333576,5.23845005144485e-06,0.00163265026603364,0.00157521112073271,ATP5F1C/OLA1/LDHA/NME2/NDUFV2/ENO1/GMPS/ATP5F1A/ATP5PO/ADK/MTCH2/PAICS/ATP5F1B/GALK1/PGK1/PPAT/NDUFS1/FOXK2/CTPS2,19
GO:0009150,purine ribonucleotide metabolic process,18/193,87/2843,0.206896551724138,3.04770412721101,5.23425624223133,1.26961387079426e-05,0.0033916827691218,0.00327235815720505,ATP5F1C/OLA1/LDHA/NME2/NDUFV2/ENO1/GMPS/ATP5F1A/ATP5PO/ADK/MTCH2/PAICS/ATP5F1B/GALK1/PGK1/PPAT/NDUFS1/FOXK2,18
GO:0042254,ribosome biogenesis,14/193,57/2843,0.245614035087719,3.61803472411599,5.38753405779438,1.57832775363551e-05,0.003689341124123,0.00355954443385692,METTL5/DCAF13/IMP4/NPM1/NOL10/NPM3/RPLP0/WDR12/RPS16/UTP18/NOA1/PWP1/EXOSC7/RPL38,14
GO:0009117,nucleotide metabolic process,21/193,117/2843,0.17948717948718,2.64394845223861,4.89988576518794,2.40922020653263e-05,0.00407948947779474,0.003935966768894,ATP5F1C/OLA1/NTHL1/LDHA/NME2/NDUFV2/ENO1/GMPS/ATP5F1A/ATP5PO/ADK/MTCH2/PAICS/ATP5F1B/GALK1/PGK1/SHPK/PPAT/NDUFS1/FOXK2/CTPS2,21
GO:0044281,small molecule metabolic process,42/193,332/2843,0.126506024096386,1.86350583681878,4.51729775043644,2.49302082460364e-05,0.00407948947779474,0.003935966768894,ATP5F1C/OLA1/NTHL1/LDHA/PTGES2/NME2/ECHDC3/GFUS/NDUFV2/PYCR1/SMS/ENO1/PRMT3/GMPS/BCAT2/LYPLA1/ATP5F1A/ATP5PO/ADK/PPA2/MTCH2/PAICS/GCAT/ATP5F1B/GALK1/MACROD1/GCSH/DDB1/ELOVL1/ENOPH1/PGK1/PCBD1/SHPK/PCCB/PPAT/ASL/NDUFS1/MRS2/RTN4IP1/FOXK2/CTPS2/SLC37A4,42
GO:0009260,ribonucleotide biosynthetic process,13/193,52/2843,0.25,3.68264248704663,5.26807933300638,2.61785421034957e-05,0.00407948947779474,0.003935966768894,ATP5F1C/NME2/NDUFV2/ENO1/GMPS/ATP5F1A/ATP5PO/ADK/PAICS/ATP5F1B/PPAT/NDUFS1/CTPS2,13
GO:0046390,ribose phosphate biosynthetic process,13/193,52/2843,0.25,3.68264248704663,5.26807933300638,2.61785421034957e-05,0.00407948947779474,0.003935966768894,ATP5F1C/NME2/NDUFV2/ENO1/GMPS/ATP5F1A/ATP5PO/ADK/PAICS/ATP5F1B/PPAT/NDUFS1/CTPS2,13
GO:0006163,purine nucleotide metabolic process,19/193,103/2843,0.184466019417476,2.71728960209266,4.79021080047487,4.05638239251538e-05,0.00583495005692597,0.00562966754718329,ATP5F1C/OLA1/LDHA/NME2/NDUFV2/ENO1/GMPS/ATP5F1A/ATP5PO/ADK/MTCH2/PAICS/ATP5F1B/GALK1/PGK1/SHPK/PPAT/NDUFS1/FOXK2,19
GO:0006520,amino acid metabolic process,14/193,62/2843,0.225806451612903,3.32625773023567,4.99713329350016,4.40006989345876e-05,0.0058772362148342,0.00567046601307392,ACY1/PYCR1/SMS/BCAT2/NARS2/GCAT/FARSB/GCSH/ENOPH1/PCBD1/DARS1/PCCB/ASL/FARS2,14
GO:0055086,nucleobase-containing small molecule metabolic process,24/193,151/2843,0.158940397350993,2.34128264077137,4.57023996858928,5.07562111495036e-05,0.00632760765663811,0.00610499269545608,ATP5F1C/OLA1/NTHL1/LDHA/NME2/GFUS/NDUFV2/ENO1/GMPS/ATP5F1A/ATP5PO/ADK/MTCH2/PAICS/ATP5F1B/GALK1/MACROD1/ELOVL1/PGK1/SHPK/PPAT/NDUFS1/FOXK2/CTPS2,24
GO:0006396,RNA processing,25/193,163/2843,0.153374233128834,2.25928986935376,4.46806897781771,6.47433215840352e-05,0.00756687571013411,0.00730066139441029,STRAP/METTL5/DCAF13/IMP4/NPM1/NOL10/THOC7/DDX1/NPM3/SRSF9/CLNS1A/LSM2/WDR12/DAZAP1/RPS16/UTP18/LRPPRC/ELP2/PWP1/EXOSC7/TBRG4/FARS2/ELP4/INTS13/RPUSD3,25
GO:0009141,nucleoside triphosphate metabolic process,16/193,81/2843,0.197530864197531,2.90974221198746,4.70514676069055,7.18957542847383e-05,0.00790853297132122,0.00763029862811402,ATP5F1C/OLA1/LDHA/NME2/NDUFV2/ENO1/ATP5F1A/ATP5PO/ADK/MTCH2/ATP5F1B/GALK1/PGK1/NDUFS1/FOXK2/CTPS2,16
GO:0072521,purine-containing compound metabolic process,21/193,126/2843,0.166666666666667,2.45509499136442,4.50816241052001,7.62771920113914e-05,0.00792435272562788,0.0076455618191535,ATP5F1C/OLA1/LDHA/NME2/NDUFV2/ENO1/GMPS/ATP5F1A/ATP5PO/ADK/MTCH2/PAICS/ATP5F1B/GALK1/MACROD1/ELOVL1/PGK1/SHPK/PPAT/NDUFS1/FOXK2,21
GO:0006753,nucleoside phosphate metabolic process,23/193,147/2843,0.156462585034014,2.30478305311762,4.38333623002277,9.49212472840301e-05,0.00934224907479665,0.00901357439583532,ATP5F1C/OLA1/NTHL1/LDHA/NME2/GFUS/NDUFV2/ENO1/GMPS/ATP5F1A/ATP5PO/ADK/MTCH2/PAICS/ATP5F1B/GALK1/ELOVL1/PGK1/SHPK/PPAT/NDUFS1/FOXK2/CTPS2,23
GO:0009152,purine ribonucleotide biosynthetic process,12/193,51/2843,0.235294117647059,3.46601645839683,4.79502754362935,0.000102846880095592,0.00935329829395638,0.00902423488648535,ATP5F1C/NME2/NDUFV2/ENO1/GMPS/ATP5F1A/ATP5PO/ADK/PAICS/ATP5F1B/PPAT/NDUFS1,12
GO:0009144,purine nucleoside triphosphate metabolic process,15/193,75/2843,0.2,2.94611398963731,4.60875495695853,0.000105037039664751,0.00935329829395638,0.00902423488648535,ATP5F1C/OLA1/LDHA/NME2/NDUFV2/ENO1/ATP5F1A/ATP5PO/ADK/MTCH2/ATP5F1B/GALK1/PGK1/NDUFS1/FOXK2,15
GO:1901293,nucleoside phosphate biosynthetic process,16/193,84/2843,0.19047619047619,2.80582284727362,4.53321889759072,0.000113851335931109,0.00967736355414425,0.00933689903281917,ATP5F1C/NME2/GFUS/NDUFV2/ENO1/GMPS/ATP5F1A/ATP5PO/ADK/PAICS/ATP5F1B/ELOVL1/PGK1/PPAT/NDUFS1/CTPS2,16
GO:0071826,protein-RNA complex organization,11/193,46/2843,0.239130434782609,3.52252759630547,4.65410699344005,0.000172522885920646,0.0140268607248525,0.0135333742090612,EIF3M/STRAP/EIF3E/EIF3H/DDX1/SRSF9/CLNS1A/LSM2/EIF3C/ZFAND1/RPL38,11
GO:0009205,purine ribonucleoside triphosphate metabolic process,14/193,72/2843,0.194444444444444,2.86427748992516,4.32340873238972,0.000246167518473399,0.0184133303818103,0.0177655211226697,ATP5F1C/OLA1/LDHA/NME2/NDUFV2/ENO1/ATP5F1A/ATP5PO/MTCH2/ATP5F1B/GALK1/PGK1/NDUFS1/FOXK2,14
GO:0072522,purine-containing compound biosynthetic process,14/193,72/2843,0.194444444444444,2.86427748992516,4.32340873238972,0.000246167518473399,0.0184133303818103,0.0177655211226697,ATP5F1C/NME2/NDUFV2/ENO1/GMPS/ATP5F1A/ATP5PO/ADK/PAICS/ATP5F1B/ELOVL1/PGK1/PPAT/NDUFS1,14
GO:0034504,protein localization to nucleus,12/193,56/2843,0.214285714285714,3.15655070318283,4.39797703109945,0.000267305386729287,0.0192254258916833,0.0185490458645343,YWHAE/TMEM147/YWHAZ/NPM1/DVL1/PHB2/CCT8/CCT4/CCT3/CDK5/ECT2/INTS13,12
GO:0006364,rRNA processing,10/193,41/2843,0.24390243902439,3.59282193858208,4.51230357376279,0.000288263371290132,0.0199649075671313,0.0192625114382567,METTL5/DCAF13/IMP4/NOL10/NPM3/WDR12/RPS16/UTP18/PWP1/EXOSC7,10
GO:0006417,regulation of translation,15/193,82/2843,0.182926829268293,2.69461645393656,4.20158250539414,0.00029986638751647,0.0200267908805642,0.0193222176016252,TRAP1/BZW2/METTL5/PAIP1/EIF3E/NPM1/EIF5A/EIF3H/DDX1/EIF3C/LRPPRC/ELP2/RPL38/ELP4/RPUSD3,15
GO:0031647,regulation of protein stability,12/193,57/2843,0.210526315789474,3.10117262067085,4.32390714717951,0.000318720349298132,0.0205519673512934,0.0198289175570598,YWHAZ/NPM1/DVL1/PHB2/GIPC1/HSPD1/CCT8/CCT4/CCT3/MAPKAP1/DNAAF2/VPS35,12
GO:0009165,nucleotide biosynthetic process,13/193,67/2843,0.194029850746269,2.8581702884541,4.15318174423423,0.000420918368339885,0.0262372449598528,0.0253141783626163,ATP5F1C/NME2/NDUFV2/ENO1/GMPS/ATP5F1A/ATP5PO/ADK/PAICS/ATP5F1B/PPAT/NDUFS1/CTPS2,13
GO:0006164,purine nucleotide biosynthetic process,12/193,59/2843,0.203389830508475,2.99604812505489,4.18051852908775,0.000447026293231171,0.0264026982523142,0.0254738107539919,ATP5F1C/NME2/NDUFV2/ENO1/GMPS/ATP5F1A/ATP5PO/ADK/PAICS/ATP5F1B/PPAT/NDUFS1,12
GO:0009112,nucleobase metabolic process,5/193,11/2843,0.454545454545455,6.69571361281206,5.10699716466485,0.000451810879183986,0.0264026982523142,0.0254738107539919,GMPS/ADK/PAICS/PPAT/CTPS2,5
GO:0006399,tRNA metabolic process,8/193,29/2843,0.275862068965517,4.06360550294801,4.47442824343777,0.000484459474934157,0.0274527035796022,0.0264868752802917,DDX1/NARS2/FARSB/ELP2/DARS1/EXOSC7/FARS2/ELP4,8
GO:0140053,mitochondrial gene expression,11/193,52/2843,0.211538461538462,3.11608210442407,4.15548790235325,0.00054418402712257,0.0299301214917413,0.0288771338231605,DAP3/MRPL24/MRPS35/MRPS28/MRPL3/MRPL39/MRPL30/LRPPRC/MRPL4/TBRG4/RPUSD3,11
GO:0046034,ATP metabolic process,13/193,69/2843,0.188405797101449,2.77532477284674,4.02825434845274,0.000568034499129014,0.0303492718106073,0.0292815377896881,ATP5F1C/OLA1/LDHA/NDUFV2/ENO1/ATP5F1A/ATP5PO/MTCH2/ATP5F1B/GALK1/PGK1/NDUFS1/FOXK2,13
GO:0016072,rRNA metabolic process,10/193,45/2843,0.222222222222222,3.2734599884859,4.14798781004783,0.000645440949867134,0.0326209344932849,0.031473279888258,METTL5/DCAF13/IMP4/NOL10/NPM3/WDR12/RPS16/UTP18/PWP1/EXOSC7,10
GO:0022618,protein-RNA complex assembly,10/193,45/2843,0.222222222222222,3.2734599884859,4.14798781004783,0.000645440949867134,0.0326209344932849,0.031473279888258,EIF3M/STRAP/EIF3E/EIF3H/DDX1/SRSF9/CLNS1A/LSM2/EIF3C/RPL38,10
GO:0019320,hexose catabolic process,5/193,12/2843,0.416666666666667,6.13773747841105,4.81238486364906,0.000732142046604948,0.0351052724910577,0.0338702150575136,LDHA/ENO1/GALK1/PGK1/FOXK2,5
GO:0046365,monosaccharide catabolic process,5/193,12/2843,0.416666666666667,6.13773747841105,4.81238486364906,0.000732142046604948,0.0351052724910577,0.0338702150575136,LDHA/ENO1/GALK1/PGK1/FOXK2,5
GO:0010608,post-transcriptional regulation of gene expression,17/193,108/2843,0.157407407407407,2.31870082517751,3.77005116884962,0.000758735426226028,0.0354708811760668,0.0342229610671424,TRAP1/BZW2/METTL5/PAIP1/EIF3E/NPM1/EIF5A/EIF3H/DDX1/XPO5/EIF3C/LRPPRC/ELP2/RPL38/TBRG4/ELP4/RPUSD3,17
GO:0042274,ribosomal small subunit biogenesis,6/193,18/2843,0.333333333333333,4.91018998272884,4.49047868845125,0.00084370137805589,0.0384810140723052,0.0371271928623311,DCAF13/IMP4/NPM1/NOL10/RPS16/UTP18,6
GO:0009142,nucleoside triphosphate biosynthetic process,10/193,47/2843,0.212765957446809,3.13416381876309,3.98085035877348,0.000929441550040793,0.0404198999668903,0.0389978657716014,ATP5F1C/NME2/NDUFV2/ENO1/ATP5F1A/ATP5PO/ADK/ATP5F1B/NDUFS1/CTPS2,10
GO:0032543,mitochondrial translation,10/193,47/2843,0.212765957446809,3.13416381876309,3.98085035877348,0.000929441550040793,0.0404198999668903,0.0389978657716014,DAP3/MRPL24/MRPS35/MRPS28/MRPL3/MRPL39/MRPL30/LRPPRC/MRPL4/RPUSD3,10
GO:0006446,regulation of translational initiation,6/193,20/2843,0.3,4.41917098445596,4.14045560552354,0.00157057755959552,0.0645895464136627,0.0623171869141671,BZW2/PAIP1/EIF3E/NPM1/EIF3H/DDX1,6
GO:0009145,purine nucleoside triphosphate biosynthetic process,9/193,42/2843,0.214285714285714,3.15655070318283,3.79922941037684,0.00158883376204732,0.0645895464136627,0.0623171869141671,ATP5F1C/NME2/NDUFV2/ENO1/ATP5F1A/ATP5PO/ADK/ATP5F1B/NDUFS1,9
GO:0009201,ribonucleoside triphosphate biosynthetic process,9/193,42/2843,0.214285714285714,3.15655070318283,3.79922941037684,0.00158883376204732,0.0645895464136627,0.0623171869141671,ATP5F1C/NME2/NDUFV2/ENO1/ATP5F1A/ATP5PO/ATP5F1B/NDUFS1/CTPS2,9
GO:0050821,protein stabilization,9/193,43/2843,0.209302325581395,3.08314254729486,3.71400048175681,0.00189365427882637,0.075343265987347,0.0726925741076908,NPM1/DVL1/PHB2/HSPD1/CCT8/CCT4/CCT3/MAPKAP1/DNAAF2,9
GO:0043436,oxoacid metabolic process,22/193,174/2843,0.126436781609195,1.86248585551784,3.16825459271467,0.00272673002440999,0.106228857200973,0.102491562759621,LDHA/PTGES2/ECHDC3/PYCR1/SMS/ENO1/PRMT3/BCAT2/LYPLA1/PPA2/MTCH2/GCAT/GALK1/GCSH/ELOVL1/ENOPH1/PGK1/PCBD1/PCCB/ASL/MRS2/FOXK2,22
GO:0006082,organic acid metabolic process,22/193,175/2843,0.125714285714286,1.85184307920059,3.13872643682436,0.0029339293468452,0.111968324053072,0.108029106347855,LDHA/PTGES2/ECHDC3/PYCR1/SMS/ENO1/PRMT3/BCAT2/LYPLA1/PPA2/MTCH2/GCAT/GALK1/GCSH/ELOVL1/ENOPH1/PGK1/PCBD1/PCCB/ASL/MRS2/FOXK2,22
GO:0045333,cellular respiration,14/193,92/2843,0.152173913043478,2.24160847037621,3.26663822364284,0.00308450176222459,0.114578481142445,0.110547434099719,ATP5F1C/TRAP1/LDHA/NDUFV2/ENO1/ATP5F1A/ATP5PO/MTCH2/ATP5F1B/GALK1/PGK1/UQCRC2/NDUFS1/FOXK2,14
GO:0009167,purine ribonucleoside monophosphate metabolic process,4/193,10/2843,0.4,5.89222797927461,4.18168345161605,0.00312486766752123,0.114578481142445,0.110547434099719,GMPS/ADK/PAICS/PPAT,4
GO:1900182,positive regulation of protein localization to nucleus,5/193,16/2843,0.3125,4.60330310880829,3.90000925643229,0.0032267261642957,0.116038037062172,0.111955640599248,NPM1/CCT8/CCT4/CCT3/ECT2,5
GO:0033365,protein localization to organelle,20/193,155/2843,0.129032258064516,1.90071870299181,3.11177474651883,0.00334880174195117,0.118155835046202,0.113998931195716,YWHAE/TMEM147/YWHAZ/NPM1/DVL1/PHB2/HSPD1/LYPLA1/DDX1/CCT8/MTCH2/GDI2/CCT4/CCT3/CDK5/ECT2/MTX2/VPS35/KCMF1/INTS13,20
GO:0009060,aerobic respiration,13/193,84/2843,0.154761904761905,2.27973106340982,3.21255268712647,0.00371277284778037,0.12857194861758,0.124048589884904,ATP5F1C/LDHA/NDUFV2/ENO1/ATP5F1A/ATP5PO/MTCH2/ATP5F1B/GALK1/PGK1/UQCRC2/NDUFS1/FOXK2,13
GO:0019752,carboxylic acid metabolic process,21/193,169/2843,0.124260355029586,1.83042585154981,3.00352510035649,0.00420524564474881,0.14297835192146,0.137948153781808,LDHA/PTGES2/ECHDC3/PYCR1/SMS/ENO1/PRMT3/BCAT2/LYPLA1/MTCH2/GCAT/GALK1/GCSH/ELOVL1/ENOPH1/PGK1/PCBD1/PCCB/ASL/MRS2/FOXK2,21
GO:0006839,mitochondrial transport,6/193,24/2843,0.25,3.68264248704663,3.561136623886,0.00433900222961418,0.143141012534038,0.138105091744071,VDAC1/VDAC2/MTCH2/SFXN4/MTX2/VPS35,6
GO:0170039,proteinogenic amino acid metabolic process,8/193,40/2843,0.2,2.94611398963731,3.34467924865966,0.00454438239634338,0.143141012534038,0.138105091744071,PYCR1/SMS/BCAT2/GCAT/GCSH/ENOPH1/PCBD1/ASL,8
GO:0007005,mitochondrion organization,13/193,86/2843,0.151162790697674,2.22671406193517,3.11703687848612,0.00457668547577388,0.143141012534038,0.138105091744071,DAP3/PHB2/HSPD1/VDAC2/NDUFAF2/CHCHD3/MTCH2/NOA1/MICOS13/MTX2/NDUFS1/VPS35/COA1,13
GO:0009126,purine nucleoside monophosphate metabolic process,4/193,11/2843,0.363636363636364,5.35657089024965,3.90626999470602,0.00465232868942822,0.143141012534038,0.138105091744071,GMPS/ADK/PAICS/PPAT,4
GO:0006457,protein folding,7/193,32/2843,0.21875,3.2223121761658,3.41128014490645,0.00466930575645793,0.143141012534038,0.138105091744071,TRAP1/TBCB/TBCA/HSPD1/CCT8/CCT4/CCT3,7
GO:0045727,positive regulation of translation,7/193,32/2843,0.21875,3.2223121761658,3.41128014490645,0.00466930575645793,0.143141012534038,0.138105091744071,METTL5/PAIP1/EIF3E/NPM1/EIF5A/EIF3C/RPUSD3,7
GO:0009206,purine ribonucleoside triphosphate biosynthetic process,8/193,41/2843,0.195121951219512,2.87425755086566,3.26178165923263,0.00532490546023732,0.152799991355631,0.147424252847482,ATP5F1C/NME2/NDUFV2/ENO1/ATP5F1A/ATP5PO/ATP5F1B/NDUFS1,8
GO:0006096,glycolytic process,6/193,25/2843,0.24,3.53533678756477,3.43560259683194,0.00539294087137523,0.152799991355631,0.147424252847482,LDHA/ENO1/MTCH2/GALK1/PGK1/FOXK2,6
GO:0019364,pyridine nucleotide catabolic process,6/193,25/2843,0.24,3.53533678756477,3.43560259683194,0.00539294087137523,0.152799991355631,0.147424252847482,LDHA/ENO1/MTCH2/GALK1/PGK1/FOXK2,6
GO:0046032,ADP catabolic process,6/193,25/2843,0.24,3.53533678756477,3.43560259683194,0.00539294087137523,0.152799991355631,0.147424252847482,LDHA/ENO1/MTCH2/GALK1/PGK1/FOXK2,6
GO:0072526,pyridine-containing compound catabolic process,6/193,25/2843,0.24,3.53533678756477,3.43560259683194,0.00539294087137523,0.152799991355631,0.147424252847482,LDHA/ENO1/MTCH2/GALK1/PGK1/FOXK2,6
GO:1901135,carbohydrate derivative metabolic process,24/193,208/2843,0.115384615384615,1.69968114786768,2.82819457270153,0.00591626433115495,0.165125586556116,0.159316214667708,ATP5F1C/OLA1/NTHL1/LDHA/NME2/GFUS/NDUFV2/ENO1/GMPS/ATP5F1A/ATP5PO/ADK/MTCH2/PAICS/SLC35B2/ATP5F1B/GALK1/MACROD1/PGK1/SHPK/PPAT/NDUFS1/FOXK2/CTPS2,24
GO:0034655,nucleobase-containing compound catabolic process,15/193,110/2843,0.136363636363636,2.00871408384362,2.91147030949001,0.00645728835215403,0.165131998658067,0.159322401182058,NTHL1/LDHA/PAIP1/EIF3E/NPM1/ENO1/MTCH2/GALK1/LSM2/LRPPRC/PGK1/EXOSC7/TBRG4/FOXK2/INTS13,15
GO:0009066,aspartate family amino acid metabolic process,4/193,12/2843,0.333333333333333,4.91018998272884,3.66257310069803,0.00661242201083985,0.165131998658067,0.159322401182058,SMS/BCAT2/GCAT/ENOPH1,4
GO:0170034,L-amino acid biosynthetic process,4/193,12/2843,0.333333333333333,4.91018998272884,3.66257310069803,0.00661242201083985,0.165131998658067,0.159322401182058,PYCR1/ENOPH1/PCBD1/ASL,4
GO:0170038,proteinogenic amino acid biosynthetic process,4/193,12/2843,0.333333333333333,4.91018998272884,3.66257310069803,0.00661242201083985,0.165131998658067,0.159322401182058,PYCR1/ENOPH1/PCBD1/ASL,4
GO:0009134,nucleoside diphosphate catabolic process,6/193,26/2843,0.230769230769231,3.39936229573535,3.31632309039175,0.00662294112264974,0.165131998658067,0.159322401182058,LDHA/ENO1/MTCH2/GALK1/PGK1/FOXK2,6
GO:0009137,purine nucleoside diphosphate catabolic process,6/193,26/2843,0.230769230769231,3.39936229573535,3.31632309039175,0.00662294112264974,0.165131998658067,0.159322401182058,LDHA/ENO1/MTCH2/GALK1/PGK1/FOXK2,6
GO:0009181,purine ribonucleoside diphosphate catabolic process,6/193,26/2843,0.230769230769231,3.39936229573535,3.31632309039175,0.00662294112264974,0.165131998658067,0.159322401182058,LDHA/ENO1/MTCH2/GALK1/PGK1/FOXK2,6
GO:0009191,ribonucleoside diphosphate catabolic process,6/193,26/2843,0.230769230769231,3.39936229573535,3.31632309039175,0.00662294112264974,0.165131998658067,0.159322401182058,LDHA/ENO1/MTCH2/GALK1/PGK1/FOXK2,6
GO:0008652,amino acid biosynthetic process,5/193,19/2843,0.263157894736842,3.87646577583856,3.39446566212375,0.00726716440244844,0.178810492533929,0.172519664623222,PYCR1/BCAT2/ENOPH1/PCBD1/ASL,5
GO:0006091,generation of precursor metabolites and energy,15/193,114/2843,0.131578947368421,1.93823288791928,2.75885620044621,0.00898381419989624,0.209591356651734,0.2022176106395,ATP5F1C/TRAP1/LDHA/NDUFV2/ENO1/ATP5F1A/ATP5PO/MTCH2/ATP5F1B/GALK1/PGK1/SHPK/UQCRC2/NDUFS1/FOXK2,15
GO:0009124,nucleoside monophosphate biosynthetic process,4/193,13/2843,0.307692307692308,4.53248306098047,3.44450088531866,0.00905140308003545,0.209591356651734,0.2022176106395,GMPS/ADK/PAICS/PPAT,4
GO:0009988,cell-cell recognition,4/193,13/2843,0.307692307692308,4.53248306098047,3.44450088531866,0.00905140308003545,0.209591356651734,0.2022176106395,VDAC2/CCT8/CCT4/CCT3,4
GO:0021762,substantia nigra development,4/193,13/2843,0.307692307692308,4.53248306098047,3.44450088531866,0.00905140308003545,0.209591356651734,0.2022176106395,YWHAE/LDHA/YWHAQ/MAPKAP1,4
GO:0006403,RNA localization,7/193,36/2843,0.194444444444444,2.86427748992516,3.03744452008481,0.00919063702964821,0.209591356651734,0.2022176106395,NUP37/THOC7/CCT8/CCT4/XPO5/CCT3/LRPPRC,7
GO:0009166,nucleotide catabolic process,7/193,36/2843,0.194444444444444,2.86427748992516,3.03744452008481,0.00919063702964821,0.209591356651734,0.2022176106395,NTHL1/LDHA/ENO1/MTCH2/GALK1/PGK1/FOXK2,7
GO:0015980,energy derivation by oxidation of organic compounds,14/193,104/2843,0.134615384615385,1.98296133917896,2.75565500360211,0.00942292092156244,0.210347386282007,0.202947041985567,ATP5F1C/TRAP1/LDHA/NDUFV2/ENO1/ATP5F1A/ATP5PO/MTCH2/ATP5F1B/GALK1/PGK1/UQCRC2/NDUFS1/FOXK2,14
GO:1901605,alpha-amino acid metabolic process,8/193,45/2843,0.177777777777778,2.61876799078872,2.95348496436882,0.00950881195908704,0.210347386282007,0.202947041985567,PYCR1/SMS/BCAT2/GCAT/GCSH/ENOPH1/PCBD1/ASL,8
GO:0046031,ADP metabolic process,6/193,28/2843,0.214285714285714,3.15655070318283,3.09433438839221,0.0096737300643062,0.210347386282007,0.202947041985567,LDHA/ENO1/MTCH2/GALK1/PGK1/FOXK2,6
GO:1900180,regulation of protein localization to nucleus,6/193,28/2843,0.214285714285714,3.15655070318283,3.09433438839221,0.0096737300643062,0.210347386282007,0.202947041985567,YWHAZ/NPM1/CCT8/CCT4/CCT3/ECT2,6
GO:0019637,organophosphate metabolic process,25/193,230/2843,0.108695652173913,1.60114890741158,2.56592542218914,0.0106781566716909,0.22951899972485,0.221444168605906,ATP5F1C/OLA1/NTHL1/LDHA/NME2/PHB2/GFUS/NDUFV2/HDHD5/ENO1/GMPS/ATP5F1A/ATP5PO/ADK/MTCH2/PAICS/ATP5F1B/GALK1/ELOVL1/PGK1/SHPK/PPAT/NDUFS1/FOXK2/CTPS2,25
GO:0006090,pyruvate metabolic process,6/193,29/2843,0.206896551724138,3.04770412721101,2.99069353811397,0.0115251474212436,0.244909382701427,0.236293094258512,LDHA/ENO1/MTCH2/GALK1/PGK1/FOXK2,6
GO:0051246,regulation of protein metabolic process,32/193,318/2843,0.10062893081761,1.48232150422003,2.46256242436382,0.0123145675625538,0.258744284741299,0.249641263184118,PSMD14/TRAP1/BZW2/METTL5/TBC1D7/PAIP1/EIF3E/NPM1/DVL1/COPS5/EIF5A/GIPC1/ENO1/PRMT3/EIF3H/DDX1/EIF3C/DDB1/LRPPRC/HDAC2/ELP2/CDK5/ECT2/PARD3/DCUN1D5/ATG5/VPS35/RPL38/TOM1L1/ELP4/COP1/RPUSD3,32
GO:0009135,purine nucleoside diphosphate metabolic process,6/193,30/2843,0.2,2.94611398963731,2.89142405774512,0.0136136117736418,0.276711456703372,0.266976322425882,LDHA/ENO1/MTCH2/GALK1/PGK1/FOXK2,6
GO:0009154,purine ribonucleotide catabolic process,6/193,30/2843,0.2,2.94611398963731,2.89142405774512,0.0136136117736418,0.276711456703372,0.266976322425882,LDHA/ENO1/MTCH2/GALK1/PGK1/FOXK2,6
GO:0009179,purine ribonucleoside diphosphate metabolic process,6/193,30/2843,0.2,2.94611398963731,2.89142405774512,0.0136136117736418,0.276711456703372,0.266976322425882,LDHA/ENO1/MTCH2/GALK1/PGK1/FOXK2,6
GO:0006754,ATP biosynthetic process,7/193,39/2843,0.17948717948718,2.64394845223861,2.7893258319345,0.0142483612790213,0.286499307438386,0.276419821530759,ATP5F1C/NDUFV2/ENO1/ATP5F1A/ATP5PO/ATP5F1B/NDUFS1,7
GO:1901607,alpha-amino acid biosynthetic process,4/193,15/2843,0.266666666666667,3.92815198618307,3.06808435713897,0.0155246367239376,0.307642829438433,0.29681948193497,PYCR1/ENOPH1/PCBD1/ASL,4
GO:0006195,purine nucleotide catabolic process,6/193,31/2843,0.193548387096774,2.85107805448772,2.79618354167073,0.0159531670055214,0.307642829438433,0.29681948193497,LDHA/ENO1/MTCH2/GALK1/PGK1/FOXK2,6
GO:0016241,regulation of macroautophagy,6/193,31/2843,0.193548387096774,2.85107805448772,2.79618354167073,0.0159531670055214,0.307642829438433,0.29681948193497,VDAC1/LYPLA1/CDK5/CAPN1/ATG5/VPS35,6
GO:0090407,organophosphate biosynthetic process,17/193,144/2843,0.118055555555556,1.73902561888313,2.45587948853415,0.0159579435591059,0.307642829438433,0.29681948193497,ATP5F1C/NME2/GFUS/NDUFV2/HDHD5/ENO1/GMPS/ATP5F1A/ATP5PO/ADK/PAICS/ATP5F1B/ELOVL1/PGK1/PPAT/NDUFS1/CTPS2,17
GO:0008637,apoptotic mitochondrial changes,5/193,23/2843,0.217391304347826,3.20229781482316,2.86143026323227,0.0168500854723806,0.321527141156651,0.310215322230509,DAP3/HSPD1/VDAC2/MTCH2/VPS35,5
GO:0009185,ribonucleoside diphosphate metabolic process,6/193,32/2843,0.1875,2.76198186528497,2.70466670578302,0.0185571349860745,0.333862525457206,0.322116728755222,LDHA/ENO1/MTCH2/GALK1/PGK1/FOXK2,6
GO:0009261,ribonucleotide catabolic process,6/193,32/2843,0.1875,2.76198186528497,2.70466670578302,0.0185571349860745,0.333862525457206,0.322116728755222,LDHA/ENO1/MTCH2/GALK1/PGK1/FOXK2,6
GO:0042776,proton motive force-driven mitochondrial ATP synthesis,6/193,32/2843,0.1875,2.76198186528497,2.70466670578302,0.0185571349860745,0.333862525457206,0.322116728755222,ATP5F1C/NDUFV2/ATP5F1A/ATP5PO/ATP5F1B/NDUFS1,6
GO:0046496,nicotinamide nucleotide metabolic process,7/193,41/2843,0.170731707317073,2.51497535700746,2.63652070196755,0.018567755426497,0.333862525457206,0.322116728755222,LDHA/ENO1/MTCH2/GALK1/PGK1/SHPK/FOXK2,7
GO:0170033,L-amino acid metabolic process,7/193,41/2843,0.170731707317073,2.51497535700746,2.63652070196755,0.018567755426497,0.333862525457206,0.322116728755222,PYCR1/SMS/BCAT2/GCAT/ENOPH1/PCBD1/ASL,7
GO:1901292,nucleoside phosphate catabolic process,7/193,41/2843,0.170731707317073,2.51497535700746,2.63652070196755,0.018567755426497,0.333862525457206,0.322116728755222,NTHL1/LDHA/ENO1/MTCH2/GALK1/PGK1/FOXK2,7
GO:0048024,"regulation of mRNA splicing, via spliceosome",4/193,16/2843,0.25,3.68264248704663,2.90353884068348,0.0196239402438183,0.346195926942832,0.334016222223481,NPM1/SRSF9/CLNS1A/DAZAP1,4
GO:0048857,neural nucleus development,4/193,16/2843,0.25,3.68264248704663,2.90353884068348,0.0196239402438183,0.346195926942832,0.334016222223481,YWHAE/LDHA/YWHAQ/MAPKAP1,4
GO:0007006,mitochondrial membrane organization,5/193,24/2843,0.208333333333333,3.06886873920553,2.74636828156282,0.0201424757994244,0.352022707896483,0.339638008068997,VDAC2/CHCHD3/MTCH2/MICOS13/MTX2,5
GO:0072524,pyridine-containing compound metabolic process,7/193,42/2843,0.166666666666667,2.45509499136442,2.56346381187546,0.0210405102810106,0.364312539124906,0.351495464148657,LDHA/ENO1/MTCH2/GALK1/PGK1/SHPK/FOXK2,7
GO:0009132,nucleoside diphosphate metabolic process,6/193,33/2843,0.181818181818182,2.67828544512482,2.61660033405642,0.0214380127993093,0.367789760868884,0.354850351888133,LDHA/ENO1/MTCH2/GALK1/PGK1/FOXK2,6
GO:0006119,oxidative phosphorylation,8/193,52/2843,0.153846153846154,2.26624153049024,2.48660075637355,0.0220964415448557,0.375639506262546,0.36242393117591,ATP5F1C/NDUFV2/ATP5F1A/ATP5PO/MTCH2/ATP5F1B/UQCRC2/NDUFS1,8
GO:0006402,mRNA catabolic process,7/193,43/2843,0.162790697674419,2.39799975900711,2.49247070738908,0.0237338208612719,0.394352542688378,0.380478614223406,PAIP1/EIF3E/NPM1/LSM2/LRPPRC/EXOSC7/TBRG4,7
GO:0006368,transcription elongation by RNA polymerase II,5/193,25/2843,0.2,2.94611398963731,2.63715428629542,0.0238298595314368,0.394352542688378,0.380478614223406,POLR2I/GTF2F2/TCEA1/ELP2/INTS13,5
GO:0051168,nuclear export,5/193,25/2843,0.2,2.94611398963731,2.63715428629542,0.0238298595314368,0.394352542688378,0.380478614223406,YWHAE/NPM1/THOC7/XPO5/CDK5,5
GO:0015986,proton motive force-driven ATP synthesis,6/193,34/2843,0.176470588235294,2.59951234379762,2.53173904382332,0.0246073811602116,0.403647392715751,0.389446457143145,ATP5F1C/NDUFV2/ATP5F1A/ATP5PO/ATP5F1B/NDUFS1,6
GO:0006884,cell volume homeostasis,3/193,10/2843,0.3,4.41917098445596,2.92257245257513,0.0259001154310082,0.417527722896425,0.40283845597775,NPM1/CLNS1A/LRRC8E,3
GO:0043297,apical junction assembly,3/193,10/2843,0.3,4.41917098445596,2.92257245257513,0.0259001154310082,0.417527722896425,0.40283845597775,RHOC/ECT2/PARD3,3
GO:0016236,macroautophagy,9/193,64/2843,0.140625,2.07148639896373,2.33937654122638,0.0268502736970061,0.429145400114542,0.414047405458106,VDAC1/PHB2/LYPLA1/DIAPH3/CDK5/CAPN1/ATG5/VPS35/RAB2A,9
GO:0006094,gluconeogenesis,4/193,18/2843,0.222222222222222,3.2734599884859,2.61085105133893,0.0296664421025552,0.45848137794858,0.442351298510479,ENO1/DDB1/PGK1/SLC37A4,4
GO:0008033,tRNA processing,4/193,18/2843,0.222222222222222,3.2734599884859,2.61085105133893,0.0296664421025552,0.45848137794858,0.442351298510479,DDX1/ELP2/FARS2/ELP4,4
GO:0050684,regulation of mRNA processing,4/193,18/2843,0.222222222222222,3.2734599884859,2.61085105133893,0.0296664421025552,0.45848137794858,0.442351298510479,NPM1/SRSF9/CLNS1A/DAZAP1,4
GO:1903312,negative regulation of mRNA metabolic process,4/193,18/2843,0.222222222222222,3.2734599884859,2.61085105133893,0.0296664421025552,0.45848137794858,0.442351298510479,PAIP1/NPM1/SRSF9/LRPPRC,4
GO:1902600,proton transmembrane transport,8/193,55/2843,0.145454545454545,2.14262835609986,2.30891375992031,0.0300532438081327,0.460652179682034,0.444445728103015,ATP5F1C/PHB2/NDUFV2/ATP5F1A/ATP5PO/ATP5F1B/SLC25A3/NDUFS1,8
GO:0006006,glucose metabolic process,6/193,36/2843,0.166666666666667,2.45509499136442,2.37076847819482,0.0318528618133981,0.474736477569072,0.458034518746631,LDHA/ENO1/DDB1/PGK1/FOXK2/SLC37A4,6
GO:0015931,nucleobase-containing compound transport,6/193,36/2843,0.166666666666667,2.45509499136442,2.37076847819482,0.0318528618133981,0.474736477569072,0.458034518746631,NUP37/THOC7/XPO5/SLC35B2/LRPPRC/LRRC8E,6
GO:0072523,purine-containing compound catabolic process,6/193,36/2843,0.166666666666667,2.45509499136442,2.37076847819482,0.0318528618133981,0.474736477569072,0.458034518746631,LDHA/ENO1/MTCH2/GALK1/PGK1/FOXK2,6
GO:0006605,protein targeting,9/193,66/2843,0.136363636363636,2.00871408384362,2.23727756067797,0.0321102162699514,0.474736477569072,0.458034518746631,YWHAE/YWHAZ/GIPC1/YWHAQ/LYPLA1/MIPEP/CDK5/PARD3/KCMF1,9
GO:0044283,small molecule biosynthetic process,14/193,121/2843,0.115702479338843,1.70436346507943,2.13655068682487,0.0322414613108407,0.474736477569072,0.458034518746631,PTGES2/PYCR1/ENO1/PRMT3/BCAT2/ADK/DDB1/ELOVL1/ENOPH1/PGK1/PCBD1/ASL/RTN4IP1/SLC37A4,14
GO:0006913,nucleocytoplasmic transport,8/193,56/2843,0.142857142857143,2.10436713545522,2.25219898074494,0.0330946719968941,0.476189671492618,0.45943658707478,YWHAE/NPM1/PHB2/NUP37/THOC7/XPO5/CDK5/ECT2,8
GO:0051169,nuclear transport,8/193,56/2843,0.142857142857143,2.10436713545522,2.25219898074494,0.0330946719968941,0.476189671492618,0.45943658707478,YWHAE/NPM1/PHB2/NUP37/THOC7/XPO5/CDK5/ECT2,8
GO:0000387,spliceosomal snRNP assembly,3/193,11/2843,0.272727272727273,4.01742816768723,2.70554282474719,0.0338680354591006,0.476189671492618,0.45943658707478,STRAP/CLNS1A/LSM2,3
GO:0006611,protein export from nucleus,3/193,11/2843,0.272727272727273,4.01742816768723,2.70554282474719,0.0338680354591006,0.476189671492618,0.45943658707478,YWHAE/XPO5/CDK5,3
GO:0010257,NADH dehydrogenase complex assembly,3/193,11/2843,0.272727272727273,4.01742816768723,2.70554282474719,0.0338680354591006,0.476189671492618,0.45943658707478,NDUFAF2/NDUFS1/COA1,3
GO:0032981,mitochondrial respiratory chain complex I assembly,3/193,11/2843,0.272727272727273,4.01742816768723,2.70554282474719,0.0338680354591006,0.476189671492618,0.45943658707478,NDUFAF2/NDUFS1/COA1,3
GO:0009123,nucleoside monophosphate metabolic process,4/193,19/2843,0.210526315789474,3.10117262067085,2.47955611743112,0.0356395828225837,0.497358357300235,0.479860525985141,GMPS/ADK/PAICS/PPAT,4
GO:0019318,hexose metabolic process,7/193,47/2843,0.148936170212766,2.19391467313416,2.22700601195913,0.0368695135533028,0.506739518932854,0.488911643935216,LDHA/ENO1/GALK1/DDB1/PGK1/FOXK2/SLC37A4,7
GO:1903311,regulation of mRNA metabolic process,7/193,47/2843,0.148936170212766,2.19391467313416,2.22700601195913,0.0368695135533028,0.506739518932854,0.488911643935216,PAIP1/NPM1/SRSF9/CLNS1A/DAZAP1/LRPPRC/TBRG4,7
GO:0006354,DNA-templated transcription elongation,5/193,28/2843,0.178571428571429,2.63045891931902,2.33946973538045,0.0373957505950448,0.506739518932854,0.488911643935216,POLR2I/GTF2F2/TCEA1/ELP2/INTS13,5
GO:2001252,positive regulation of chromosome organization,5/193,28/2843,0.178571428571429,2.63045891931902,2.33946973538045,0.0373957505950448,0.506739518932854,0.488911643935216,NSMCE2/CCT8/CCT4/CCT3/BUB1,5
GO:0009057,macromolecule catabolic process,27/193,282/2843,0.0957446808510638,1.41037371844339,1.95914715902658,0.0376930822588327,0.507093984345447,0.489253638709877,YWHAE/PSMD14/DCAF13/PAIP1/EIF3E/NPM1/DVL1/GIPC1/LYPLA1/EIF3H/KLHL7/LSM2/MAPKAP1/DDB1/LRPPRC/CDK5/CAPN1/ATG5/VPS35/EXOSC7/TBRG4/KCMF1/TOM1L1/INTS13/UCHL3/COP1/CUL2,27
GO:0006325,chromatin organization,16/193,148/2843,0.108108108108108,1.5924940484526,1.99757557687019,0.0399834059307765,0.534064064932515,0.515274870416173,HMGA1/DCAF13/MRGBP/NPM1/PRMT3/NSMCE2/CBX3/NPM3/BUB1/PHF14/TTLL12/DDB1/HDAC2/PWP1/ATG5/MEAF6,16
GO:1901137,carbohydrate derivative biosynthetic process,15/193,137/2843,0.109489051094891,1.61283612571385,1.98384848486156,0.0417730023865441,0.539077575109177,0.52011199760041,ATP5F1C/NME2/GFUS/NDUFV2/ENO1/GMPS/ATP5F1A/ATP5PO/ADK/PAICS/SLC35B2/ATP5F1B/PPAT/NDUFS1/CTPS2,15
GO:0006289,nucleotide-excision repair,4/193,20/2843,0.2,2.94611398963731,2.35665271319085,0.0422579718573797,0.539077575109177,0.52011199760041,NTHL1/POLR2I/MNAT1/DDB1,4
GO:0019319,hexose biosynthetic process,4/193,20/2843,0.2,2.94611398963731,2.35665271319085,0.0422579718573797,0.539077575109177,0.52011199760041,ENO1/DDB1/PGK1/SLC37A4,4
GO:0030901,midbrain development,4/193,20/2843,0.2,2.94611398963731,2.35665271319085,0.0422579718573797,0.539077575109177,0.52011199760041,YWHAE/LDHA/YWHAQ/MAPKAP1,4
GO:0032210,regulation of telomere maintenance via telomerase,3/193,12/2843,0.25,3.68264248704663,2.51276133774701,0.0429532399418542,0.539077575109177,0.52011199760041,CCT8/CCT4/CCT3,3
GO:0070585,protein localization to mitochondrion,3/193,12/2843,0.25,3.68264248704663,2.51276133774701,0.0429532399418542,0.539077575109177,0.52011199760041,HSPD1/MTCH2/MTX2,3
GO:0120192,tight junction assembly,3/193,12/2843,0.25,3.68264248704663,2.51276133774701,0.0429532399418542,0.539077575109177,0.52011199760041,ACTG1/ECT2/PARD3,3
GO:0120193,tight junction organization,3/193,12/2843,0.25,3.68264248704663,2.51276133774701,0.0429532399418542,0.539077575109177,0.52011199760041,ACTG1/ECT2/PARD3,3
GO:1904356,regulation of telomere maintenance via telomere lengthening,3/193,12/2843,0.25,3.68264248704663,2.51276133774701,0.0429532399418542,0.539077575109177,0.52011199760041,CCT8/CCT4/CCT3,3
GO:1903828,negative regulation of protein localization,6/193,39/2843,0.153846153846154,2.26624153049024,2.14846165380376,0.0451136501315904,0.56241683830716,0.542630149652954,YWHAZ/NDUFAF2/LYPLA1/GDI2/CDK5/VPS35,6
GO:0016071,mRNA metabolic process,14/193,127/2843,0.110236220472441,1.623842356493,1.94079466788807,0.0460429267953515,0.570200484154354,0.550139954877885,STRAP/PAIP1/EIF3E/NPM1/THOC7/DDX1/SRSF9/CLNS1A/LSM2/DAZAP1/LRPPRC/EXOSC7/TBRG4/RPUSD3,14
GO:0032787,monocarboxylic acid metabolic process,13/193,116/2843,0.112068965517241,1.65083973557263,1.93120438974366,0.0478489133644706,0.588667552576053,0.56795732345362,LDHA/PTGES2/ECHDC3/ENO1/PRMT3/LYPLA1/MTCH2/GALK1/ELOVL1/PGK1/PCCB/MRS2/FOXK2,13
GO:0008037,cell recognition,5/193,30/2843,0.166666666666667,2.45509499136442,2.16189631580606,0.0486198291527757,0.593641281764404,0.572756069205848,YWHAZ/VDAC2/CCT8/CCT4/CCT3,5
GO:0032446,protein modification by small protein conjugation,17/193,164/2843,0.103658536585366,1.52694932389738,1.87573798461239,0.0491132923735109,0.593641281764404,0.572756069205848,YWHAE/TBC1D7/DCAF13/NPM1/COPS5/PRMT3/NSMCE2/KLHL7/ASB13/DDB1/CDK5/DCUN1D5/ATG5/KCMF1/UCHL3/COP1/CUL2,17
GO:0005996,monosaccharide metabolic process,7/193,50/2843,0.14,2.06227979274611,2.04482529490828,0.0493826856787432,0.593641281764404,0.572756069205848,LDHA/ENO1/GALK1/DDB1/PGK1/FOXK2/SLC37A4,7
GO:0046364,monosaccharide biosynthetic process,4/193,21/2843,0.19047619047619,2.80582284727362,2.24116607792437,0.0495230160188487,0.593641281764404,0.572756069205848,ENO1/DDB1/PGK1/SLC37A4,4
GO:0006220,pyrimidine nucleotide metabolic process,3/193,13/2843,0.230769230769231,3.39936229573535,2.33960231632837,0.0531237910003999,0.624789240067596,0.602808194469946,NTHL1/NME2/CTPS2,3
GO:0042255,ribosome assembly,3/193,13/2843,0.230769230769231,3.39936229573535,2.33960231632837,0.0531237910003999,0.624789240067596,0.602808194469946,NPM1/NOA1/RPL38,3
GO:1902017,regulation of cilium assembly,3/193,13/2843,0.230769230769231,3.39936229573535,2.33960231632837,0.0531237910003999,0.624789240067596,0.602808194469946,TBC1D7/GDI2/ATG5,3
GO:0046907,intracellular transport,24/193,253/2843,0.0948616600790514,1.39736631919556,1.78677219841385,0.0535410903298777,0.625761493230445,0.603746242272437,YWHAE/YIF1A/VDAC1/NPM1/PHB2/NUP37/VDAC2/LYPLA1/THOC7/MTCH2/TUBB/XPO5/DIAPH3/SFXN4/LRPPRC/CDK5/ECT2/ATG5/MTX2/ZFAND1/VPS35/AP1S1/KCMF1/RAB2A,24
GO:0046434,organophosphate catabolic process,7/193,51/2843,0.137254901960784,2.02184293406482,1.98691496864104,0.0540869283293024,0.628214633390034,0.606113077191398,NTHL1/LDHA/ENO1/MTCH2/GALK1/PGK1/FOXK2,7
GO:0009566,fertilization,5/193,31/2843,0.161290322580645,2.37589837873976,2.07839123386306,0.0549018795657092,0.633743918443681,0.611447833499842,VDAC2/CCT8/CCT4/CCT3/INTS13,5
GO:0006352,DNA-templated transcription initiation,6/193,41/2843,0.146341463414634,2.15569316314925,2.01125974470248,0.0556194083802248,0.634558098174957,0.612233369136997,POLR2I/NME2/GTF2F2/PRMT3/MNAT1/INTS13,6
GO:0006401,RNA catabolic process,8/193,62/2843,0.129032258064516,1.90071870299181,1.93487220280733,0.0557783018117778,0.634558098174957,0.612233369136997,PAIP1/EIF3E/NPM1/LSM2/LRPPRC/EXOSC7/TBRG4/INTS13,8
GO:0070647,protein modification by small protein conjugation or removal,18/193,179/2843,0.100558659217877,1.48128636350479,1.79486056754606,0.0559904204272021,0.634558098174957,0.612233369136997,YWHAE/PSMD14/TBC1D7/DCAF13/NPM1/COPS5/PRMT3/NSMCE2/KLHL7/ASB13/DDB1/CDK5/DCUN1D5/ATG5/KCMF1/UCHL3/COP1/CUL2,18
GO:1903320,regulation of protein modification by small protein conjugation or removal,7/193,52/2843,0.134615384615385,1.98296133917896,1.93030504104698,0.0590632262735497,0.66466383789619,0.641279942670459,TBC1D7/NPM1/COPS5/PRMT3/CDK5/DCUN1D5/ATG5,7
GO:0051247,positive regulation of protein metabolic process,17/193,168/2843,0.101190476190476,1.49059338761411,1.76881410332925,0.0593576796409967,0.66466383789619,0.641279942670459,METTL5/TBC1D7/PAIP1/EIF3E/NPM1/DVL1/EIF5A/ENO1/EIF3C/DDB1/HDAC2/ECT2/DCUN1D5/VPS35/TOM1L1/COP1/RPUSD3,17
GO:0046394,carboxylic acid biosynthetic process,8/193,63/2843,0.126984126984127,1.87054856484908,1.88542228072716,0.0603332194745094,0.671566192960313,0.647939462276373,PTGES2/PYCR1/PRMT3/BCAT2/ELOVL1/ENOPH1/PCBD1/ASL,8
GO:0016052,carbohydrate catabolic process,6/193,42/2843,0.142857142857143,2.10436713545522,1.94558101262476,0.0613825580634272,0.677956266033169,0.654104722758712,LDHA/ENO1/MTCH2/GALK1/PGK1/FOXK2,6
GO:0006367,transcription initiation at RNA polymerase II promoter,5/193,32/2843,0.15625,2.30165155440415,1.99805326665959,0.0616323878211972,0.677956266033169,0.654104722758712,POLR2I/GTF2F2/PRMT3/MNAT1/INTS13,5
GO:0051091,positive regulation of DNA-binding transcription factor activity,3/193,14/2843,0.214285714285714,3.15655070318283,2.18260412593366,0.0643365540048742,0.70356348531646,0.678811040716247,NPM1/COPS5/PHB2,3
GO:0016053,organic acid biosynthetic process,8/193,64/2843,0.125,1.84132124352332,1.83685689583865,0.0651164974427242,0.707952617545897,0.683045756528943,PTGES2/PYCR1/PRMT3/BCAT2/ELOVL1/ENOPH1/PCBD1/ASL,8
GO:0007043,cell-cell junction assembly,4/193,23/2843,0.173913043478261,2.56183825185853,2.02928559891462,0.0659746395584311,0.709037792955552,0.684092753800066,RHOC/ACTG1/ECT2/PARD3,4
GO:0072655,establishment of protein localization to mitochondrion,4/193,23/2843,0.173913043478261,2.56183825185853,2.02928559891462,0.0659746395584311,0.709037792955552,0.684092753800066,HSPD1/MIPEP/MTCH2/MTX2,4
GO:0051726,regulation of cell cycle,20/193,208/2843,0.0961538461538462,1.4164009565564,1.68314228415262,0.0666682877142562,0.712398274432337,0.687335008374346,YWHAE/MRGBP/NPM1/COPS5/GIPC1/NSMCE2/CDK8/BUB1/WDR12/PSMG2/MNAT1/TTLL12/DDB1/CDK5/ECT2/TBRG4/TOM1L1/INTS13/MEAF6/TIPRL,20
GO:0006397,mRNA processing,10/193,87/2843,0.114942528735632,1.69316895956167,1.77184970489284,0.0674228917539526,0.716368224885747,0.691165289870065,STRAP/NPM1/THOC7/DDX1/SRSF9/CLNS1A/LSM2/DAZAP1/TBRG4/RPUSD3,10
GO:0090150,establishment of protein localization to membrane,7/193,54/2843,0.12962962962963,1.90951832661677,1.82075634282531,0.0698397624721414,0.728351411687552,0.702726889745266,TMEM147/LYPLA1/MTCH2/CDK5/PARD3/MTX2/VPS35,7
GO:1901873,regulation of post-translational protein modification,7/193,54/2843,0.12962962962963,1.90951832661677,1.82075634282531,0.0698397624721414,0.728351411687552,0.702726889745266,TBC1D7/NPM1/COPS5/PRMT3/CDK5/DCUN1D5/ATG5,7
GO:0006914,autophagy,12/193,111/2843,0.108108108108108,1.5924940484526,1.71819673121489,0.0701086920340959,0.728351411687552,0.702726889745266,VDAC1/PHB2/LYPLA1/DIAPH3/LRPPRC/CDK5/CAPN1/ATG5/VPS35/KCMF1/FOXK2/RAB2A,12
GO:0061919,process utilizing autophagic mechanism,12/193,111/2843,0.108108108108108,1.5924940484526,1.71819673121489,0.0701086920340959,0.728351411687552,0.702726889745266,VDAC1/PHB2/LYPLA1/DIAPH3/LRPPRC/CDK5/CAPN1/ATG5/VPS35/KCMF1/FOXK2/RAB2A,12
GO:0009056,catabolic process,42/193,500/2843,0.084,1.23736787564767,1.57756969619218,0.0720227250530264,0.740553662095368,0.714499846232176,NTHL1/YWHAE/PSMD14/LDHA/DCAF13/VDAC1/PAIP1/EIF3E/NPM1/DVL1/PHB2/GIPC1/ENO1/BCAT2/LYPLA1/EIF3H/MTCH2/KLHL7/GCAT/DIAPH3/GALK1/LSM2/GCSH/MAPKAP1/DDB1/LRPPRC/CDK5/CAPN1/PGK1/ATG5/PCCB/VPS35/EXOSC7/TBRG4/KCMF1/FOXK2/RAB2A/TOM1L1/INTS13/UCHL3/COP1/CUL2,42
GO:0006508,proteolysis,25/193,274/2843,0.0912408759124088,1.34403010476154,1.61643196965572,0.0720752762039342,0.740553662095368,0.714499846232176,YWHAE/PSMD14/DCAF13/APEH/DVL1/COPS5/GIPC1/ENO1/AMZ2/EIF3H/MIPEP/KLHL7/MAPKAP1/PREP/DDB1/HDAC2/CDK5/CAPN1/PGK1/UQCRC2/KCMF1/TOM1L1/UCHL3/COP1/CUL2,25
GO:0007338,single fertilization,4/193,24/2843,0.166666666666667,2.45509499136442,1.93159993923963,0.0751410723102323,0.763661984892035,0.736795182721615,VDAC2/CCT8/CCT4/CCT3,4
GO:0015748,organophosphate ester transport,4/193,24/2843,0.166666666666667,2.45509499136442,1.93159993923963,0.0751410723102323,0.763661984892035,0.736795182721615,VDAC2/SLC35B2/LRRC8E/SLC37A4,4
GO:0006284,base-excision repair,3/193,15/2843,0.2,2.94611398963731,2.03911611043069,0.0765395333251084,0.765395333251084,0.738467549221704,HMGA1/NTHL1/DDB1,3
GO:0031397,negative regulation of protein ubiquitination,3/193,15/2843,0.2,2.94611398963731,2.03911611043069,0.0765395333251084,0.765395333251084,0.738467549221704,PRMT3/CDK5/ATG5,3
GO:0051205,protein insertion into membrane,3/193,15/2843,0.2,2.94611398963731,2.03911611043069,0.0765395333251084,0.765395333251084,0.738467549221704,TMEM147/MTCH2/MTX2,3
GO:0016567,protein ubiquitination,14/193,137/2843,0.102189781021898,1.50531371733293,1.63578126427026,0.0774633060787564,0.770512672166353,0.743404852289969,YWHAE/TBC1D7/DCAF13/NPM1/PRMT3/KLHL7/ASB13/DDB1/CDK5/ATG5/KCMF1/UCHL3/COP1/CUL2,14
GO:0043933,protein-containing complex organization,31/193,356/2843,0.0870786516853933,1.28271816964546,1.53889355634127,0.0799947373780768,0.791482322206368,0.763636757816895,HMGA1/EIF3M/STRAP/TBCB/TBCA/APEH/EIF3E/NPM1/EIF5A/HSPD1/NDUFAF2/RHOC/EIF3H/DDX1/SRSF9/CLNS1A/DIAPH3/LSM2/FARSB/EIF3C/PSMG2/ECT2/PARD3/DARS1/ATG5/ZFAND1/DNAAF2/NDUFS1/VPS35/RPL38/COA1,31
GO:0032984,protein-containing complex disassembly,6/193,45/2843,0.133333333333333,1.96407599309154,1.75898211868982,0.0807226143926969,0.794480467970228,0.766529424205444,HMGA1/APEH/EIF5A/DIAPH3/ATG5/ZFAND1,6
GO:0043161,proteasome-mediated ubiquitin-dependent protein catabolic process,11/193,102/2843,0.107843137254902,1.58859087676521,1.63352899901596,0.0819929174657652,0.802444197346,0.774212977343678,YWHAE/PSMD14/DCAF13/DVL1/GIPC1/EIF3H/KLHL7/DDB1/KCMF1/COP1/CUL2,11
GO:0051649,establishment of localization in cell,31/193,357/2843,0.0868347338935574,1.27912512155121,1.52177423011094,0.0823899924547765,0.802444197346,0.774212977343678,YWHAE/YIF1A/VDAC1/YWHAZ/NPM1/DVL1/COPS5/PHB2/NUP37/VDAC2/NDUFAF2/LYPLA1/THOC7/MTCH2/TUBB/XPO5/DIAPH3/SFXN4/ACTG1/LRPPRC/CDK5/ECT2/PARD3/ATG5/MTX2/ZFAND1/DNAAF2/VPS35/AP1S1/KCMF1/RAB2A,31
GO:0044282,small molecule catabolic process,9/193,79/2843,0.113924050632911,1.67816619662884,1.64948518439705,0.0840414739835323,0.811978290382844,0.783411646336164,LDHA/ENO1/BCAT2/GCAT/GALK1/GCSH/PGK1/PCCB/FOXK2,9
GO:0032204,regulation of telomere maintenance,4/193,25/2843,0.16,2.35689119170984,1.83870597575891,0.0849146366490506,0.811978290382844,0.783411646336164,NSMCE2/CCT8/CCT4/CCT3,4
GO:2000278,regulation of DNA biosynthetic process,4/193,25/2843,0.16,2.35689119170984,1.83870597575891,0.0849146366490506,0.811978290382844,0.783411646336164,CCT8/CCT4/CCT3/MEAF6,4
GO:0006511,ubiquitin-dependent protein catabolic process,14/193,139/2843,0.100719424460432,1.48365452715548,1.57763694531153,0.0851057459438703,0.811978290382844,0.783411646336164,YWHAE/PSMD14/DCAF13/DVL1/GIPC1/EIF3H/KLHL7/MAPKAP1/DDB1/KCMF1/TOM1L1/UCHL3/COP1/CUL2,14
GO:0141188,nucleic acid catabolic process,8/193,68/2843,0.117647058823529,1.73300822919842,1.65081941264901,0.0865559335385082,0.821622313284316,0.792716377691708,PAIP1/EIF3E/NPM1/LSM2/LRPPRC/EXOSC7/TBRG4/INTS13,8
GO:0006278,RNA-templated DNA biosynthetic process,3/193,16/2843,0.1875,2.76198186528497,1.90706842493467,0.0896739009592523,0.82606007287587,0.796998010081195,CCT8/CCT4/CCT3,3
GO:0007004,telomere maintenance via telomerase,3/193,16/2843,0.1875,2.76198186528497,1.90706842493467,0.0896739009592523,0.82606007287587,0.796998010081195,CCT8/CCT4/CCT3,3
GO:0032206,positive regulation of telomere maintenance,3/193,16/2843,0.1875,2.76198186528497,1.90706842493467,0.0896739009592523,0.82606007287587,0.796998010081195,CCT8/CCT4/CCT3,3
GO:1901264,carbohydrate derivative transport,3/193,16/2843,0.1875,2.76198186528497,1.90706842493467,0.0896739009592523,0.82606007287587,0.796998010081195,SLC35B2/LRRC8E/SLC37A4,3
GO:2000573,positive regulation of DNA biosynthetic process,3/193,16/2843,0.1875,2.76198186528497,1.90706842493467,0.0896739009592523,0.82606007287587,0.796998010081195,CCT8/CCT4/CCT3,3
GO:2000736,regulation of stem cell differentiation,3/193,16/2843,0.1875,2.76198186528497,1.90706842493467,0.0896739009592523,0.82606007287587,0.796998010081195,MTCH2/HDAC2/PWP1,3
GO:2001242,regulation of intrinsic apoptotic signaling pathway,5/193,36/2843,0.138888888888889,2.04591249280368,1.70409243630482,0.0929802080042951,0.85031060382658,0.820395370086552,TRAP1/EIF5A/PYCR1/ENO1/MTCH2,5
GO:0019941,modification-dependent protein catabolic process,14/193,141/2843,0.099290780141844,1.46260978208944,1.52037055556509,0.09321586833393,0.85031060382658,0.820395370086552,YWHAE/PSMD14/DCAF13/DVL1/GIPC1/EIF3H/KLHL7/MAPKAP1/DDB1/KCMF1/TOM1L1/UCHL3/COP1/CUL2,14
GO:0000377,"RNA splicing, via transesterification reactions with bulged adenosine as nucleophile",7/193,58/2843,0.120689655172414,1.77782740753975,1.61492513208937,0.0947000098143316,0.855502504119808,0.825404611348917,STRAP/NPM1/DDX1/SRSF9/CLNS1A/LSM2/DAZAP1,7
GO:0000398,"mRNA splicing, via spliceosome",7/193,58/2843,0.120689655172414,1.77782740753975,1.61492513208937,0.0947000098143316,0.855502504119808,0.825404611348917,STRAP/NPM1/DDX1/SRSF9/CLNS1A/LSM2/DAZAP1,7
GO:0006820,monoatomic anion transport,4/193,26/2843,0.153846153846154,2.26624153049024,1.75015921232136,0.0952760715185393,0.85656852759456,0.826433130479638,VDAC1/VDAC2/CLNS1A/LRRC8E,4
GO:0043632,modification-dependent macromolecule catabolic process,14/193,142/2843,0.0985915492957746,1.45230971320149,1.49205746073455,0.0974471975096036,0.871895977717506,0.841221337353113,YWHAE/PSMD14/DCAF13/DVL1/GIPC1/EIF3H/KLHL7/MAPKAP1/DDB1/KCMF1/TOM1L1/UCHL3/COP1/CUL2,14
GO:1903829,positive regulation of protein localization,9/193,82/2843,0.109756097560976,1.61676987236194,1.52920119449466,0.100708354564623,0.896783919218313,0.865233682825887,YWHAE/NPM1/DVL1/CCT8/CCT4/CCT3/ECT2/ZFAND1/VPS35,9
GO:0000375,"RNA splicing, via transesterification reactions",7/193,59/2843,0.11864406779661,1.74769473961535,1.56597011556395,0.101597608556375,0.89756321868047,0.865985565335393,STRAP/NPM1/DDX1/SRSF9/CLNS1A/LSM2/DAZAP1,7
GO:0043687,post-translational protein modification,18/193,194/2843,0.0927835051546392,1.36675391271834,1.42791513202442,0.103469967173082,0.89756321868047,0.865985565335393,YWHAE/PSMD14/TBC1D7/DCAF13/NPM1/COPS5/PRMT3/NSMCE2/KLHL7/ASB13/DDB1/CDK5/DCUN1D5/ATG5/KCMF1/UCHL3/COP1/CUL2,18
GO:0007062,sister chromatid cohesion,3/193,17/2843,0.176470588235294,2.59951234379762,1.78481715776349,0.103675751462557,0.89756321868047,0.865985565335393,PHB2/NSMCE2/BUB1,3
GO:0009408,response to heat,3/193,17/2843,0.176470588235294,2.59951234379762,1.78481715776349,0.103675751462557,0.89756321868047,0.865985565335393,YWHAE/HDAC2/EIF2B3,3
GO:0010833,telomere maintenance via telomere lengthening,3/193,17/2843,0.176470588235294,2.59951234379762,1.78481715776349,0.103675751462557,0.89756321868047,0.865985565335393,CCT8/CCT4/CCT3,3
GO:0034766,negative regulation of monoatomic ion transmembrane transport,3/193,17/2843,0.176470588235294,2.59951234379762,1.78481715776349,0.103675751462557,0.89756321868047,0.865985565335393,YWHAE/VDAC1/YWHAQ,3
GO:0050657,nucleic acid transport,4/193,27/2843,0.148148148148148,2.1823066589906,1.66557213621216,0.106203146602462,0.905003578174308,0.873164161548418,NUP37/THOC7/XPO5/LRPPRC,4
GO:0050658,RNA transport,4/193,27/2843,0.148148148148148,2.1823066589906,1.66557213621216,0.106203146602462,0.905003578174308,0.873164161548418,NUP37/THOC7/XPO5/LRPPRC,4
GO:0051236,establishment of RNA localization,4/193,27/2843,0.148148148148148,2.1823066589906,1.66557213621216,0.106203146602462,0.905003578174308,0.873164161548418,NUP37/THOC7/XPO5/LRPPRC,4
GO:0051604,protein maturation,11/193,107/2843,0.102803738317757,1.51435765822478,1.46341265743791,0.106471009196977,0.905003578174308,0.873164161548418,TRAP1/TBCB/TBCA/ENO1/HSPD1/MIPEP/CCT8/CCT4/CCT3/PREP/PGK1,11
GO:0031396,regulation of protein ubiquitination,5/193,38/2843,0.131578947368421,1.93823288791928,1.57109979540418,0.111213863656282,0.941040384783926,0.907933137922685,TBC1D7/NPM1/PRMT3/CDK5/ATG5,5
GO:0043066,negative regulation of apoptotic process,16/193,171/2843,0.0935672514619883,1.37829894252038,1.37683757559455,0.113930880445294,0.954970417825959,0.921373090995605,TRAP1/VDAC1/NME2/YWHAZ/NPM1/COPS5/PHB2/PYCR1/ENO1/HSPD1/PSMG2/MNAT1/MAPKAP1/DDB1/HDAC2/ATG5,16
GO:0009894,regulation of catabolic process,18/193,197/2843,0.0913705583756345,1.34594040135714,1.35802333473047,0.115338076071492,0.954970417825959,0.921373090995605,PSMD14/VDAC1/PAIP1/NPM1/DVL1/GIPC1/LYPLA1/EIF3H/MTCH2/DDB1/LRPPRC/CDK5/CAPN1/ATG5/VPS35/TBRG4/FOXK2/COP1,18
GO:1901136,carbohydrate derivative catabolic process,7/193,61/2843,0.114754098360656,1.69039327274272,1.47078997128273,0.116192577835287,0.954970417825959,0.921373090995605,NTHL1/LDHA/ENO1/MTCH2/GALK1/PGK1/FOXK2,7
GO:0009451,RNA modification,4/193,28/2843,0.142857142857143,2.10436713545522,1.58460508236869,0.117671045937032,0.954970417825959,0.921373090995605,METTL5/ELP2/ELP4/RPUSD3,4
GO:0006888,endoplasmic reticulum to Golgi vesicle-mediated transport,3/193,18/2843,0.166666666666667,2.45509499136442,1.67103723278277,0.118477613334557,0.954970417825959,0.921373090995605,YWHAE/YIF1A/RAB2A,3
GO:0045839,negative regulation of mitotic nuclear division,3/193,18/2843,0.166666666666667,2.45509499136442,1.67103723278277,0.118477613334557,0.954970417825959,0.921373090995605,BUB1/PSMG2/TOM1L1,3
GO:0046822,regulation of nucleocytoplasmic transport,3/193,18/2843,0.166666666666667,2.45509499136442,1.67103723278277,0.118477613334557,0.954970417825959,0.921373090995605,YWHAE/CDK5/ECT2,3
GO:0051881,regulation of mitochondrial membrane potential,3/193,18/2843,0.166666666666667,2.45509499136442,1.67103723278277,0.118477613334557,0.954970417825959,0.921373090995605,PYCR1/PPA2/MTCH2,3
GO:0060996,dendritic spine development,3/193,18/2843,0.166666666666667,2.45509499136442,1.67103723278277,0.118477613334557,0.954970417825959,0.921373090995605,DVL1/HDAC2/CDK5,3
GO:0090316,positive regulation of intracellular protein transport,3/193,18/2843,0.166666666666667,2.45509499136442,1.67103723278277,0.118477613334557,0.954970417825959,0.921373090995605,YWHAE/ECT2/ZFAND1,3
GO:1903321,negative regulation of protein modification by small protein conjugation or removal,3/193,18/2843,0.166666666666667,2.45509499136442,1.67103723278277,0.118477613334557,0.954970417825959,0.921373090995605,PRMT3/CDK5/ATG5,3
GO:0009895,negative regulation of catabolic process,8/193,74/2843,0.108108108108108,1.5924940484526,1.39349729039557,0.125586990624931,0.999979449332792,0.96479863560732,PAIP1/GIPC1/LYPLA1/EIF3H/MTCH2/LRPPRC/VPS35/FOXK2,8
GO:0007049,cell cycle,28/193,333/2843,0.0840840840840841,1.2386064821298,1.25036050768501,0.129445159383309,0.999979449332792,0.96479863560732,YWHAE/DCAF13/MRGBP/NPM1/COPS5/PHB2/NUP37/GIPC1/TESMIN/NSMCE2/RHOC/TUBB/CDK8/BUB1/DIAPH3/WDR12/PSMG2/MNAT1/TTLL12/DDB1/CDK5/ECT2/TBRG4/TOM1L1/INTS13/MEAF6/CUL2/TIPRL,28
GO:0033157,regulation of intracellular protein transport,4/193,29/2843,0.137931034482759,2.031802751474,1.50695883279017,0.129652739752623,0.999979449332792,0.96479863560732,YWHAE/CDK5/ECT2/ZFAND1,4
GO:0048709,oligodendrocyte differentiation,3/193,19/2843,0.157894736842105,2.32587946550314,1.5646465727385,0.134009744055553,0.999979449332792,0.96479863560732,HDAC2/CDK5/EIF2B3,3
GO:0051784,negative regulation of nuclear division,3/193,19/2843,0.157894736842105,2.32587946550314,1.5646465727385,0.134009744055553,0.999979449332792,0.96479863560732,BUB1/PSMG2/TOM1L1,3
GO:0072527,pyrimidine-containing compound metabolic process,3/193,19/2843,0.157894736842105,2.32587946550314,1.5646465727385,0.134009744055553,0.999979449332792,0.96479863560732,NTHL1/NME2/CTPS2,3
GO:0097061,dendritic spine organization,3/193,19/2843,0.157894736842105,2.32587946550314,1.5646465727385,0.134009744055553,0.999979449332792,0.96479863560732,DVL1/CDK5/VPS35,3
GO:0043069,negative regulation of programmed cell death,16/193,177/2843,0.0903954802259887,1.33157694446884,1.22916062647365,0.141855943388187,0.999979449332792,0.96479863560732,TRAP1/VDAC1/NME2/YWHAZ/NPM1/COPS5/PHB2/PYCR1/ENO1/HSPD1/PSMG2/MNAT1/MAPKAP1/DDB1/HDAC2/ATG5,16
GO:0009266,response to temperature stimulus,4/193,30/2843,0.133333333333333,1.96407599309154,1.43236857386699,0.142119341383368,0.999979449332792,0.96479863560732,YWHAE/HSPD1/HDAC2/EIF2B3,4
GO:1902414,protein localization to cell junction,4/193,30/2843,0.133333333333333,1.96407599309154,1.43236857386699,0.142119341383368,0.999979449332792,0.96479863560732,DVL1/ACTG1/CDK5/VPS35,4
GO:0000212,meiotic spindle organization,2/193,10/2843,0.2,2.94611398963731,1.6634614535342,0.144083976371249,0.999979449332792,0.96479863560732,DCAF13/DDB1,2
GO:0006400,tRNA modification,2/193,10/2843,0.2,2.94611398963731,1.6634614535342,0.144083976371249,0.999979449332792,0.96479863560732,ELP2/ELP4,2
GO:0006405,RNA export from nucleus,2/193,10/2843,0.2,2.94611398963731,1.6634614535342,0.144083976371249,0.999979449332792,0.96479863560732,THOC7/XPO5,2
GO:0007064,mitotic sister chromatid cohesion,2/193,10/2843,0.2,2.94611398963731,1.6634614535342,0.144083976371249,0.999979449332792,0.96479863560732,NSMCE2/BUB1,2
GO:0034142,toll-like receptor 4 signaling pathway,2/193,10/2843,0.2,2.94611398963731,1.6634614535342,0.144083976371249,0.999979449332792,0.96479863560732,YWHAE/S100A14,2
GO:0042220,response to cocaine,2/193,10/2843,0.2,2.94611398963731,1.6634614535342,0.144083976371249,0.999979449332792,0.96479863560732,HDAC2/CDK5,2
GO:0046824,positive regulation of nucleocytoplasmic transport,2/193,10/2843,0.2,2.94611398963731,1.6634614535342,0.144083976371249,0.999979449332792,0.96479863560732,YWHAE/ECT2,2
GO:0051926,negative regulation of calcium ion transport,2/193,10/2843,0.2,2.94611398963731,1.6634614535342,0.144083976371249,0.999979449332792,0.96479863560732,YWHAE/VDAC1,2
GO:1902108,regulation of mitochondrial membrane permeability involved in apoptotic process,2/193,10/2843,0.2,2.94611398963731,1.6634614535342,0.144083976371249,0.999979449332792,0.96479863560732,VDAC2/MTCH2,2
GO:1902176,negative regulation of oxidative stress-induced intrinsic apoptotic signaling pathway,2/193,10/2843,0.2,2.94611398963731,1.6634614535342,0.144083976371249,0.999979449332792,0.96479863560732,TRAP1/PYCR1,2
GO:1902459,positive regulation of stem cell population maintenance,2/193,10/2843,0.2,2.94611398963731,1.6634614535342,0.144083976371249,0.999979449332792,0.96479863560732,SINHCAF/HDAC2,2
GO:0000423,mitophagy,3/193,20/2843,0.15,2.20958549222798,1.46475126702451,0.150201233266995,0.999979449332792,0.96479863560732,VDAC1/PHB2/ATG5,3
GO:0000956,nuclear-transcribed mRNA catabolic process,3/193,20/2843,0.15,2.20958549222798,1.46475126702451,0.150201233266995,0.999979449332792,0.96479863560732,PAIP1/EIF3E/EXOSC7,3
GO:0010965,regulation of mitotic sister chromatid separation,3/193,20/2843,0.15,2.20958549222798,1.46475126702451,0.150201233266995,0.999979449332792,0.96479863560732,NSMCE2/BUB1/PSMG2,3
GO:0051028,mRNA transport,3/193,20/2843,0.15,2.20958549222798,1.46475126702451,0.150201233266995,0.999979449332792,0.96479863560732,NUP37/THOC7/LRPPRC,3
GO:0106027,neuron projection organization,3/193,20/2843,0.15,2.20958549222798,1.46475126702451,0.150201233266995,0.999979449332792,0.96479863560732,DVL1/CDK5/VPS35,3
GO:1901874,negative regulation of post-translational protein modification,3/193,20/2843,0.15,2.20958549222798,1.46475126702451,0.150201233266995,0.999979449332792,0.96479863560732,PRMT3/CDK5/ATG5,3
GO:2001243,negative regulation of intrinsic apoptotic signaling pathway,3/193,20/2843,0.15,2.20958549222798,1.46475126702451,0.150201233266995,0.999979449332792,0.96479863560732,TRAP1/PYCR1/ENO1,3
GO:0008361,regulation of cell size,4/193,31/2843,0.129032258064516,1.90071870299181,1.3605989260554,0.155040446837836,0.999979449332792,0.96479863560732,NPM1/CLNS1A/LRRC8E/CDK5,4
GO:0048284,organelle fusion,4/193,31/2843,0.129032258064516,1.90071870299181,1.3605989260554,0.155040446837836,0.999979449332792,0.96479863560732,CHCHD3/MTCH2/DIAPH3/RAB2A,4
GO:0099175,regulation of postsynapse organization,4/193,31/2843,0.129032258064516,1.90071870299181,1.3605989260554,0.155040446837836,0.999979449332792,0.96479863560732,RAC3/DVL1/CDK5/VPS35,4
GO:0045184,establishment of protein localization,26/193,314/2843,0.0828025477707006,1.21972872182436,1.11389689436508,0.159512781800315,0.999979449332792,0.96479863560732,YWHAE/YIF1A/TMEM147/YWHAZ/NPM1/PHB2/NUP37/GIPC1/HSPD1/YWHAQ/NDUFAF2/LYPLA1/MIPEP/MTCH2/GDI2/XPO5/CDK5/ECT2/PARD3/MTX2/ZFAND1/VPS35/AP1S1/KCMF1/RAB2A/TOM1L1,26
GO:0032880,regulation of protein localization,14/193,155/2843,0.0903225806451613,1.33050309209427,1.14181172458088,0.163044899550596,0.999979449332792,0.96479863560732,YWHAE/YWHAZ/NPM1/DVL1/NDUFAF2/LYPLA1/CCT8/GDI2/CCT4/CCT3/CDK5/ECT2/ZFAND1/VPS35,14
GO:0050803,regulation of synapse structure or activity,6/193,55/2843,0.109090909090909,1.60697126707489,1.22650930457305,0.166262167560705,0.999979449332792,0.96479863560732,RAC3/YWHAZ/DVL1/TUBB/CDK5/VPS35,6
GO:0050807,regulation of synapse organization,6/193,55/2843,0.109090909090909,1.60697126707489,1.22650930457305,0.166262167560705,0.999979449332792,0.96479863560732,RAC3/YWHAZ/DVL1/TUBB/CDK5/VPS35,6
GO:0035418,protein localization to synapse,3/193,21/2843,0.142857142857143,2.10436713545522,1.37060518715528,0.166980936141686,0.999979449332792,0.96479863560732,DVL1/CDK5/VPS35,3
GO:0043271,negative regulation of monoatomic ion transport,3/193,21/2843,0.142857142857143,2.10436713545522,1.37060518715528,0.166980936141686,0.999979449332792,0.96479863560732,YWHAE/VDAC1/YWHAQ,3
GO:0044272,sulfur compound biosynthetic process,3/193,21/2843,0.142857142857143,2.10436713545522,1.37060518715528,0.166980936141686,0.999979449332792,0.96479863560732,ELOVL1/ENOPH1/PGK1,3
GO:0051306,mitotic sister chromatid separation,3/193,21/2843,0.142857142857143,2.10436713545522,1.37060518715528,0.166980936141686,0.999979449332792,0.96479863560732,NSMCE2/BUB1/PSMG2,3
GO:0032259,methylation,4/193,32/2843,0.125,1.84132124352332,1.29143982753617,0.168384455268785,0.999979449332792,0.96479863560732,METTL5/PRMT3/PCMT1/DPH5,4
GO:0032434,regulation of proteasomal ubiquitin-dependent protein catabolic process,4/193,32/2843,0.125,1.84132124352332,1.29143982753617,0.168384455268785,0.999979449332792,0.96479863560732,DVL1/GIPC1/EIF3H/COP1,4
GO:0061013,regulation of mRNA catabolic process,4/193,32/2843,0.125,1.84132124352332,1.29143982753617,0.168384455268785,0.999979449332792,0.96479863560732,PAIP1/NPM1/LRPPRC/TBRG4,4
GO:0006636,unsaturated fatty acid biosynthetic process,2/193,11/2843,0.181818181818182,2.67828544512482,1.50481565478836,0.16857640768506,0.999979449332792,0.96479863560732,PTGES2/ELOVL1,2
GO:0009309,amine biosynthetic process,2/193,11/2843,0.181818181818182,2.67828544512482,1.50481565478836,0.16857640768506,0.999979449332792,0.96479863560732,SMS/VPS35,2
GO:0031122,cytoplasmic microtubule organization,2/193,11/2843,0.181818181818182,2.67828544512482,1.50481565478836,0.16857640768506,0.999979449332792,0.96479863560732,TBCB/DVL1,2
GO:0031638,zymogen activation,2/193,11/2843,0.181818181818182,2.67828544512482,1.50481565478836,0.16857640768506,0.999979449332792,0.96479863560732,ENO1/PGK1,2
GO:0032387,negative regulation of intracellular transport,2/193,11/2843,0.181818181818182,2.67828544512482,1.50481565478836,0.16857640768506,0.999979449332792,0.96479863560732,CDK5/VPS35,2
GO:0034605,cellular response to heat,2/193,11/2843,0.181818181818182,2.67828544512482,1.50481565478836,0.16857640768506,0.999979449332792,0.96479863560732,YWHAE/HDAC2,2
GO:0035384,thioester biosynthetic process,2/193,11/2843,0.181818181818182,2.67828544512482,1.50481565478836,0.16857640768506,0.999979449332792,0.96479863560732,ELOVL1/PGK1,2
GO:0042273,ribosomal large subunit biogenesis,2/193,11/2843,0.181818181818182,2.67828544512482,1.50481565478836,0.16857640768506,0.999979449332792,0.96479863560732,NPM1/WDR12,2
GO:0042401,biogenic amine biosynthetic process,2/193,11/2843,0.181818181818182,2.67828544512482,1.50481565478836,0.16857640768506,0.999979449332792,0.96479863560732,SMS/VPS35,2
GO:0043331,response to dsRNA,2/193,11/2843,0.181818181818182,2.67828544512482,1.50481565478836,0.16857640768506,0.999979449332792,0.96479863560732,NPM1/DDX1,2
GO:0045116,protein neddylation,2/193,11/2843,0.181818181818182,2.67828544512482,1.50481565478836,0.16857640768506,0.999979449332792,0.96479863560732,COPS5/DCUN1D5,2
GO:0060997,dendritic spine morphogenesis,2/193,11/2843,0.181818181818182,2.67828544512482,1.50481565478836,0.16857640768506,0.999979449332792,0.96479863560732,DVL1/CDK5,2
GO:0071616,acyl-CoA biosynthetic process,2/193,11/2843,0.181818181818182,2.67828544512482,1.50481565478836,0.16857640768506,0.999979449332792,0.96479863560732,ELOVL1/PGK1,2
GO:0071867,response to monoamine,2/193,11/2843,0.181818181818182,2.67828544512482,1.50481565478836,0.16857640768506,0.999979449332792,0.96479863560732,HDAC2/VPS35,2
GO:0071868,cellular response to monoamine stimulus,2/193,11/2843,0.181818181818182,2.67828544512482,1.50481565478836,0.16857640768506,0.999979449332792,0.96479863560732,HDAC2/VPS35,2
GO:0071869,response to catecholamine,2/193,11/2843,0.181818181818182,2.67828544512482,1.50481565478836,0.16857640768506,0.999979449332792,0.96479863560732,HDAC2/VPS35,2
GO:0071870,cellular response to catecholamine stimulus,2/193,11/2843,0.181818181818182,2.67828544512482,1.50481565478836,0.16857640768506,0.999979449332792,0.96479863560732,HDAC2/VPS35,2
GO:0072528,pyrimidine-containing compound biosynthetic process,2/193,11/2843,0.181818181818182,2.67828544512482,1.50481565478836,0.16857640768506,0.999979449332792,0.96479863560732,NME2/CTPS2,2
GO:0150052,regulation of postsynapse assembly,2/193,11/2843,0.181818181818182,2.67828544512482,1.50481565478836,0.16857640768506,0.999979449332792,0.96479863560732,RAC3/VPS35,2
GO:1902116,negative regulation of organelle assembly,2/193,11/2843,0.181818181818182,2.67828544512482,1.50481565478836,0.16857640768506,0.999979449332792,0.96479863560732,TBC1D7/GDI2,2
GO:1902175,regulation of oxidative stress-induced intrinsic apoptotic signaling pathway,2/193,11/2843,0.181818181818182,2.67828544512482,1.50481565478836,0.16857640768506,0.999979449332792,0.96479863560732,TRAP1/PYCR1,2
GO:1903350,response to dopamine,2/193,11/2843,0.181818181818182,2.67828544512482,1.50481565478836,0.16857640768506,0.999979449332792,0.96479863560732,HDAC2/VPS35,2
GO:1903351,cellular response to dopamine,2/193,11/2843,0.181818181818182,2.67828544512482,1.50481565478836,0.16857640768506,0.999979449332792,0.96479863560732,HDAC2/VPS35,2
GO:0072594,establishment of protein localization to organelle,9/193,92/2843,0.0978260869565217,1.44103401667042,1.16034854074876,0.16874060148072,0.999979449332792,0.96479863560732,NPM1/PHB2/HSPD1/LYPLA1/MIPEP/MTCH2/ECT2/MTX2/KCMF1,9
GO:0061136,regulation of proteasomal protein catabolic process,5/193,44/2843,0.113636363636364,1.67392840320301,1.21564398000948,0.174992622337295,0.999979449332792,0.96479863560732,PSMD14/DVL1/GIPC1/EIF3H/COP1,5
GO:0065003,protein-containing complex assembly,26/193,318/2843,0.0817610062893082,1.20438622217877,1.04352351365515,0.176200537894775,0.999979449332792,0.96479863560732,EIF3M/STRAP/TBCB/TBCA/EIF3E/NPM1/HSPD1/NDUFAF2/RHOC/EIF3H/DDX1/SRSF9/CLNS1A/DIAPH3/LSM2/FARSB/EIF3C/PSMG2/ECT2/PARD3/DARS1/DNAAF2/NDUFS1/VPS35/RPL38/COA1,26
GO:0034220,monoatomic ion transmembrane transport,16/193,184/2843,0.0869565217391304,1.28091912592926,1.06316043364502,0.178883110953705,0.999979449332792,0.96479863560732,ATP5F1C/YWHAE/VDAC1/PHB2/NDUFV2/YWHAQ/VDAC2/ATP5F1A/ATP5PO/ATP5F1B/SFXN4/SLC25A3/LRRC8E/ATG5/NDUFS1/MRS2,16
GO:0006886,intracellular protein transport,11/193,119/2843,0.092436974789916,1.36164932294161,1.08749016948539,0.180630055928536,0.999979449332792,0.96479863560732,YWHAE/NPM1/PHB2/LYPLA1/XPO5/CDK5/ECT2/ZFAND1/VPS35/AP1S1/KCMF1,11
GO:0045216,cell-cell junction organization,4/193,33/2843,0.121212121212121,1.78552363008322,1.22470310331034,0.182118869128011,0.999979449332792,0.96479863560732,RHOC/ACTG1/ECT2/PARD3,4
GO:0051224,negative regulation of protein transport,3/193,22/2843,0.136363636363636,2.00871408384362,1.28157974894376,0.184278256767034,0.999979449332792,0.96479863560732,NDUFAF2/LYPLA1/CDK5,3
GO:1903313,positive regulation of mRNA metabolic process,3/193,22/2843,0.136363636363636,2.00871408384362,1.28157974894376,0.184278256767034,0.999979449332792,0.96479863560732,PAIP1/CLNS1A/DAZAP1,3
GO:0010506,regulation of autophagy,7/193,69/2843,0.101449275362319,1.49440564691747,1.1218182315461,0.184471203204013,0.999979449332792,0.96479863560732,VDAC1/LYPLA1/CDK5/CAPN1/ATG5/VPS35/FOXK2,7
GO:0032386,regulation of intracellular transport,5/193,45/2843,0.111111111111111,1.63672999424295,1.16173069585032,0.18677637333037,0.999979449332792,0.96479863560732,YWHAE/CDK5/ECT2/ZFAND1/VPS35,5
GO:0099173,postsynapse organization,5/193,45/2843,0.111111111111111,1.63672999424295,1.16173069585032,0.18677637333037,0.999979449332792,0.96479863560732,RAC3/DVL1/ACTG1/CDK5/VPS35,5
GO:0033044,regulation of chromosome organization,6/193,57/2843,0.105263157894737,1.55058631033542,1.1330264153349,0.18679942432868,0.999979449332792,0.96479863560732,NSMCE2/CCT8/CCT4/CCT3/BUB1/PSMG2,6
GO:0062012,regulation of small molecule metabolic process,6/193,57/2843,0.105263157894737,1.55058631033542,1.1330264153349,0.18679942432868,0.999979449332792,0.96479863560732,ENO1/PRMT3/MTCH2/DDB1/PGK1/FOXK2,6
GO:0051051,negative regulation of transport,8/193,82/2843,0.0975609756097561,1.43712877543283,1.08380430934474,0.189525441675008,0.999979449332792,0.96479863560732,YWHAE/VDAC1/YWHAQ/NDUFAF2/LYPLA1/CDK5/ATG5/VPS35,8
GO:0009116,nucleoside metabolic process,2/193,12/2843,0.166666666666667,2.45509499136442,1.36294957479598,0.193701041233701,0.999979449332792,0.96479863560732,ADK/MACROD1,2
GO:0032435,negative regulation of proteasomal ubiquitin-dependent protein catabolic process,2/193,12/2843,0.166666666666667,2.45509499136442,1.36294957479598,0.193701041233701,0.999979449332792,0.96479863560732,GIPC1/EIF3H,2
GO:0043094,metabolic compound salvage,2/193,12/2843,0.166666666666667,2.45509499136442,1.36294957479598,0.193701041233701,0.999979449332792,0.96479863560732,ADK/ENOPH1,2
GO:0071548,response to dexamethasone,2/193,12/2843,0.166666666666667,2.45509499136442,1.36294957479598,0.193701041233701,0.999979449332792,0.96479863560732,ATP5F1A/CBX3,2
GO:0120033,negative regulation of plasma membrane bounded cell projection assembly,2/193,12/2843,0.166666666666667,2.45509499136442,1.36294957479598,0.193701041233701,0.999979449332792,0.96479863560732,TBC1D7/GDI2,2
GO:0140895,cell surface toll-like receptor signaling pathway,2/193,12/2843,0.166666666666667,2.45509499136442,1.36294957479598,0.193701041233701,0.999979449332792,0.96479863560732,YWHAE/S100A14,2
GO:2000036,regulation of stem cell population maintenance,2/193,12/2843,0.166666666666667,2.45509499136442,1.36294957479598,0.193701041233701,0.999979449332792,0.96479863560732,SINHCAF/HDAC2,2
GO:0007088,regulation of mitotic nuclear division,4/193,34/2843,0.117647058823529,1.73300822919842,1.16021958848992,0.196210573255249,0.999979449332792,0.96479863560732,NSMCE2/BUB1/PSMG2/TOM1L1,4
GO:0000422,autophagy of mitochondrion,3/193,23/2843,0.130434782608696,1.9213786888939,1.19714093459697,0.202023799348324,0.999979449332792,0.96479863560732,VDAC1/PHB2/ATG5,3
GO:0062014,negative regulation of small molecule metabolic process,3/193,23/2843,0.130434782608696,1.9213786888939,1.19714093459697,0.202023799348324,0.999979449332792,0.96479863560732,PRMT3/MTCH2/PGK1,3
GO:0090398,cellular senescence,3/193,23/2843,0.130434782608696,1.9213786888939,1.19714093459697,0.202023799348324,0.999979449332792,0.96479863560732,HMGA1/NPM1/NSMCE2,3
GO:1905818,regulation of chromosome separation,3/193,23/2843,0.130434782608696,1.9213786888939,1.19714093459697,0.202023799348324,0.999979449332792,0.96479863560732,NSMCE2/BUB1/PSMG2,3
GO:0006811,monoatomic ion transport,18/193,215/2843,0.0837209302325582,1.23325701891794,0.959862499629638,0.202980710653385,0.999979449332792,0.96479863560732,ATP5F1C/YWHAE/VDAC1/PHB2/NDUFV2/YWHAQ/VDAC2/ATP5F1A/ATP5PO/ATP5F1B/CLNS1A/SFXN4/SLC25A3/LRRC8E/CDK5/ATG5/NDUFS1/MRS2,18
GO:0006793,phosphorus metabolic process,31/193,394/2843,0.0786802030456853,1.15900423450199,0.917550894667286,0.206750753613811,0.999979449332792,0.96479863560732,ATP5F1C/OLA1/NTHL1/LDHA/NME2/YWHAZ/NPM1/PHB2/GFUS/NDUFV2/HDHD5/ENO1/GMPS/ATP5F1A/ATP5PO/ADK/PPA2/MTCH2/PAICS/ATP5F1B/GALK1/ELOVL1/PGK1/ECT2/PARD3/SHPK/PPAT/NDUFS1/FOXK2/TOM1L1/CTPS2,31
GO:0006796,phosphate-containing compound metabolic process,31/193,394/2843,0.0786802030456853,1.15900423450199,0.917550894667286,0.206750753613811,0.999979449332792,0.96479863560732,ATP5F1C/OLA1/NTHL1/LDHA/NME2/YWHAZ/NPM1/PHB2/GFUS/NDUFV2/HDHD5/ENO1/GMPS/ATP5F1A/ATP5PO/ADK/PPA2/MTCH2/PAICS/ATP5F1B/GALK1/ELOVL1/PGK1/ECT2/PARD3/SHPK/PPAT/NDUFS1/FOXK2/TOM1L1/CTPS2,31
GO:0017015,regulation of transforming growth factor beta receptor signaling pathway,4/193,35/2843,0.114285714285714,1.68349370836417,1.09783670274805,0.210626092538363,0.999979449332792,0.96479863560732,STRAP/GIPC1/SINHCAF/HDAC2,4
GO:0006338,chromatin remodeling,10/193,111/2843,0.0900900900900901,1.3270783737105,0.948507405311804,0.217960530848056,0.999979449332792,0.96479863560732,HMGA1/DCAF13/NPM1/PRMT3/CBX3/NPM3/BUB1/DDB1/HDAC2/MEAF6,10
GO:0006414,translational elongation,2/193,13/2843,0.153846153846154,2.26624153049024,1.23470374733808,0.219260541276119,0.999979449332792,0.96479863560732,EIF5A/PTRH1,2
GO:0006893,Golgi to plasma membrane transport,2/193,13/2843,0.153846153846154,2.26624153049024,1.23470374733808,0.219260541276119,0.999979449332792,0.96479863560732,YWHAE/LYPLA1,2
GO:0009262,deoxyribonucleotide metabolic process,2/193,13/2843,0.153846153846154,2.26624153049024,1.23470374733808,0.219260541276119,0.999979449332792,0.96479863560732,NTHL1/ADK,2
GO:0009394,2'-deoxyribonucleotide metabolic process,2/193,13/2843,0.153846153846154,2.26624153049024,1.23470374733808,0.219260541276119,0.999979449332792,0.96479863560732,NTHL1/ADK,2
GO:0030865,cortical cytoskeleton organization,2/193,13/2843,0.153846153846154,2.26624153049024,1.23470374733808,0.219260541276119,0.999979449332792,0.96479863560732,RAC3/ECT2,2
GO:0043112,receptor metabolic process,2/193,13/2843,0.153846153846154,2.26624153049024,1.23470374733808,0.219260541276119,0.999979449332792,0.96479863560732,CDK5/CAPN1,2
GO:0051781,positive regulation of cell division,2/193,13/2843,0.153846153846154,2.26624153049024,1.23470374733808,0.219260541276119,0.999979449332792,0.96479863560732,GIPC1/ECT2,2
GO:0060337,type I interferon-mediated signaling pathway,2/193,13/2843,0.153846153846154,2.26624153049024,1.23470374733808,0.219260541276119,0.999979449332792,0.96479863560732,TTLL12/DDB1,2
GO:0061951,establishment of protein localization to plasma membrane,2/193,13/2843,0.153846153846154,2.26624153049024,1.23470374733808,0.219260541276119,0.999979449332792,0.96479863560732,LYPLA1/VPS35,2
GO:0071357,cellular response to type I interferon,2/193,13/2843,0.153846153846154,2.26624153049024,1.23470374733808,0.219260541276119,0.999979449332792,0.96479863560732,TTLL12/DDB1,2
GO:0072666,establishment of protein localization to vacuole,2/193,13/2843,0.153846153846154,2.26624153049024,1.23470374733808,0.219260541276119,0.999979449332792,0.96479863560732,LYPLA1/KCMF1,2
GO:1901657,glycosyl compound metabolic process,2/193,13/2843,0.153846153846154,2.26624153049024,1.23470374733808,0.219260541276119,0.999979449332792,0.96479863560732,ADK/MACROD1,2
GO:1902373,negative regulation of mRNA catabolic process,2/193,13/2843,0.153846153846154,2.26624153049024,1.23470374733808,0.219260541276119,0.999979449332792,0.96479863560732,PAIP1/LRPPRC,2
GO:2001244,positive regulation of intrinsic apoptotic signaling pathway,2/193,13/2843,0.153846153846154,2.26624153049024,1.23470374733808,0.219260541276119,0.999979449332792,0.96479863560732,EIF5A/MTCH2,2
GO:0043244,regulation of protein-containing complex disassembly,3/193,24/2843,0.125,1.84132124352332,1.11683159691644,0.220149903210909,0.999979449332792,0.96479863560732,EIF5A/DIAPH3/ATG5,3
GO:0098656,monoatomic anion transmembrane transport,3/193,24/2843,0.125,1.84132124352332,1.11683159691644,0.220149903210909,0.999979449332792,0.96479863560732,VDAC1/VDAC2/LRRC8E,3
GO:0170040,proteinogenic amino acid catabolic process,3/193,24/2843,0.125,1.84132124352332,1.11683159691644,0.220149903210909,0.999979449332792,0.96479863560732,BCAT2/GCAT/GCSH,3
GO:1901606,alpha-amino acid catabolic process,3/193,24/2843,0.125,1.84132124352332,1.11683159691644,0.220149903210909,0.999979449332792,0.96479863560732,BCAT2/GCAT/GCSH,3
GO:1904950,negative regulation of establishment of protein localization,3/193,24/2843,0.125,1.84132124352332,1.11683159691644,0.220149903210909,0.999979449332792,0.96479863560732,NDUFAF2/LYPLA1/CDK5,3
GO:0042176,regulation of protein catabolic process,7/193,73/2843,0.0958904109589041,1.41252040599049,0.963462324070171,0.223737615411434,0.999979449332792,0.96479863560732,PSMD14/DVL1/GIPC1/EIF3H/DDB1/VPS35/COP1,7
GO:0010498,proteasomal protein catabolic process,11/193,125/2843,0.088,1.29629015544041,0.914145354179185,0.225029712293415,0.999979449332792,0.96479863560732,YWHAE/PSMD14/DCAF13/DVL1/GIPC1/EIF3H/KLHL7/DDB1/KCMF1/COP1/CUL2,11
GO:0071383,cellular response to steroid hormone stimulus,4/193,36/2843,0.111111111111111,1.63672999424295,1.03741639441482,0.225331828105121,0.999979449332792,0.96479863560732,PHB2/ATP5F1A/CBX3/HDAC2,4
GO:1903844,regulation of cellular response to transforming growth factor beta stimulus,4/193,36/2843,0.111111111111111,1.63672999424295,1.03741639441482,0.225331828105121,0.999979449332792,0.96479863560732,STRAP/GIPC1/SINHCAF/HDAC2,4
GO:0008380,RNA splicing,8/193,86/2843,0.0930232558139535,1.37028557657549,0.940882503569358,0.22585528851328,0.999979449332792,0.96479863560732,STRAP/NPM1/THOC7/DDX1/SRSF9/CLNS1A/LSM2/DAZAP1,8
GO:0030162,regulation of proteolysis,8/193,86/2843,0.0930232558139535,1.37028557657549,0.940882503569358,0.22585528851328,0.999979449332792,0.96479863560732,PSMD14/DVL1/GIPC1/ENO1/EIF3H/HDAC2/CDK5/COP1,8
GO:0051603,proteolysis involved in protein catabolic process,14/193,165/2843,0.0848484848484849,1.24986654105825,0.892303394104772,0.225947123745445,0.999979449332792,0.96479863560732,YWHAE/PSMD14/DCAF13/DVL1/GIPC1/EIF3H/KLHL7/MAPKAP1/DDB1/KCMF1/TOM1L1/UCHL3/COP1/CUL2,14
GO:0043412,macromolecule modification,34/193,441/2843,0.0770975056689342,1.13569020008694,0.836467420643249,0.228708370785928,0.999979449332792,0.96479863560732,NTHL1/YWHAE/PSMD14/METTL5/TBC1D7/DCAF13/YWHAZ/NPM1/COPS5/PRMT3/NSMCE2/LYPLA1/KLHL7/PCMT1/ASB13/MACROD1/DDB1/DPH5/HDAC2/ELP2/CDK5/ECT2/PARD3/DCUN1D5/ATG5/NTAQ1/KCMF1/TOM1L1/ELP4/UCHL3/COP1/CUL2/DPH6/RPUSD3,34
GO:0010639,negative regulation of organelle organization,7/193,74/2843,0.0945945945945946,1.39343229239602,0.925320405900818,0.233992158299576,0.999979449332792,0.96479863560732,TBC1D7/NPM1/GDI2/BUB1/DIAPH3/PSMG2/TOM1L1,7
GO:0140694,membraneless organelle assembly,9/193,100/2843,0.09,1.32575129533679,0.8948309603224,0.235303661276455,0.999979449332792,0.96479863560732,DCAF13/NPM1/TUBB/DIAPH3/ACTG1/DDB1/NOA1/ATG5/RPL38,9
GO:0030163,protein catabolic process,17/193,207/2843,0.0821256038647343,1.20975695226653,0.845661556715189,0.235630827524358,0.999979449332792,0.96479863560732,YWHAE/PSMD14/DCAF13/DVL1/GIPC1/LYPLA1/EIF3H/KLHL7/MAPKAP1/DDB1/ATG5/VPS35/KCMF1/TOM1L1/UCHL3/COP1/CUL2,17
GO:0040029,epigenetic regulation of gene expression,5/193,49/2843,0.102040816326531,1.50311938246801,0.95856957887238,0.236518164837537,0.999979449332792,0.96479863560732,DCAF13/PRMT3/CBX3/DDB1/HDAC2,5
GO:0033554,cellular response to stress,31/193,401/2843,0.0773067331670823,1.1387722403835,0.809039471574414,0.237827780334176,0.999979449332792,0.96479863560732,HMGA1/NTHL1/YWHAE/PSMD14/TRAP1/TBC1D7/POLR2I/YWHAZ/MRGBP/NPM1/COPS5/PYCR1/ENO1/HSPD1/NSMCE2/DDX1/MTCH2/CBX3/MACROD1/MNAT1/MAPKAP1/DDB1/LRRC8E/HDAC2/PGK1/ECT2/DCUN1D5/ATG5/KCMF1/MEAF6/TIPRL,31
GO:0030071,regulation of mitotic metaphase/anaphase transition,3/193,25/2843,0.12,1.76766839378238,1.04025766522239,0.23859107592389,0.999979449332792,0.96479863560732,NSMCE2/BUB1/PSMG2,3
GO:0030512,negative regulation of transforming growth factor beta receptor signaling pathway,3/193,25/2843,0.12,1.76766839378238,1.04025766522239,0.23859107592389,0.999979449332792,0.96479863560732,STRAP/SINHCAF/HDAC2,3
GO:0034763,negative regulation of transmembrane transport,3/193,25/2843,0.12,1.76766839378238,1.04025766522239,0.23859107592389,0.999979449332792,0.96479863560732,YWHAE/VDAC1/YWHAQ,3
GO:0051090,regulation of DNA-binding transcription factor activity,3/193,25/2843,0.12,1.76766839378238,1.04025766522239,0.23859107592389,0.999979449332792,0.96479863560732,NPM1/COPS5/PHB2,3
GO:0070646,protein modification by small protein removal,3/193,25/2843,0.12,1.76766839378238,1.04025766522239,0.23859107592389,0.999979449332792,0.96479863560732,PSMD14/COPS5/UCHL3,3
GO:1902099,regulation of metaphase/anaphase transition of cell cycle,3/193,25/2843,0.12,1.76766839378238,1.04025766522239,0.23859107592389,0.999979449332792,0.96479863560732,NSMCE2/BUB1/PSMG2,3
GO:2000241,regulation of reproductive process,3/193,25/2843,0.12,1.76766839378238,1.04025766522239,0.23859107592389,0.999979449332792,0.96479863560732,DDB1/HDAC2/INTS13,3
GO:0031345,negative regulation of cell projection organization,4/193,37/2843,0.108108108108108,1.5924940484526,0.978833389264235,0.240294272272795,0.999979449332792,0.96479863560732,TBC1D7/GDI2/HDAC2/CDK5,4
GO:0043484,regulation of RNA splicing,4/193,37/2843,0.108108108108108,1.5924940484526,0.978833389264235,0.240294272272795,0.999979449332792,0.96479863560732,NPM1/SRSF9/CLNS1A/DAZAP1,4
GO:0071478,cellular response to radiation,4/193,37/2843,0.108108108108108,1.5924940484526,0.978833389264235,0.240294272272795,0.999979449332792,0.96479863560732,NPM1/MTCH2/DDB1/ECT2,4
GO:0051223,regulation of protein transport,7/193,75/2843,0.0933333333333333,1.37485319516408,0.887721135834469,0.244401914618088,0.999979449332792,0.96479863560732,YWHAE/NDUFAF2/LYPLA1/CDK5/ECT2/ZFAND1/VPS35,7
GO:0000380,"alternative mRNA splicing, via spliceosome",2/193,14/2843,0.142857142857143,2.10436713545522,1.11770906328918,0.245081205821327,0.999979449332792,0.96479863560732,STRAP/SRSF9,2
GO:0002011,morphogenesis of an epithelial sheet,2/193,14/2843,0.142857142857143,2.10436713545522,1.11770906328918,0.245081205821327,0.999979449332792,0.96479863560732,DVL1/RHOC,2
GO:0009064,glutamine family amino acid metabolic process,2/193,14/2843,0.142857142857143,2.10436713545522,1.11770906328918,0.245081205821327,0.999979449332792,0.96479863560732,PYCR1/ASL,2
GO:0010569,regulation of double-strand break repair via homologous recombination,2/193,14/2843,0.142857142857143,2.10436713545522,1.11770906328918,0.245081205821327,0.999979449332792,0.96479863560732,MRGBP/MEAF6,2
GO:0032465,regulation of cytokinesis,2/193,14/2843,0.142857142857143,2.10436713545522,1.11770906328918,0.245081205821327,0.999979449332792,0.96479863560732,GIPC1/ECT2,2
GO:0033143,regulation of intracellular steroid hormone receptor signaling pathway,2/193,14/2843,0.142857142857143,2.10436713545522,1.11770906328918,0.245081205821327,0.999979449332792,0.96479863560732,PHB2/HDAC2,2
GO:0042147,"retrograde transport, endosome to Golgi",2/193,14/2843,0.142857142857143,2.10436713545522,1.11770906328918,0.245081205821327,0.999979449332792,0.96479863560732,VPS35/AP1S1,2
GO:0043414,macromolecule methylation,2/193,14/2843,0.142857142857143,2.10436713545522,1.11770906328918,0.245081205821327,0.999979449332792,0.96479863560732,METTL5/PCMT1,2
GO:0046189,phenol-containing compound biosynthetic process,2/193,14/2843,0.142857142857143,2.10436713545522,1.11770906328918,0.245081205821327,0.999979449332792,0.96479863560732,GIPC1/VPS35,2
GO:0046902,regulation of mitochondrial membrane permeability,2/193,14/2843,0.142857142857143,2.10436713545522,1.11770906328918,0.245081205821327,0.999979449332792,0.96479863560732,VDAC2/MTCH2,2
GO:0060443,mammary gland morphogenesis,2/193,14/2843,0.142857142857143,2.10436713545522,1.11770906328918,0.245081205821327,0.999979449332792,0.96479863560732,PHB2/CAPN1,2
GO:0071277,cellular response to calcium ion,2/193,14/2843,0.142857142857143,2.10436713545522,1.11770906328918,0.245081205821327,0.999979449332792,0.96479863560732,ECT2/CPNE3,2
GO:0071384,cellular response to corticosteroid stimulus,2/193,14/2843,0.142857142857143,2.10436713545522,1.11770906328918,0.245081205821327,0.999979449332792,0.96479863560732,ATP5F1A/CBX3,2
GO:0071385,cellular response to glucocorticoid stimulus,2/193,14/2843,0.142857142857143,2.10436713545522,1.11770906328918,0.245081205821327,0.999979449332792,0.96479863560732,ATP5F1A/CBX3,2
GO:1904262,negative regulation of TORC1 signaling,2/193,14/2843,0.142857142857143,2.10436713545522,1.11770906328918,0.245081205821327,0.999979449332792,0.96479863560732,TBC1D7/YWHAZ,2
GO:2000781,positive regulation of double-strand break repair,2/193,14/2843,0.142857142857143,2.10436713545522,1.11770906328918,0.245081205821327,0.999979449332792,0.96479863560732,MRGBP/MEAF6,2
GO:0045732,positive regulation of protein catabolic process,4/193,38/2843,0.105263157894737,1.55058631033542,0.921973691882294,0.255480202698268,0.999979449332792,0.96479863560732,DVL1/DDB1/VPS35/COP1,4
GO:0051783,regulation of nuclear division,4/193,38/2843,0.105263157894737,1.55058631033542,0.921973691882294,0.255480202698268,0.999979449332792,0.96479863560732,NSMCE2/BUB1/PSMG2/TOM1L1,4
GO:0006606,protein import into nucleus,3/193,26/2843,0.115384615384615,1.69968114786768,0.967077273286164,0.257284337368066,0.999979449332792,0.96479863560732,NPM1/PHB2/ECT2,3
GO:0007091,metaphase/anaphase transition of mitotic cell cycle,3/193,26/2843,0.115384615384615,1.69968114786768,0.967077273286164,0.257284337368066,0.999979449332792,0.96479863560732,NSMCE2/BUB1/PSMG2,3
GO:0015698,inorganic anion transport,3/193,26/2843,0.115384615384615,1.69968114786768,0.967077273286164,0.257284337368066,0.999979449332792,0.96479863560732,CLNS1A/SLC25A3/SLC37A4,3
GO:0021782,glial cell development,3/193,26/2843,0.115384615384615,1.69968114786768,0.967077273286164,0.257284337368066,0.999979449332792,0.96479863560732,CDK5/PARD3/EIF2B3,3
GO:0044784,metaphase/anaphase transition of cell cycle,3/193,26/2843,0.115384615384615,1.69968114786768,0.967077273286164,0.257284337368066,0.999979449332792,0.96479863560732,NSMCE2/BUB1/PSMG2,3
GO:0045824,negative regulation of innate immune response,3/193,26/2843,0.115384615384615,1.69968114786768,0.967077273286164,0.257284337368066,0.999979449332792,0.96479863560732,YWHAZ/TTLL12/ATG5,3
GO:0051304,chromosome separation,3/193,26/2843,0.115384615384615,1.69968114786768,0.967077273286164,0.257284337368066,0.999979449332792,0.96479863560732,NSMCE2/BUB1/PSMG2,3
GO:1903322,positive regulation of protein modification by small protein conjugation or removal,3/193,26/2843,0.115384615384615,1.69968114786768,0.967077273286164,0.257284337368066,0.999979449332792,0.96479863560732,TBC1D7/NPM1/DCUN1D5,3
GO:0005975,carbohydrate metabolic process,9/193,103/2843,0.087378640776699,1.28713717993863,0.800940982163881,0.262467374776204,0.999979449332792,0.96479863560732,LDHA/ENO1/MTCH2/GALK1/DDB1/PGK1/SHPK/FOXK2/SLC37A4,9
GO:0016054,organic acid catabolic process,5/193,51/2843,0.0980392156862745,1.44417352433201,0.863669938645719,0.262669207364668,0.999979449332792,0.96479863560732,LDHA/BCAT2/GCAT/GCSH/PCCB,5
GO:0031400,negative regulation of protein modification process,5/193,51/2843,0.0980392156862745,1.44417352433201,0.863669938645719,0.262669207364668,0.999979449332792,0.96479863560732,NPM1/PRMT3/CDK5/PARD3/ATG5,5
GO:0046395,carboxylic acid catabolic process,5/193,51/2843,0.0980392156862745,1.44417352433201,0.863669938645719,0.262669207364668,0.999979449332792,0.96479863560732,LDHA/BCAT2/GCAT/GCSH/PCCB,5
GO:0022411,cellular component disassembly,7/193,77/2843,0.0909090909090909,1.33914272256241,0.814084585011323,0.265645546706823,0.999979449332792,0.96479863560732,HMGA1/APEH/EIF5A/PTRH1/DIAPH3/ATG5/ZFAND1,7
GO:0042773,ATP synthesis coupled electron transport,4/193,39/2843,0.102564102564103,1.51082768699349,0.866733297542279,0.270856856344668,0.999979449332792,0.96479863560732,NDUFV2/MTCH2/UQCRC2/NDUFS1,4
GO:0042775,mitochondrial ATP synthesis coupled electron transport,4/193,39/2843,0.102564102564103,1.51082768699349,0.866733297542279,0.270856856344668,0.999979449332792,0.96479863560732,NDUFV2/MTCH2/UQCRC2/NDUFS1,4
GO:0002752,cell surface pattern recognition receptor signaling pathway,2/193,15/2843,0.133333333333333,1.96407599309154,1.01014786372241,0.271010693897668,0.999979449332792,0.96479863560732,YWHAE/S100A14,2
GO:0007143,female meiotic nuclear division,2/193,15/2843,0.133333333333333,1.96407599309154,1.01014786372241,0.271010693897668,0.999979449332792,0.96479863560732,DCAF13/DDB1,2
GO:0007422,peripheral nervous system development,2/193,15/2843,0.133333333333333,1.96407599309154,1.01014786372241,0.271010693897668,0.999979449332792,0.96479863560732,CDK5/PARD3,2
GO:0034340,response to type I interferon,2/193,15/2843,0.133333333333333,1.96407599309154,1.01014786372241,0.271010693897668,0.999979449332792,0.96479863560732,TTLL12/DDB1,2
GO:0043113,receptor clustering,2/193,15/2843,0.133333333333333,1.96407599309154,1.01014786372241,0.271010693897668,0.999979449332792,0.96479863560732,DVL1/CDK5,2
GO:0048488,synaptic vesicle endocytosis,2/193,15/2843,0.133333333333333,1.96407599309154,1.01014786372241,0.271010693897668,0.999979449332792,0.96479863560732,ACTG1/CDK5,2
GO:0050795,regulation of behavior,2/193,15/2843,0.133333333333333,1.96407599309154,1.01014786372241,0.271010693897668,0.999979449332792,0.96479863560732,HDAC2/VPS35,2
GO:1900076,regulation of cellular response to insulin stimulus,2/193,15/2843,0.133333333333333,1.96407599309154,1.01014786372241,0.271010693897668,0.999979449332792,0.96479863560732,ECHDC3/MAPKAP1,2
GO:1904063,negative regulation of cation transmembrane transport,2/193,15/2843,0.133333333333333,1.96407599309154,1.01014786372241,0.271010693897668,0.999979449332792,0.96479863560732,YWHAE/VDAC1,2
GO:1904645,response to amyloid-beta,2/193,15/2843,0.133333333333333,1.96407599309154,1.01014786372241,0.271010693897668,0.999979449332792,0.96479863560732,HDAC2/CDK5,2
GO:2000300,regulation of synaptic vesicle exocytosis,2/193,15/2843,0.133333333333333,1.96407599309154,1.01014786372241,0.271010693897668,0.999979449332792,0.96479863560732,DVL1/CDK5,2
GO:0006915,apoptotic process,29/193,380/2843,0.0763157894736842,1.12417507499318,0.70171664400015,0.271866207549487,0.999979449332792,0.96479863560732,DAP3/TRAP1/VDAC1/NME2/YWHAZ/MRGBP/NPM1/COPS5/PHB2/EIF5A/PYCR1/ENO1/HSPD1/VDAC2/MTCH2/BUB1/PSMG2/MNAT1/MAPKAP1/DDB1/NOA1/HDAC2/CDK5/ECT2/S100A14/ATG5/VPS35/MEAF6/CUL2,29
GO:0000226,microtubule cytoskeleton organization,11/193,131/2843,0.083969465648855,1.2369180872523,0.749129289178789,0.27334249290076,0.999979449332792,0.96479863560732,TBCB/DCAF13/NPM1/DVL1/TUBB/DIAPH3/DDB1/CDK5/PARD3/DNAAF2/INTS13,11
GO:1903050,regulation of proteolysis involved in protein catabolic process,5/193,52/2843,0.0961538461538462,1.4164009565564,0.817713610393852,0.275992795271217,0.999979449332792,0.96479863560732,PSMD14/DVL1/GIPC1/EIF3H/COP1,5
GO:0032388,positive regulation of intracellular transport,3/193,27/2843,0.111111111111111,1.63672999424295,0.896992103222196,0.276169486213766,0.999979449332792,0.96479863560732,YWHAE/ECT2/ZFAND1,3
GO:0033045,regulation of sister chromatid segregation,3/193,27/2843,0.111111111111111,1.63672999424295,0.896992103222196,0.276169486213766,0.999979449332792,0.96479863560732,NSMCE2/BUB1/PSMG2,3
GO:0033108,mitochondrial respiratory chain complex assembly,3/193,27/2843,0.111111111111111,1.63672999424295,0.896992103222196,0.276169486213766,0.999979449332792,0.96479863560732,NDUFAF2/NDUFS1/COA1,3
GO:0042177,negative regulation of protein catabolic process,3/193,27/2843,0.111111111111111,1.63672999424295,0.896992103222196,0.276169486213766,0.999979449332792,0.96479863560732,GIPC1/EIF3H/VPS35,3
GO:0045861,negative regulation of proteolysis,3/193,27/2843,0.111111111111111,1.63672999424295,0.896992103222196,0.276169486213766,0.999979449332792,0.96479863560732,GIPC1/EIF3H/CDK5,3
GO:0051170,import into nucleus,3/193,27/2843,0.111111111111111,1.63672999424295,0.896992103222196,0.276169486213766,0.999979449332792,0.96479863560732,NPM1/PHB2/ECT2,3
GO:0051592,response to calcium ion,3/193,27/2843,0.111111111111111,1.63672999424295,0.896992103222196,0.276169486213766,0.999979449332792,0.96479863560732,MNAT1/ECT2/CPNE3,3
GO:1901875,positive regulation of post-translational protein modification,3/193,27/2843,0.111111111111111,1.63672999424295,0.896992103222196,0.276169486213766,0.999979449332792,0.96479863560732,TBC1D7/NPM1/DCUN1D5,3
GO:0033043,regulation of organelle organization,19/193,241/2843,0.0788381742738589,1.1613312407284,0.706384406026801,0.276233247537734,0.999979449332792,0.96479863560732,RAC3/TBC1D7/YWHAZ/NPM1/NSMCE2/RHOC/CCT8/MTCH2/GDI2/CCT4/CCT3/BUB1/DIAPH3/ACTG1/PSMG2/ECT2/ATG5/VPS35/TOM1L1,19
GO:0006631,fatty acid metabolic process,6/193,65/2843,0.0923076923076923,1.35974491829414,0.791686026945071,0.277255424661915,0.999979449332792,0.96479863560732,PTGES2/ECHDC3/LYPLA1/ELOVL1/PGK1/PCCB,6
GO:0042981,regulation of apoptotic process,22/193,284/2843,0.0774647887323944,1.14110048894403,0.676270277128806,0.283714422730587,0.999979449332792,0.96479863560732,TRAP1/VDAC1/NME2/YWHAZ/MRGBP/NPM1/COPS5/PHB2/EIF5A/PYCR1/ENO1/HSPD1/MTCH2/PSMG2/MNAT1/MAPKAP1/DDB1/HDAC2/CDK5/ECT2/ATG5/MEAF6,22
GO:0016051,carbohydrate biosynthetic process,4/193,40/2843,0.1,1.47305699481865,0.81301708041168,0.286392084016725,0.999979449332792,0.96479863560732,ENO1/DDB1/PGK1/SLC37A4,4
GO:0062197,cellular response to chemical stress,7/193,79/2843,0.0886075949367089,1.30524037515577,0.742427857658012,0.28738417918893,0.999979449332792,0.96479863560732,TRAP1/PYCR1/MAPKAP1/LRRC8E/HDAC2/ECT2/ATG5,7
GO:1901987,regulation of cell cycle phase transition,8/193,93/2843,0.0860215053763441,1.26714580199454,0.706791366019401,0.294700070000807,0.999979449332792,0.96479863560732,NPM1/NSMCE2/BUB1/PSMG2/MNAT1/DDB1/CDK5/TIPRL,8
GO:0009063,amino acid catabolic process,3/193,28/2843,0.107142857142857,1.57827535159141,0.829740429356928,0.295189299046974,0.999979449332792,0.96479863560732,BCAT2/GCAT/GCSH,3
GO:0043488,regulation of mRNA stability,3/193,28/2843,0.107142857142857,1.57827535159141,0.829740429356928,0.295189299046974,0.999979449332792,0.96479863560732,PAIP1/NPM1/TBRG4,3
GO:0110020,regulation of actomyosin structure organization,3/193,28/2843,0.107142857142857,1.57827535159141,0.829740429356928,0.295189299046974,0.999979449332792,0.96479863560732,RHOC/ACTG1/ECT2,3
GO:0007094,mitotic spindle assembly checkpoint signaling,2/193,16/2843,0.125,1.84132124352332,0.910598009185862,0.296915950031728,0.999979449332792,0.96479863560732,BUB1/PSMG2,2
GO:0031577,spindle checkpoint signaling,2/193,16/2843,0.125,1.84132124352332,0.910598009185862,0.296915950031728,0.999979449332792,0.96479863560732,BUB1/PSMG2,2
GO:0032526,response to retinoic acid,2/193,16/2843,0.125,1.84132124352332,0.910598009185862,0.296915950031728,0.999979449332792,0.96479863560732,HDAC2/DNAAF2,2
GO:0034620,cellular response to unfolded protein,2/193,16/2843,0.125,1.84132124352332,0.910598009185862,0.296915950031728,0.999979449332792,0.96479863560732,COPS5/HSPD1,2
GO:0043030,regulation of macrophage activation,2/193,16/2843,0.125,1.84132124352332,0.910598009185862,0.296915950031728,0.999979449332792,0.96479863560732,HSPD1/SHPK,2
GO:0045911,positive regulation of DNA recombination,2/193,16/2843,0.125,1.84132124352332,0.910598009185862,0.296915950031728,0.999979449332792,0.96479863560732,MRGBP/MEAF6,2
GO:0060135,maternal process involved in female pregnancy,2/193,16/2843,0.125,1.84132124352332,0.910598009185862,0.296915950031728,0.999979449332792,0.96479863560732,DCAF13/DAZAP1,2
GO:0071173,spindle assembly checkpoint signaling,2/193,16/2843,0.125,1.84132124352332,0.910598009185862,0.296915950031728,0.999979449332792,0.96479863560732,BUB1/PSMG2,2
GO:0071174,mitotic spindle checkpoint signaling,2/193,16/2843,0.125,1.84132124352332,0.910598009185862,0.296915950031728,0.999979449332792,0.96479863560732,BUB1/PSMG2,2
GO:0140238,presynaptic endocytosis,2/193,16/2843,0.125,1.84132124352332,0.910598009185862,0.296915950031728,0.999979449332792,0.96479863560732,ACTG1/CDK5,2
GO:1902369,negative regulation of RNA catabolic process,2/193,16/2843,0.125,1.84132124352332,0.910598009185862,0.296915950031728,0.999979449332792,0.96479863560732,PAIP1/LRPPRC,2
GO:2000059,negative regulation of ubiquitin-dependent protein catabolic process,2/193,16/2843,0.125,1.84132124352332,0.910598009185862,0.296915950031728,0.999979449332792,0.96479863560732,GIPC1/EIF3H,2
GO:0007017,microtubule-based process,14/193,175/2843,0.08,1.17844559585492,0.657505969022293,0.297496723852128,0.999979449332792,0.96479863560732,TBCB/DCAF13/NPM1/DVL1/TUBB/MEMO1/DIAPH3/DDB1/LRPPRC/CDK5/PARD3/ATG5/DNAAF2/INTS13,14
GO:0097193,intrinsic apoptotic signaling pathway,6/193,67/2843,0.0895522388059701,1.31915551774805,0.71334197846074,0.301391415962601,0.999979449332792,0.96479863560732,TRAP1/EIF5A/PYCR1/ENO1/MTCH2/CUL2,6
GO:0000723,telomere maintenance,4/193,41/2843,0.0975609756097561,1.43712877543283,0.76073783017232,0.302054486321112,0.999979449332792,0.96479863560732,NSMCE2/CCT8/CCT4/CCT3,4
GO:0031929,TOR signaling,4/193,41/2843,0.0975609756097561,1.43712877543283,0.76073783017232,0.302054486321112,0.999979449332792,0.96479863560732,TBC1D7/YWHAZ/MAPKAP1/TIPRL,4
GO:2000058,regulation of ubiquitin-dependent protein catabolic process,4/193,41/2843,0.0975609756097561,1.43712877543283,0.76073783017232,0.302054486321112,0.999979449332792,0.96479863560732,DVL1/GIPC1/EIF3H/COP1,4
GO:0045471,response to ethanol,3/193,29/2843,0.103448275862069,1.5238520636055,0.765091480128276,0.314289671273246,0.999979449332792,0.96479863560732,PSMD14/ATP5F1A/HDAC2,3
GO:0099111,microtubule-based transport,3/193,29/2843,0.103448275862069,1.5238520636055,0.765091480128276,0.314289671273246,0.999979449332792,0.96479863560732,LRPPRC/ATG5/DNAAF2,3
GO:0016049,cell growth,8/193,95/2843,0.0842105263157895,1.24046904826834,0.643250862658507,0.315286065018598,0.999979449332792,0.96479863560732,DCAF13/NPM1/DVL1/ENO1/MAPKAP1/CDK5/DCUN1D5/MEAF6,8
GO:0010563,negative regulation of phosphorus metabolic process,4/193,42/2843,0.0952380952380952,1.40291142363681,0.709815414123378,0.317813531984697,0.999979449332792,0.96479863560732,NPM1/MTCH2/PGK1/PARD3,4
GO:0032200,telomere organization,4/193,42/2843,0.0952380952380952,1.40291142363681,0.709815414123378,0.317813531984697,0.999979449332792,0.96479863560732,NSMCE2/CCT8/CCT4/CCT3,4
GO:0043583,ear development,4/193,42/2843,0.0952380952380952,1.40291142363681,0.709815414123378,0.317813531984697,0.999979449332792,0.96479863560732,DVL1/DIAPH3/ATG5/RPL38,4
GO:0045936,negative regulation of phosphate metabolic process,4/193,42/2843,0.0952380952380952,1.40291142363681,0.709815414123378,0.317813531984697,0.999979449332792,0.96479863560732,NPM1/MTCH2/PGK1/PARD3,4
GO:0000245,spliceosomal complex assembly,2/193,17/2843,0.117647058823529,1.73300822919842,0.817927832397331,0.32268130984095,0.999979449332792,0.96479863560732,DDX1/SRSF9,2
GO:0008631,intrinsic apoptotic signaling pathway in response to oxidative stress,2/193,17/2843,0.117647058823529,1.73300822919842,0.817927832397331,0.32268130984095,0.999979449332792,0.96479863560732,TRAP1/PYCR1,2
GO:0010821,regulation of mitochondrion organization,2/193,17/2843,0.117647058823529,1.73300822919842,0.817927832397331,0.32268130984095,0.999979449332792,0.96479863560732,MTCH2/VPS35,2
GO:0010906,regulation of glucose metabolic process,2/193,17/2843,0.117647058823529,1.73300822919842,0.817927832397331,0.32268130984095,0.999979449332792,0.96479863560732,DDB1/FOXK2,2
GO:0030225,macrophage differentiation,2/193,17/2843,0.117647058823529,1.73300822919842,0.817927832397331,0.32268130984095,0.999979449332792,0.96479863560732,NPM1/DIAPH3,2
GO:0033046,negative regulation of sister chromatid segregation,2/193,17/2843,0.117647058823529,1.73300822919842,0.817927832397331,0.32268130984095,0.999979449332792,0.96479863560732,BUB1/PSMG2,2
GO:0033047,regulation of mitotic sister chromatid segregation,2/193,17/2843,0.117647058823529,1.73300822919842,0.817927832397331,0.32268130984095,0.999979449332792,0.96479863560732,BUB1/PSMG2,2
GO:0033048,negative regulation of mitotic sister chromatid segregation,2/193,17/2843,0.117647058823529,1.73300822919842,0.817927832397331,0.32268130984095,0.999979449332792,0.96479863560732,BUB1/PSMG2,2
GO:0036465,synaptic vesicle recycling,2/193,17/2843,0.117647058823529,1.73300822919842,0.817927832397331,0.32268130984095,0.999979449332792,0.96479863560732,ACTG1/CDK5,2
GO:0045841,negative regulation of mitotic metaphase/anaphase transition,2/193,17/2843,0.117647058823529,1.73300822919842,0.817927832397331,0.32268130984095,0.999979449332792,0.96479863560732,BUB1/PSMG2,2
GO:0048524,positive regulation of viral process,2/193,17/2843,0.117647058823529,1.73300822919842,0.817927832397331,0.32268130984095,0.999979449332792,0.96479863560732,DDB1/ATG5,2
GO:0051898,negative regulation of phosphatidylinositol 3-kinase/protein kinase B signal transduction,2/193,17/2843,0.117647058823529,1.73300822919842,0.817927832397331,0.32268130984095,0.999979449332792,0.96479863560732,DCAF13/DDB1,2
GO:0051985,negative regulation of chromosome segregation,2/193,17/2843,0.117647058823529,1.73300822919842,0.817927832397331,0.32268130984095,0.999979449332792,0.96479863560732,BUB1/PSMG2,2
GO:0070301,cellular response to hydrogen peroxide,2/193,17/2843,0.117647058823529,1.73300822919842,0.817927832397331,0.32268130984095,0.999979449332792,0.96479863560732,HDAC2/ECT2,2
GO:0090559,regulation of membrane permeability,2/193,17/2843,0.117647058823529,1.73300822919842,0.817927832397331,0.32268130984095,0.999979449332792,0.96479863560732,VDAC2/MTCH2,2
GO:1901799,negative regulation of proteasomal protein catabolic process,2/193,17/2843,0.117647058823529,1.73300822919842,0.817927832397331,0.32268130984095,0.999979449332792,0.96479863560732,GIPC1/EIF3H,2
GO:1902100,negative regulation of metaphase/anaphase transition of cell cycle,2/193,17/2843,0.117647058823529,1.73300822919842,0.817927832397331,0.32268130984095,0.999979449332792,0.96479863560732,BUB1/PSMG2,2
GO:1903578,regulation of ATP metabolic process,2/193,17/2843,0.117647058823529,1.73300822919842,0.817927832397331,0.32268130984095,0.999979449332792,0.96479863560732,ENO1/MTCH2,2
GO:1905819,negative regulation of chromosome separation,2/193,17/2843,0.117647058823529,1.73300822919842,0.817927832397331,0.32268130984095,0.999979449332792,0.96479863560732,BUB1/PSMG2,2
GO:2000816,negative regulation of mitotic sister chromatid separation,2/193,17/2843,0.117647058823529,1.73300822919842,0.817927832397331,0.32268130984095,0.999979449332792,0.96479863560732,BUB1/PSMG2,2
GO:0019725,cellular homeostasis,11/193,137/2843,0.0802919708029197,1.18274649219016,0.591579602496362,0.324627307255845,0.999979449332792,0.96479863560732,YWHAE/GLRX3/NPM1/TESMIN/NDUFAF2/ATP5F1B/CLNS1A/LRRC8E/ATG5/ASL/FOXK2,11
GO:0006974,DNA damage response,16/193,207/2843,0.0772946859903382,1.13859477860379,0.558762295886874,0.328383840507978,0.999979449332792,0.96479863560732,HMGA1/NTHL1/PSMD14/POLR2I/MRGBP/NPM1/NSMCE2/DDX1/MTCH2/CBX3/MACROD1/MNAT1/DDB1/DCUN1D5/MEAF6/TIPRL,16
GO:0007059,chromosome segregation,9/193,110/2843,0.0818181818181818,1.20522845030617,0.592354711111276,0.329191975262158,0.999979449332792,0.96479863560732,DCAF13/NUP37/NSMCE2/TUBB/BUB1/DIAPH3/PSMG2/DDB1/ECT2,9
GO:0007346,regulation of mitotic cell cycle,9/193,110/2843,0.0818181818181818,1.20522845030617,0.592354711111276,0.329191975262158,0.999979449332792,0.96479863560732,YWHAE/NSMCE2/BUB1/PSMG2/MNAT1/TTLL12/DDB1/TOM1L1/INTS13,9
GO:0008219,cell death,29/193,391/2843,0.0741687979539642,1.09254866623378,0.531699270431799,0.329272562051894,0.999979449332792,0.96479863560732,DAP3/TRAP1/VDAC1/NME2/YWHAZ/MRGBP/NPM1/COPS5/PHB2/EIF5A/PYCR1/ENO1/HSPD1/VDAC2/MTCH2/BUB1/PSMG2/MNAT1/MAPKAP1/DDB1/NOA1/HDAC2/CDK5/ECT2/S100A14/ATG5/VPS35/MEAF6/CUL2,29
GO:0012501,programmed cell death,29/193,391/2843,0.0741687979539642,1.09254866623378,0.531699270431799,0.329272562051894,0.999979449332792,0.96479863560732,DAP3/TRAP1/VDAC1/NME2/YWHAZ/MRGBP/NPM1/COPS5/PHB2/EIF5A/PYCR1/ENO1/HSPD1/VDAC2/MTCH2/BUB1/PSMG2/MNAT1/MAPKAP1/DDB1/NOA1/HDAC2/CDK5/ECT2/S100A14/ATG5/VPS35/MEAF6/CUL2,29
GO:0051054,positive regulation of DNA metabolic process,5/193,56/2843,0.0892857142857143,1.31522945965951,0.642865442979056,0.33046626018365,0.999979449332792,0.96479863560732,MRGBP/CCT8/CCT4/CCT3/MEAF6,5
GO:0090068,positive regulation of cell cycle process,5/193,56/2843,0.0892857142857143,1.31522945965951,0.642865442979056,0.33046626018365,0.999979449332792,0.96479863560732,NPM1/GIPC1/NSMCE2/BUB1/ECT2,5
GO:1904951,positive regulation of establishment of protein localization,5/193,56/2843,0.0892857142857143,1.31522945965951,0.642865442979056,0.33046626018365,0.999979449332792,0.96479863560732,YWHAE/CDK5/ECT2/ZFAND1/VPS35,5
GO:0007034,vacuolar transport,3/193,30/2843,0.1,1.47305699481865,0.702840831927927,0.333419707927677,0.999979449332792,0.96479863560732,LYPLA1/VPS35/KCMF1,3
GO:0043604,amide biosynthetic process,3/193,30/2843,0.1,1.47305699481865,0.702840831927927,0.333419707927677,0.999979449332792,0.96479863560732,ELOVL1/PGK1/ASL,3
GO:0051345,positive regulation of hydrolase activity,3/193,30/2843,0.1,1.47305699481865,0.702840831927927,0.333419707927677,0.999979449332792,0.96479863560732,TBC1D7/RHOC/ECT2,3
GO:2000377,regulation of reactive oxygen species metabolic process,3/193,30/2843,0.1,1.47305699481865,0.702840831927927,0.333419707927677,0.999979449332792,0.96479863560732,TRAP1/VDAC1/ATG5,3
GO:0022904,respiratory electron transport chain,4/193,43/2843,0.0930232558139535,1.37028557657549,0.660176045837498,0.333639659516787,0.999979449332792,0.96479863560732,NDUFV2/MTCH2/UQCRC2/NDUFS1,4
GO:0043067,regulation of programmed cell death,22/193,293/2843,0.0750853242320819,1.10604962068295,0.517178656658793,0.337925029650474,0.999979449332792,0.96479863560732,TRAP1/VDAC1/NME2/YWHAZ/MRGBP/NPM1/COPS5/PHB2/EIF5A/PYCR1/ENO1/HSPD1/MTCH2/PSMG2/MNAT1/MAPKAP1/DDB1/HDAC2/CDK5/ECT2/ATG5/MEAF6,22
GO:0060341,regulation of cellular localization,7/193,84/2843,0.0833333333333333,1.22754749568221,0.571220266197984,0.343333827888121,0.999979449332792,0.96479863560732,YWHAE/NDUFAF2/LYPLA1/CDK5/ECT2/ZFAND1/VPS35,7
GO:0034765,regulation of monoatomic ion transmembrane transport,5/193,57/2843,0.087719298245614,1.29215525861285,0.601212960027469,0.344280379015858,0.999979449332792,0.96479863560732,YWHAE/VDAC1/PHB2/YWHAQ/ATG5,5
GO:0045934,negative regulation of nucleobase-containing compound metabolic process,20/193,266/2843,0.075187969924812,1.10756165023959,0.497174470680724,0.346442307520247,0.999979449332792,0.96479863560732,HMGA1/STRAP/PAIP1/YWHAZ/NPM1/PHB2/ENO1/YWHAQ/MTCH2/CBX3/SRSF9/PHF14/SINHCAF/LRPPRC/HDAC2/CDK5/PWP1/PGK1/DEPDC1/FOXK2,20
GO:0006140,regulation of nucleotide metabolic process,2/193,18/2843,0.111111111111111,1.63672999424295,0.731223414226603,0.348206771904249,0.999979449332792,0.96479863560732,ENO1/MTCH2,2
GO:0007368,determination of left/right symmetry,2/193,18/2843,0.111111111111111,1.63672999424295,0.731223414226603,0.348206771904249,0.999979449332792,0.96479863560732,DVL1/DNAAF2,2
GO:0016579,protein deubiquitination,2/193,18/2843,0.111111111111111,1.63672999424295,0.731223414226603,0.348206771904249,0.999979449332792,0.96479863560732,PSMD14/UCHL3,2
GO:0021766,hippocampus development,2/193,18/2843,0.111111111111111,1.63672999424295,0.731223414226603,0.348206771904249,0.999979449332792,0.96479863560732,YWHAE/CDK5,2
GO:0032436,positive regulation of proteasomal ubiquitin-dependent protein catabolic process,2/193,18/2843,0.111111111111111,1.63672999424295,0.731223414226603,0.348206771904249,0.999979449332792,0.96479863560732,DVL1/COP1,2
GO:0033559,unsaturated fatty acid metabolic process,2/193,18/2843,0.111111111111111,1.63672999424295,0.731223414226603,0.348206771904249,0.999979449332792,0.96479863560732,PTGES2/ELOVL1,2
GO:0034644,cellular response to UV,2/193,18/2843,0.111111111111111,1.63672999424295,0.731223414226603,0.348206771904249,0.999979449332792,0.96479863560732,NPM1/DDB1,2
GO:0034728,nucleosome organization,2/193,18/2843,0.111111111111111,1.63672999424295,0.731223414226603,0.348206771904249,0.999979449332792,0.96479863560732,HMGA1/NPM1,2
GO:0043536,positive regulation of blood vessel endothelial cell migration,2/193,18/2843,0.111111111111111,1.63672999424295,0.731223414226603,0.348206771904249,0.999979449332792,0.96479863560732,ATP5F1A/ATP5F1B,2
GO:0048675,axon extension,2/193,18/2843,0.111111111111111,1.63672999424295,0.731223414226603,0.348206771904249,0.999979449332792,0.96479863560732,DVL1/CDK5,2
GO:1900542,regulation of purine nucleotide metabolic process,2/193,18/2843,0.111111111111111,1.63672999424295,0.731223414226603,0.348206771904249,0.999979449332792,0.96479863560732,ENO1/MTCH2,2
GO:1903432,regulation of TORC1 signaling,2/193,18/2843,0.111111111111111,1.63672999424295,0.731223414226603,0.348206771904249,0.999979449332792,0.96479863560732,TBC1D7/YWHAZ,2
GO:0048285,organelle fission,9/193,112/2843,0.0803571428571429,1.18370651369356,0.535230028399419,0.348870999032648,0.999979449332792,0.96479863560732,DCAF13/TESMIN/NSMCE2/MTCH2/BUB1/PSMG2/DDB1/VPS35/TOM1L1,9
GO:0022900,electron transport chain,4/193,44/2843,0.0909090909090909,1.33914272256241,0.61175164466666,0.349504363234736,0.999979449332792,0.96479863560732,NDUFV2/MTCH2/UQCRC2/NDUFS1,4
GO:0051222,positive regulation of protein transport,4/193,44/2843,0.0909090909090909,1.33914272256241,0.61175164466666,0.349504363234736,0.999979449332792,0.96479863560732,YWHAE/ECT2/ZFAND1/VPS35,4
GO:0051225,spindle assembly,3/193,31/2843,0.0967741935483871,1.42553902724386,0.642806618247736,0.352531771615874,0.999979449332792,0.96479863560732,DCAF13/TUBB/DDB1,3
GO:0051983,regulation of chromosome segregation,3/193,31/2843,0.0967741935483871,1.42553902724386,0.642806618247736,0.352531771615874,0.999979449332792,0.96479863560732,NSMCE2/BUB1/PSMG2,3
GO:0090101,negative regulation of transmembrane receptor protein serine/threonine kinase signaling pathway,3/193,31/2843,0.0967741935483871,1.42553902724386,0.642806618247736,0.352531771615874,0.999979449332792,0.96479863560732,STRAP/SINHCAF/HDAC2,3
GO:0098876,vesicle-mediated transport to the plasma membrane,3/193,31/2843,0.0967741935483871,1.42553902724386,0.642806618247736,0.352531771615874,0.999979449332792,0.96479863560732,YWHAE/LYPLA1/VPS35,3
GO:0015031,protein transport,19/193,253/2843,0.075098814229249,1.10624833602982,0.477749531792561,0.354206598408867,0.999979449332792,0.96479863560732,YWHAE/YIF1A/NPM1/PHB2/NUP37/HSPD1/NDUFAF2/LYPLA1/GDI2/XPO5/CDK5/ECT2/MTX2/ZFAND1/VPS35/AP1S1/KCMF1/RAB2A/TOM1L1,19
GO:0060271,cilium assembly,5/193,58/2843,0.0862068965517242,1.26987671967125,0.560317999775121,0.358134539314565,0.999979449332792,0.96479863560732,TBC1D7/NDUFAF2/GDI2/ATG5/DNAAF2,5
GO:0006790,sulfur compound metabolic process,4/193,45/2843,0.0888888888888889,1.30938399539436,0.564479273010814,0.365380264688821,0.999979449332792,0.96479863560732,SMS/ELOVL1/ENOPH1/PGK1,4
GO:0010001,glial cell differentiation,4/193,45/2843,0.0888888888888889,1.30938399539436,0.564479273010814,0.365380264688821,0.999979449332792,0.96479863560732,HDAC2/CDK5/PARD3/EIF2B3,4
GO:0048193,Golgi vesicle transport,4/193,45/2843,0.0888888888888889,1.30938399539436,0.564479273010814,0.365380264688821,0.999979449332792,0.96479863560732,YWHAE/YIF1A/LYPLA1/RAB2A,4
GO:1902115,regulation of organelle assembly,4/193,45/2843,0.0888888888888889,1.30938399539436,0.564479273010814,0.365380264688821,0.999979449332792,0.96479863560732,TBC1D7/NPM1/GDI2/ATG5,4
GO:0098660,inorganic ion transmembrane transport,13/193,170/2843,0.0764705882352941,1.12645534897897,0.458806899417982,0.367776079128059,0.999979449332792,0.96479863560732,ATP5F1C/YWHAE/VDAC1/PHB2/NDUFV2/ATP5F1A/ATP5PO/ATP5F1B/SLC25A3/ATG5/NDUFS1/MRS2/SLC37A4,13
GO:0034329,cell junction assembly,8/193,100/2843,0.08,1.17844559585492,0.490185752719953,0.367845566072634,0.999979449332792,0.96479863560732,RAC3/DVL1/RHOC/ACTG1/CDK5/ECT2/PARD3/VPS35,8
GO:0098662,inorganic cation transmembrane transport,12/193,156/2843,0.0769230769230769,1.13312076524512,0.461468462286425,0.368451704863161,0.999979449332792,0.96479863560732,ATP5F1C/YWHAE/VDAC1/PHB2/NDUFV2/ATP5F1A/ATP5PO/ATP5F1B/SLC25A3/ATG5/NDUFS1/MRS2,12
GO:0000910,cytokinesis,3/193,32/2843,0.09375,1.38099093264249,0.584826388412741,0.371581493996607,0.999979449332792,0.96479863560732,GIPC1/RHOC/ECT2,3
GO:0043487,regulation of RNA stability,3/193,32/2843,0.09375,1.38099093264249,0.584826388412741,0.371581493996607,0.999979449332792,0.96479863560732,PAIP1/NPM1/TBRG4,3
GO:0034599,cellular response to oxidative stress,5/193,59/2843,0.0847457627118644,1.24835338543954,0.520150750154435,0.372010440299691,0.999979449332792,0.96479863560732,TRAP1/PYCR1/MAPKAP1/HDAC2/ECT2,5
GO:0000281,mitotic cytokinesis,2/193,19/2843,0.105263157894737,1.55058631033542,0.649737028045871,0.37340642223939,0.999979449332792,0.96479863560732,RHOC/ECT2,2
GO:0006637,acyl-CoA metabolic process,2/193,19/2843,0.105263157894737,1.55058631033542,0.649737028045871,0.37340642223939,0.999979449332792,0.96479863560732,ELOVL1/PGK1,2
GO:0006835,dicarboxylic acid transport,2/193,19/2843,0.105263157894737,1.55058631033542,0.649737028045871,0.37340642223939,0.999979449332792,0.96479863560732,GIPC1/LRRC8E,2
GO:0009799,specification of symmetry,2/193,19/2843,0.105263157894737,1.55058631033542,0.649737028045871,0.37340642223939,0.999979449332792,0.96479863560732,DVL1/DNAAF2,2
GO:0009855,determination of bilateral symmetry,2/193,19/2843,0.105263157894737,1.55058631033542,0.649737028045871,0.37340642223939,0.999979449332792,0.96479863560732,DVL1/DNAAF2,2
GO:0016482,cytosolic transport,2/193,19/2843,0.105263157894737,1.55058631033542,0.649737028045871,0.37340642223939,0.999979449332792,0.96479863560732,VPS35/AP1S1,2
GO:0035383,thioester metabolic process,2/193,19/2843,0.105263157894737,1.55058631033542,0.649737028045871,0.37340642223939,0.999979449332792,0.96479863560732,ELOVL1/PGK1,2
GO:0043279,response to alkaloid,2/193,19/2843,0.105263157894737,1.55058631033542,0.649737028045871,0.37340642223939,0.999979449332792,0.96479863560732,HDAC2/CDK5,2
GO:0072665,protein localization to vacuole,2/193,19/2843,0.105263157894737,1.55058631033542,0.649737028045871,0.37340642223939,0.999979449332792,0.96479863560732,LYPLA1/KCMF1,2
GO:0099072,regulation of postsynaptic membrane neurotransmitter receptor levels,2/193,19/2843,0.105263157894737,1.55058631033542,0.649737028045871,0.37340642223939,0.999979449332792,0.96479863560732,ATG5/VPS35,2
GO:1903051,negative regulation of proteolysis involved in protein catabolic process,2/193,19/2843,0.105263157894737,1.55058631033542,0.649737028045871,0.37340642223939,0.999979449332792,0.96479863560732,GIPC1/EIF3H,2
GO:0051129,negative regulation of cellular component organization,11/193,143/2843,0.0769230769230769,1.13312076524512,0.440757485205778,0.377850015499151,0.999979449332792,0.96479863560732,TBC1D7/NPM1/GDI2/BUB1/DIAPH3/PSMG2/HDAC2/CDK5/ATG5/VPS35/TOM1L1,11
GO:0016358,dendrite development,4/193,46/2843,0.0869565217391304,1.28091912592926,0.518300640394708,0.381241170524765,0.999979449332792,0.96479863560732,DVL1/HDAC2/CDK5/RTN4IP1,4
GO:0042594,response to starvation,4/193,46/2843,0.0869565217391304,1.28091912592926,0.518300640394708,0.381241170524765,0.999979449332792,0.96479863560732,TBC1D7/YWHAZ/ATG5/FOXK2,4
GO:0045862,positive regulation of proteolysis,4/193,46/2843,0.0869565217391304,1.28091912592926,0.518300640394708,0.381241170524765,0.999979449332792,0.96479863560732,DVL1/ENO1/HDAC2/COP1,4
GO:0044782,cilium organization,5/193,60/2843,0.0833333333333333,1.22754749568221,0.480683081373663,0.385890328612686,0.999979449332792,0.96479863560732,TBC1D7/NDUFAF2/GDI2/ATG5/DNAAF2,5
GO:0010638,positive regulation of organelle organization,8/193,102/2843,0.0784313725490196,1.15533881946561,0.431115187623268,0.389131542872915,0.999979449332792,0.96479863560732,NSMCE2/RHOC/CCT8/CCT4/CCT3/BUB1/ATG5/VPS35,8
GO:0071705,nitrogen compound transport,24/193,330/2843,0.0727272727272727,1.07131417804993,0.37179569857557,0.389959466547493,0.999979449332792,0.96479863560732,YWHAE/YIF1A/NPM1/PHB2/NUP37/GIPC1/HSPD1/NDUFAF2/LYPLA1/THOC7/GDI2/XPO5/SLC35B2/LRPPRC/LRRC8E/CDK5/ECT2/MTX2/ZFAND1/VPS35/AP1S1/KCMF1/RAB2A/TOM1L1,24
GO:0002832,negative regulation of response to biotic stimulus,3/193,33/2843,0.0909090909090909,1.33914272256241,0.528754487937306,0.390527756483467,0.999979449332792,0.96479863560732,YWHAZ/TTLL12/ATG5,3
GO:0006109,regulation of carbohydrate metabolic process,3/193,33/2843,0.0909090909090909,1.33914272256241,0.528754487937306,0.390527756483467,0.999979449332792,0.96479863560732,MTCH2/DDB1/FOXK2,3
GO:0030705,cytoskeleton-dependent intracellular transport,3/193,33/2843,0.0909090909090909,1.33914272256241,0.528754487937306,0.390527756483467,0.999979449332792,0.96479863560732,TUBB/LRPPRC/ATG5,3
GO:1903169,regulation of calcium ion transmembrane transport,3/193,33/2843,0.0909090909090909,1.33914272256241,0.528754487937306,0.390527756483467,0.999979449332792,0.96479863560732,YWHAE/VDAC1/ATG5,3
GO:1904375,regulation of protein localization to cell periphery,3/193,33/2843,0.0909090909090909,1.33914272256241,0.528754487937306,0.390527756483467,0.999979449332792,0.96479863560732,LYPLA1/CDK5/VPS35,3
GO:0098655,monoatomic cation transmembrane transport,12/193,159/2843,0.0754716981132076,1.11174112816502,0.391280416887151,0.394198177485609,0.999979449332792,0.96479863560732,ATP5F1C/YWHAE/VDAC1/PHB2/NDUFV2/ATP5F1A/ATP5PO/ATP5F1B/SLC25A3/ATG5/NDUFS1/MRS2,12
GO:0007416,synapse assembly,4/193,47/2843,0.0851063829787234,1.25366552750524,0.473161665144779,0.397062117813193,0.999979449332792,0.96479863560732,RAC3/DVL1/CDK5/VPS35,4
GO:0051253,negative regulation of RNA metabolic process,18/193,245/2843,0.0734693877551021,1.08224595537697,0.363367242301692,0.397245084871206,0.999979449332792,0.96479863560732,HMGA1/STRAP/PAIP1/YWHAZ/NPM1/PHB2/ENO1/YWHAQ/CBX3/SRSF9/PHF14/SINHCAF/LRPPRC/HDAC2/CDK5/PWP1/DEPDC1/FOXK2,18
GO:0007040,lysosome organization,2/193,20/2843,0.1,1.47305699481865,0.57284982085816,0.398206998791878,0.999979449332792,0.96479863560732,YWHAZ/VPS35,2
GO:0010507,negative regulation of autophagy,2/193,20/2843,0.1,1.47305699481865,0.57284982085816,0.398206998791878,0.999979449332792,0.96479863560732,LYPLA1/FOXK2,2
GO:0010565,regulation of ketone metabolic process,2/193,20/2843,0.1,1.47305699481865,0.57284982085816,0.398206998791878,0.999979449332792,0.96479863560732,PRMT3/PGK1,2
GO:0035967,cellular response to topologically incorrect protein,2/193,20/2843,0.1,1.47305699481865,0.57284982085816,0.398206998791878,0.999979449332792,0.96479863560732,COPS5/HSPD1,2
GO:0042542,response to hydrogen peroxide,2/193,20/2843,0.1,1.47305699481865,0.57284982085816,0.398206998791878,0.999979449332792,0.96479863560732,HDAC2/ECT2,2
GO:0046928,regulation of neurotransmitter secretion,2/193,20/2843,0.1,1.47305699481865,0.57284982085816,0.398206998791878,0.999979449332792,0.96479863560732,DVL1/CDK5,2
GO:0060079,excitatory postsynaptic potential,2/193,20/2843,0.1,1.47305699481865,0.57284982085816,0.398206998791878,0.999979449332792,0.96479863560732,DVL1/CDK5,2
GO:0060972,left/right pattern formation,2/193,20/2843,0.1,1.47305699481865,0.57284982085816,0.398206998791878,0.999979449332792,0.96479863560732,DVL1/DNAAF2,2
GO:0071482,cellular response to light stimulus,2/193,20/2843,0.1,1.47305699481865,0.57284982085816,0.398206998791878,0.999979449332792,0.96479863560732,NPM1/DDB1,2
GO:0080171,lytic vacuole organization,2/193,20/2843,0.1,1.47305699481865,0.57284982085816,0.398206998791878,0.999979449332792,0.96479863560732,YWHAZ/VPS35,2
GO:0099068,postsynapse assembly,2/193,20/2843,0.1,1.47305699481865,0.57284982085816,0.398206998791878,0.999979449332792,0.96479863560732,RAC3/VPS35,2
GO:1990823,response to leukemia inhibitory factor,2/193,20/2843,0.1,1.47305699481865,0.57284982085816,0.398206998791878,0.999979449332792,0.96479863560732,BCAT2/RPS16,2
GO:1990830,cellular response to leukemia inhibitory factor,2/193,20/2843,0.1,1.47305699481865,0.57284982085816,0.398206998791878,0.999979449332792,0.96479863560732,BCAT2/RPS16,2
GO:0044770,cell cycle phase transition,9/193,117/2843,0.0769230769230769,1.13312076524512,0.396774328165373,0.398703312365829,0.999979449332792,0.96479863560732,NPM1/NSMCE2/BUB1/PSMG2/MNAT1/DDB1/CDK5/CUL2/TIPRL,9
GO:0051641,cellular localization,32/193,447/2843,0.0715883668903803,1.05453744595519,0.338901042407203,0.399150035871443,0.999979449332792,0.96479863560732,YWHAE/YIF1A/VDAC1/TMEM147/YWHAZ/NPM1/DVL1/COPS5/PHB2/NUP37/VDAC2/NDUFAF2/LYPLA1/THOC7/MTCH2/TUBB/XPO5/DIAPH3/SFXN4/ACTG1/LRPPRC/CDK5/ECT2/PARD3/ATG5/MTX2/ZFAND1/DNAAF2/VPS35/AP1S1/KCMF1/RAB2A,32
GO:0098813,nuclear chromosome segregation,6/193,75/2843,0.08,1.17844559585492,0.422591908193961,0.400632970270249,0.999979449332792,0.96479863560732,DCAF13/NSMCE2/BUB1/PSMG2/DDB1/ECT2,6
GO:0010564,regulation of cell cycle process,11/193,146/2843,0.0753424657534247,1.10983746184967,0.367666615736511,0.404856094030315,0.999979449332792,0.96479863560732,NPM1/GIPC1/NSMCE2/BUB1/PSMG2/MNAT1/DDB1/CDK5/ECT2/TOM1L1/TIPRL,11
GO:0006865,amino acid transport,3/193,34/2843,0.0882352941176471,1.29975617189881,0.474459860823215,0.409332645182972,0.999979449332792,0.96479863560732,GIPC1/SFXN4/LRRC8E,3
GO:0070201,regulation of establishment of protein localization,7/193,90/2843,0.0777777777777778,1.14571099597006,0.379034053578541,0.411984397166811,0.999979449332792,0.96479863560732,YWHAE/NDUFAF2/LYPLA1/CDK5/ECT2/ZFAND1/VPS35,7
GO:0000724,double-strand break repair via homologous recombination,4/193,48/2843,0.0833333333333333,1.22754749568221,0.42901208589508,0.41281940785663,0.999979449332792,0.96479863560732,PSMD14/MRGBP/NSMCE2/MEAF6,4
GO:0016485,protein processing,4/193,48/2843,0.0833333333333333,1.22754749568221,0.42901208589508,0.41281940785663,0.999979449332792,0.96479863560732,ENO1/MIPEP/PREP/PGK1,4
GO:0051656,establishment of organelle localization,6/193,76/2843,0.0789473684210526,1.16293973275157,0.388505320329986,0.413119521301573,0.999979449332792,0.96479863560732,YWHAZ/NPM1/COPS5/LRPPRC/CDK5/PARD3,6
GO:0051248,negative regulation of protein metabolic process,9/193,119/2843,0.0756302521008403,1.11407671877041,0.343032054424719,0.418748933507886,0.999979449332792,0.96479863560732,EIF3E/NPM1/GIPC1/PRMT3/EIF3H/CDK5/PARD3/ATG5/VPS35,9
GO:0022402,cell cycle process,20/193,277/2843,0.072202166064982,1.0635790576308,0.300533853053674,0.419525333137623,0.999979449332792,0.96479863560732,DCAF13/NPM1/PHB2/NUP37/GIPC1/TESMIN/NSMCE2/RHOC/TUBB/BUB1/DIAPH3/PSMG2/MNAT1/DDB1/CDK5/ECT2/TOM1L1/INTS13/CUL2/TIPRL,20
GO:0055085,transmembrane transport,19/193,263/2843,0.0722433460076046,1.06418566165606,0.294831443030698,0.422471470389373,0.999979449332792,0.96479863560732,ATP5F1C/YWHAE/VDAC1/PHB2/NDUFV2/HSPD1/YWHAQ/VDAC2/ATP5F1A/ATP5PO/SLC35B2/ATP5F1B/SFXN4/SLC25A3/LRRC8E/ATG5/NDUFS1/MRS2/SLC37A4,19
GO:0002220,innate immune response activating cell surface receptor signaling pathway,2/193,21/2843,0.0952380952380952,1.40291142363681,0.500044296386187,0.422546584334004,0.999979449332792,0.96479863560732,YWHAE/S100A14,2
GO:0002224,toll-like receptor signaling pathway,2/193,21/2843,0.0952380952380952,1.40291142363681,0.500044296386187,0.422546584334004,0.999979449332792,0.96479863560732,YWHAE/HSPD1,2
GO:0007030,Golgi organization,2/193,21/2843,0.0952380952380952,1.40291142363681,0.500044296386187,0.422546584334004,0.999979449332792,0.96479863560732,YWHAZ/RAB2A,2
GO:0019079,viral genome replication,2/193,21/2843,0.0952380952380952,1.40291142363681,0.500044296386187,0.422546584334004,0.999979449332792,0.96479863560732,DDB1/ATG5,2
GO:0019751,polyol metabolic process,2/193,21/2843,0.0952380952380952,1.40291142363681,0.500044296386187,0.422546584334004,0.999979449332792,0.96479863560732,GALK1/PCBD1,2
GO:0030518,nuclear receptor-mediated steroid hormone signaling pathway,2/193,21/2843,0.0952380952380952,1.40291142363681,0.500044296386187,0.422546584334004,0.999979449332792,0.96479863560732,PHB2/HDAC2,2
GO:0043401,steroid hormone receptor signaling pathway,2/193,21/2843,0.0952380952380952,1.40291142363681,0.500044296386187,0.422546584334004,0.999979449332792,0.96479863560732,PHB2/HDAC2,2
GO:0043547,positive regulation of GTPase activity,2/193,21/2843,0.0952380952380952,1.40291142363681,0.500044296386187,0.422546584334004,0.999979449332792,0.96479863560732,TBC1D7/ECT2,2
GO:0045132,meiotic chromosome segregation,2/193,21/2843,0.0952380952380952,1.40291142363681,0.500044296386187,0.422546584334004,0.999979449332792,0.96479863560732,DCAF13/DDB1,2
GO:0045739,positive regulation of DNA repair,2/193,21/2843,0.0952380952380952,1.40291142363681,0.500044296386187,0.422546584334004,0.999979449332792,0.96479863560732,MRGBP/MEAF6,2
GO:0099565,"chemical synaptic transmission, postsynaptic",2/193,21/2843,0.0952380952380952,1.40291142363681,0.500044296386187,0.422546584334004,0.999979449332792,0.96479863560732,DVL1/CDK5,2
GO:0140888,interferon-mediated signaling pathway,2/193,21/2843,0.0952380952380952,1.40291142363681,0.500044296386187,0.422546584334004,0.999979449332792,0.96479863560732,TTLL12/DDB1,2
GO:0010557,positive regulation of macromolecule biosynthetic process,35/193,495/2843,0.0707070707070707,1.04155545088188,0.274504397618939,0.423058525382273,0.999979449332792,0.96479863560732,HMGA1/METTL5/PTGES2/NME2/GTF2F2/PAIP1/EIF3E/E2F5/MRGBP/NPM1/DVL1/COPS5/PHB2/EIF5A/TCEA1/ENO1/PRMT3/HSPD1/DDX1/CCT8/CDK8/CCT4/CCT3/CLNS1A/ACTG1/EIF3C/DAZAP1/LRPPRC/HDAC2/PWP1/PCBD1/VPS35/FOXK2/MEAF6/RPUSD3,35
GO:0010595,positive regulation of endothelial cell migration,3/193,35/2843,0.0857142857142857,1.26262028127313,0.421824195511165,0.427961384493404,0.999979449332792,0.96479863560732,GFUS/ATP5F1A/ATP5F1B,3
GO:0034614,cellular response to reactive oxygen species,3/193,35/2843,0.0857142857142857,1.26262028127313,0.421824195511165,0.427961384493404,0.999979449332792,0.96479863560732,TRAP1/HDAC2/ECT2,3
GO:0050905,neuromuscular process,3/193,35/2843,0.0857142857142857,1.26262028127313,0.421824195511165,0.427961384493404,0.999979449332792,0.96479863560732,RAC3/DVL1/VPS35,3
GO:0071897,DNA biosynthetic process,4/193,49/2843,0.0816326530612245,1.20249550597441,0.385805116338925,0.428490629458327,0.999979449332792,0.96479863560732,CCT8/CCT4/CCT3/MEAF6,4
GO:0099003,vesicle-mediated transport in synapse,4/193,49/2843,0.0816326530612245,1.20249550597441,0.385805116338925,0.428490629458327,0.999979449332792,0.96479863560732,DVL1/ACTG1/CDK5/VPS35,4
GO:0010628,positive regulation of gene expression,18/193,251/2843,0.0717131474103586,1.0563755341329,0.252393279150166,0.439670702064911,0.999979449332792,0.96479863560732,METTL5/PAIP1/EIF3E/NPM1/PHB2/EIF5A/ENO1/PRMT3/HSPD1/DDX1/CLNS1A/ACTG1/EIF3C/DAZAP1/LRPPRC/HDAC2/VPS35/RPUSD3,18
GO:0007051,spindle organization,4/193,50/2843,0.08,1.17844559585492,0.343497137628725,0.444054672604732,0.999979449332792,0.96479863560732,DCAF13/TUBB/DDB1/INTS13,4
GO:0007179,transforming growth factor beta receptor signaling pathway,4/193,50/2843,0.08,1.17844559585492,0.343497137628725,0.444054672604732,0.999979449332792,0.96479863560732,STRAP/GIPC1/SINHCAF/HDAC2,4
GO:0008104,intracellular protein localization,31/193,441/2843,0.0702947845804989,1.03548224125574,0.218731631339736,0.445919705190815,0.999979449332792,0.96479863560732,YWHAE/YIF1A/TMEM147/YWHAZ/NPM1/DVL1/PHB2/NUP37/HSPD1/YWHAQ/NDUFAF2/LYPLA1/DDX1/CCT8/MTCH2/GDI2/CCT4/XPO5/CCT3/ACTG1/CDK5/ECT2/PARD3/MTX2/ZFAND1/VPS35/AP1S1/KCMF1/RAB2A/TOM1L1/INTS13,31
GO:0006576,biogenic amine metabolic process,2/193,22/2843,0.0909090909090909,1.33914272256241,0.430883688647914,0.446373417090701,0.999979449332792,0.96479863560732,SMS/VPS35,2
GO:0006612,protein targeting to membrane,2/193,22/2843,0.0909090909090909,1.33914272256241,0.430883688647914,0.446373417090701,0.999979449332792,0.96479863560732,CDK5/PARD3,2
GO:0010977,negative regulation of neuron projection development,2/193,22/2843,0.0909090909090909,1.33914272256241,0.430883688647914,0.446373417090701,0.999979449332792,0.96479863560732,HDAC2/CDK5,2
GO:0031398,positive regulation of protein ubiquitination,2/193,22/2843,0.0909090909090909,1.33914272256241,0.430883688647914,0.446373417090701,0.999979449332792,0.96479863560732,TBC1D7/NPM1,2
GO:0032007,negative regulation of TOR signaling,2/193,22/2843,0.0909090909090909,1.33914272256241,0.430883688647914,0.446373417090701,0.999979449332792,0.96479863560732,TBC1D7/YWHAZ,2
GO:0038202,TORC1 signaling,2/193,22/2843,0.0909090909090909,1.33914272256241,0.430883688647914,0.446373417090701,0.999979449332792,0.96479863560732,TBC1D7/YWHAZ,2
GO:0051588,regulation of neurotransmitter transport,2/193,22/2843,0.0909090909090909,1.33914272256241,0.430883688647914,0.446373417090701,0.999979449332792,0.96479863560732,DVL1/CDK5,2
GO:0098773,skin epidermis development,2/193,22/2843,0.0909090909090909,1.33914272256241,0.430883688647914,0.446373417090701,0.999979449332792,0.96479863560732,ELOVL1/HDAC2,2
GO:2000060,positive regulation of ubiquitin-dependent protein catabolic process,2/193,22/2843,0.0909090909090909,1.33914272256241,0.430883688647914,0.446373417090701,0.999979449332792,0.96479863560732,DVL1/COP1,2
GO:0051259,protein complex oligomerization,3/193,36/2843,0.0833333333333333,1.22754749568221,0.370740352524827,0.446382253255975,0.999979449332792,0.96479863560732,FARSB/ECT2/VPS35,3
GO:2001234,negative regulation of apoptotic signaling pathway,3/193,36/2843,0.0833333333333333,1.22754749568221,0.370740352524827,0.446382253255975,0.999979449332792,0.96479863560732,TRAP1/PYCR1/ENO1,3
GO:0001558,regulation of cell growth,6/193,79/2843,0.0759493670886076,1.11877746441923,0.288899194288496,0.45038922297329,0.999979449332792,0.96479863560732,NPM1/ENO1/MAPKAP1/CDK5/DCUN1D5/MEAF6,6
GO:0042391,regulation of membrane potential,6/193,79/2843,0.0759493670886076,1.11877746441923,0.288899194288496,0.45038922297329,0.999979449332792,0.96479863560732,YWHAE/DVL1/PYCR1/PPA2/MTCH2/CDK5,6
GO:0045787,positive regulation of cell cycle,5/193,65/2843,0.0769230769230769,1.13312076524512,0.292957160425054,0.454770843390659,0.999979449332792,0.96479863560732,NPM1/GIPC1/NSMCE2/BUB1/ECT2,5
GO:0036211,protein modification process,29/193,414/2843,0.070048309178744,1.03185151810968,0.189183956581017,0.45819321114614,0.999979449332792,0.96479863560732,YWHAE/PSMD14/TBC1D7/DCAF13/YWHAZ/NPM1/COPS5/PRMT3/NSMCE2/LYPLA1/KLHL7/PCMT1/ASB13/MACROD1/DDB1/DPH5/HDAC2/CDK5/ECT2/PARD3/DCUN1D5/ATG5/NTAQ1/KCMF1/TOM1L1/UCHL3/COP1/CUL2/DPH6,29
GO:0000725,recombinational repair,4/193,51/2843,0.0784313725490196,1.15533881946561,0.302047423648057,0.459491733476227,0.999979449332792,0.96479863560732,PSMD14/MRGBP/NSMCE2/MEAF6,4
GO:0021700,developmental maturation,4/193,51/2843,0.0784313725490196,1.15533881946561,0.302047423648057,0.459491733476227,0.999979449332792,0.96479863560732,RAC3/YWHAZ/DIAPH3/VPS35,4
GO:0009267,cellular response to starvation,3/193,37/2843,0.0810810810810811,1.19437053633945,0.321111024414738,0.464566486872138,0.999979449332792,0.96479863560732,TBC1D7/YWHAZ/ATG5,3
GO:0019646,aerobic electron transport chain,3/193,37/2843,0.0810810810810811,1.19437053633945,0.321111024414738,0.464566486872138,0.999979449332792,0.96479863560732,NDUFV2/UQCRC2/NDUFS1,3
GO:0048839,inner ear development,3/193,37/2843,0.0810810810810811,1.19437053633945,0.321111024414738,0.464566486872138,0.999979449332792,0.96479863560732,DVL1/DIAPH3/ATG5,3
GO:0072330,monocarboxylic acid biosynthetic process,3/193,37/2843,0.0810810810810811,1.19437053633945,0.321111024414738,0.464566486872138,0.999979449332792,0.96479863560732,PTGES2/PRMT3/ELOVL1,3
GO:0006281,DNA repair,11/193,153/2843,0.0718954248366013,1.05906058451014,0.202644616424703,0.467995833798284,0.999979449332792,0.96479863560732,HMGA1/NTHL1/PSMD14/POLR2I/MRGBP/NPM1/NSMCE2/DDX1/MNAT1/DDB1/MEAF6,11
GO:0050808,synapse organization,7/193,95/2843,0.0736842105263158,1.0854104172348,0.228471501683652,0.468992188639204,0.999979449332792,0.96479863560732,RAC3/YWHAZ/DVL1/TUBB/ACTG1/CDK5/VPS35,7
GO:0080135,regulation of cellular response to stress,7/193,95/2843,0.0736842105263158,1.0854104172348,0.228471501683652,0.468992188639204,0.999979449332792,0.96479863560732,MRGBP/NPM1/COPS5/ENO1/MTCH2/MAPKAP1/MEAF6,7
GO:0001539,cilium or flagellum-dependent cell motility,2/193,23/2843,0.0869565217391304,1.28091912592926,0.364996270279321,0.469644809256641,0.999979449332792,0.96479863560732,DNAAF2/INTS13,2
GO:0002312,B cell activation involved in immune response,2/193,23/2843,0.0869565217391304,1.28091912592926,0.364996270279321,0.469644809256641,0.999979449332792,0.96479863560732,HSPD1/PHF14,2
GO:0003300,cardiac muscle hypertrophy,2/193,23/2843,0.0869565217391304,1.28091912592926,0.364996270279321,0.469644809256641,0.999979449332792,0.96479863560732,GLRX3/HDAC2,2
GO:0006986,response to unfolded protein,2/193,23/2843,0.0869565217391304,1.28091912592926,0.364996270279321,0.469644809256641,0.999979449332792,0.96479863560732,COPS5/HSPD1,2
GO:0014896,muscle hypertrophy,2/193,23/2843,0.0869565217391304,1.28091912592926,0.364996270279321,0.469644809256641,0.999979449332792,0.96479863560732,GLRX3/HDAC2,2
GO:0014897,striated muscle hypertrophy,2/193,23/2843,0.0869565217391304,1.28091912592926,0.364996270279321,0.469644809256641,0.999979449332792,0.96479863560732,GLRX3/HDAC2,2
GO:0021761,limbic system development,2/193,23/2843,0.0869565217391304,1.28091912592926,0.364996270279321,0.469644809256641,0.999979449332792,0.96479863560732,YWHAE/CDK5,2
GO:0030534,adult behavior,2/193,23/2843,0.0869565217391304,1.28091912592926,0.364996270279321,0.469644809256641,0.999979449332792,0.96479863560732,HDAC2/CDK5,2
GO:0060285,cilium-dependent cell motility,2/193,23/2843,0.0869565217391304,1.28091912592926,0.364996270279321,0.469644809256641,0.999979449332792,0.96479863560732,DNAAF2/INTS13,2
GO:0061640,cytoskeleton-dependent cytokinesis,2/193,23/2843,0.0869565217391304,1.28091912592926,0.364996270279321,0.469644809256641,0.999979449332792,0.96479863560732,RHOC/ECT2,2
GO:0072329,monocarboxylic acid catabolic process,2/193,23/2843,0.0869565217391304,1.28091912592926,0.364996270279321,0.469644809256641,0.999979449332792,0.96479863560732,LDHA/PCCB,2
GO:0098661,inorganic anion transmembrane transport,2/193,23/2843,0.0869565217391304,1.28091912592926,0.364996270279321,0.469644809256641,0.999979449332792,0.96479863560732,SLC25A3/SLC37A4,2
GO:0170035,L-amino acid catabolic process,2/193,23/2843,0.0869565217391304,1.28091912592926,0.364996270279321,0.469644809256641,0.999979449332792,0.96479863560732,BCAT2/GCAT,2
GO:1903076,regulation of protein localization to plasma membrane,2/193,23/2843,0.0869565217391304,1.28091912592926,0.364996270279321,0.469644809256641,0.999979449332792,0.96479863560732,LYPLA1/CDK5,2
GO:2000779,regulation of double-strand break repair,2/193,23/2843,0.0869565217391304,1.28091912592926,0.364996270279321,0.469644809256641,0.999979449332792,0.96479863560732,MRGBP/MEAF6,2
GO:0070925,organelle assembly,14/193,197/2843,0.0710659898477157,1.04684253438889,0.183885011720138,0.470593423821394,0.999979449332792,0.96479863560732,TBC1D7/DCAF13/NPM1/NDUFAF2/GDI2/TUBB/DIAPH3/ACTG1/DDB1/NOA1/ATG5/DNAAF2/AP1S1/RPL38,14
GO:0002440,production of molecular mediator of immune response,4/193,52/2843,0.0769230769230769,1.13312076524512,0.261417895067285,0.474783311659978,0.999979449332792,0.96479863560732,PHB2/HSPD1/DDX1/ATG5,4
GO:1904062,regulation of monoatomic cation transmembrane transport,4/193,52/2843,0.0769230769230769,1.13312076524512,0.261417895067285,0.474783311659978,0.999979449332792,0.96479863560732,YWHAE/VDAC1/PHB2/ATG5,4
GO:2001233,regulation of apoptotic signaling pathway,5/193,67/2843,0.0746268656716418,1.09929626479004,0.221936297635956,0.481799912933204,0.999979449332792,0.96479863560732,TRAP1/EIF5A/PYCR1/ENO1/MTCH2,5
GO:0042180,ketone metabolic process,3/193,38/2843,0.0789473684210526,1.16293973275157,0.272847588360411,0.482488168372755,0.999979449332792,0.96479863560732,PRMT3/PGK1/RTN4IP1,3
GO:0006812,monoatomic cation transport,13/193,184/2843,0.0706521739130435,1.04074678981753,0.154209417350074,0.483605338119559,0.999979449332792,0.96479863560732,ATP5F1C/YWHAE/VDAC1/PHB2/NDUFV2/ATP5F1A/ATP5PO/ATP5F1B/SLC25A3/CDK5/ATG5/NDUFS1/MRS2,13
GO:0045786,negative regulation of cell cycle,6/193,82/2843,0.0731707317073171,1.07784658157462,0.193010539044915,0.487142338584546,0.999979449332792,0.96479863560732,NPM1/BUB1/PSMG2/CDK5/TOM1L1/TIPRL,6
GO:0031399,regulation of protein modification process,10/193,141/2843,0.0709219858156028,1.04472127292103,0.146976802456328,0.4918215004868,0.999979449332792,0.96479863560732,TBC1D7/NPM1/COPS5/PRMT3/CDK5/ECT2/PARD3/DCUN1D5/ATG5/TOM1L1,10
GO:0006892,post-Golgi vesicle-mediated transport,2/193,24/2843,0.0833333333333333,1.22754749568221,0.30206325459326,0.492326164351708,0.999979449332792,0.96479863560732,YWHAE/LYPLA1,2
GO:0007229,integrin-mediated signaling pathway,2/193,24/2843,0.0833333333333333,1.22754749568221,0.30206325459326,0.492326164351708,0.999979449332792,0.96479863560732,NME2/DIAPH3,2
GO:0016079,synaptic vesicle exocytosis,2/193,24/2843,0.0833333333333333,1.22754749568221,0.30206325459326,0.492326164351708,0.999979449332792,0.96479863560732,DVL1/CDK5,2
GO:1903531,negative regulation of secretion by cell,2/193,24/2843,0.0833333333333333,1.22754749568221,0.30206325459326,0.492326164351708,0.999979449332792,0.96479863560732,NDUFAF2/CDK5,2
GO:2001251,negative regulation of chromosome organization,2/193,24/2843,0.0833333333333333,1.22754749568221,0.30206325459326,0.492326164351708,0.999979449332792,0.96479863560732,BUB1/PSMG2,2
GO:0010038,response to metal ion,5/193,68/2843,0.0735294117647059,1.08313014324901,0.187218708856556,0.495148375668209,0.999979449332792,0.96479863560732,TESMIN/MNAT1/ECT2/ATG5/CPNE3,5
GO:0009892,negative regulation of metabolic process,34/193,494/2843,0.0688259109311741,1.01384489521932,0.0913438670765982,0.495391083273989,0.999979449332792,0.96479863560732,HMGA1/TRAP1/STRAP/VDAC1/PAIP1/YWHAZ/EIF3E/NPM1/PHB2/GIPC1/ENO1/PRMT3/YWHAQ/LYPLA1/EIF3H/MTCH2/CBX3/XPO5/SRSF9/LSM2/PHF14/SINHCAF/LRPPRC/HDAC2/CDK5/PWP1/PGK1/PARD3/DEPDC1/ATG5/VPS35/EXOSC7/TBRG4/FOXK2,34
GO:0044093,positive regulation of molecular function,7/193,98/2843,0.0714285714285714,1.05218356772761,0.141854587679023,0.502609602771098,0.999979449332792,0.96479863560732,TBC1D7/NPM1/COPS5/PHB2/RHOC/ECT2/TOM1L1,7
GO:0031669,cellular response to nutrient levels,4/193,54/2843,0.0740740740740741,1.0911533294953,0.182479008933858,0.504862470638107,0.999979449332792,0.96479863560732,TBC1D7/YWHAZ/MAPKAP1/ATG5,4
GO:0043123,positive regulation of canonical NF-kappaB signal transduction,4/193,54/2843,0.0740740740740741,1.0911533294953,0.182479008933858,0.504862470638107,0.999979449332792,0.96479863560732,RHOC/DDX1/SLC35B2/ECT2,4
GO:0001975,response to amphetamine,1/193,10/2843,0.1,1.47305699481865,0.40435045449327,0.505474902996384,0.999979449332792,0.96479863560732,HDAC2,1
GO:0002313,mature B cell differentiation involved in immune response,1/193,10/2843,0.1,1.47305699481865,0.40435045449327,0.505474902996384,0.999979449332792,0.96479863560732,PHF14,1
GO:0006929,substrate-dependent cell migration,1/193,10/2843,0.1,1.47305699481865,0.40435045449327,0.505474902996384,0.999979449332792,0.96479863560732,ATP5F1B,1
GO:0007019,microtubule depolymerization,1/193,10/2843,0.1,1.47305699481865,0.40435045449327,0.505474902996384,0.999979449332792,0.96479863560732,DIAPH3,1
GO:0009225,nucleotide-sugar metabolic process,1/193,10/2843,0.1,1.47305699481865,0.40435045449327,0.505474902996384,0.999979449332792,0.96479863560732,GFUS,1
GO:0009620,response to fungus,1/193,10/2843,0.1,1.47305699481865,0.40435045449327,0.505474902996384,0.999979449332792,0.96479863560732,ATG5,1
GO:0010614,negative regulation of cardiac muscle hypertrophy,1/193,10/2843,0.1,1.47305699481865,0.40435045449327,0.505474902996384,0.999979449332792,0.96479863560732,GLRX3,1
GO:0014741,negative regulation of muscle hypertrophy,1/193,10/2843,0.1,1.47305699481865,0.40435045449327,0.505474902996384,0.999979449332792,0.96479863560732,GLRX3,1
GO:0014850,response to muscle activity,1/193,10/2843,0.1,1.47305699481865,0.40435045449327,0.505474902996384,0.999979449332792,0.96479863560732,ATP5F1A,1
GO:0021695,cerebellar cortex development,1/193,10/2843,0.1,1.47305699481865,0.40435045449327,0.505474902996384,0.999979449332792,0.96479863560732,CDK5,1
GO:0021799,cerebral cortex radially oriented cell migration,1/193,10/2843,0.1,1.47305699481865,0.40435045449327,0.505474902996384,0.999979449332792,0.96479863560732,CDK5,1
GO:0030866,cortical actin cytoskeleton organization,1/193,10/2843,0.1,1.47305699481865,0.40435045449327,0.505474902996384,0.999979449332792,0.96479863560732,ECT2,1
GO:0031646,positive regulation of nervous system process,1/193,10/2843,0.1,1.47305699481865,0.40435045449327,0.505474902996384,0.999979449332792,0.96479863560732,PARD3,1
GO:0033628,regulation of cell adhesion mediated by integrin,1/193,10/2843,0.1,1.47305699481865,0.40435045449327,0.505474902996384,0.999979449332792,0.96479863560732,RAC3,1
GO:0034121,regulation of toll-like receptor signaling pathway,1/193,10/2843,0.1,1.47305699481865,0.40435045449327,0.505474902996384,0.999979449332792,0.96479863560732,YWHAE,1
GO:0035088,establishment or maintenance of apical/basal cell polarity,1/193,10/2843,0.1,1.47305699481865,0.40435045449327,0.505474902996384,0.999979449332792,0.96479863560732,PARD3,1
GO:0042181,ketone biosynthetic process,1/193,10/2843,0.1,1.47305699481865,0.40435045449327,0.505474902996384,0.999979449332792,0.96479863560732,RTN4IP1,1
GO:0042311,vasodilation,1/193,10/2843,0.1,1.47305699481865,0.40435045449327,0.505474902996384,0.999979449332792,0.96479863560732,ATG5,1
GO:0042475,odontogenesis of dentin-containing tooth,1/193,10/2843,0.1,1.47305699481865,0.40435045449327,0.505474902996384,0.999979449332792,0.96479863560732,HDAC2,1
GO:0044319,"wound healing, spreading of cells",1/193,10/2843,0.1,1.47305699481865,0.40435045449327,0.505474902996384,0.999979449332792,0.96479863560732,RHOC,1
GO:0045197,establishment or maintenance of epithelial cell apical/basal polarity,1/193,10/2843,0.1,1.47305699481865,0.40435045449327,0.505474902996384,0.999979449332792,0.96479863560732,PARD3,1
GO:0045616,regulation of keratinocyte differentiation,1/193,10/2843,0.1,1.47305699481865,0.40435045449327,0.505474902996384,0.999979449332792,0.96479863560732,NME2,1
GO:0045684,positive regulation of epidermis development,1/193,10/2843,0.1,1.47305699481865,0.40435045449327,0.505474902996384,0.999979449332792,0.96479863560732,NME2,1
GO:0046513,ceramide biosynthetic process,1/193,10/2843,0.1,1.47305699481865,0.40435045449327,0.505474902996384,0.999979449332792,0.96479863560732,ELOVL1,1
GO:0051480,regulation of cytosolic calcium ion concentration,1/193,10/2843,0.1,1.47305699481865,0.40435045449327,0.505474902996384,0.999979449332792,0.96479863560732,YWHAE,1
GO:0061245,establishment or maintenance of bipolar cell polarity,1/193,10/2843,0.1,1.47305699481865,0.40435045449327,0.505474902996384,0.999979449332792,0.96479863560732,PARD3,1
GO:0070972,protein localization to endoplasmic reticulum,1/193,10/2843,0.1,1.47305699481865,0.40435045449327,0.505474902996384,0.999979449332792,0.96479863560732,YWHAE,1
GO:0071300,cellular response to retinoic acid,1/193,10/2843,0.1,1.47305699481865,0.40435045449327,0.505474902996384,0.999979449332792,0.96479863560732,HDAC2,1
GO:0086091,regulation of heart rate by cardiac conduction,1/193,10/2843,0.1,1.47305699481865,0.40435045449327,0.505474902996384,0.999979449332792,0.96479863560732,YWHAE,1
GO:0090317,negative regulation of intracellular protein transport,1/193,10/2843,0.1,1.47305699481865,0.40435045449327,0.505474902996384,0.999979449332792,0.96479863560732,CDK5,1
GO:0090504,epiboly,1/193,10/2843,0.1,1.47305699481865,0.40435045449327,0.505474902996384,0.999979449332792,0.96479863560732,RHOC,1
GO:0090505,epiboly involved in wound healing,1/193,10/2843,0.1,1.47305699481865,0.40435045449327,0.505474902996384,0.999979449332792,0.96479863560732,RHOC,1
GO:0140467,integrated stress response signaling,1/193,10/2843,0.1,1.47305699481865,0.40435045449327,0.505474902996384,0.999979449332792,0.96479863560732,KCMF1,1
GO:1900181,negative regulation of protein localization to nucleus,1/193,10/2843,0.1,1.47305699481865,0.40435045449327,0.505474902996384,0.999979449332792,0.96479863560732,YWHAZ,1
GO:1901568,fatty acid derivative metabolic process,1/193,10/2843,0.1,1.47305699481865,0.40435045449327,0.505474902996384,0.999979449332792,0.96479863560732,ELOVL1,1
GO:1902686,mitochondrial outer membrane permeabilization involved in programmed cell death,1/193,10/2843,0.1,1.47305699481865,0.40435045449327,0.505474902996384,0.999979449332792,0.96479863560732,VDAC2,1
GO:1904407,positive regulation of nitric oxide metabolic process,1/193,10/2843,0.1,1.47305699481865,0.40435045449327,0.505474902996384,0.999979449332792,0.96479863560732,ASL,1
GO:1905820,positive regulation of chromosome separation,1/193,10/2843,0.1,1.47305699481865,0.40435045449327,0.505474902996384,0.999979449332792,0.96479863560732,NSMCE2,1
GO:0000018,regulation of DNA recombination,2/193,25/2843,0.08,1.17844559585492,0.241809354685874,0.514390085084562,0.999979449332792,0.96479863560732,MRGBP/MEAF6,2
GO:0003341,cilium movement,2/193,25/2843,0.08,1.17844559585492,0.241809354685874,0.514390085084562,0.999979449332792,0.96479863560732,DNAAF2/INTS13,2
GO:0006120,"mitochondrial electron transport, NADH to ubiquinone",2/193,25/2843,0.08,1.17844559585492,0.241809354685874,0.514390085084562,0.999979449332792,0.96479863560732,NDUFV2/NDUFS1,2
GO:0006906,vesicle fusion,2/193,25/2843,0.08,1.17844559585492,0.241809354685874,0.514390085084562,0.999979449332792,0.96479863560732,DIAPH3/RAB2A,2
GO:0007612,learning,2/193,25/2843,0.08,1.17844559585492,0.241809354685874,0.514390085084562,0.999979449332792,0.96479863560732,VDAC1/CDK5,2
GO:0018958,phenol-containing compound metabolic process,2/193,25/2843,0.08,1.17844559585492,0.241809354685874,0.514390085084562,0.999979449332792,0.96479863560732,GIPC1/VPS35,2
GO:0021954,central nervous system neuron development,2/193,25/2843,0.08,1.17844559585492,0.241809354685874,0.514390085084562,0.999979449332792,0.96479863560732,RAC3/CDK5,2
GO:0021987,cerebral cortex development,2/193,25/2843,0.08,1.17844559585492,0.241809354685874,0.514390085084562,0.999979449332792,0.96479863560732,YWHAE/CDK5,2
GO:0042471,ear morphogenesis,2/193,25/2843,0.08,1.17844559585492,0.241809354685874,0.514390085084562,0.999979449332792,0.96479863560732,DVL1/RPL38,2
GO:0051492,regulation of stress fiber assembly,2/193,25/2843,0.08,1.17844559585492,0.241809354685874,0.514390085084562,0.999979449332792,0.96479863560732,RHOC/ACTG1,2
GO:1901800,positive regulation of proteasomal protein catabolic process,2/193,25/2843,0.08,1.17844559585492,0.241809354685874,0.514390085084562,0.999979449332792,0.96479863560732,DVL1/COP1,2
GO:0055082,intracellular chemical homeostasis,8/193,114/2843,0.0701754385964912,1.03372420689028,0.0991653975067133,0.515840477589115,0.999979449332792,0.96479863560732,YWHAE/GLRX3/TESMIN/NDUFAF2/ATP5F1B/ATG5/ASL/FOXK2,8
GO:0120035,regulation of plasma membrane bounded cell projection organization,8/193,114/2843,0.0701754385964912,1.03372420689028,0.0991653975067133,0.515840477589115,0.999979449332792,0.96479863560732,TBC1D7/DVL1/GDI2/HDAC2/CDK5/ATG5/VPS35/RTN4IP1,8
GO:0051336,regulation of hydrolase activity,3/193,40/2843,0.075,1.10479274611399,0.180101538349685,0.517453734854603,0.999979449332792,0.96479863560732,TBC1D7/RHOC/ECT2,3
GO:0051924,regulation of calcium ion transport,3/193,40/2843,0.075,1.10479274611399,0.180101538349685,0.517453734854603,0.999979449332792,0.96479863560732,YWHAE/VDAC1/ATG5,3
GO:0060491,regulation of cell projection assembly,3/193,40/2843,0.075,1.10479274611399,0.180101538349685,0.517453734854603,0.999979449332792,0.96479863560732,TBC1D7/GDI2/ATG5,3
GO:0120032,regulation of plasma membrane bounded cell projection assembly,3/193,40/2843,0.075,1.10479274611399,0.180101538349685,0.517453734854603,0.999979449332792,0.96479863560732,TBC1D7/GDI2/ATG5,3
GO:0009890,negative regulation of biosynthetic process,28/193,410/2843,0.0682926829268293,1.00599014280298,0.0353773912135707,0.519502955057235,0.999979449332792,0.96479863560732,HMGA1/TRAP1/STRAP/PAIP1/YWHAZ/EIF3E/NPM1/PHB2/ENO1/PRMT3/YWHAQ/CBX3/XPO5/SRSF9/LSM2/PHF14/SINHCAF/LRPPRC/HDAC2/CDK5/PWP1/PGK1/DEPDC1/ATG5/VPS35/EXOSC7/TBRG4/FOXK2,28
GO:0048863,stem cell differentiation,4/193,55/2843,0.0727272727272727,1.07131417804993,0.144104849225795,0.51961944968091,0.999979449332792,0.96479863560732,METTL5/MTCH2/HDAC2/PWP1,4
GO:0010948,negative regulation of cell cycle process,5/193,70/2843,0.0714285714285714,1.05218356772761,0.119282190942196,0.52145459678323,0.999979449332792,0.96479863560732,NPM1/BUB1/PSMG2/TOM1L1/TIPRL,5
GO:0009615,response to virus,6/193,85/2843,0.0705882352941176,1.03980493751905,0.100534942257249,0.523110014360727,0.999979449332792,0.96479863560732,PHB2/EIF5A/ENO1/DDX1/ATG5/AP1S1,6
GO:0051301,cell division,10/193,145/2843,0.0689655172413793,1.015901375737,0.0530353552817401,0.528795081172309,0.999979449332792,0.96479863560732,NUP37/GIPC1/NSMCE2/RHOC/TUBB/BUB1/CDK5/ECT2/PARD3/INTS13,10
GO:0033500,carbohydrate homeostasis,3/193,41/2843,0.0731707317073171,1.07784658157462,0.135476872907242,0.534458938686195,0.999979449332792,0.96479863560732,NDUFAF2/FOXK2/SLC37A4,3
GO:0042593,glucose homeostasis,3/193,41/2843,0.0731707317073171,1.07784658157462,0.135476872907242,0.534458938686195,0.999979449332792,0.96479863560732,NDUFAF2/FOXK2/SLC37A4,3
GO:0051017,actin filament bundle assembly,3/193,41/2843,0.0731707317073171,1.07784658157462,0.135476872907242,0.534458938686195,0.999979449332792,0.96479863560732,RHOC/DIAPH3/ACTG1,3
GO:0061572,actin filament bundle organization,3/193,41/2843,0.0731707317073171,1.07784658157462,0.135476872907242,0.534458938686195,0.999979449332792,0.96479863560732,RHOC/DIAPH3/ACTG1,3
GO:0009896,positive regulation of catabolic process,7/193,101/2843,0.0693069306930693,1.02093059046837,0.057793127388203,0.535531072602236,0.999979449332792,0.96479863560732,VDAC1/PAIP1/DVL1/DDB1/ATG5/VPS35/COP1,7
GO:0045088,regulation of innate immune response,7/193,101/2843,0.0693069306930693,1.02093059046837,0.057793127388203,0.535531072602236,0.999979449332792,0.96479863560732,YWHAE/YWHAZ/PHB2/HSPD1/TTLL12/S100A14/ATG5,7
GO:0002377,immunoglobulin production,2/193,26/2843,0.0769230769230769,1.13312076524512,0.183995334250971,0.535815564060937,0.999979449332792,0.96479863560732,PHB2/HSPD1,2
GO:0009308,amine metabolic process,2/193,26/2843,0.0769230769230769,1.13312076524512,0.183995334250971,0.535815564060937,0.999979449332792,0.96479863560732,SMS/VPS35,2
GO:0030177,positive regulation of Wnt signaling pathway,2/193,26/2843,0.0769230769230769,1.13312076524512,0.183995334250971,0.535815564060937,0.999979449332792,0.96479863560732,DEPDC1B/VPS35,2
GO:0043467,regulation of generation of precursor metabolites and energy,2/193,26/2843,0.0769230769230769,1.13312076524512,0.183995334250971,0.535815564060937,0.999979449332792,0.96479863560732,TRAP1/MTCH2,2
GO:0060078,regulation of postsynaptic membrane potential,2/193,26/2843,0.0769230769230769,1.13312076524512,0.183995334250971,0.535815564060937,0.999979449332792,0.96479863560732,DVL1/CDK5,2
GO:0062013,positive regulation of small molecule metabolic process,2/193,26/2843,0.0769230769230769,1.13312076524512,0.183995334250971,0.535815564060937,0.999979449332792,0.96479863560732,ENO1/DDB1,2
GO:0090174,organelle membrane fusion,2/193,26/2843,0.0769230769230769,1.13312076524512,0.183995334250971,0.535815564060937,0.999979449332792,0.96479863560732,DIAPH3/RAB2A,2
GO:0006259,DNA metabolic process,16/193,235/2843,0.0680851063829787,1.00293242200419,0.012664100887091,0.535920814222996,0.999979449332792,0.96479863560732,HMGA1/NTHL1/PSMD14/POLR2I/MRGBP/NPM1/HSPD1/NSMCE2/DDX1/CCT8/CCT4/CCT3/MNAT1/DDB1/TATDN1/MEAF6,16
GO:0001947,heart looping,1/193,11/2843,0.0909090909090909,1.33914272256241,0.304088484829531,0.539164752527516,0.999979449332792,0.96479863560732,DVL1,1
GO:0001974,blood vessel remodeling,1/193,11/2843,0.0909090909090909,1.33914272256241,0.304088484829531,0.539164752527516,0.999979449332792,0.96479863560732,ATG5,1
GO:0002335,mature B cell differentiation,1/193,11/2843,0.0909090909090909,1.33914272256241,0.304088484829531,0.539164752527516,0.999979449332792,0.96479863560732,PHF14,1
GO:0002837,regulation of immune response to tumor cell,1/193,11/2843,0.0909090909090909,1.33914272256241,0.304088484829531,0.539164752527516,0.999979449332792,0.96479863560732,HSPD1,1
GO:0006360,transcription by RNA polymerase I,1/193,11/2843,0.0909090909090909,1.33914272256241,0.304088484829531,0.539164752527516,0.999979449332792,0.96479863560732,PWP1,1
GO:0006885,regulation of pH,1/193,11/2843,0.0909090909090909,1.33914272256241,0.304088484829531,0.539164752527516,0.999979449332792,0.96479863560732,ATP5F1B,1
GO:0007029,endoplasmic reticulum organization,1/193,11/2843,0.0909090909090909,1.33914272256241,0.304088484829531,0.539164752527516,0.999979449332792,0.96479863560732,TMEM147,1
GO:0009409,response to cold,1/193,11/2843,0.0909090909090909,1.33914272256241,0.304088484829531,0.539164752527516,0.999979449332792,0.96479863560732,HSPD1,1
GO:0010453,regulation of cell fate commitment,1/193,11/2843,0.0909090909090909,1.33914272256241,0.304088484829531,0.539164752527516,0.999979449332792,0.96479863560732,HDAC2,1
GO:0010669,epithelial structure maintenance,1/193,11/2843,0.0909090909090909,1.33914272256241,0.304088484829531,0.539164752527516,0.999979449332792,0.96479863560732,STRAP,1
GO:0010824,regulation of centrosome duplication,1/193,11/2843,0.0909090909090909,1.33914272256241,0.304088484829531,0.539164752527516,0.999979449332792,0.96479863560732,NPM1,1
GO:0017004,cytochrome complex assembly,1/193,11/2843,0.0909090909090909,1.33914272256241,0.304088484829531,0.539164752527516,0.999979449332792,0.96479863560732,COA1,1
GO:0021884,forebrain neuron development,1/193,11/2843,0.0909090909090909,1.33914272256241,0.304088484829531,0.539164752527516,0.999979449332792,0.96479863560732,RAC3,1
GO:0030516,regulation of axon extension,1/193,11/2843,0.0909090909090909,1.33914272256241,0.304088484829531,0.539164752527516,0.999979449332792,0.96479863560732,CDK5,1
GO:0030641,regulation of cellular pH,1/193,11/2843,0.0909090909090909,1.33914272256241,0.304088484829531,0.539164752527516,0.999979449332792,0.96479863560732,ATP5F1B,1
GO:0031641,regulation of myelination,1/193,11/2843,0.0909090909090909,1.33914272256241,0.304088484829531,0.539164752527516,0.999979449332792,0.96479863560732,PARD3,1
GO:0032233,positive regulation of actin filament bundle assembly,1/193,11/2843,0.0909090909090909,1.33914272256241,0.304088484829531,0.539164752527516,0.999979449332792,0.96479863560732,RHOC,1
GO:0032480,negative regulation of type I interferon production,1/193,11/2843,0.0909090909090909,1.33914272256241,0.304088484829531,0.539164752527516,0.999979449332792,0.96479863560732,ATG5,1
GO:0032506,cytokinetic process,1/193,11/2843,0.0909090909090909,1.33914272256241,0.304088484829531,0.539164752527516,0.999979449332792,0.96479863560732,ECT2,1
GO:0032507,maintenance of protein location in cell,1/193,11/2843,0.0909090909090909,1.33914272256241,0.304088484829531,0.539164752527516,0.999979449332792,0.96479863560732,CDK5,1
GO:0035082,axoneme assembly,1/193,11/2843,0.0909090909090909,1.33914272256241,0.304088484829531,0.539164752527516,0.999979449332792,0.96479863560732,DNAAF2,1
GO:0035329,hippo signaling,1/193,11/2843,0.0909090909090909,1.33914272256241,0.304088484829531,0.539164752527516,0.999979449332792,0.96479863560732,YWHAE,1
GO:0035567,non-canonical Wnt signaling pathway,1/193,11/2843,0.0909090909090909,1.33914272256241,0.304088484829531,0.539164752527516,0.999979449332792,0.96479863560732,DVL1,1
GO:0035773,insulin secretion involved in cellular response to glucose stimulus,1/193,11/2843,0.0909090909090909,1.33914272256241,0.304088484829531,0.539164752527516,0.999979449332792,0.96479863560732,NDUFAF2,1
GO:0035794,positive regulation of mitochondrial membrane permeability,1/193,11/2843,0.0909090909090909,1.33914272256241,0.304088484829531,0.539164752527516,0.999979449332792,0.96479863560732,VDAC2,1
GO:0043433,negative regulation of DNA-binding transcription factor activity,1/193,11/2843,0.0909090909090909,1.33914272256241,0.304088484829531,0.539164752527516,0.999979449332792,0.96479863560732,PHB2,1
GO:0043516,"regulation of DNA damage response, signal transduction by p53 class mediator",1/193,11/2843,0.0909090909090909,1.33914272256241,0.304088484829531,0.539164752527516,0.999979449332792,0.96479863560732,NPM1,1
GO:0045010,actin nucleation,1/193,11/2843,0.0909090909090909,1.33914272256241,0.304088484829531,0.539164752527516,0.999979449332792,0.96479863560732,DIAPH3,1
GO:0045214,sarcomere organization,1/193,11/2843,0.0909090909090909,1.33914272256241,0.304088484829531,0.539164752527516,0.999979449332792,0.96479863560732,ACTG1,1
GO:0045666,positive regulation of neuron differentiation,1/193,11/2843,0.0909090909090909,1.33914272256241,0.304088484829531,0.539164752527516,0.999979449332792,0.96479863560732,ECT2,1
GO:0045730,respiratory burst,1/193,11/2843,0.0909090909090909,1.33914272256241,0.304088484829531,0.539164752527516,0.999979449332792,0.96479863560732,RAC3,1
GO:0045912,negative regulation of carbohydrate metabolic process,1/193,11/2843,0.0909090909090909,1.33914272256241,0.304088484829531,0.539164752527516,0.999979449332792,0.96479863560732,MTCH2,1
GO:0048255,mRNA stabilization,1/193,11/2843,0.0909090909090909,1.33914272256241,0.304088484829531,0.539164752527516,0.999979449332792,0.96479863560732,PAIP1,1
GO:0048286,lung alveolus development,1/193,11/2843,0.0909090909090909,1.33914272256241,0.304088484829531,0.539164752527516,0.999979449332792,0.96479863560732,PHF14,1
GO:0051092,positive regulation of NF-kappaB transcription factor activity,1/193,11/2843,0.0909090909090909,1.33914272256241,0.304088484829531,0.539164752527516,0.999979449332792,0.96479863560732,NPM1,1
GO:0051453,regulation of intracellular pH,1/193,11/2843,0.0909090909090909,1.33914272256241,0.304088484829531,0.539164752527516,0.999979449332792,0.96479863560732,ATP5F1B,1
GO:0061371,determination of heart left/right asymmetry,1/193,11/2843,0.0909090909090909,1.33914272256241,0.304088484829531,0.539164752527516,0.999979449332792,0.96479863560732,DVL1,1
GO:0062237,protein localization to postsynapse,1/193,11/2843,0.0909090909090909,1.33914272256241,0.304088484829531,0.539164752527516,0.999979449332792,0.96479863560732,VPS35,1
GO:0090025,regulation of monocyte chemotaxis,1/193,11/2843,0.0909090909090909,1.33914272256241,0.304088484829531,0.539164752527516,0.999979449332792,0.96479863560732,S100A14,1
GO:0098930,axonal transport,1/193,11/2843,0.0909090909090909,1.33914272256241,0.304088484829531,0.539164752527516,0.999979449332792,0.96479863560732,ATG5,1
GO:0141161,regulation of cAMP/PKA signal transduction,1/193,11/2843,0.0909090909090909,1.33914272256241,0.304088484829531,0.539164752527516,0.999979449332792,0.96479863560732,SPATC1L,1
GO:1900024,regulation of substrate adhesion-dependent cell spreading,1/193,11/2843,0.0909090909090909,1.33914272256241,0.304088484829531,0.539164752527516,0.999979449332792,0.96479863560732,RAC3,1
GO:1901222,regulation of non-canonical NF-kappaB signal transduction,1/193,11/2843,0.0909090909090909,1.33914272256241,0.304088484829531,0.539164752527516,0.999979449332792,0.96479863560732,PHB2,1
GO:1901379,regulation of potassium ion transmembrane transport,1/193,11/2843,0.0909090909090909,1.33914272256241,0.304088484829531,0.539164752527516,0.999979449332792,0.96479863560732,YWHAE,1
GO:1903307,positive regulation of regulated secretory pathway,1/193,11/2843,0.0909090909090909,1.33914272256241,0.304088484829531,0.539164752527516,0.999979449332792,0.96479863560732,CDK5,1
GO:1903539,protein localization to postsynaptic membrane,1/193,11/2843,0.0909090909090909,1.33914272256241,0.304088484829531,0.539164752527516,0.999979449332792,0.96479863560732,VPS35,1
GO:2000242,negative regulation of reproductive process,1/193,11/2843,0.0909090909090909,1.33914272256241,0.304088484829531,0.539164752527516,0.999979449332792,0.96479863560732,DDB1,1
GO:0000280,nuclear division,7/193,102/2843,0.0686274509803922,1.01092146703241,0.030310583825704,0.546318406371765,0.999979449332792,0.96479863560732,DCAF13/TESMIN/NSMCE2/BUB1/PSMG2/DDB1/TOM1L1,7
GO:0009314,response to radiation,6/193,87/2843,0.0689655172413793,1.015901375737,0.040646436223592,0.546535791048048,0.999979449332792,0.96479863560732,NPM1/MTCH2/DDB1/CDK5/ECT2/COP1,6
GO:0006302,double-strand break repair,5/193,72/2843,0.0694444444444445,1.02295624640184,0.0532373730268014,0.547170143465681,0.999979449332792,0.96479863560732,PSMD14/MRGBP/NSMCE2/DDX1/MEAF6,5
GO:0043269,regulation of monoatomic ion transport,5/193,72/2843,0.0694444444444445,1.02295624640184,0.0532373730268014,0.547170143465681,0.999979449332792,0.96479863560732,YWHAE/VDAC1/PHB2/YWHAQ/ATG5,5
GO:0099504,synaptic vesicle cycle,3/193,42/2843,0.0714285714285714,1.05218356772761,0.0919326148726849,0.551123969970925,0.999979449332792,0.96479863560732,DVL1/ACTG1/CDK5,3
GO:0140013,meiotic nuclear division,3/193,42/2843,0.0714285714285714,1.05218356772761,0.0919326148726849,0.551123969970925,0.999979449332792,0.96479863560732,DCAF13/TESMIN/DDB1,3
GO:0031344,regulation of cell projection organization,8/193,118/2843,0.0677966101694915,0.998682708351629,-0.00394373244223289,0.556379610519253,0.999979449332792,0.96479863560732,TBC1D7/DVL1/GDI2/HDAC2/CDK5/ATG5/VPS35/RTN4IP1,8
GO:0001678,intracellular glucose homeostasis,2/193,27/2843,0.0740740740740741,1.0911533294953,0.128412070232231,0.55658725028871,0.999979449332792,0.96479863560732,NDUFAF2/FOXK2,2
GO:0007605,sensory perception of sound,2/193,27/2843,0.0740740740740741,1.0911533294953,0.128412070232231,0.55658725028871,0.999979449332792,0.96479863560732,DIAPH3/RPL38,2
GO:0010970,transport along microtubule,2/193,27/2843,0.0740740740740741,1.0911533294953,0.128412070232231,0.55658725028871,0.999979449332792,0.96479863560732,LRPPRC/ATG5,2
GO:0030879,mammary gland development,2/193,27/2843,0.0740740740740741,1.0911533294953,0.128412070232231,0.55658725028871,0.999979449332792,0.96479863560732,PHB2/CAPN1,2
GO:0032231,regulation of actin filament bundle assembly,2/193,27/2843,0.0740740740740741,1.0911533294953,0.128412070232231,0.55658725028871,0.999979449332792,0.96479863560732,RHOC/ACTG1,2
GO:0035966,response to topologically incorrect protein,2/193,27/2843,0.0740740740740741,1.0911533294953,0.128412070232231,0.55658725028871,0.999979449332792,0.96479863560732,COPS5/HSPD1,2
GO:0051048,negative regulation of secretion,2/193,27/2843,0.0740740740740741,1.0911533294953,0.128412070232231,0.55658725028871,0.999979449332792,0.96479863560732,NDUFAF2/CDK5,2
GO:0051260,protein homooligomerization,2/193,27/2843,0.0740740740740741,1.0911533294953,0.128412070232231,0.55658725028871,0.999979449332792,0.96479863560732,ECT2/VPS35,2
GO:0051384,response to glucocorticoid,2/193,27/2843,0.0740740740740741,1.0911533294953,0.128412070232231,0.55658725028871,0.999979449332792,0.96479863560732,ATP5F1A/CBX3,2
GO:0051650,establishment of vesicle localization,2/193,27/2843,0.0740740740740741,1.0911533294953,0.128412070232231,0.55658725028871,0.999979449332792,0.96479863560732,COPS5/CDK5,2
GO:1901655,cellular response to ketone,2/193,27/2843,0.0740740740740741,1.0911533294953,0.128412070232231,0.55658725028871,0.999979449332792,0.96479863560732,ATP5F1A/CBX3,2
GO:1901796,regulation of signal transduction by p53 class mediator,2/193,27/2843,0.0740740740740741,1.0911533294953,0.128412070232231,0.55658725028871,0.999979449332792,0.96479863560732,NPM1/EIF5A,2
GO:2001235,positive regulation of apoptotic signaling pathway,2/193,27/2843,0.0740740740740741,1.0911533294953,0.128412070232231,0.55658725028871,0.999979449332792,0.96479863560732,EIF5A/MTCH2,2
GO:0006979,response to oxidative stress,6/193,88/2843,0.0681818181818182,1.00435704192181,0.0112031468158632,0.558059794674452,0.999979449332792,0.96479863560732,TRAP1/PYCR1/MAPKAP1/HDAC2/ECT2/KCMF1,6
GO:0045935,positive regulation of nucleobase-containing compound metabolic process,24/193,358/2843,0.0670391061452514,0.987524242336527,-0.0681260174260403,0.562274253115048,0.999979449332792,0.96479863560732,HMGA1/PTGES2/NME2/GTF2F2/PAIP1/E2F5/MRGBP/NPM1/DVL1/COPS5/EIF5A/TCEA1/ENO1/CCT8/CDK8/CCT4/CCT3/CLNS1A/DAZAP1/HDAC2/PWP1/PCBD1/FOXK2/MEAF6,24
GO:0031348,negative regulation of defense response,4/193,58/2843,0.0689655172413793,1.015901375737,0.0330144336179979,0.562602180814958,0.999979449332792,0.96479863560732,YWHAZ/TTLL12/ATG5/VPS35,4
GO:0048511,rhythmic process,4/193,58/2843,0.0689655172413793,1.015901375737,0.0330144336179979,0.562602180814958,0.999979449332792,0.96479863560732,CBX3/DDB1/HDAC2/CDK5,4
GO:0090092,regulation of transmembrane receptor protein serine/threonine kinase signaling pathway,4/193,58/2843,0.0689655172413793,1.015901375737,0.0330144336179979,0.562602180814958,0.999979449332792,0.96479863560732,STRAP/GIPC1/SINHCAF/HDAC2,4
GO:0007033,vacuole organization,3/193,43/2843,0.0697674418604651,1.02771418243162,0.0494111586536363,0.567435293254986,0.999979449332792,0.96479863560732,YWHAZ/ATG5/VPS35,3
GO:0007411,axon guidance,3/193,43/2843,0.0697674418604651,1.02771418243162,0.0494111586536363,0.567435293254986,0.999979449332792,0.96479863560732,RAC3/DVL1/CDK5,3
GO:0048588,developmental cell growth,3/193,43/2843,0.0697674418604651,1.02771418243162,0.0494111586536363,0.567435293254986,0.999979449332792,0.96479863560732,DCAF13/DVL1/CDK5,3
GO:0060047,heart contraction,3/193,43/2843,0.0697674418604651,1.02771418243162,0.0494111586536363,0.567435293254986,0.999979449332792,0.96479863560732,YWHAE/GLRX3/ATG5,3
GO:0001510,RNA methylation,1/193,12/2843,0.0833333333333333,1.22754749568221,0.21313781184495,0.570570544463317,0.999979449332792,0.96479863560732,METTL5,1
GO:0001523,retinoid metabolic process,1/193,12/2843,0.0833333333333333,1.22754749568221,0.21313781184495,0.570570544463317,0.999979449332792,0.96479863560732,PRMT3,1
GO:0001937,negative regulation of endothelial cell proliferation,1/193,12/2843,0.0833333333333333,1.22754749568221,0.21313781184495,0.570570544463317,0.999979449332792,0.96479863560732,ATP5F1A,1
GO:0002418,immune response to tumor cell,1/193,12/2843,0.0833333333333333,1.22754749568221,0.21313781184495,0.570570544463317,0.999979449332792,0.96479863560732,HSPD1,1
GO:0002834,regulation of response to tumor cell,1/193,12/2843,0.0833333333333333,1.22754749568221,0.21313781184495,0.570570544463317,0.999979449332792,0.96479863560732,HSPD1,1
GO:0003044,regulation of systemic arterial blood pressure mediated by a chemical signal,1/193,12/2843,0.0833333333333333,1.22754749568221,0.21313781184495,0.570570544463317,0.999979449332792,0.96479863560732,PREP,1
GO:0003143,embryonic heart tube morphogenesis,1/193,12/2843,0.0833333333333333,1.22754749568221,0.21313781184495,0.570570544463317,0.999979449332792,0.96479863560732,DVL1,1
GO:0006084,acetyl-CoA metabolic process,1/193,12/2843,0.0833333333333333,1.22754749568221,0.21313781184495,0.570570544463317,0.999979449332792,0.96479863560732,PGK1,1
GO:0007215,glutamate receptor signaling pathway,1/193,12/2843,0.0833333333333333,1.22754749568221,0.21313781184495,0.570570544463317,0.999979449332792,0.96479863560732,CAPN1,1
GO:0007589,body fluid secretion,1/193,12/2843,0.0833333333333333,1.22754749568221,0.21313781184495,0.570570544463317,0.999979449332792,0.96479863560732,ATG5,1
GO:0009994,oocyte differentiation,1/193,12/2843,0.0833333333333333,1.22754749568221,0.21313781184495,0.570570544463317,0.999979449332792,0.96479863560732,DCAF13,1
GO:0010463,mesenchymal cell proliferation,1/193,12/2843,0.0833333333333333,1.22754749568221,0.21313781184495,0.570570544463317,0.999979449332792,0.96479863560732,PHF14,1
GO:0014075,response to amine,1/193,12/2843,0.0833333333333333,1.22754749568221,0.21313781184495,0.570570544463317,0.999979449332792,0.96479863560732,HDAC2,1
GO:0016101,diterpenoid metabolic process,1/193,12/2843,0.0833333333333333,1.22754749568221,0.21313781184495,0.570570544463317,0.999979449332792,0.96479863560732,PRMT3,1
GO:0017156,calcium-ion regulated exocytosis,1/193,12/2843,0.0833333333333333,1.22754749568221,0.21313781184495,0.570570544463317,0.999979449332792,0.96479863560732,CDK5,1
GO:0031146,SCF-dependent proteasomal ubiquitin-dependent protein catabolic process,1/193,12/2843,0.0833333333333333,1.22754749568221,0.21313781184495,0.570570544463317,0.999979449332792,0.96479863560732,CUL2,1
GO:0032922,circadian regulation of gene expression,1/193,12/2843,0.0833333333333333,1.22754749568221,0.21313781184495,0.570570544463317,0.999979449332792,0.96479863560732,HDAC2,1
GO:0045185,maintenance of protein location,1/193,12/2843,0.0833333333333333,1.22754749568221,0.21313781184495,0.570570544463317,0.999979449332792,0.96479863560732,CDK5,1
GO:0045840,positive regulation of mitotic nuclear division,1/193,12/2843,0.0833333333333333,1.22754749568221,0.21313781184495,0.570570544463317,0.999979449332792,0.96479863560732,NSMCE2,1
GO:0046173,polyol biosynthetic process,1/193,12/2843,0.0833333333333333,1.22754749568221,0.21313781184495,0.570570544463317,0.999979449332792,0.96479863560732,PCBD1,1
GO:0046578,regulation of Ras protein signal transduction,1/193,12/2843,0.0833333333333333,1.22754749568221,0.21313781184495,0.570570544463317,0.999979449332792,0.96479863560732,MAPKAP1,1
GO:0046627,negative regulation of insulin receptor signaling pathway,1/193,12/2843,0.0833333333333333,1.22754749568221,0.21313781184495,0.570570544463317,0.999979449332792,0.96479863560732,MAPKAP1,1
GO:0048599,oocyte development,1/193,12/2843,0.0833333333333333,1.22754749568221,0.21313781184495,0.570570544463317,0.999979449332792,0.96479863560732,DCAF13,1
GO:0048661,positive regulation of smooth muscle cell proliferation,1/193,12/2843,0.0833333333333333,1.22754749568221,0.21313781184495,0.570570544463317,0.999979449332792,0.96479863560732,MNAT1,1
GO:0061082,myeloid leukocyte cytokine production,1/193,12/2843,0.0833333333333333,1.22754749568221,0.21313781184495,0.570570544463317,0.999979449332792,0.96479863560732,DDX1,1
GO:0090303,positive regulation of wound healing,1/193,12/2843,0.0833333333333333,1.22754749568221,0.21313781184495,0.570570544463317,0.999979449332792,0.96479863560732,ACTG1,1
GO:1900077,negative regulation of cellular response to insulin stimulus,1/193,12/2843,0.0833333333333333,1.22754749568221,0.21313781184495,0.570570544463317,0.999979449332792,0.96479863560732,MAPKAP1,1
GO:1901880,negative regulation of protein depolymerization,1/193,12/2843,0.0833333333333333,1.22754749568221,0.21313781184495,0.570570544463317,0.999979449332792,0.96479863560732,DIAPH3,1
GO:1903426,regulation of reactive oxygen species biosynthetic process,1/193,12/2843,0.0833333333333333,1.22754749568221,0.21313781184495,0.570570544463317,0.999979449332792,0.96479863560732,TRAP1,1
GO:1905710,positive regulation of membrane permeability,1/193,12/2843,0.0833333333333333,1.22754749568221,0.21313781184495,0.570570544463317,0.999979449332792,0.96479863560732,VDAC2,1
GO:2000463,positive regulation of excitatory postsynaptic potential,1/193,12/2843,0.0833333333333333,1.22754749568221,0.21313781184495,0.570570544463317,0.999979449332792,0.96479863560732,DVL1,1
GO:0015711,organic anion transport,5/193,74/2843,0.0675675675675676,0.995308780282874,-0.011033363088691,0.572221206286516,0.999979449332792,0.96479863560732,GIPC1/LYPLA1/SLC35B2/LRRC8E/SLC37A4,5
GO:0043603,amide metabolic process,5/193,74/2843,0.0675675675675676,0.995308780282874,-0.011033363088691,0.572221206286516,0.999979449332792,0.96479863560732,APEH/PREP/ELOVL1/PGK1/ASL,5
GO:0071214,cellular response to abiotic stimulus,5/193,74/2843,0.0675675675675676,0.995308780282874,-0.011033363088691,0.572221206286516,0.999979449332792,0.96479863560732,NPM1/MTCH2/DDB1/LRRC8E/ECT2,5
GO:0104004,cellular response to environmental stimulus,5/193,74/2843,0.0675675675675676,0.995308780282874,-0.011033363088691,0.572221206286516,0.999979449332792,0.96479863560732,NPM1/MTCH2/DDB1/LRRC8E/ECT2,5
GO:1901990,regulation of mitotic cell cycle phase transition,5/193,74/2843,0.0675675675675676,0.995308780282874,-0.011033363088691,0.572221206286516,0.999979449332792,0.96479863560732,NSMCE2/BUB1/PSMG2/MNAT1/DDB1,5
GO:0043542,endothelial cell migration,4/193,59/2843,0.0677966101694915,0.998682708351629,-0.00275893255032417,0.576463398306977,0.999979449332792,0.96479863560732,GFUS/GIPC1/ATP5F1A/ATP5F1B,4
GO:0001933,negative regulation of protein phosphorylation,2/193,28/2843,0.0714285714285714,1.05218356772761,0.0748757763451693,0.576694784999613,0.999979449332792,0.96479863560732,NPM1/PARD3,2
GO:0006633,fatty acid biosynthetic process,2/193,28/2843,0.0714285714285714,1.05218356772761,0.0748757763451693,0.576694784999613,0.999979449332792,0.96479863560732,PTGES2/ELOVL1,2
GO:0030038,contractile actin filament bundle assembly,2/193,28/2843,0.0714285714285714,1.05218356772761,0.0748757763451693,0.576694784999613,0.999979449332792,0.96479863560732,RHOC/ACTG1,2
GO:0031507,heterochromatin formation,2/193,28/2843,0.0714285714285714,1.05218356772761,0.0748757763451693,0.576694784999613,0.999979449332792,0.96479863560732,CBX3/HDAC2,2
GO:0031960,response to corticosteroid,2/193,28/2843,0.0714285714285714,1.05218356772761,0.0748757763451693,0.576694784999613,0.999979449332792,0.96479863560732,ATP5F1A/CBX3,2
GO:0032479,regulation of type I interferon production,2/193,28/2843,0.0714285714285714,1.05218356772761,0.0748757763451693,0.576694784999613,0.999979449332792,0.96479863560732,HSPD1/ATG5,2
GO:0032606,type I interferon production,2/193,28/2843,0.0714285714285714,1.05218356772761,0.0748757763451693,0.576694784999613,0.999979449332792,0.96479863560732,HSPD1/ATG5,2
GO:0042116,macrophage activation,2/193,28/2843,0.0714285714285714,1.05218356772761,0.0748757763451693,0.576694784999613,0.999979449332792,0.96479863560732,HSPD1/SHPK,2
GO:0042326,negative regulation of phosphorylation,2/193,28/2843,0.0714285714285714,1.05218356772761,0.0748757763451693,0.576694784999613,0.999979449332792,0.96479863560732,NPM1/PARD3,2
GO:0043087,regulation of GTPase activity,2/193,28/2843,0.0714285714285714,1.05218356772761,0.0748757763451693,0.576694784999613,0.999979449332792,0.96479863560732,TBC1D7/ECT2,2
GO:0043149,stress fiber assembly,2/193,28/2843,0.0714285714285714,1.05218356772761,0.0748757763451693,0.576694784999613,0.999979449332792,0.96479863560732,RHOC/ACTG1,2
GO:0071456,cellular response to hypoxia,2/193,28/2843,0.0714285714285714,1.05218356772761,0.0748757763451693,0.576694784999613,0.999979449332792,0.96479863560732,ENO1/PGK1,2
GO:1901989,positive regulation of cell cycle phase transition,2/193,28/2843,0.0714285714285714,1.05218356772761,0.0748757763451693,0.576694784999613,0.999979449332792,0.96479863560732,NPM1/NSMCE2,2
GO:0000302,response to reactive oxygen species,3/193,44/2843,0.0681818181818182,1.00435704192181,0.00785930932384254,0.583381458866223,0.999979449332792,0.96479863560732,TRAP1/HDAC2/ECT2,3
GO:0097485,neuron projection guidance,3/193,44/2843,0.0681818181818182,1.00435704192181,0.00785930932384254,0.583381458866223,0.999979449332792,0.96479863560732,RAC3/DVL1/CDK5,3
GO:0048545,response to steroid hormone,4/193,60/2843,0.0666666666666667,0.982037996545768,-0.0379438637289267,0.590075760427998,0.999979449332792,0.96479863560732,PHB2/ATP5F1A/CBX3/HDAC2,4
GO:0034330,cell junction organization,10/193,152/2843,0.0657894736842105,0.96911644395964,-0.105599047318302,0.591190747917313,0.999979449332792,0.96479863560732,RAC3/YWHAZ/DVL1/RHOC/TUBB/ACTG1/CDK5/ECT2/PARD3/VPS35,10
GO:0019220,regulation of phosphate metabolic process,8/193,122/2843,0.0655737704918033,0.965939012995838,-0.103762547906658,0.595464670951613,0.999979449332792,0.96479863560732,NPM1/PHB2/ENO1/MTCH2/PGK1/ECT2/PARD3/TOM1L1,8
GO:0007269,neurotransmitter secretion,2/193,29/2843,0.0689655172413793,1.015901375737,0.0232241274663768,0.596132200831195,0.999979449332792,0.96479863560732,DVL1/CDK5,2
GO:0009749,response to glucose,2/193,29/2843,0.0689655172413793,1.015901375737,0.0232241274663768,0.596132200831195,0.999979449332792,0.96479863560732,NDUFAF2/EIF2B3,2
GO:0030218,erythrocyte differentiation,2/193,29/2843,0.0689655172413793,1.015901375737,0.0232241274663768,0.596132200831195,0.999979449332792,0.96479863560732,TCEA1/DIAPH3,2
GO:0043535,regulation of blood vessel endothelial cell migration,2/193,29/2843,0.0689655172413793,1.015901375737,0.0232241274663768,0.596132200831195,0.999979449332792,0.96479863560732,ATP5F1A/ATP5F1B,2
GO:0048813,dendrite morphogenesis,2/193,29/2843,0.0689655172413793,1.015901375737,0.0232241274663768,0.596132200831195,0.999979449332792,0.96479863560732,DVL1/CDK5,2
GO:0051648,vesicle localization,2/193,29/2843,0.0689655172413793,1.015901375737,0.0232241274663768,0.596132200831195,0.999979449332792,0.96479863560732,COPS5/CDK5,2
GO:0071248,cellular response to metal ion,2/193,29/2843,0.0689655172413793,1.015901375737,0.0232241274663768,0.596132200831195,0.999979449332792,0.96479863560732,ECT2/CPNE3,2
GO:0099643,signal release from synapse,2/193,29/2843,0.0689655172413793,1.015901375737,0.0232241274663768,0.596132200831195,0.999979449332792,0.96479863560732,DVL1/CDK5,2
GO:1903052,positive regulation of proteolysis involved in protein catabolic process,2/193,29/2843,0.0689655172413793,1.015901375737,0.0232241274663768,0.596132200831195,0.999979449332792,0.96479863560732,DVL1/COP1,2
GO:1903305,regulation of regulated secretory pathway,2/193,29/2843,0.0689655172413793,1.015901375737,0.0232241274663768,0.596132200831195,0.999979449332792,0.96479863560732,DVL1/CDK5,2
GO:0034762,regulation of transmembrane transport,5/193,76/2843,0.0657894736842105,0.96911644395964,-0.0736372008826294,0.596544972771608,0.999979449332792,0.96479863560732,YWHAE/VDAC1/PHB2/YWHAQ/ATG5,5
GO:1903046,meiotic cell cycle process,3/193,45/2843,0.0666666666666667,0.982037996545768,-0.032772149828689,0.598952972736038,0.999979449332792,0.96479863560732,DCAF13/TESMIN/DDB1,3
GO:0002204,somatic recombination of immunoglobulin genes involved in immune response,1/193,13/2843,0.0769230769230769,1.13312076524512,0.129805178347787,0.59984637806225,0.999979449332792,0.96479863560732,HSPD1,1
GO:0002208,somatic diversification of immunoglobulins involved in immune response,1/193,13/2843,0.0769230769230769,1.13312076524512,0.129805178347787,0.59984637806225,0.999979449332792,0.96479863560732,HSPD1,1
GO:0002562,somatic diversification of immune receptors via germline recombination within a single locus,1/193,13/2843,0.0769230769230769,1.13312076524512,0.129805178347787,0.59984637806225,0.999979449332792,0.96479863560732,HSPD1,1
GO:0002886,regulation of myeloid leukocyte mediated immunity,1/193,13/2843,0.0769230769230769,1.13312076524512,0.129805178347787,0.59984637806225,0.999979449332792,0.96479863560732,DDX1,1
GO:0003151,outflow tract morphogenesis,1/193,13/2843,0.0769230769230769,1.13312076524512,0.129805178347787,0.59984637806225,0.999979449332792,0.96479863560732,DVL1,1
GO:0006518,peptide metabolic process,1/193,13/2843,0.0769230769230769,1.13312076524512,0.129805178347787,0.59984637806225,0.999979449332792,0.96479863560732,MIPEP,1
GO:0008306,associative learning,1/193,13/2843,0.0769230769230769,1.13312076524512,0.129805178347787,0.59984637806225,0.999979449332792,0.96479863560732,CDK5,1
GO:0009072,aromatic amino acid metabolic process,1/193,13/2843,0.0769230769230769,1.13312076524512,0.129805178347787,0.59984637806225,0.999979449332792,0.96479863560732,PCBD1,1
GO:0010718,positive regulation of epithelial to mesenchymal transition,1/193,13/2843,0.0769230769230769,1.13312076524512,0.129805178347787,0.59984637806225,0.999979449332792,0.96479863560732,HDAC2,1
GO:0016444,somatic cell DNA recombination,1/193,13/2843,0.0769230769230769,1.13312076524512,0.129805178347787,0.59984637806225,0.999979449332792,0.96479863560732,HSPD1,1
GO:0016447,somatic recombination of immunoglobulin gene segments,1/193,13/2843,0.0769230769230769,1.13312076524512,0.129805178347787,0.59984637806225,0.999979449332792,0.96479863560732,HSPD1,1
GO:0019080,viral gene expression,1/193,13/2843,0.0769230769230769,1.13312076524512,0.129805178347787,0.59984637806225,0.999979449332792,0.96479863560732,ATG5,1
GO:0021795,cerebral cortex cell migration,1/193,13/2843,0.0769230769230769,1.13312076524512,0.129805178347787,0.59984637806225,0.999979449332792,0.96479863560732,CDK5,1
GO:0030968,endoplasmic reticulum unfolded protein response,1/193,13/2843,0.0769230769230769,1.13312076524512,0.129805178347787,0.59984637806225,0.999979449332792,0.96479863560732,COPS5,1
GO:0032735,positive regulation of interleukin-12 production,1/193,13/2843,0.0769230769230769,1.13312076524512,0.129805178347787,0.59984637806225,0.999979449332792,0.96479863560732,HSPD1,1
GO:0035050,embryonic heart tube development,1/193,13/2843,0.0769230769230769,1.13312076524512,0.129805178347787,0.59984637806225,0.999979449332792,0.96479863560732,DVL1,1
GO:0035094,response to nicotine,1/193,13/2843,0.0769230769230769,1.13312076524512,0.129805178347787,0.59984637806225,0.999979449332792,0.96479863560732,HDAC2,1
GO:0035195,miRNA-mediated post-transcriptional gene silencing,1/193,13/2843,0.0769230769230769,1.13312076524512,0.129805178347787,0.59984637806225,0.999979449332792,0.96479863560732,XPO5,1
GO:0042149,cellular response to glucose starvation,1/193,13/2843,0.0769230769230769,1.13312076524512,0.129805178347787,0.59984637806225,0.999979449332792,0.96479863560732,YWHAZ,1
GO:0042417,dopamine metabolic process,1/193,13/2843,0.0769230769230769,1.13312076524512,0.129805178347787,0.59984637806225,0.999979449332792,0.96479863560732,VPS35,1
GO:0043242,negative regulation of protein-containing complex disassembly,1/193,13/2843,0.0769230769230769,1.13312076524512,0.129805178347787,0.59984637806225,0.999979449332792,0.96479863560732,DIAPH3,1
GO:0043266,regulation of potassium ion transport,1/193,13/2843,0.0769230769230769,1.13312076524512,0.129805178347787,0.59984637806225,0.999979449332792,0.96479863560732,YWHAE,1
GO:0043489,RNA stabilization,1/193,13/2843,0.0769230769230769,1.13312076524512,0.129805178347787,0.59984637806225,0.999979449332792,0.96479863560732,PAIP1,1
GO:0043525,positive regulation of neuron apoptotic process,1/193,13/2843,0.0769230769230769,1.13312076524512,0.129805178347787,0.59984637806225,0.999979449332792,0.96479863560732,CDK5,1
GO:0044788,host-mediated perturbation of viral process,1/193,13/2843,0.0769230769230769,1.13312076524512,0.129805178347787,0.59984637806225,0.999979449332792,0.96479863560732,PAIP1,1
GO:0045190,isotype switching,1/193,13/2843,0.0769230769230769,1.13312076524512,0.129805178347787,0.59984637806225,0.999979449332792,0.96479863560732,HSPD1,1
GO:0045685,regulation of glial cell differentiation,1/193,13/2843,0.0769230769230769,1.13312076524512,0.129805178347787,0.59984637806225,0.999979449332792,0.96479863560732,HDAC2,1
GO:0045806,negative regulation of endocytosis,1/193,13/2843,0.0769230769230769,1.13312076524512,0.129805178347787,0.59984637806225,0.999979449332792,0.96479863560732,ATG5,1
GO:0046456,icosanoid biosynthetic process,1/193,13/2843,0.0769230769230769,1.13312076524512,0.129805178347787,0.59984637806225,0.999979449332792,0.96479863560732,PTGES2,1
GO:0046605,regulation of centrosome cycle,1/193,13/2843,0.0769230769230769,1.13312076524512,0.129805178347787,0.59984637806225,0.999979449332792,0.96479863560732,NPM1,1
GO:0048008,platelet-derived growth factor receptor signaling pathway,1/193,13/2843,0.0769230769230769,1.13312076524512,0.129805178347787,0.59984637806225,0.999979449332792,0.96479863560732,PHF14,1
GO:0050688,regulation of defense response to virus,1/193,13/2843,0.0769230769230769,1.13312076524512,0.129805178347787,0.59984637806225,0.999979449332792,0.96479863560732,ATG5,1
GO:0050879,multicellular organismal movement,1/193,13/2843,0.0769230769230769,1.13312076524512,0.129805178347787,0.59984637806225,0.999979449332792,0.96479863560732,VPS35,1
GO:0050881,musculoskeletal movement,1/193,13/2843,0.0769230769230769,1.13312076524512,0.129805178347787,0.59984637806225,0.999979449332792,0.96479863560732,VPS35,1
GO:0060113,inner ear receptor cell differentiation,1/193,13/2843,0.0769230769230769,1.13312076524512,0.129805178347787,0.59984637806225,0.999979449332792,0.96479863560732,DIAPH3,1
GO:0060688,regulation of morphogenesis of a branching structure,1/193,13/2843,0.0769230769230769,1.13312076524512,0.129805178347787,0.59984637806225,0.999979449332792,0.96479863560732,PHB2,1
GO:0060998,regulation of dendritic spine development,1/193,13/2843,0.0769230769230769,1.13312076524512,0.129805178347787,0.59984637806225,0.999979449332792,0.96479863560732,HDAC2,1
GO:0061387,regulation of extent of cell growth,1/193,13/2843,0.0769230769230769,1.13312076524512,0.129805178347787,0.59984637806225,0.999979449332792,0.96479863560732,CDK5,1
GO:0090102,cochlea development,1/193,13/2843,0.0769230769230769,1.13312076524512,0.129805178347787,0.59984637806225,0.999979449332792,0.96479863560732,DVL1,1
GO:0140374,antiviral innate immune response,1/193,13/2843,0.0769230769230769,1.13312076524512,0.129805178347787,0.59984637806225,0.999979449332792,0.96479863560732,PHB2,1
GO:1903533,regulation of protein targeting,1/193,13/2843,0.0769230769230769,1.13312076524512,0.129805178347787,0.59984637806225,0.999979449332792,0.96479863560732,CDK5,1
GO:1904646,cellular response to amyloid-beta,1/193,13/2843,0.0769230769230769,1.13312076524512,0.129805178347787,0.59984637806225,0.999979449332792,0.96479863560732,CDK5,1
GO:0000278,mitotic cell cycle,13/193,199/2843,0.0653266331658292,0.962298539328768,-0.148806445719132,0.602951532867605,0.999979449332792,0.96479863560732,YWHAE/NSMCE2/RHOC/TUBB/BUB1/PSMG2/MNAT1/TTLL12/DDB1/ECT2/TOM1L1/INTS13/CUL2,13
GO:0007018,microtubule-based movement,4/193,61/2843,0.0655737704918033,0.965939012995838,-0.072562349715105,0.603431460389012,0.999979449332792,0.96479863560732,LRPPRC/ATG5/DNAAF2/INTS13,4
GO:0051174,regulation of phosphorus metabolic process,8/193,123/2843,0.0650406504065041,0.958085850288555,-0.128232030246324,0.604975297591044,0.999979449332792,0.96479863560732,NPM1/PHB2/ENO1/MTCH2/PGK1/ECT2/PARD3/TOM1L1,8
GO:0061024,membrane organization,10/193,154/2843,0.0649350649350649,0.956530516116008,-0.149663948040546,0.608336537081599,0.999979449332792,0.96479863560732,TMEM147/DVL1/VDAC2/CHCHD3/MTCH2/DIAPH3/MICOS13/MTX2/RAB2A/SYNGR2,10
GO:0007409,axonogenesis,5/193,77/2843,0.0649350649350649,0.956530516116008,-0.104344968634388,0.60841739374853,0.999979449332792,0.96479863560732,RAC3/DVL1/ACTG1/CDK5/PARD3,5
GO:0016055,Wnt signaling pathway,5/193,77/2843,0.0649350649350649,0.956530516116008,-0.104344968634388,0.60841739374853,0.999979449332792,0.96479863560732,RAC3/DVL1/DDB1/DEPDC1B/VPS35,5
GO:0000075,cell cycle checkpoint signaling,3/193,46/2843,0.0652173913043478,0.960689344446948,-0.0725288386117695,0.61414216823915,0.999979449332792,0.96479863560732,BUB1/PSMG2/TIPRL,3
GO:0002700,regulation of production of molecular mediator of immune response,3/193,46/2843,0.0652173913043478,0.960689344446948,-0.0725288386117695,0.61414216823915,0.999979449332792,0.96479863560732,PHB2/DDX1/ATG5,3
GO:0097190,apoptotic signaling pathway,8/193,124/2843,0.0645161290322581,0.950359351495905,-0.152514606863477,0.614373944077187,0.999979449332792,0.96479863560732,DAP3/TRAP1/EIF5A/PYCR1/ENO1/VDAC2/MTCH2/CUL2,8
GO:0031644,regulation of nervous system process,2/193,30/2843,0.0666666666666667,0.982037996545768,-0.0266869100111371,0.614897378895732,0.999979449332792,0.96479863560732,DVL1/PARD3,2
GO:0036294,cellular response to decreased oxygen levels,2/193,30/2843,0.0666666666666667,0.982037996545768,-0.0266869100111371,0.614897378895732,0.999979449332792,0.96479863560732,ENO1/PGK1,2
GO:0045860,positive regulation of protein kinase activity,2/193,30/2843,0.0666666666666667,0.982037996545768,-0.0266869100111371,0.614897378895732,0.999979449332792,0.96479863560732,ECT2/TOM1L1,2
GO:0048469,cell maturation,2/193,30/2843,0.0666666666666667,0.982037996545768,-0.0266869100111371,0.614897378895732,0.999979449332792,0.96479863560732,RAC3/DIAPH3,2
GO:0050792,regulation of viral process,2/193,30/2843,0.0666666666666667,0.982037996545768,-0.0266869100111371,0.614897378895732,0.999979449332792,0.96479863560732,DDB1/ATG5,2
GO:0097530,granulocyte migration,2/193,30/2843,0.0666666666666667,0.982037996545768,-0.0266869100111371,0.614897378895732,0.999979449332792,0.96479863560732,RAC3/S100A14,2
GO:0141193,nuclear receptor-mediated signaling pathway,2/193,30/2843,0.0666666666666667,0.982037996545768,-0.0266869100111371,0.614897378895732,0.999979449332792,0.96479863560732,PHB2/HDAC2,2
GO:1990138,neuron projection extension,2/193,30/2843,0.0666666666666667,0.982037996545768,-0.0266869100111371,0.614897378895732,0.999979449332792,0.96479863560732,DVL1/CDK5,2
GO:0002221,pattern recognition receptor signaling pathway,4/193,62/2843,0.0645161290322581,0.950359351495905,-0.106635190987897,0.616523698235349,0.999979449332792,0.96479863560732,YWHAE/PHB2/HSPD1/S100A14,4
GO:0001942,hair follicle development,1/193,14/2843,0.0714285714285714,1.05218356772761,0.0528140006446964,0.627136006696168,0.999979449332792,0.96479863560732,HDAC2,1
GO:0002200,somatic diversification of immune receptors,1/193,14/2843,0.0714285714285714,1.05218356772761,0.0528140006446964,0.627136006696168,0.999979449332792,0.96479863560732,HSPD1,1
GO:0002381,immunoglobulin production involved in immunoglobulin-mediated immune response,1/193,14/2843,0.0714285714285714,1.05218356772761,0.0528140006446964,0.627136006696168,0.999979449332792,0.96479863560732,HSPD1,1
GO:0006081,aldehyde metabolic process,1/193,14/2843,0.0714285714285714,1.05218356772761,0.0528140006446964,0.627136006696168,0.999979449332792,0.96479863560732,SHPK,1
GO:0006110,regulation of glycolytic process,1/193,14/2843,0.0714285714285714,1.05218356772761,0.0528140006446964,0.627136006696168,0.999979449332792,0.96479863560732,MTCH2,1
GO:0006303,double-strand break repair via nonhomologous end joining,1/193,14/2843,0.0714285714285714,1.05218356772761,0.0528140006446964,0.627136006696168,0.999979449332792,0.96479863560732,PSMD14,1
GO:0006626,protein targeting to mitochondrion,1/193,14/2843,0.0714285714285714,1.05218356772761,0.0528140006446964,0.627136006696168,0.999979449332792,0.96479863560732,MIPEP,1
GO:0008088,axo-dendritic transport,1/193,14/2843,0.0714285714285714,1.05218356772761,0.0528140006446964,0.627136006696168,0.999979449332792,0.96479863560732,ATG5,1
GO:0010660,regulation of muscle cell apoptotic process,1/193,14/2843,0.0714285714285714,1.05218356772761,0.0528140006446964,0.627136006696168,0.999979449332792,0.96479863560732,ATG5,1
GO:0015914,phospholipid transport,1/193,14/2843,0.0714285714285714,1.05218356772761,0.0528140006446964,0.627136006696168,0.999979449332792,0.96479863560732,VDAC2,1
GO:0016445,somatic diversification of immunoglobulins,1/193,14/2843,0.0714285714285714,1.05218356772761,0.0528140006446964,0.627136006696168,0.999979449332792,0.96479863560732,HSPD1,1
GO:0016601,Rac protein signal transduction,1/193,14/2843,0.0714285714285714,1.05218356772761,0.0528140006446964,0.627136006696168,0.999979449332792,0.96479863560732,RAC3,1
GO:0022404,molting cycle process,1/193,14/2843,0.0714285714285714,1.05218356772761,0.0528140006446964,0.627136006696168,0.999979449332792,0.96479863560732,HDAC2,1
GO:0022405,hair cycle process,1/193,14/2843,0.0714285714285714,1.05218356772761,0.0528140006446964,0.627136006696168,0.999979449332792,0.96479863560732,HDAC2,1
GO:0030811,regulation of nucleotide catabolic process,1/193,14/2843,0.0714285714285714,1.05218356772761,0.0528140006446964,0.627136006696168,0.999979449332792,0.96479863560732,MTCH2,1
GO:0033121,regulation of purine nucleotide catabolic process,1/193,14/2843,0.0714285714285714,1.05218356772761,0.0528140006446964,0.627136006696168,0.999979449332792,0.96479863560732,MTCH2,1
GO:0034248,regulation of amide metabolic process,1/193,14/2843,0.0714285714285714,1.05218356772761,0.0528140006446964,0.627136006696168,0.999979449332792,0.96479863560732,PGK1,1
GO:0042490,mechanoreceptor differentiation,1/193,14/2843,0.0714285714285714,1.05218356772761,0.0528140006446964,0.627136006696168,0.999979449332792,0.96479863560732,DIAPH3,1
GO:0045428,regulation of nitric oxide biosynthetic process,1/193,14/2843,0.0714285714285714,1.05218356772761,0.0528140006446964,0.627136006696168,0.999979449332792,0.96479863560732,ASL,1
GO:0045833,negative regulation of lipid metabolic process,1/193,14/2843,0.0714285714285714,1.05218356772761,0.0528140006446964,0.627136006696168,0.999979449332792,0.96479863560732,PRMT3,1
GO:0051279,regulation of release of sequestered calcium ion into cytosol,1/193,14/2843,0.0714285714285714,1.05218356772761,0.0528140006446964,0.627136006696168,0.999979449332792,0.96479863560732,ATG5,1
GO:0051785,positive regulation of nuclear division,1/193,14/2843,0.0714285714285714,1.05218356772761,0.0528140006446964,0.627136006696168,0.999979449332792,0.96479863560732,NSMCE2,1
GO:0051851,host-mediated perturbation of symbiont process,1/193,14/2843,0.0714285714285714,1.05218356772761,0.0528140006446964,0.627136006696168,0.999979449332792,0.96479863560732,PAIP1,1
GO:0051966,"regulation of synaptic transmission, glutamatergic",1/193,14/2843,0.0714285714285714,1.05218356772761,0.0528140006446964,0.627136006696168,0.999979449332792,0.96479863560732,CDK5,1
GO:0061157,mRNA destabilization,1/193,14/2843,0.0714285714285714,1.05218356772761,0.0528140006446964,0.627136006696168,0.999979449332792,0.96479863560732,PAIP1,1
GO:0062208,positive regulation of pattern recognition receptor signaling pathway,1/193,14/2843,0.0714285714285714,1.05218356772761,0.0528140006446964,0.627136006696168,0.999979449332792,0.96479863560732,YWHAE,1
GO:0070534,protein K63-linked ubiquitination,1/193,14/2843,0.0714285714285714,1.05218356772761,0.0528140006446964,0.627136006696168,0.999979449332792,0.96479863560732,KCMF1,1
GO:0141156,cAMP/PKA signal transduction,1/193,14/2843,0.0714285714285714,1.05218356772761,0.0528140006446964,0.627136006696168,0.999979449332792,0.96479863560732,SPATC1L,1
GO:0180064,protein O-linked glycosylation via xylose,1/193,14/2843,0.0714285714285714,1.05218356772761,0.0528140006446964,0.627136006696168,0.999979449332792,0.96479863560732,SLC35B2,1
GO:1903036,positive regulation of response to wounding,1/193,14/2843,0.0714285714285714,1.05218356772761,0.0528140006446964,0.627136006696168,0.999979449332792,0.96479863560732,ACTG1,1
GO:1905330,regulation of morphogenesis of an epithelium,1/193,14/2843,0.0714285714285714,1.05218356772761,0.0528140006446964,0.627136006696168,0.999979449332792,0.96479863560732,PHB2,1
GO:0051668,localization within membrane,9/193,141/2843,0.0638297872340426,0.940249145628927,-0.196371635820862,0.62858065486144,0.999979449332792,0.96479863560732,YWHAE/TMEM147/DVL1/LYPLA1/MTCH2/CDK5/PARD3/MTX2/VPS35,9
GO:0003015,heart process,3/193,47/2843,0.0638297872340426,0.940249145628927,-0.111453117126671,0.628943080768192,0.999979449332792,0.96479863560732,YWHAE/GLRX3/ATG5,3
GO:0072593,reactive oxygen species metabolic process,3/193,47/2843,0.0638297872340426,0.940249145628927,-0.111453117126671,0.628943080768192,0.999979449332792,0.96479863560732,TRAP1/VDAC1/ATG5,3
GO:0032535,regulation of cellular component size,4/193,63/2843,0.0634920634920635,0.935274282424541,-0.140182081713017,0.62934663712977,0.999979449332792,0.96479863560732,NPM1/CLNS1A/LRRC8E/CDK5,4
GO:0046903,secretion,11/193,172/2843,0.063953488372093,0.94207133389565,-0.211489379055802,0.630242130542717,0.999979449332792,0.96479863560732,PTGES2/DVL1/COPS5/GIPC1/NDUFAF2/CDK5/ATG5/TPD52/VPS35/AP1S1/SYNGR2,11
GO:0007292,female gamete generation,2/193,31/2843,0.0645161290322581,0.950359351495905,-0.0749856895599281,0.632991558708136,0.999979449332792,0.96479863560732,DCAF13/DDB1,2
GO:0009746,response to hexose,2/193,31/2843,0.0645161290322581,0.950359351495905,-0.0749856895599281,0.632991558708136,0.999979449332792,0.96479863560732,NDUFAF2/EIF2B3,2
GO:0010811,positive regulation of cell-substrate adhesion,2/193,31/2843,0.0645161290322581,0.950359351495905,-0.0749856895599281,0.632991558708136,0.999979449332792,0.96479863560732,RAC3/GFUS,2
GO:0022612,gland morphogenesis,2/193,31/2843,0.0645161290322581,0.950359351495905,-0.0749856895599281,0.632991558708136,0.999979449332792,0.96479863560732,PHB2/CAPN1,2
GO:0033674,positive regulation of kinase activity,2/193,31/2843,0.0645161290322581,0.950359351495905,-0.0749856895599281,0.632991558708136,0.999979449332792,0.96479863560732,ECT2/TOM1L1,2
GO:0045664,regulation of neuron differentiation,2/193,31/2843,0.0645161290322581,0.950359351495905,-0.0749856895599281,0.632991558708136,0.999979449332792,0.96479863560732,RAC3/ECT2,2
GO:0050680,negative regulation of epithelial cell proliferation,2/193,31/2843,0.0645161290322581,0.950359351495905,-0.0749856895599281,0.632991558708136,0.999979449332792,0.96479863560732,PHB2/ATP5F1A,2
GO:0051302,regulation of cell division,2/193,31/2843,0.0645161290322581,0.950359351495905,-0.0749856895599281,0.632991558708136,0.999979449332792,0.96479863560732,GIPC1/ECT2,2
GO:1905475,regulation of protein localization to membrane,2/193,31/2843,0.0645161290322581,0.950359351495905,-0.0749856895599281,0.632991558708136,0.999979449332792,0.96479863560732,LYPLA1/CDK5,2
GO:0007015,actin filament organization,6/193,95/2843,0.0631578947368421,0.930351786201254,-0.186307859291203,0.634621319265411,0.999979449332792,0.96479863560732,RAC3/RHOC/DIAPH3/TPM3/ACTG1/SPATC1L,6
GO:0010256,endomembrane system organization,6/193,95/2843,0.0631578947368421,0.930351786201254,-0.186307859291203,0.634621319265411,0.999979449332792,0.96479863560732,TMEM147/YWHAZ/VDAC2/AP1S1/RAB2A/SYNGR2,6
GO:0048878,chemical homeostasis,11/193,173/2843,0.0635838150289017,0.936625834855791,-0.232085189270986,0.638101669425786,0.999979449332792,0.96479863560732,YWHAE/GLRX3/TESMIN/NDUFAF2/MTCH2/ATP5F1B/S100A14/ATG5/ASL/FOXK2/SLC37A4,11
GO:0071559,response to transforming growth factor beta,4/193,64/2843,0.0625,0.920660621761658,-0.173221685712267,0.641895358859705,0.999979449332792,0.96479863560732,STRAP/GIPC1/SINHCAF/HDAC2,4
GO:0071560,cellular response to transforming growth factor beta stimulus,4/193,64/2843,0.0625,0.920660621761658,-0.173221685712267,0.641895358859705,0.999979449332792,0.96479863560732,STRAP/GIPC1/SINHCAF/HDAC2,4
GO:0002367,cytokine production involved in immune response,2/193,32/2843,0.0625,0.920660621761658,-0.121787050710686,0.650418896355571,0.999979449332792,0.96479863560732,DDX1/ATG5,2
GO:0002702,positive regulation of production of molecular mediator of immune response,2/193,32/2843,0.0625,0.920660621761658,-0.121787050710686,0.650418896355571,0.999979449332792,0.96479863560732,PHB2/DDX1,2
GO:0002718,regulation of cytokine production involved in immune response,2/193,32/2843,0.0625,0.920660621761658,-0.121787050710686,0.650418896355571,0.999979449332792,0.96479863560732,DDX1/ATG5,2
GO:0014074,response to purine-containing compound,2/193,32/2843,0.0625,0.920660621761658,-0.121787050710686,0.650418896355571,0.999979449332792,0.96479863560732,ATP5PO/HDAC2,2
GO:0034101,erythrocyte homeostasis,2/193,32/2843,0.0625,0.920660621761658,-0.121787050710686,0.650418896355571,0.999979449332792,0.96479863560732,TCEA1/DIAPH3,2
GO:0045814,"negative regulation of gene expression, epigenetic",2/193,32/2843,0.0625,0.920660621761658,-0.121787050710686,0.650418896355571,0.999979449332792,0.96479863560732,CBX3/HDAC2,2
GO:0050954,sensory perception of mechanical stimulus,2/193,32/2843,0.0625,0.920660621761658,-0.121787050710686,0.650418896355571,0.999979449332792,0.96479863560732,DIAPH3/RPL38,2
GO:0051963,regulation of synapse assembly,2/193,32/2843,0.0625,0.920660621761658,-0.121787050710686,0.650418896355571,0.999979449332792,0.96479863560732,RAC3/VPS35,2
GO:0001578,microtubule bundle formation,1/193,15/2843,0.0666666666666667,0.982037996545768,-0.0188203829858707,0.652573529038918,0.999979449332792,0.96479863560732,DNAAF2,1
GO:0002065,columnar/cuboidal epithelial cell differentiation,1/193,15/2843,0.0666666666666667,0.982037996545768,-0.0188203829858707,0.652573529038918,0.999979449332792,0.96479863560732,TUBB,1
GO:0002548,monocyte chemotaxis,1/193,15/2843,0.0666666666666667,0.982037996545768,-0.0188203829858707,0.652573529038918,0.999979449332792,0.96479863560732,S100A14,1
GO:0002711,positive regulation of T cell mediated immunity,1/193,15/2843,0.0666666666666667,0.982037996545768,-0.0188203829858707,0.652573529038918,0.999979449332792,0.96479863560732,HSPD1,1
GO:0006672,ceramide metabolic process,1/193,15/2843,0.0666666666666667,0.982037996545768,-0.0188203829858707,0.652573529038918,0.999979449332792,0.96479863560732,ELOVL1,1
GO:0006809,nitric oxide biosynthetic process,1/193,15/2843,0.0666666666666667,0.982037996545768,-0.0188203829858707,0.652573529038918,0.999979449332792,0.96479863560732,ASL,1
GO:0007585,respiratory gaseous exchange by respiratory system,1/193,15/2843,0.0666666666666667,0.982037996545768,-0.0188203829858707,0.652573529038918,0.999979449332792,0.96479863560732,YWHAZ,1
GO:0008347,glial cell migration,1/193,15/2843,0.0666666666666667,0.982037996545768,-0.0188203829858707,0.652573529038918,0.999979449332792,0.96479863560732,CDK5,1
GO:0009791,post-embryonic development,1/193,15/2843,0.0666666666666667,0.982037996545768,-0.0188203829858707,0.652573529038918,0.999979449332792,0.96479863560732,ASL,1
GO:0014015,positive regulation of gliogenesis,1/193,15/2843,0.0666666666666667,0.982037996545768,-0.0188203829858707,0.652573529038918,0.999979449332792,0.96479863560732,HDAC2,1
GO:0015800,acidic amino acid transport,1/193,15/2843,0.0666666666666667,0.982037996545768,-0.0188203829858707,0.652573529038918,0.999979449332792,0.96479863560732,GIPC1,1
GO:0019217,regulation of fatty acid metabolic process,1/193,15/2843,0.0666666666666667,0.982037996545768,-0.0188203829858707,0.652573529038918,0.999979449332792,0.96479863560732,PGK1,1
GO:0019233,sensory perception of pain,1/193,15/2843,0.0666666666666667,0.982037996545768,-0.0188203829858707,0.652573529038918,0.999979449332792,0.96479863560732,CDK5,1
GO:0033077,T cell differentiation in thymus,1/193,15/2843,0.0666666666666667,0.982037996545768,-0.0188203829858707,0.652573529038918,0.999979449332792,0.96479863560732,ATG5,1
GO:0033555,multicellular organismal response to stress,1/193,15/2843,0.0666666666666667,0.982037996545768,-0.0188203829858707,0.652573529038918,0.999979449332792,0.96479863560732,VDAC1,1
GO:0034243,regulation of transcription elongation by RNA polymerase II,1/193,15/2843,0.0666666666666667,0.982037996545768,-0.0188203829858707,0.652573529038918,0.999979449332792,0.96479863560732,INTS13,1
GO:0035194,regulatory ncRNA-mediated post-transcriptional gene silencing,1/193,15/2843,0.0666666666666667,0.982037996545768,-0.0188203829858707,0.652573529038918,0.999979449332792,0.96479863560732,XPO5,1
GO:0044088,regulation of vacuole organization,1/193,15/2843,0.0666666666666667,0.982037996545768,-0.0188203829858707,0.652573529038918,0.999979449332792,0.96479863560732,YWHAZ,1
GO:0045913,positive regulation of carbohydrate metabolic process,1/193,15/2843,0.0666666666666667,0.982037996545768,-0.0188203829858707,0.652573529038918,0.999979449332792,0.96479863560732,DDB1,1
GO:0046425,regulation of receptor signaling pathway via JAK-STAT,1/193,15/2843,0.0666666666666667,0.982037996545768,-0.0188203829858707,0.652573529038918,0.999979449332792,0.96479863560732,ELP2,1
GO:0046626,regulation of insulin receptor signaling pathway,1/193,15/2843,0.0666666666666667,0.982037996545768,-0.0188203829858707,0.652573529038918,0.999979449332792,0.96479863560732,MAPKAP1,1
GO:0050779,RNA destabilization,1/193,15/2843,0.0666666666666667,0.982037996545768,-0.0188203829858707,0.652573529038918,0.999979449332792,0.96479863560732,PAIP1,1
GO:0061180,mammary gland epithelium development,1/193,15/2843,0.0666666666666667,0.982037996545768,-0.0188203829858707,0.652573529038918,0.999979449332792,0.96479863560732,PHB2,1
GO:0070613,regulation of protein processing,1/193,15/2843,0.0666666666666667,0.982037996545768,-0.0188203829858707,0.652573529038918,0.999979449332792,0.96479863560732,ENO1,1
GO:0071470,cellular response to osmotic stress,1/193,15/2843,0.0666666666666667,0.982037996545768,-0.0188203829858707,0.652573529038918,0.999979449332792,0.96479863560732,LRRC8E,1
GO:0071622,regulation of granulocyte chemotaxis,1/193,15/2843,0.0666666666666667,0.982037996545768,-0.0188203829858707,0.652573529038918,0.999979449332792,0.96479863560732,S100A14,1
GO:0072348,sulfur compound transport,1/193,15/2843,0.0666666666666667,0.982037996545768,-0.0188203829858707,0.652573529038918,0.999979449332792,0.96479863560732,SLC35B2,1
GO:0080164,regulation of nitric oxide metabolic process,1/193,15/2843,0.0666666666666667,0.982037996545768,-0.0188203829858707,0.652573529038918,0.999979449332792,0.96479863560732,ASL,1
GO:0086001,cardiac muscle cell action potential,1/193,15/2843,0.0666666666666667,0.982037996545768,-0.0188203829858707,0.652573529038918,0.999979449332792,0.96479863560732,YWHAE,1
GO:0097120,receptor localization to synapse,1/193,15/2843,0.0666666666666667,0.982037996545768,-0.0188203829858707,0.652573529038918,0.999979449332792,0.96479863560732,VPS35,1
GO:0098815,modulation of excitatory postsynaptic potential,1/193,15/2843,0.0666666666666667,0.982037996545768,-0.0188203829858707,0.652573529038918,0.999979449332792,0.96479863560732,DVL1,1
GO:1901879,regulation of protein depolymerization,1/193,15/2843,0.0666666666666667,0.982037996545768,-0.0188203829858707,0.652573529038918,0.999979449332792,0.96479863560732,DIAPH3,1
GO:1902622,regulation of neutrophil migration,1/193,15/2843,0.0666666666666667,0.982037996545768,-0.0188203829858707,0.652573529038918,0.999979449332792,0.96479863560732,RAC3,1
GO:1903409,reactive oxygen species biosynthetic process,1/193,15/2843,0.0666666666666667,0.982037996545768,-0.0188203829858707,0.652573529038918,0.999979449332792,0.96479863560732,TRAP1,1
GO:1905897,regulation of response to endoplasmic reticulum stress,1/193,15/2843,0.0666666666666667,0.982037996545768,-0.0188203829858707,0.652573529038918,0.999979449332792,0.96479863560732,COPS5,1
GO:2000027,regulation of animal organ morphogenesis,1/193,15/2843,0.0666666666666667,0.982037996545768,-0.0188203829858707,0.652573529038918,0.999979449332792,0.96479863560732,PHB2,1
GO:0031401,positive regulation of protein modification process,5/193,81/2843,0.0617283950617284,0.909294441246082,-0.223476741137471,0.653854134377388,0.999979449332792,0.96479863560732,TBC1D7/NPM1/ECT2/DCUN1D5/TOM1L1,5
GO:0031667,response to nutrient levels,6/193,97/2843,0.0618556701030928,0.911169275145559,-0.2401964370196,0.655028809429052,0.999979449332792,0.96479863560732,TBC1D7/YWHAZ/MAPKAP1/ATG5/ASL/FOXK2,6
GO:0051052,regulation of DNA metabolic process,6/193,97/2843,0.0618556701030928,0.911169275145559,-0.2401964370196,0.655028809429052,0.999979449332792,0.96479863560732,MRGBP/NSMCE2/CCT8/CCT4/CCT3/MEAF6,6
GO:0055080,monoatomic cation homeostasis,6/193,97/2843,0.0618556701030928,0.911169275145559,-0.2401964370196,0.655028809429052,0.999979449332792,0.96479863560732,YWHAE/GLRX3/TESMIN/ATP5F1B/S100A14/ATG5,6
GO:0051640,organelle localization,7/193,113/2843,0.0619469026548673,0.912513182631024,-0.256075642136535,0.657047262525381,0.999979449332792,0.96479863560732,YWHAZ/NPM1/COPS5/LRPPRC/CDK5/ECT2/PARD3,7
GO:0016197,endosomal transport,3/193,49/2843,0.0612244897959184,0.901871629480808,-0.186959346194529,0.657363979727048,0.999979449332792,0.96479863560732,DIAPH3/VPS35/AP1S1,3
GO:0090596,sensory organ morphogenesis,3/193,49/2843,0.0612244897959184,0.901871629480808,-0.186959346194529,0.657363979727048,0.999979449332792,0.96479863560732,DVL1/HDAC2/RPL38,3
GO:0045892,negative regulation of DNA-templated transcription,14/193,222/2843,0.0630630630630631,0.928954861597349,-0.297471316660759,0.658460273307283,0.999979449332792,0.96479863560732,HMGA1/STRAP/YWHAZ/PHB2/ENO1/YWHAQ/CBX3/PHF14/SINHCAF/HDAC2/CDK5/PWP1/DEPDC1/FOXK2,14
GO:0050801,monoatomic ion homeostasis,6/193,98/2843,0.0612244897959184,0.901871629480808,-0.266749862950625,0.664969192471961,0.999979449332792,0.96479863560732,YWHAE/GLRX3/TESMIN/ATP5F1B/S100A14/ATG5,6
GO:0042063,gliogenesis,4/193,66/2843,0.0606060606060606,0.892761815041608,-0.23784894917006,0.666154801253475,0.999979449332792,0.96479863560732,HDAC2/CDK5/PARD3/EIF2B3,4
GO:0001890,placenta development,2/193,33/2843,0.0606060606060606,0.892761815041608,-0.167194127435731,0.667186066669901,0.999979449332792,0.96479863560732,DCAF13/DAZAP1,2
GO:0001952,regulation of cell-matrix adhesion,2/193,33/2843,0.0606060606060606,0.892761815041608,-0.167194127435731,0.667186066669901,0.999979449332792,0.96479863560732,GFUS/ACTG1,2
GO:0002456,T cell mediated immunity,2/193,33/2843,0.0606060606060606,0.892761815041608,-0.167194127435731,0.667186066669901,0.999979449332792,0.96479863560732,GFUS/HSPD1,2
GO:0032006,regulation of TOR signaling,2/193,33/2843,0.0606060606060606,0.892761815041608,-0.167194127435731,0.667186066669901,0.999979449332792,0.96479863560732,TBC1D7/YWHAZ,2
GO:0043534,blood vessel endothelial cell migration,2/193,33/2843,0.0606060606060606,0.892761815041608,-0.167194127435731,0.667186066669901,0.999979449332792,0.96479863560732,ATP5F1A/ATP5F1B,2
GO:0000070,mitotic sister chromatid segregation,3/193,50/2843,0.06,0.883834196891192,-0.223612248131127,0.670979467415707,0.999979449332792,0.96479863560732,NSMCE2/BUB1/PSMG2,3
GO:0007163,establishment or maintenance of cell polarity,3/193,50/2843,0.06,0.883834196891192,-0.223612248131127,0.670979467415707,0.999979449332792,0.96479863560732,RAC3/DIAPH3/PARD3,3
GO:0010594,regulation of endothelial cell migration,3/193,50/2843,0.06,0.883834196891192,-0.223612248131127,0.670979467415707,0.999979449332792,0.96479863560732,GFUS/ATP5F1A/ATP5F1B,3
GO:0010810,regulation of cell-substrate adhesion,3/193,50/2843,0.06,0.883834196891192,-0.223612248131127,0.670979467415707,0.999979449332792,0.96479863560732,RAC3/GFUS/ACTG1,3
GO:0032886,regulation of microtubule-based process,3/193,50/2843,0.06,0.883834196891192,-0.223612248131127,0.670979467415707,0.999979449332792,0.96479863560732,NPM1/MEMO1/DIAPH3,3
GO:0045087,innate immune response,12/193,193/2843,0.0621761658031088,0.915890359472737,-0.326564708152706,0.67192396780001,0.999979449332792,0.96479863560732,YWHAE/PPP1R14B/YWHAZ/PHB2/HSPD1/DDX1/TUBB/ACTG1/TTLL12/DDB1/S100A14/ATG5,12
GO:0030031,cell projection assembly,6/193,99/2843,0.0606060606060606,0.892761815041608,-0.293050693121028,0.674730420051838,0.999979449332792,0.96479863560732,RAC3/TBC1D7/NDUFAF2/GDI2/ATG5/DNAAF2,6
GO:0044772,mitotic cell cycle phase transition,6/193,99/2843,0.0606060606060606,0.892761815041608,-0.293050693121028,0.674730420051838,0.999979449332792,0.96479863560732,NSMCE2/BUB1/PSMG2/MNAT1/DDB1/CUL2,6
GO:0006310,DNA recombination,5/193,83/2843,0.0602409638554217,0.887383731818466,-0.280965755886998,0.675285248797648,0.999979449332792,0.96479863560732,PSMD14/MRGBP/HSPD1/NSMCE2/MEAF6,5
GO:0006873,intracellular monoatomic ion homeostasis,5/193,83/2843,0.0602409638554217,0.887383731818466,-0.280965755886998,0.675285248797648,0.999979449332792,0.96479863560732,YWHAE/GLRX3/TESMIN/ATP5F1B/ATG5,5
GO:0030003,intracellular monoatomic cation homeostasis,5/193,83/2843,0.0602409638554217,0.887383731818466,-0.280965755886998,0.675285248797648,0.999979449332792,0.96479863560732,YWHAE/GLRX3/TESMIN/ATP5F1B/ATG5,5
GO:0001676,long-chain fatty acid metabolic process,1/193,16/2843,0.0625,0.920660621761658,-0.085872406562947,0.676284034306064,0.999979449332792,0.96479863560732,ELOVL1,1
GO:0001913,T cell mediated cytotoxicity,1/193,16/2843,0.0625,0.920660621761658,-0.085872406562947,0.676284034306064,0.999979449332792,0.96479863560732,GFUS,1
GO:0001954,positive regulation of cell-matrix adhesion,1/193,16/2843,0.0625,0.920660621761658,-0.085872406562947,0.676284034306064,0.999979449332792,0.96479863560732,GFUS,1
GO:0006334,nucleosome assembly,1/193,16/2843,0.0625,0.920660621761658,-0.085872406562947,0.676284034306064,0.999979449332792,0.96479863560732,NPM1,1
GO:0006469,negative regulation of protein kinase activity,1/193,16/2843,0.0625,0.920660621761658,-0.085872406562947,0.676284034306064,0.999979449332792,0.96479863560732,NPM1,1
GO:0006584,catecholamine metabolic process,1/193,16/2843,0.0625,0.920660621761658,-0.085872406562947,0.676284034306064,0.999979449332792,0.96479863560732,VPS35,1
GO:0009712,catechol-containing compound metabolic process,1/193,16/2843,0.0625,0.920660621761658,-0.085872406562947,0.676284034306064,0.999979449332792,0.96479863560732,VPS35,1
GO:0010611,regulation of cardiac muscle hypertrophy,1/193,16/2843,0.0625,0.920660621761658,-0.085872406562947,0.676284034306064,0.999979449332792,0.96479863560732,GLRX3,1
GO:0010657,muscle cell apoptotic process,1/193,16/2843,0.0625,0.920660621761658,-0.085872406562947,0.676284034306064,0.999979449332792,0.96479863560732,ATG5,1
GO:0014743,regulation of muscle hypertrophy,1/193,16/2843,0.0625,0.920660621761658,-0.085872406562947,0.676284034306064,0.999979449332792,0.96479863560732,GLRX3,1
GO:0015908,fatty acid transport,1/193,16/2843,0.0625,0.920660621761658,-0.085872406562947,0.676284034306064,0.999979449332792,0.96479863560732,LYPLA1,1
GO:0016239,positive regulation of macroautophagy,1/193,16/2843,0.0625,0.920660621761658,-0.085872406562947,0.676284034306064,0.999979449332792,0.96479863560732,VDAC1,1
GO:0016441,post-transcriptional gene silencing,1/193,16/2843,0.0625,0.920660621761658,-0.085872406562947,0.676284034306064,0.999979449332792,0.96479863560732,XPO5,1
GO:0016925,protein sumoylation,1/193,16/2843,0.0625,0.920660621761658,-0.085872406562947,0.676284034306064,0.999979449332792,0.96479863560732,NSMCE2,1
GO:0021879,forebrain neuron differentiation,1/193,16/2843,0.0625,0.920660621761658,-0.085872406562947,0.676284034306064,0.999979449332792,0.96479863560732,RAC3,1
GO:0022029,telencephalon cell migration,1/193,16/2843,0.0625,0.920660621761658,-0.085872406562947,0.676284034306064,0.999979449332792,0.96479863560732,CDK5,1
GO:0022898,regulation of transmembrane transporter activity,1/193,16/2843,0.0625,0.920660621761658,-0.085872406562947,0.676284034306064,0.999979449332792,0.96479863560732,PHB2,1
GO:0030148,sphingolipid biosynthetic process,1/193,16/2843,0.0625,0.920660621761658,-0.085872406562947,0.676284034306064,0.999979449332792,0.96479863560732,ELOVL1,1
GO:0030858,positive regulation of epithelial cell differentiation,1/193,16/2843,0.0625,0.920660621761658,-0.085872406562947,0.676284034306064,0.999979449332792,0.96479863560732,NME2,1
GO:0032412,regulation of monoatomic ion transmembrane transporter activity,1/193,16/2843,0.0625,0.920660621761658,-0.085872406562947,0.676284034306064,0.999979449332792,0.96479863560732,PHB2,1
GO:0033673,negative regulation of kinase activity,1/193,16/2843,0.0625,0.920660621761658,-0.085872406562947,0.676284034306064,0.999979449332792,0.96479863560732,NPM1,1
GO:0035821,modulation of process of another organism,1/193,16/2843,0.0625,0.920660621761658,-0.085872406562947,0.676284034306064,0.999979449332792,0.96479863560732,PAIP1,1
GO:0043473,pigmentation,1/193,16/2843,0.0625,0.920660621761658,-0.085872406562947,0.676284034306064,0.999979449332792,0.96479863560732,AP1S1,1
GO:0045669,positive regulation of osteoblast differentiation,1/193,16/2843,0.0625,0.920660621761658,-0.085872406562947,0.676284034306064,0.999979449332792,0.96479863560732,PRMT3,1
GO:0051298,centrosome duplication,1/193,16/2843,0.0625,0.920660621761658,-0.085872406562947,0.676284034306064,0.999979449332792,0.96479863560732,NPM1,1
GO:0061515,myeloid cell development,1/193,16/2843,0.0625,0.920660621761658,-0.085872406562947,0.676284034306064,0.999979449332792,0.96479863560732,DIAPH3,1
GO:0097194,execution phase of apoptosis,1/193,16/2843,0.0625,0.920660621761658,-0.085872406562947,0.676284034306064,0.999979449332792,0.96479863560732,HSPD1,1
GO:0140115,export across plasma membrane,1/193,16/2843,0.0625,0.920660621761658,-0.085872406562947,0.676284034306064,0.999979449332792,0.96479863560732,YWHAE,1
GO:1902117,positive regulation of organelle assembly,1/193,16/2843,0.0625,0.920660621761658,-0.085872406562947,0.676284034306064,0.999979449332792,0.96479863560732,ATG5,1
GO:1903317,regulation of protein maturation,1/193,16/2843,0.0625,0.920660621761658,-0.085872406562947,0.676284034306064,0.999979449332792,0.96479863560732,ENO1,1
GO:0043122,regulation of canonical NF-kappaB signal transduction,4/193,67/2843,0.0597014925373134,0.879437011832031,-0.269469383188828,0.677859873527778,0.999979449332792,0.96479863560732,RHOC/DDX1/SLC35B2/ECT2,4
GO:0010605,negative regulation of macromolecule metabolic process,29/193,455/2843,0.0637362637362637,0.938871491203097,-0.383884072043458,0.680837357462335,0.999979449332792,0.96479863560732,HMGA1/STRAP/PAIP1/YWHAZ/EIF3E/NPM1/PHB2/GIPC1/ENO1/PRMT3/YWHAQ/EIF3H/CBX3/XPO5/SRSF9/LSM2/PHF14/SINHCAF/LRPPRC/HDAC2/CDK5/PWP1/PARD3/DEPDC1/ATG5/VPS35/EXOSC7/TBRG4/FOXK2,29
GO:0007626,locomotory behavior,2/193,34/2843,0.0588235294117647,0.866504114599208,-0.211299866843486,0.683301905512834,0.999979449332792,0.96479863560732,ASL/VPS35,2
GO:0009411,response to UV,2/193,34/2843,0.0588235294117647,0.866504114599208,-0.211299866843486,0.683301905512834,0.999979449332792,0.96479863560732,NPM1/DDB1,2
GO:0010508,positive regulation of autophagy,2/193,34/2843,0.0588235294117647,0.866504114599208,-0.211299866843486,0.683301905512834,0.999979449332792,0.96479863560732,VDAC1/ATG5,2
GO:0034284,response to monosaccharide,2/193,34/2843,0.0588235294117647,0.866504114599208,-0.211299866843486,0.683301905512834,0.999979449332792,0.96479863560732,NDUFAF2/EIF2B3,2
GO:0055002,striated muscle cell development,2/193,34/2843,0.0588235294117647,0.866504114599208,-0.211299866843486,0.683301905512834,0.999979449332792,0.96479863560732,ACTG1/ATG5,2
GO:0045859,regulation of protein kinase activity,3/193,51/2843,0.0588235294117647,0.866504114599208,-0.259575091349605,0.684197450786924,0.999979449332792,0.96479863560732,NPM1/ECT2/TOM1L1,3
GO:0080134,regulation of response to stress,17/193,273/2843,0.0622710622710623,0.917288238531762,-0.387837488703268,0.68868933182397,0.999979449332792,0.96479863560732,YWHAE/YWHAZ/MRGBP/NPM1/COPS5/PHB2/ENO1/HSPD1/MTCH2/ACTG1/TTLL12/MAPKAP1/S100A14/SHPK/ATG5/VPS35/MEAF6,17
GO:0002758,innate immune response-activating signaling pathway,4/193,68/2843,0.0588235294117647,0.866504114599208,-0.300648192407596,0.689279342144001,0.999979449332792,0.96479863560732,YWHAE/PHB2/HSPD1/S100A14,4
GO:1902679,negative regulation of RNA biosynthetic process,14/193,227/2843,0.0616740088105727,0.908493300769213,-0.387806159931132,0.691644397453768,0.999979449332792,0.96479863560732,HMGA1/STRAP/YWHAZ/PHB2/ENO1/YWHAQ/CBX3/PHF14/SINHCAF/HDAC2/CDK5/PWP1/DEPDC1/FOXK2,14
GO:0051254,positive regulation of RNA metabolic process,20/193,320/2843,0.0625,0.920660621761658,-0.406511570073962,0.693193601332745,0.999979449332792,0.96479863560732,HMGA1/PTGES2/NME2/GTF2F2/PAIP1/E2F5/MRGBP/NPM1/DVL1/COPS5/EIF5A/TCEA1/CDK8/CLNS1A/DAZAP1/HDAC2/PWP1/PCBD1/FOXK2/MEAF6,20
GO:0010558,negative regulation of macromolecule biosynthetic process,25/193,397/2843,0.0629722921914358,0.927617754923585,-0.419533679302449,0.69519190040513,0.999979449332792,0.96479863560732,HMGA1/STRAP/PAIP1/YWHAZ/EIF3E/NPM1/PHB2/ENO1/YWHAQ/CBX3/XPO5/SRSF9/LSM2/PHF14/SINHCAF/LRPPRC/HDAC2/CDK5/PWP1/DEPDC1/ATG5/VPS35/EXOSC7/TBRG4/FOXK2,25
GO:0045930,negative regulation of mitotic cell cycle,3/193,52/2843,0.0576923076923077,0.849840573933838,-0.294877820259281,0.697018724611023,0.999979449332792,0.96479863560732,BUB1/PSMG2/TOM1L1,3
GO:0002347,response to tumor cell,1/193,17/2843,0.0588235294117647,0.866504114599208,-0.148961492968828,0.698384204585133,0.999979449332792,0.96479863560732,HSPD1,1
GO:0002639,positive regulation of immunoglobulin production,1/193,17/2843,0.0588235294117647,0.866504114599208,-0.148961492968828,0.698384204585133,0.999979449332792,0.96479863560732,PHB2,1
GO:0006721,terpenoid metabolic process,1/193,17/2843,0.0588235294117647,0.866504114599208,-0.148961492968828,0.698384204585133,0.999979449332792,0.96479863560732,PRMT3,1
GO:0021549,cerebellum development,1/193,17/2843,0.0588235294117647,0.866504114599208,-0.148961492968828,0.698384204585133,0.999979449332792,0.96479863560732,CDK5,1
GO:0021872,forebrain generation of neurons,1/193,17/2843,0.0588235294117647,0.866504114599208,-0.148961492968828,0.698384204585133,0.999979449332792,0.96479863560732,RAC3,1
GO:0030166,proteoglycan biosynthetic process,1/193,17/2843,0.0588235294117647,0.866504114599208,-0.148961492968828,0.698384204585133,0.999979449332792,0.96479863560732,SLC35B2,1
GO:0032409,regulation of transporter activity,1/193,17/2843,0.0588235294117647,0.866504114599208,-0.148961492968828,0.698384204585133,0.999979449332792,0.96479863560732,PHB2,1
GO:0032784,regulation of DNA-templated transcription elongation,1/193,17/2843,0.0588235294117647,0.866504114599208,-0.148961492968828,0.698384204585133,0.999979449332792,0.96479863560732,INTS13,1
GO:0042303,molting cycle,1/193,17/2843,0.0588235294117647,0.866504114599208,-0.148961492968828,0.698384204585133,0.999979449332792,0.96479863560732,HDAC2,1
GO:0042633,hair cycle,1/193,17/2843,0.0588235294117647,0.866504114599208,-0.148961492968828,0.698384204585133,0.999979449332792,0.96479863560732,HDAC2,1
GO:0045069,regulation of viral genome replication,1/193,17/2843,0.0588235294117647,0.866504114599208,-0.148961492968828,0.698384204585133,0.999979449332792,0.96479863560732,DDB1,1
GO:0045604,regulation of epidermal cell differentiation,1/193,17/2843,0.0588235294117647,0.866504114599208,-0.148961492968828,0.698384204585133,0.999979449332792,0.96479863560732,NME2,1
GO:0045921,positive regulation of exocytosis,1/193,17/2843,0.0588235294117647,0.866504114599208,-0.148961492968828,0.698384204585133,0.999979449332792,0.96479863560732,CDK5,1
GO:0046209,nitric oxide metabolic process,1/193,17/2843,0.0588235294117647,0.866504114599208,-0.148961492968828,0.698384204585133,0.999979449332792,0.96479863560732,ASL,1
GO:0048477,oogenesis,1/193,17/2843,0.0588235294117647,0.866504114599208,-0.148961492968828,0.698384204585133,0.999979449332792,0.96479863560732,DCAF13,1
GO:0051262,protein tetramerization,1/193,17/2843,0.0588235294117647,0.866504114599208,-0.148961492968828,0.698384204585133,0.999979449332792,0.96479863560732,FARSB,1
GO:0055013,cardiac muscle cell development,1/193,17/2843,0.0588235294117647,0.866504114599208,-0.148961492968828,0.698384204585133,0.999979449332792,0.96479863560732,ATG5,1
GO:0070936,protein K48-linked ubiquitination,1/193,17/2843,0.0588235294117647,0.866504114599208,-0.148961492968828,0.698384204585133,0.999979449332792,0.96479863560732,KCMF1,1
GO:1904377,positive regulation of protein localization to cell periphery,1/193,17/2843,0.0588235294117647,0.866504114599208,-0.148961492968828,0.698384204585133,0.999979449332792,0.96479863560732,VPS35,1
GO:1904892,regulation of receptor signaling pathway via STAT,1/193,17/2843,0.0588235294117647,0.866504114599208,-0.148961492968828,0.698384204585133,0.999979449332792,0.96479863560732,ELP2,1
GO:0002753,cytoplasmic pattern recognition receptor signaling pathway,2/193,35/2843,0.0571428571428571,0.841746854182087,-0.254188311725724,0.698777088604921,0.999979449332792,0.96479863560732,YWHAE/PHB2,2
GO:0007093,mitotic cell cycle checkpoint signaling,2/193,35/2843,0.0571428571428571,0.841746854182087,-0.254188311725724,0.698777088604921,0.999979449332792,0.96479863560732,BUB1/PSMG2,2
GO:0008016,regulation of heart contraction,2/193,35/2843,0.0571428571428571,0.841746854182087,-0.254188311725724,0.698777088604921,0.999979449332792,0.96479863560732,YWHAE/GLRX3,2
GO:0010212,response to ionizing radiation,2/193,35/2843,0.0571428571428571,0.841746854182087,-0.254188311725724,0.698777088604921,0.999979449332792,0.96479863560732,ECT2/COP1,2
GO:0019827,stem cell population maintenance,2/193,35/2843,0.0571428571428571,0.841746854182087,-0.254188311725724,0.698777088604921,0.999979449332792,0.96479863560732,SINHCAF/HDAC2,2
GO:0051494,negative regulation of cytoskeleton organization,2/193,35/2843,0.0571428571428571,0.841746854182087,-0.254188311725724,0.698777088604921,0.999979449332792,0.96479863560732,NPM1/DIAPH3,2
GO:0140014,mitotic nuclear division,4/193,69/2843,0.0579710144927536,0.853946083952842,-0.331399826907224,0.700412208213166,0.999979449332792,0.96479863560732,NSMCE2/BUB1/PSMG2/TOM1L1,4
GO:0019216,regulation of lipid metabolic process,3/193,53/2843,0.0566037735849057,0.833805846123766,-0.329548493211832,0.709445116063957,0.999979449332792,0.96479863560732,PHB2/PRMT3/PGK1,3
GO:0045055,regulated exocytosis,3/193,53/2843,0.0566037735849057,0.833805846123766,-0.329548493211832,0.709445116063957,0.999979449332792,0.96479863560732,DVL1/CDK5/SYNGR2,3
GO:0051047,positive regulation of secretion,3/193,53/2843,0.0566037735849057,0.833805846123766,-0.329548493211832,0.709445116063957,0.999979449332792,0.96479863560732,CDK5/ATG5/VPS35,3
GO:0055074,calcium ion homeostasis,3/193,53/2843,0.0566037735849057,0.833805846123766,-0.329548493211832,0.709445116063957,0.999979449332792,0.96479863560732,YWHAE/S100A14/ATG5,3
GO:0090287,regulation of cellular response to growth factor stimulus,4/193,70/2843,0.0571428571428571,0.841746854182087,-0.361738048559453,0.711258124057405,0.999979449332792,0.96479863560732,STRAP/GIPC1/SINHCAF/HDAC2,4
GO:0141091,transforming growth factor beta receptor superfamily signaling pathway,4/193,70/2843,0.0571428571428571,0.841746854182087,-0.361738048559453,0.711258124057405,0.999979449332792,0.96479863560732,STRAP/GIPC1/SINHCAF/HDAC2,4
GO:0006282,regulation of DNA repair,2/193,36/2843,0.0555555555555556,0.818364997121474,-0.295935689365169,0.713623843625447,0.999979449332792,0.96479863560732,MRGBP/MEAF6,2
GO:0017157,regulation of exocytosis,2/193,36/2843,0.0555555555555556,0.818364997121474,-0.295935689365169,0.713623843625447,0.999979449332792,0.96479863560732,DVL1/CDK5,2
GO:0021953,central nervous system neuron differentiation,2/193,36/2843,0.0555555555555556,0.818364997121474,-0.295935689365169,0.713623843625447,0.999979449332792,0.96479863560732,RAC3/CDK5,2
GO:0051651,maintenance of location in cell,2/193,36/2843,0.0555555555555556,0.818364997121474,-0.295935689365169,0.713623843625447,0.999979449332792,0.96479863560732,CDK5/ATG5,2
GO:0071453,cellular response to oxygen levels,2/193,36/2843,0.0555555555555556,0.818364997121474,-0.295935689365169,0.713623843625447,0.999979449332792,0.96479863560732,ENO1/PGK1,2
GO:0098727,maintenance of cell number,2/193,36/2843,0.0555555555555556,0.818364997121474,-0.295935689365169,0.713623843625447,0.999979449332792,0.96479863560732,SINHCAF/HDAC2,2
GO:0061564,axon development,5/193,87/2843,0.0574712643678161,0.846584479780835,-0.392154380943719,0.7154727803798,0.999979449332792,0.96479863560732,RAC3/DVL1/ACTG1/CDK5/PARD3,5
GO:0006879,intracellular iron ion homeostasis,1/193,18/2843,0.0555555555555556,0.818364997121474,-0.20859040432956,0.718982877095773,0.999979449332792,0.96479863560732,GLRX3,1
GO:0008608,attachment of spindle microtubules to kinetochore,1/193,18/2843,0.0555555555555556,0.818364997121474,-0.20859040432956,0.718982877095773,0.999979449332792,0.96479863560732,ECT2,1
GO:0009062,fatty acid catabolic process,1/193,18/2843,0.0555555555555556,0.818364997121474,-0.20859040432956,0.718982877095773,0.999979449332792,0.96479863560732,PCCB,1
GO:0021885,forebrain cell migration,1/193,18/2843,0.0555555555555556,0.818364997121474,-0.20859040432956,0.718982877095773,0.999979449332792,0.96479863560732,CDK5,1
GO:0030317,flagellated sperm motility,1/193,18/2843,0.0555555555555556,0.818364997121474,-0.20859040432956,0.718982877095773,0.999979449332792,0.96479863560732,INTS13,1
GO:0031503,protein-containing complex localization,1/193,18/2843,0.0555555555555556,0.818364997121474,-0.20859040432956,0.718982877095773,0.999979449332792,0.96479863560732,VPS35,1
GO:0032733,positive regulation of interleukin-10 production,1/193,18/2843,0.0555555555555556,0.818364997121474,-0.20859040432956,0.718982877095773,0.999979449332792,0.96479863560732,HSPD1,1
GO:0033627,cell adhesion mediated by integrin,1/193,18/2843,0.0555555555555556,0.818364997121474,-0.20859040432956,0.718982877095773,0.999979449332792,0.96479863560732,RAC3,1
GO:0038061,non-canonical NF-kappaB signal transduction,1/193,18/2843,0.0555555555555556,0.818364997121474,-0.20859040432956,0.718982877095773,0.999979449332792,0.96479863560732,PHB2,1
GO:0042476,odontogenesis,1/193,18/2843,0.0555555555555556,0.818364997121474,-0.20859040432956,0.718982877095773,0.999979449332792,0.96479863560732,HDAC2,1
GO:0043255,regulation of carbohydrate biosynthetic process,1/193,18/2843,0.0555555555555556,0.818364997121474,-0.20859040432956,0.718982877095773,0.999979449332792,0.96479863560732,DDB1,1
GO:0043470,regulation of carbohydrate catabolic process,1/193,18/2843,0.0555555555555556,0.818364997121474,-0.20859040432956,0.718982877095773,0.999979449332792,0.96479863560732,MTCH2,1
GO:0043954,cellular component maintenance,1/193,18/2843,0.0555555555555556,0.818364997121474,-0.20859040432956,0.718982877095773,0.999979449332792,0.96479863560732,VPS35,1
GO:0050886,endocrine process,1/193,18/2843,0.0555555555555556,0.818364997121474,-0.20859040432956,0.718982877095773,0.999979449332792,0.96479863560732,PREP,1
GO:0051058,negative regulation of small GTPase mediated signal transduction,1/193,18/2843,0.0555555555555556,0.818364997121474,-0.20859040432956,0.718982877095773,0.999979449332792,0.96479863560732,MAPKAP1,1
GO:0070527,platelet aggregation,1/193,18/2843,0.0555555555555556,0.818364997121474,-0.20859040432956,0.718982877095773,0.999979449332792,0.96479863560732,ACTG1,1
GO:0071320,cellular response to cAMP,1/193,18/2843,0.0555555555555556,0.818364997121474,-0.20859040432956,0.718982877095773,0.999979449332792,0.96479863560732,ATP5PO,1
GO:0071353,cellular response to interleukin-4,1/193,18/2843,0.0555555555555556,0.818364997121474,-0.20859040432956,0.718982877095773,0.999979449332792,0.96479863560732,SHPK,1
GO:0071479,cellular response to ionizing radiation,1/193,18/2843,0.0555555555555556,0.818364997121474,-0.20859040432956,0.718982877095773,0.999979449332792,0.96479863560732,ECT2,1
GO:0097722,sperm motility,1/193,18/2843,0.0555555555555556,0.818364997121474,-0.20859040432956,0.718982877095773,0.999979449332792,0.96479863560732,INTS13,1
GO:2001057,reactive nitrogen species metabolic process,1/193,18/2843,0.0555555555555556,0.818364997121474,-0.20859040432956,0.718982877095773,0.999979449332792,0.96479863560732,ASL,1
GO:0001894,tissue homeostasis,3/193,54/2843,0.0555555555555556,0.818364997121474,-0.363613435696625,0.721479389324301,0.999979449332792,0.96479863560732,RAC3/STRAP/ACTG1,3
GO:0007160,cell-matrix adhesion,3/193,54/2843,0.0555555555555556,0.818364997121474,-0.363613435696625,0.721479389324301,0.999979449332792,0.96479863560732,GFUS/ACTG1/CDK5,3
GO:0043549,regulation of kinase activity,3/193,54/2843,0.0555555555555556,0.818364997121474,-0.363613435696625,0.721479389324301,0.999979449332792,0.96479863560732,NPM1/ECT2/TOM1L1,3
GO:0043588,skin development,3/193,54/2843,0.0555555555555556,0.818364997121474,-0.363613435696625,0.721479389324301,0.999979449332792,0.96479863560732,NME2/ELOVL1/HDAC2,3
GO:0060249,anatomical structure homeostasis,3/193,54/2843,0.0555555555555556,0.818364997121474,-0.363613435696625,0.721479389324301,0.999979449332792,0.96479863560732,RAC3/STRAP/ACTG1,3
GO:0006887,exocytosis,4/193,71/2843,0.0563380281690141,0.829891264686565,-0.391675973489343,0.721817350596397,0.999979449332792,0.96479863560732,DVL1/COPS5/CDK5/SYNGR2,4
GO:0007249,canonical NF-kappaB signal transduction,4/193,71/2843,0.0563380281690141,0.829891264686565,-0.391675973489343,0.721817350596397,0.999979449332792,0.96479863560732,RHOC/DDX1/SLC35B2/ECT2,4
GO:0048872,homeostasis of number of cells,4/193,71/2843,0.0563380281690141,0.829891264686565,-0.391675973489343,0.721817350596397,0.999979449332792,0.96479863560732,RAC3/TCEA1/MTCH2/DIAPH3,4
GO:0010629,negative regulation of gene expression,13/193,217/2843,0.0599078341013825,0.882476540674769,-0.486043150072909,0.727429301504543,0.999979449332792,0.96479863560732,PAIP1/EIF3E/NPM1/CBX3/XPO5/SRSF9/LSM2/LRPPRC/HDAC2/ATG5/VPS35/EXOSC7/TBRG4,13
GO:0001764,neuron migration,2/193,37/2843,0.0540540540540541,0.796247024226299,-0.336611340434758,0.727855692582779,0.999979449332792,0.96479863560732,YWHAE/CDK5,2
GO:0002705,positive regulation of leukocyte mediated immunity,2/193,37/2843,0.0540540540540541,0.796247024226299,-0.336611340434758,0.727855692582779,0.999979449332792,0.96479863560732,HSPD1/DDX1,2
GO:0007623,circadian rhythm,2/193,37/2843,0.0540540540540541,0.796247024226299,-0.336611340434758,0.727855692582779,0.999979449332792,0.96479863560732,DDB1/HDAC2,2
GO:0051235,maintenance of location,2/193,37/2843,0.0540540540540541,0.796247024226299,-0.336611340434758,0.727855692582779,0.999979449332792,0.96479863560732,CDK5/ATG5,2
GO:0002218,activation of innate immune response,4/193,72/2843,0.0555555555555556,0.818364997121474,-0.421226111346857,0.732090715721733,0.999979449332792,0.96479863560732,YWHAE/PHB2/HSPD1/S100A14,4
GO:0043085,positive regulation of catalytic activity,4/193,72/2843,0.0555555555555556,0.818364997121474,-0.421226111346857,0.732090715721733,0.999979449332792,0.96479863560732,TBC1D7/RHOC/ECT2/TOM1L1,4
GO:0009416,response to light stimulus,3/193,55/2843,0.0545454545454545,0.803485633537447,-0.397097378447833,0.733125155072959,0.999979449332792,0.96479863560732,NPM1/DDB1/CDK5,3
GO:0051607,defense response to virus,3/193,55/2843,0.0545454545454545,0.803485633537447,-0.397097378447833,0.733125155072959,0.999979449332792,0.96479863560732,PHB2/DDX1/ATG5,3
GO:0032102,negative regulation of response to external stimulus,5/193,89/2843,0.0561797752808989,0.827560109448681,-0.445983229674069,0.734211847868533,0.999979449332792,0.96479863560732,YWHAZ/DVL1/TTLL12/ATG5/VPS35,5
GO:0072657,protein localization to membrane,5/193,89/2843,0.0561797752808989,0.827560109448681,-0.445983229674069,0.734211847868533,0.999979449332792,0.96479863560732,TMEM147/DVL1/LYPLA1/CDK5/VPS35,5
GO:0002831,regulation of response to biotic stimulus,7/193,122/2843,0.0573770491803279,0.845196636371358,-0.471589136059564,0.734595934854254,0.999979449332792,0.96479863560732,YWHAE/YWHAZ/PHB2/HSPD1/TTLL12/S100A14/ATG5,7
GO:0001708,cell fate specification,1/193,19/2843,0.0526315789473684,0.775293155167712,-0.265172516646755,0.738181569032239,0.999979449332792,0.96479863560732,HDAC2,1
GO:0002027,regulation of heart rate,1/193,19/2843,0.0526315789473684,0.775293155167712,-0.265172516646755,0.738181569032239,0.999979449332792,0.96479863560732,YWHAE,1
GO:0002720,positive regulation of cytokine production involved in immune response,1/193,19/2843,0.0526315789473684,0.775293155167712,-0.265172516646755,0.738181569032239,0.999979449332792,0.96479863560732,DDX1,1
GO:0006821,chloride transport,1/193,19/2843,0.0526315789473684,0.775293155167712,-0.265172516646755,0.738181569032239,0.999979449332792,0.96479863560732,CLNS1A,1
GO:0007498,mesoderm development,1/193,19/2843,0.0526315789473684,0.775293155167712,-0.265172516646755,0.738181569032239,0.999979449332792,0.96479863560732,RPL38,1
GO:0022037,metencephalon development,1/193,19/2843,0.0526315789473684,0.775293155167712,-0.265172516646755,0.738181569032239,0.999979449332792,0.96479863560732,CDK5,1
GO:0032456,endocytic recycling,1/193,19/2843,0.0526315789473684,0.775293155167712,-0.265172516646755,0.738181569032239,0.999979449332792,0.96479863560732,VPS35,1
GO:0034109,homotypic cell-cell adhesion,1/193,19/2843,0.0526315789473684,0.775293155167712,-0.265172516646755,0.738181569032239,0.999979449332792,0.96479863560732,ACTG1,1
GO:0043648,dicarboxylic acid metabolic process,1/193,19/2843,0.0526315789473684,0.775293155167712,-0.265172516646755,0.738181569032239,0.999979449332792,0.96479863560732,ASL,1
GO:0045682,regulation of epidermis development,1/193,19/2843,0.0526315789473684,0.775293155167712,-0.265172516646755,0.738181569032239,0.999979449332792,0.96479863560732,NME2,1
GO:0046785,microtubule polymerization,1/193,19/2843,0.0526315789473684,0.775293155167712,-0.265172516646755,0.738181569032239,0.999979449332792,0.96479863560732,DIAPH3,1
GO:0055006,cardiac cell development,1/193,19/2843,0.0526315789473684,0.775293155167712,-0.265172516646755,0.738181569032239,0.999979449332792,0.96479863560732,ATG5,1
GO:0061014,positive regulation of mRNA catabolic process,1/193,19/2843,0.0526315789473684,0.775293155167712,-0.265172516646755,0.738181569032239,0.999979449332792,0.96479863560732,PAIP1,1
GO:0070670,response to interleukin-4,1/193,19/2843,0.0526315789473684,0.775293155167712,-0.265172516646755,0.738181569032239,0.999979449332792,0.96479863560732,SHPK,1
GO:0071806,protein transmembrane transport,1/193,19/2843,0.0526315789473684,0.775293155167712,-0.265172516646755,0.738181569032239,0.999979449332792,0.96479863560732,HSPD1,1
GO:0072332,intrinsic apoptotic signaling pathway by p53 class mediator,1/193,19/2843,0.0526315789473684,0.775293155167712,-0.265172516646755,0.738181569032239,0.999979449332792,0.96479863560732,EIF5A,1
GO:0098586,cellular response to virus,1/193,19/2843,0.0526315789473684,0.775293155167712,-0.265172516646755,0.738181569032239,0.999979449332792,0.96479863560732,EIF5A,1
GO:2000142,regulation of DNA-templated transcription initiation,1/193,19/2843,0.0526315789473684,0.775293155167712,-0.265172516646755,0.738181569032239,0.999979449332792,0.96479863560732,NME2,1
GO:2000144,positive regulation of DNA-templated transcription initiation,1/193,19/2843,0.0526315789473684,0.775293155167712,-0.265172516646755,0.738181569032239,0.999979449332792,0.96479863560732,NME2,1
GO:0042592,homeostatic process,19/193,313/2843,0.060702875399361,0.894187952126339,-0.535444894956464,0.738578029057145,0.999979449332792,0.96479863560732,RAC3/YWHAE/STRAP/GLRX3/NPM1/TCEA1/TESMIN/NDUFAF2/MTCH2/ATP5F1B/CLNS1A/DIAPH3/ACTG1/LRRC8E/S100A14/ATG5/ASL/FOXK2/SLC37A4,19
GO:0001909,leukocyte mediated cytotoxicity,2/193,38/2843,0.0526315789473684,0.775293155167712,-0.376278515161471,0.741487221705558,0.999979449332792,0.96479863560732,GFUS/TUBB,2
GO:0006836,neurotransmitter transport,2/193,38/2843,0.0526315789473684,0.775293155167712,-0.376278515161471,0.741487221705558,0.999979449332792,0.96479863560732,DVL1/CDK5,2
GO:0021543,pallium development,2/193,38/2843,0.0526315789473684,0.775293155167712,-0.376278515161471,0.741487221705558,0.999979449332792,0.96479863560732,YWHAE/CDK5,2
GO:0030010,establishment of cell polarity,2/193,38/2843,0.0526315789473684,0.775293155167712,-0.376278515161471,0.741487221705558,0.999979449332792,0.96479863560732,DIAPH3/PARD3,2
GO:0048738,cardiac muscle tissue development,2/193,38/2843,0.0526315789473684,0.775293155167712,-0.376278515161471,0.741487221705558,0.999979449332792,0.96479863560732,NDUFV2/ATG5,2
GO:0055001,muscle cell development,2/193,38/2843,0.0526315789473684,0.775293155167712,-0.376278515161471,0.741487221705558,0.999979449332792,0.96479863560732,ACTG1/ATG5,2
GO:0061025,membrane fusion,2/193,38/2843,0.0526315789473684,0.775293155167712,-0.376278515161471,0.741487221705558,0.999979449332792,0.96479863560732,DIAPH3/RAB2A,2
GO:0071695,anatomical structure maturation,2/193,38/2843,0.0526315789473684,0.775293155167712,-0.376278515161471,0.741487221705558,0.999979449332792,0.96479863560732,RAC3/DIAPH3,2
GO:0007010,cytoskeleton organization,18/193,298/2843,0.0604026845637584,0.88976597002469,-0.542684825226609,0.741709227035432,0.999979449332792,0.96479863560732,RAC3/TBCB/DCAF13/NPM1/DVL1/RHOC/TUBB/DIAPH3/TPM3/ACTG1/MAPKAP1/DDB1/CDK5/ECT2/PARD3/DNAAF2/SPATC1L/INTS13,18
GO:0006816,calcium ion transport,4/193,73/2843,0.0547945205479452,0.807154517708851,-0.450400401668729,0.742079573771516,0.999979449332792,0.96479863560732,YWHAE/VDAC1/CDK5/ATG5,4
GO:0042113,B cell activation,4/193,73/2843,0.0547945205479452,0.807154517708851,-0.450400401668729,0.742079573771516,0.999979449332792,0.96479863560732,PHB2/HSPD1/PHF14/TPD52,4
GO:0031032,actomyosin structure organization,3/193,56/2843,0.0535714285714286,0.789137675795707,-0.4300235821982,0.744386784886889,0.999979449332792,0.96479863560732,RHOC/ACTG1/ECT2,3
GO:0008154,actin polymerization or depolymerization,2/193,39/2843,0.0512820512820513,0.755413843496745,-0.414995058719203,0.754533876336033,0.999979449332792,0.96479863560732,DIAPH3/SPATC1L,2
GO:0000077,DNA damage checkpoint signaling,1/193,20/2843,0.05,0.736528497409327,-0.319051625308186,0.756074967465942,0.999979449332792,0.96479863560732,TIPRL,1
GO:0003073,regulation of systemic arterial blood pressure,1/193,20/2843,0.05,0.736528497409327,-0.319051625308186,0.756074967465942,0.999979449332792,0.96479863560732,PREP,1
GO:0006690,icosanoid metabolic process,1/193,20/2843,0.05,0.736528497409327,-0.319051625308186,0.756074967465942,0.999979449332792,0.96479863560732,PTGES2,1
GO:0014013,regulation of gliogenesis,1/193,20/2843,0.05,0.736528497409327,-0.319051625308186,0.756074967465942,0.999979449332792,0.96479863560732,HDAC2,1
GO:0014823,response to activity,1/193,20/2843,0.05,0.736528497409327,-0.319051625308186,0.756074967465942,0.999979449332792,0.96479863560732,ATP5F1A,1
GO:0030239,myofibril assembly,1/193,20/2843,0.05,0.736528497409327,-0.319051625308186,0.756074967465942,0.999979449332792,0.96479863560732,ACTG1,1
GO:0031110,regulation of microtubule polymerization or depolymerization,1/193,20/2843,0.05,0.736528497409327,-0.319051625308186,0.756074967465942,0.999979449332792,0.96479863560732,DIAPH3,1
GO:0032481,positive regulation of type I interferon production,1/193,20/2843,0.05,0.736528497409327,-0.319051625308186,0.756074967465942,0.999979449332792,0.96479863560732,HSPD1,1
GO:0032615,interleukin-12 production,1/193,20/2843,0.05,0.736528497409327,-0.319051625308186,0.756074967465942,0.999979449332792,0.96479863560732,HSPD1,1
GO:0032655,regulation of interleukin-12 production,1/193,20/2843,0.05,0.736528497409327,-0.319051625308186,0.756074967465942,0.999979449332792,0.96479863560732,HSPD1,1
GO:0042752,regulation of circadian rhythm,1/193,20/2843,0.05,0.736528497409327,-0.319051625308186,0.756074967465942,0.999979449332792,0.96479863560732,DDB1,1
GO:0048640,negative regulation of developmental growth,1/193,20/2843,0.05,0.736528497409327,-0.319051625308186,0.756074967465942,0.999979449332792,0.96479863560732,CDK5,1
GO:0070509,calcium ion import,1/193,20/2843,0.05,0.736528497409327,-0.319051625308186,0.756074967465942,0.999979449332792,0.96479863560732,CDK5,1
GO:1903047,mitotic cell cycle process,10/193,175/2843,0.0571428571428571,0.841746854182087,-0.583104264878738,0.764280848596401,0.999979449332792,0.96479863560732,NSMCE2/RHOC/BUB1/PSMG2/MNAT1/DDB1/ECT2/TOM1L1/INTS13/CUL2,10
GO:0000819,sister chromatid segregation,3/193,58/2843,0.0517241379310345,0.761926031802752,-0.494289132539125,0.765778447737453,0.999979449332792,0.96479863560732,NSMCE2/BUB1/PSMG2,3
GO:0051321,meiotic cell cycle,3/193,58/2843,0.0517241379310345,0.761926031802752,-0.494289132539125,0.765778447737453,0.999979449332792,0.96479863560732,DCAF13/TESMIN/DDB1,3
GO:0072659,protein localization to plasma membrane,3/193,58/2843,0.0517241379310345,0.761926031802752,-0.494289132539125,0.765778447737453,0.999979449332792,0.96479863560732,LYPLA1/CDK5/VPS35,3
GO:0097305,response to alcohol,3/193,58/2843,0.0517241379310345,0.761926031802752,-0.494289132539125,0.765778447737453,0.999979449332792,0.96479863560732,PSMD14/ATP5F1A/HDAC2,3
GO:0009755,hormone-mediated signaling pathway,2/193,40/2843,0.05,0.736528497409327,-0.45281400371231,0.767011778519267,0.999979449332792,0.96479863560732,PHB2/HDAC2,2
GO:0030308,negative regulation of cell growth,2/193,40/2843,0.05,0.736528497409327,-0.45281400371231,0.767011778519267,0.999979449332792,0.96479863560732,ENO1/CDK5,2
GO:0030323,respiratory tube development,2/193,40/2843,0.05,0.736528497409327,-0.45281400371231,0.767011778519267,0.999979449332792,0.96479863560732,YWHAZ/PHF14,2
GO:0030324,lung development,2/193,40/2843,0.05,0.736528497409327,-0.45281400371231,0.767011778519267,0.999979449332792,0.96479863560732,YWHAZ/PHF14,2
GO:0042445,hormone metabolic process,2/193,40/2843,0.05,0.736528497409327,-0.45281400371231,0.767011778519267,0.999979449332792,0.96479863560732,PRMT3/PREP,2
GO:0042770,signal transduction in response to DNA damage,2/193,40/2843,0.05,0.736528497409327,-0.45281400371231,0.767011778519267,0.999979449332792,0.96479863560732,NPM1/TIPRL,2
GO:0051347,positive regulation of transferase activity,2/193,40/2843,0.05,0.736528497409327,-0.45281400371231,0.767011778519267,0.999979449332792,0.96479863560732,ECT2/TOM1L1,2
GO:1901699,cellular response to nitrogen compound,8/193,143/2843,0.0559440559440559,0.824087829269176,-0.582438103068605,0.768409002013685,0.999979449332792,0.96479863560732,NPM1/ECHDC3/ATP5F1A/ATP5PO/MAPKAP1/HDAC2/CDK5/VPS35,8
GO:0009628,response to abiotic stimulus,13/193,224/2843,0.0580357142857143,0.854899148778683,-0.610511676371467,0.768538350622264,0.999979449332792,0.96479863560732,YWHAE/NPM1/ENO1/HSPD1/MTCH2/DDB1/LRRC8E/HDAC2/CDK5/PGK1/ECT2/EIF2B3/COP1,13
GO:0031589,cell-substrate adhesion,4/193,76/2843,0.0526315789473684,0.775293155167712,-0.535779722095245,0.77035972855542,0.999979449332792,0.96479863560732,RAC3/GFUS/ACTG1/CDK5,4
GO:0051276,chromosome organization,7/193,127/2843,0.0551181102362205,0.811921178246502,-0.585119574845595,0.772094851552621,0.999979449332792,0.96479863560732,PHB2/NSMCE2/CCT8/CCT4/CCT3/BUB1/PSMG2,7
GO:0002637,regulation of immunoglobulin production,1/193,21/2843,0.0476190476190476,0.701455711818406,-0.370516594382906,0.772751386622539,0.999979449332792,0.96479863560732,PHB2,1
GO:0006720,isoprenoid metabolic process,1/193,21/2843,0.0476190476190476,0.701455711818406,-0.370516594382906,0.772751386622539,0.999979449332792,0.96479863560732,PRMT3,1
GO:0042157,lipoprotein metabolic process,1/193,21/2843,0.0476190476190476,0.701455711818406,-0.370516594382906,0.772751386622539,0.999979449332792,0.96479863560732,LYPLA1,1
GO:0042472,inner ear morphogenesis,1/193,21/2843,0.0476190476190476,0.701455711818406,-0.370516594382906,0.772751386622539,0.999979449332792,0.96479863560732,DVL1,1
GO:0043502,regulation of muscle adaptation,1/193,21/2843,0.0476190476190476,0.701455711818406,-0.370516594382906,0.772751386622539,0.999979449332792,0.96479863560732,GLRX3,1
GO:0050773,regulation of dendrite development,1/193,21/2843,0.0476190476190476,0.701455711818406,-0.370516594382906,0.772751386622539,0.999979449332792,0.96479863560732,RTN4IP1,1
GO:0051348,negative regulation of transferase activity,1/193,21/2843,0.0476190476190476,0.701455711818406,-0.370516594382906,0.772751386622539,0.999979449332792,0.96479863560732,NPM1,1
GO:0051893,regulation of focal adhesion assembly,1/193,21/2843,0.0476190476190476,0.701455711818406,-0.370516594382906,0.772751386622539,0.999979449332792,0.96479863560732,ACTG1,1
GO:0061337,cardiac conduction,1/193,21/2843,0.0476190476190476,0.701455711818406,-0.370516594382906,0.772751386622539,0.999979449332792,0.96479863560732,YWHAE,1
GO:0090109,regulation of cell-substrate junction assembly,1/193,21/2843,0.0476190476190476,0.701455711818406,-0.370516594382906,0.772751386622539,0.999979449332792,0.96479863560732,ACTG1,1
GO:1904019,epithelial cell apoptotic process,1/193,21/2843,0.0476190476190476,0.701455711818406,-0.370516594382906,0.772751386622539,0.999979449332792,0.96479863560732,MTCH2,1
GO:0002699,positive regulation of immune effector process,3/193,59/2843,0.0508474576271187,0.749012031263722,-0.525668615255084,0.775920325385514,0.999979449332792,0.96479863560732,PHB2/HSPD1/DDX1,3
GO:0050777,negative regulation of immune response,3/193,59/2843,0.0508474576271187,0.749012031263722,-0.525668615255084,0.775920325385514,0.999979449332792,0.96479863560732,YWHAZ/TTLL12/ATG5,3
GO:1901988,negative regulation of cell cycle phase transition,3/193,59/2843,0.0508474576271187,0.749012031263722,-0.525668615255084,0.775920325385514,0.999979449332792,0.96479863560732,BUB1/PSMG2/TIPRL,3
GO:0090066,regulation of anatomical structure size,5/193,94/2843,0.0531914893617021,0.783540954690773,-0.575864159527194,0.777121723588047,0.999979449332792,0.96479863560732,NPM1/CLNS1A/LRRC8E/CDK5/ATG5,5
GO:0007610,behavior,6/193,111/2843,0.0540540540540541,0.796247024226299,-0.590871246494366,0.777404799418172,0.999979449332792,0.96479863560732,VDAC1/DVL1/HDAC2/CDK5/ASL/VPS35,6
GO:1902532,negative regulation of intracellular signal transduction,9/193,161/2843,0.0559006211180124,0.823448009525955,-0.622334566537204,0.7786867615077,0.999979449332792,0.96479863560732,TRAP1/TBC1D7/DCAF13/YWHAZ/PHB2/PYCR1/ENO1/MAPKAP1/DDB1,9
GO:0002262,myeloid cell homeostasis,2/193,41/2843,0.0487804878048781,0.718564387716416,-0.489784084357836,0.778937565177373,0.999979449332792,0.96479863560732,TCEA1/DIAPH3,2
GO:0030183,B cell differentiation,2/193,41/2843,0.0487804878048781,0.718564387716416,-0.489784084357836,0.778937565177373,0.999979449332792,0.96479863560732,PHF14/TPD52,2
GO:0050708,regulation of protein secretion,2/193,41/2843,0.0487804878048781,0.718564387716416,-0.489784084357836,0.778937565177373,0.999979449332792,0.96479863560732,NDUFAF2/VPS35,2
GO:0018193,peptidyl-amino acid modification,4/193,77/2843,0.051948051948052,0.765224412892807,-0.563559745457244,0.779233281147579,0.999979449332792,0.96479863560732,NSMCE2/DPH5/PARD3/DPH6,4
GO:0032956,regulation of actin cytoskeleton organization,4/193,77/2843,0.051948051948052,0.765224412892807,-0.563559745457244,0.779233281147579,0.999979449332792,0.96479863560732,RAC3/RHOC/ACTG1/ECT2,4
GO:0006629,lipid metabolic process,13/193,226/2843,0.0575221238938053,0.847333669585951,-0.645451150596184,0.779479483451256,0.999979449332792,0.96479863560732,PTGES2/PHB2/ECHDC3/HDHD5/PRMT3/BCAT2/LYPLA1/ATP5F1A/ATP5F1B/ELOVL1/EBPL/PGK1/PCCB,13
GO:0071345,cellular response to cytokine stimulus,11/193,194/2843,0.0567010309278351,0.835238502216762,-0.641480370627631,0.780998038502054,0.999979449332792,0.96479863560732,EIF5A/GIPC1/HSPD1/BCAT2/ATP5PO/ATP5F1B/ACTG1/RPS16/TTLL12/DDB1/SHPK,11
GO:0009306,protein secretion,3/193,60/2843,0.05,0.736528497409327,-0.556570808831516,0.785701618278015,0.999979449332792,0.96479863560732,NDUFAF2/VPS35/AP1S1,3
GO:0035592,establishment of protein localization to extracellular region,3/193,60/2843,0.05,0.736528497409327,-0.556570808831516,0.785701618278015,0.999979449332792,0.96479863560732,NDUFAF2/VPS35/AP1S1,3
GO:0007178,cell surface receptor protein serine/threonine kinase signaling pathway,4/193,78/2843,0.0512820512820513,0.755413843496745,-0.591016166099407,0.787835664173655,0.999979449332792,0.96479863560732,STRAP/GIPC1/SINHCAF/HDAC2,4
GO:0060322,head development,8/193,146/2843,0.0547945205479452,0.807154517708851,-0.645525166369047,0.788154268447109,0.999979449332792,0.96479863560732,RAC3/YWHAE/LDHA/YWHAQ/DIAPH3/MNAT1/MAPKAP1/CDK5,8
GO:0003333,amino acid transmembrane transport,1/193,22/2843,0.0454545454545455,0.669571361281206,-0.419812371647933,0.788293194695484,0.999979449332792,0.96479863560732,LRRC8E,1
GO:0007041,lysosomal transport,1/193,22/2843,0.0454545454545455,0.669571361281206,-0.419812371647933,0.788293194695484,0.999979449332792,0.96479863560732,VPS35,1
GO:0008630,intrinsic apoptotic signaling pathway in response to DNA damage,1/193,22/2843,0.0454545454545455,0.669571361281206,-0.419812371647933,0.788293194695484,0.999979449332792,0.96479863560732,MTCH2,1
GO:0031047,regulatory ncRNA-mediated gene silencing,1/193,22/2843,0.0454545454545455,0.669571361281206,-0.419812371647933,0.788293194695484,0.999979449332792,0.96479863560732,XPO5,1
GO:0032732,positive regulation of interleukin-1 production,1/193,22/2843,0.0454545454545455,0.669571361281206,-0.419812371647933,0.788293194695484,0.999979449332792,0.96479863560732,HDAC2,1
GO:0034446,substrate adhesion-dependent cell spreading,1/193,22/2843,0.0454545454545455,0.669571361281206,-0.419812371647933,0.788293194695484,0.999979449332792,0.96479863560732,RAC3,1
GO:0035249,"synaptic transmission, glutamatergic",1/193,22/2843,0.0454545454545455,0.669571361281206,-0.419812371647933,0.788293194695484,0.999979449332792,0.96479863560732,CDK5,1
GO:0048659,smooth muscle cell proliferation,1/193,22/2843,0.0454545454545455,0.669571361281206,-0.419812371647933,0.788293194695484,0.999979449332792,0.96479863560732,MNAT1,1
GO:0048660,regulation of smooth muscle cell proliferation,1/193,22/2843,0.0454545454545455,0.669571361281206,-0.419812371647933,0.788293194695484,0.999979449332792,0.96479863560732,MNAT1,1
GO:0050768,negative regulation of neurogenesis,1/193,22/2843,0.0454545454545455,0.669571361281206,-0.419812371647933,0.788293194695484,0.999979449332792,0.96479863560732,CDK5,1
GO:0050770,regulation of axonogenesis,1/193,22/2843,0.0454545454545455,0.669571361281206,-0.419812371647933,0.788293194695484,0.999979449332792,0.96479863560732,CDK5,1
GO:0051261,protein depolymerization,1/193,22/2843,0.0454545454545455,0.669571361281206,-0.419812371647933,0.788293194695484,0.999979449332792,0.96479863560732,DIAPH3,1
GO:0055007,cardiac muscle cell differentiation,1/193,22/2843,0.0454545454545455,0.669571361281206,-0.419812371647933,0.788293194695484,0.999979449332792,0.96479863560732,ATG5,1
GO:0060294,cilium movement involved in cell motility,1/193,22/2843,0.0454545454545455,0.669571361281206,-0.419812371647933,0.788293194695484,0.999979449332792,0.96479863560732,INTS13,1
GO:0090263,positive regulation of canonical Wnt signaling pathway,1/193,22/2843,0.0454545454545455,0.669571361281206,-0.419812371647933,0.788293194695484,0.999979449332792,0.96479863560732,VPS35,1
GO:0150116,regulation of cell-substrate junction organization,1/193,22/2843,0.0454545454545455,0.669571361281206,-0.419812371647933,0.788293194695484,0.999979449332792,0.96479863560732,ACTG1,1
GO:0001649,osteoblast differentiation,2/193,42/2843,0.0476190476190476,0.701455711818406,-0.525950184378008,0.790328244937695,0.999979449332792,0.96479863560732,PRMT3/ATP5F1B,2
GO:0007565,female pregnancy,2/193,42/2843,0.0476190476190476,0.701455711818406,-0.525950184378008,0.790328244937695,0.999979449332792,0.96479863560732,DCAF13/DAZAP1,2
GO:0060541,respiratory system development,2/193,42/2843,0.0476190476190476,0.701455711818406,-0.525950184378008,0.790328244937695,0.999979449332792,0.96479863560732,YWHAZ/PHF14,2
GO:0072331,signal transduction by p53 class mediator,2/193,42/2843,0.0476190476190476,0.701455711818406,-0.525950184378008,0.790328244937695,0.999979449332792,0.96479863560732,NPM1/EIF5A,2
GO:0120031,plasma membrane bounded cell projection assembly,5/193,96/2843,0.0520833333333333,0.767217184801382,-0.626072974653159,0.79273767370282,0.999979449332792,0.96479863560732,TBC1D7/NDUFAF2/GDI2/ATG5/DNAAF2,5
GO:0010959,regulation of metal ion transport,3/193,61/2843,0.0491803278688525,0.724454259746879,-0.58701312338105,0.795129385065377,0.999979449332792,0.96479863560732,YWHAE/VDAC1/ATG5,3
GO:0015849,organic acid transport,3/193,61/2843,0.0491803278688525,0.724454259746879,-0.58701312338105,0.795129385065377,0.999979449332792,0.96479863560732,GIPC1/LYPLA1/LRRC8E,3
GO:0046942,carboxylic acid transport,3/193,61/2843,0.0491803278688525,0.724454259746879,-0.58701312338105,0.795129385065377,0.999979449332792,0.96479863560732,GIPC1/LYPLA1/LRRC8E,3
GO:0071692,protein localization to extracellular region,3/193,61/2843,0.0491803278688525,0.724454259746879,-0.58701312338105,0.795129385065377,0.999979449332792,0.96479863560732,NDUFAF2/VPS35/AP1S1,3
GO:1901888,regulation of cell junction assembly,3/193,61/2843,0.0491803278688525,0.724454259746879,-0.58701312338105,0.795129385065377,0.999979449332792,0.96479863560732,RAC3/ACTG1/VPS35,3
GO:0010975,regulation of neuron projection development,4/193,79/2843,0.0506329113924051,0.745851642946153,-0.618158132450537,0.796170611089452,0.999979449332792,0.96479863560732,DVL1/HDAC2/CDK5/RTN4IP1,4
GO:0040008,regulation of growth,6/193,114/2843,0.0526315789473684,0.775293155167712,-0.660746260475999,0.798888800114097,0.999979449332792,0.96479863560732,NPM1/ENO1/MAPKAP1/CDK5/DCUN1D5/MEAF6,6
GO:0051493,regulation of cytoskeleton organization,6/193,114/2843,0.0526315789473684,0.775293155167712,-0.660746260475999,0.798888800114097,0.999979449332792,0.96479863560732,RAC3/NPM1/RHOC/DIAPH3/ACTG1/ECT2,6
GO:0019953,sexual reproduction,10/193,181/2843,0.0552486187845304,0.813843643546217,-0.698362460333752,0.799842736595864,0.999979449332792,0.96479863560732,DCAF13/VDAC2/TESMIN/CCT8/CCT4/CCT3/DAZAP1/DDB1/SPATC1L/INTS13,10
GO:0048667,cell morphogenesis involved in neuron differentiation,5/193,97/2843,0.0515463917525773,0.759307729287965,-0.650826906320096,0.800221851109003,0.999979449332792,0.96479863560732,RAC3/DVL1/ACTG1/CDK5/PARD3,5
GO:0000082,G1/S transition of mitotic cell cycle,2/193,43/2843,0.0465116279069768,0.685142788287746,-0.561353728530225,0.801201071849047,0.999979449332792,0.96479863560732,MNAT1/CUL2,2
GO:0009743,response to carbohydrate,2/193,43/2843,0.0465116279069768,0.685142788287746,-0.561353728530225,0.801201071849047,0.999979449332792,0.96479863560732,NDUFAF2/EIF2B3,2
GO:0032869,cellular response to insulin stimulus,2/193,43/2843,0.0465116279069768,0.685142788287746,-0.561353728530225,0.801201071849047,0.999979449332792,0.96479863560732,ECHDC3/MAPKAP1,2
GO:0043523,regulation of neuron apoptotic process,2/193,43/2843,0.0465116279069768,0.685142788287746,-0.561353728530225,0.801201071849047,0.999979449332792,0.96479863560732,PYCR1/CDK5,2
GO:0140546,defense response to symbiont,12/193,214/2843,0.0560747663551402,0.826013268122609,-0.714159928794377,0.801427093203158,0.999979449332792,0.96479863560732,YWHAE/PPP1R14B/YWHAZ/PHB2/HSPD1/DDX1/TUBB/ACTG1/TTLL12/DDB1/S100A14/ATG5,12
GO:0031347,regulation of defense response,9/193,165/2843,0.0545454545454545,0.803485633537447,-0.701776378070587,0.802746172502619,0.999979449332792,0.96479863560732,YWHAE/YWHAZ/PHB2/HSPD1/TTLL12/S100A14/SHPK/ATG5/VPS35,9
GO:0001508,action potential,1/193,23/2843,0.0434782608695652,0.640459562964632,-0.46714839403833,0.802777212215431,0.999979449332792,0.96479863560732,YWHAE,1
GO:0006029,proteoglycan metabolic process,1/193,23/2843,0.0434782608695652,0.640459562964632,-0.46714839403833,0.802777212215431,0.999979449332792,0.96479863560732,SLC35B2,1
GO:0006970,response to osmotic stress,1/193,23/2843,0.0434782608695652,0.640459562964632,-0.46714839403833,0.802777212215431,0.999979449332792,0.96479863560732,LRRC8E,1
GO:0007200,phospholipase C-activating G protein-coupled receptor signaling pathway,1/193,23/2843,0.0434782608695652,0.640459562964632,-0.46714839403833,0.802777212215431,0.999979449332792,0.96479863560732,PARD3,1
GO:0007265,Ras protein signal transduction,1/193,23/2843,0.0434782608695652,0.640459562964632,-0.46714839403833,0.802777212215431,0.999979449332792,0.96479863560732,MAPKAP1,1
GO:0018205,peptidyl-lysine modification,1/193,23/2843,0.0434782608695652,0.640459562964632,-0.46714839403833,0.802777212215431,0.999979449332792,0.96479863560732,NSMCE2,1
GO:0030326,embryonic limb morphogenesis,1/193,23/2843,0.0434782608695652,0.640459562964632,-0.46714839403833,0.802777212215431,0.999979449332792,0.96479863560732,HDAC2,1
GO:0032729,positive regulation of type II interferon production,1/193,23/2843,0.0434782608695652,0.640459562964632,-0.46714839403833,0.802777212215431,0.999979449332792,0.96479863560732,HSPD1,1
GO:0035113,embryonic appendage morphogenesis,1/193,23/2843,0.0434782608695652,0.640459562964632,-0.46714839403833,0.802777212215431,0.999979449332792,0.96479863560732,HDAC2,1
GO:0038127,ERBB signaling pathway,1/193,23/2843,0.0434782608695652,0.640459562964632,-0.46714839403833,0.802777212215431,0.999979449332792,0.96479863560732,CPNE3,1
GO:0042100,B cell proliferation,1/193,23/2843,0.0434782608695652,0.640459562964632,-0.46714839403833,0.802777212215431,0.999979449332792,0.96479863560732,HSPD1,1
GO:0042267,natural killer cell mediated cytotoxicity,1/193,23/2843,0.0434782608695652,0.640459562964632,-0.46714839403833,0.802777212215431,0.999979449332792,0.96479863560732,TUBB,1
GO:0051208,sequestering of calcium ion,1/193,23/2843,0.0434782608695652,0.640459562964632,-0.46714839403833,0.802777212215431,0.999979449332792,0.96479863560732,ATG5,1
GO:0051209,release of sequestered calcium ion into cytosol,1/193,23/2843,0.0434782608695652,0.640459562964632,-0.46714839403833,0.802777212215431,0.999979449332792,0.96479863560732,ATG5,1
GO:0051282,regulation of sequestering of calcium ion,1/193,23/2843,0.0434782608695652,0.640459562964632,-0.46714839403833,0.802777212215431,0.999979449332792,0.96479863560732,ATG5,1
GO:0051283,negative regulation of sequestering of calcium ion,1/193,23/2843,0.0434782608695652,0.640459562964632,-0.46714839403833,0.802777212215431,0.999979449332792,0.96479863560732,ATG5,1
GO:0051961,negative regulation of nervous system development,1/193,23/2843,0.0434782608695652,0.640459562964632,-0.46714839403833,0.802777212215431,0.999979449332792,0.96479863560732,CDK5,1
GO:0061041,regulation of wound healing,1/193,23/2843,0.0434782608695652,0.640459562964632,-0.46714839403833,0.802777212215431,0.999979449332792,0.96479863560732,ACTG1,1
GO:0071805,potassium ion transmembrane transport,1/193,23/2843,0.0434782608695652,0.640459562964632,-0.46714839403833,0.802777212215431,0.999979449332792,0.96479863560732,YWHAE,1
GO:1901992,positive regulation of mitotic cell cycle phase transition,1/193,23/2843,0.0434782608695652,0.640459562964632,-0.46714839403833,0.802777212215431,0.999979449332792,0.96479863560732,NSMCE2,1
GO:0070588,calcium ion transmembrane transport,3/193,62/2843,0.0483870967741936,0.712769513621929,-0.617012039436702,0.804211030158429,0.999979449332792,0.96479863560732,YWHAE/VDAC1/ATG5,3
GO:0051128,regulation of cellular component organization,29/193,484/2843,0.0599173553719008,0.882616794416135,-0.764948909904595,0.804992867853794,0.999979449332792,0.96479863560732,RAC3/TBC1D7/YWHAZ/NPM1/DVL1/EIF5A/ENO1/NSMCE2/RHOC/CCT8/MTCH2/GDI2/TUBB/CCT4/CCT3/BUB1/DIAPH3/ACTG1/PSMG2/MAPKAP1/HDAC2/CDK5/ECT2/DCUN1D5/ATG5/VPS35/RTN4IP1/TOM1L1/MEAF6,29
GO:0043065,positive regulation of apoptotic process,6/193,115/2843,0.0521739130434783,0.768551475557558,-0.683673754116975,0.805687915941407,0.999979449332792,0.96479863560732,VDAC1/EIF5A/HSPD1/MTCH2/CDK5/ECT2,6
GO:0030036,actin cytoskeleton organization,8/193,149/2843,0.0536912751677852,0.790903084466391,-0.707472754298032,0.806642888958857,0.999979449332792,0.96479863560732,RAC3/RHOC/DIAPH3/TPM3/ACTG1/CDK5/ECT2/SPATC1L,8
GO:0099536,synaptic signaling,8/193,149/2843,0.0536912751677852,0.790903084466391,-0.707472754298032,0.806642888958857,0.999979449332792,0.96479863560732,RAC3/VDAC1/DVL1/GIPC1/CDK5/ATG5/VPS35/KCMF1,8
GO:0007611,learning or memory,2/193,44/2843,0.0454545454545455,0.669571361281206,-0.596033026018974,0.811573434372038,0.999979449332792,0.96479863560732,VDAC1/CDK5,2
GO:0008544,epidermis development,3/193,63/2843,0.0476190476190476,0.701455711818406,-0.646583172323062,0.812954249809862,0.999979449332792,0.96479863560732,NME2/ELOVL1/HDAC2,3
GO:0016050,vesicle organization,3/193,63/2843,0.0476190476190476,0.701455711818406,-0.646583172323062,0.812954249809862,0.999979449332792,0.96479863560732,DIAPH3/AP1S1/RAB2A,3
GO:0050804,modulation of chemical synaptic transmission,5/193,99/2843,0.0505050505050505,0.74396817920134,-0.699660317593005,0.814555365346811,0.999979449332792,0.96479863560732,DVL1/GIPC1/CDK5/ATG5/VPS35,5
GO:0099177,regulation of trans-synaptic signaling,5/193,99/2843,0.0505050505050505,0.74396817920134,-0.699660317593005,0.814555365346811,0.999979449332792,0.96479863560732,DVL1/GIPC1/CDK5/ATG5/VPS35,5
GO:0016525,negative regulation of angiogenesis,1/193,24/2843,0.0416666666666667,0.613773747841105,-0.512705087729926,0.81627508386168,0.999979449332792,0.96479863560732,PGK1,1
GO:0030330,"DNA damage response, signal transduction by p53 class mediator",1/193,24/2843,0.0416666666666667,0.613773747841105,-0.512705087729926,0.81627508386168,0.999979449332792,0.96479863560732,NPM1,1
GO:0031333,negative regulation of protein-containing complex assembly,1/193,24/2843,0.0416666666666667,0.613773747841105,-0.512705087729926,0.81627508386168,0.999979449332792,0.96479863560732,VPS35,1
GO:0032755,positive regulation of interleukin-6 production,1/193,24/2843,0.0416666666666667,0.613773747841105,-0.512705087729926,0.81627508386168,0.999979449332792,0.96479863560732,HSPD1,1
GO:0045058,T cell selection,1/193,24/2843,0.0416666666666667,0.613773747841105,-0.512705087729926,0.81627508386168,0.999979449332792,0.96479863560732,ATG5,1
GO:0046467,membrane lipid biosynthetic process,1/193,24/2843,0.0416666666666667,0.613773747841105,-0.512705087729926,0.81627508386168,0.999979449332792,0.96479863560732,ELOVL1,1
GO:0048041,focal adhesion assembly,1/193,24/2843,0.0416666666666667,0.613773747841105,-0.512705087729926,0.81627508386168,0.999979449332792,0.96479863560732,ACTG1,1
GO:0048144,fibroblast proliferation,1/193,24/2843,0.0416666666666667,0.613773747841105,-0.512705087729926,0.81627508386168,0.999979449332792,0.96479863560732,DAZAP1,1
GO:0050714,positive regulation of protein secretion,1/193,24/2843,0.0416666666666667,0.613773747841105,-0.512705087729926,0.81627508386168,0.999979449332792,0.96479863560732,VPS35,1
GO:0051591,response to cAMP,1/193,24/2843,0.0416666666666667,0.613773747841105,-0.512705087729926,0.81627508386168,0.999979449332792,0.96479863560732,ATP5PO,1
GO:0071333,cellular response to glucose stimulus,1/193,24/2843,0.0416666666666667,0.613773747841105,-0.512705087729926,0.81627508386168,0.999979449332792,0.96479863560732,NDUFAF2,1
GO:0090100,positive regulation of transmembrane receptor protein serine/threonine kinase signaling pathway,1/193,24/2843,0.0416666666666667,0.613773747841105,-0.512705087729926,0.81627508386168,0.999979449332792,0.96479863560732,GIPC1,1
GO:1901343,negative regulation of vasculature development,1/193,24/2843,0.0416666666666667,0.613773747841105,-0.512705087729926,0.81627508386168,0.999979449332792,0.96479863560732,PGK1,1
GO:2000181,negative regulation of blood vessel morphogenesis,1/193,24/2843,0.0416666666666667,0.613773747841105,-0.512705087729926,0.81627508386168,0.999979449332792,0.96479863560732,PGK1,1
GO:0043068,positive regulation of programmed cell death,6/193,117/2843,0.0512820512820513,0.755413843496745,-0.72900353109027,0.818753510991923,0.999979449332792,0.96479863560732,VDAC1/EIF5A/HSPD1/MTCH2/CDK5/ECT2,6
GO:0050790,regulation of catalytic activity,6/193,117/2843,0.0512820512820513,0.755413843496745,-0.72900353109027,0.818753510991923,0.999979449332792,0.96479863560732,TBC1D7/NPM1/RHOC/CAPN1/ECT2/TOM1L1,6
GO:0045893,positive regulation of DNA-templated transcription,17/193,299/2843,0.0568561872909699,0.837524043876826,-0.801371505974237,0.821092306866398,0.999979449332792,0.96479863560732,HMGA1/PTGES2/NME2/GTF2F2/E2F5/MRGBP/NPM1/DVL1/COPS5/EIF5A/TCEA1/CDK8/HDAC2/PWP1/PCBD1/FOXK2/MEAF6,17
GO:1902680,positive regulation of RNA biosynthetic process,17/193,299/2843,0.0568561872909699,0.837524043876826,-0.801371505974237,0.821092306866398,0.999979449332792,0.96479863560732,HMGA1/PTGES2/NME2/GTF2F2/E2F5/MRGBP/NPM1/DVL1/COPS5/EIF5A/TCEA1/CDK8/HDAC2/PWP1/PCBD1/FOXK2/MEAF6,17
GO:0009913,epidermal cell differentiation,2/193,45/2843,0.0444444444444444,0.654691997697179,-0.630023572668191,0.821462758169062,0.999979449332792,0.96479863560732,NME2/HDAC2,2
GO:0048562,embryonic organ morphogenesis,2/193,45/2843,0.0444444444444444,0.654691997697179,-0.630023572668191,0.821462758169062,0.999979449332792,0.96479863560732,DVL1/RPL38,2
GO:0060560,developmental growth involved in morphogenesis,2/193,45/2843,0.0444444444444444,0.654691997697179,-0.630023572668191,0.821462758169062,0.999979449332792,0.96479863560732,DVL1/CDK5,2
GO:0007420,brain development,7/193,135/2843,0.0518518518518519,0.763807330646709,-0.758711598085741,0.823838002774716,0.999979449332792,0.96479863560732,RAC3/YWHAE/LDHA/YWHAQ/MNAT1/MAPKAP1/CDK5,7
GO:0140352,export from cell,9/193,169/2843,0.0532544378698225,0.784468222092774,-0.779545944602604,0.824825693096012,0.999979449332792,0.96479863560732,YWHAE/DVL1/COPS5/GIPC1/NDUFAF2/CDK5/VPS35/AP1S1/SYNGR2,9
GO:0007264,small GTPase-mediated signal transduction,6/193,118/2843,0.0508474576271187,0.749012031263722,-0.751412487993418,0.825024068736534,0.999979449332792,0.96479863560732,RAC3/YWHAQ/RHOC/GDI2/MAPKAP1/ECT2,6
GO:0045089,positive regulation of innate immune response,4/193,83/2843,0.0481927710843374,0.709906985454773,-0.723751589582527,0.826919879979054,0.999979449332792,0.96479863560732,YWHAE/PHB2/HSPD1/S100A14,4
GO:0050678,regulation of epithelial cell proliferation,4/193,83/2843,0.0481927710843374,0.709906985454773,-0.723751589582527,0.826919879979054,0.999979449332792,0.96479863560732,NME2/PHB2/ATP5F1A/SAAL1,4
GO:0051046,regulation of secretion,5/193,101/2843,0.0495049504950495,0.729236136048838,-0.747627760673862,0.828061596086166,0.999979449332792,0.96479863560732,DVL1/NDUFAF2/CDK5/ATG5/VPS35,5
GO:0000045,autophagosome assembly,1/193,25/2843,0.04,0.589222797927461,-0.556638955850642,0.828853625477393,0.999979449332792,0.96479863560732,ATG5,1
GO:0001960,negative regulation of cytokine-mediated signaling pathway,1/193,25/2843,0.04,0.589222797927461,-0.556638955850642,0.828853625477393,0.999979449332792,0.96479863560732,TTLL12,1
GO:0008286,insulin receptor signaling pathway,1/193,25/2843,0.04,0.589222797927461,-0.556638955850642,0.828853625477393,0.999979449332792,0.96479863560732,MAPKAP1,1
GO:0010717,regulation of epithelial to mesenchymal transition,1/193,25/2843,0.04,0.589222797927461,-0.556638955850642,0.828853625477393,0.999979449332792,0.96479863560732,HDAC2,1
GO:0021915,neural tube development,1/193,25/2843,0.04,0.589222797927461,-0.556638955850642,0.828853625477393,0.999979449332792,0.96479863560732,DVL1,1
GO:0043500,muscle adaptation,1/193,25/2843,0.04,0.589222797927461,-0.556638955850642,0.828853625477393,0.999979449332792,0.96479863560732,GLRX3,1
GO:0045667,regulation of osteoblast differentiation,1/193,25/2843,0.04,0.589222797927461,-0.556638955850642,0.828853625477393,0.999979449332792,0.96479863560732,PRMT3,1
GO:0046165,alcohol biosynthetic process,1/193,25/2843,0.04,0.589222797927461,-0.556638955850642,0.828853625477393,0.999979449332792,0.96479863560732,PCBD1,1
GO:0050796,regulation of insulin secretion,1/193,25/2843,0.04,0.589222797927461,-0.556638955850642,0.828853625477393,0.999979449332792,0.96479863560732,NDUFAF2,1
GO:0071346,cellular response to type II interferon,1/193,25/2843,0.04,0.589222797927461,-0.556638955850642,0.828853625477393,0.999979449332792,0.96479863560732,ACTG1,1
GO:1905037,autophagosome organization,1/193,25/2843,0.04,0.589222797927461,-0.556638955850642,0.828853625477393,0.999979449332792,0.96479863560732,ATG5,1
GO:0051896,regulation of phosphatidylinositol 3-kinase/protein kinase B signal transduction,3/193,65/2843,0.0461538461538462,0.679872459147071,-0.70450057261498,0.829457361019151,0.999979449332792,0.96479863560732,DCAF13/MAPKAP1/DDB1,3
GO:0098542,defense response to other organism,12/193,220/2843,0.0545454545454545,0.803485633537447,-0.818793252421411,0.830696466483823,0.999979449332792,0.96479863560732,YWHAE/PPP1R14B/YWHAZ/PHB2/HSPD1/DDX1/TUBB/ACTG1/TTLL12/DDB1/S100A14/ATG5,12
GO:0006874,intracellular calcium ion homeostasis,2/193,46/2843,0.0434782608695652,0.640459562964632,-0.663358317618247,0.830886421347694,0.999979449332792,0.96479863560732,YWHAE/ATG5,2
GO:0044703,multi-organism reproductive process,2/193,46/2843,0.0434782608695652,0.640459562964632,-0.663358317618247,0.830886421347694,0.999979449332792,0.96479863560732,DCAF13/DAZAP1,2
GO:0044843,cell cycle G1/S phase transition,2/193,46/2843,0.0434782608695652,0.640459562964632,-0.663358317618247,0.830886421347694,0.999979449332792,0.96479863560732,MNAT1/CUL2,2
GO:0048167,regulation of synaptic plasticity,2/193,46/2843,0.0434782608695652,0.640459562964632,-0.663358317618247,0.830886421347694,0.999979449332792,0.96479863560732,GIPC1/CDK5,2
GO:1901991,negative regulation of mitotic cell cycle phase transition,2/193,46/2843,0.0434782608695652,0.640459562964632,-0.663358317618247,0.830886421347694,0.999979449332792,0.96479863560732,BUB1/PSMG2,2
GO:1903522,regulation of blood circulation,2/193,46/2843,0.0434782608695652,0.640459562964632,-0.663358317618247,0.830886421347694,0.999979449332792,0.96479863560732,YWHAE/GLRX3,2
GO:0001932,regulation of protein phosphorylation,4/193,84/2843,0.0476190476190476,0.701455711818406,-0.749445944266262,0.833982427746579,0.999979449332792,0.96479863560732,NPM1/ECT2/PARD3/TOM1L1,4
GO:0023061,signal release,4/193,84/2843,0.0476190476190476,0.701455711818406,-0.749445944266262,0.833982427746579,0.999979449332792,0.96479863560732,DVL1/NDUFAF2/CDK5/VPS35,4
GO:0010562,positive regulation of phosphorus metabolic process,3/193,66/2843,0.0454545454545455,0.669571361281206,-0.732874251139665,0.837233673388945,0.999979449332792,0.96479863560732,ENO1/ECT2/TOM1L1,3
GO:0045937,positive regulation of phosphate metabolic process,3/193,66/2843,0.0454545454545455,0.669571361281206,-0.732874251139665,0.837233673388945,0.999979449332792,0.96479863560732,ENO1/ECT2/TOM1L1,3
GO:0030030,cell projection organization,15/193,271/2843,0.0553505535055351,0.815345200084125,-0.862337989225893,0.838907405975567,0.999979449332792,0.96479863560732,RAC3/TBC1D7/E2F5/DVL1/NDUFAF2/GDI2/DIAPH3/ACTG1/HDAC2/CDK5/PARD3/ATG5/DNAAF2/VPS35/RTN4IP1,15
GO:0044706,multi-multicellular organism process,2/193,47/2843,0.0425531914893617,0.626832763752618,-0.696067899398121,0.839861680929005,0.999979449332792,0.96479863560732,DCAF13/DAZAP1,2
GO:0048771,tissue remodeling,2/193,47/2843,0.0425531914893617,0.626832763752618,-0.696067899398121,0.839861680929005,0.999979449332792,0.96479863560732,CAPN1/ATG5,2
GO:0032940,secretion by cell,8/193,155/2843,0.0516129032258065,0.760287481196724,-0.828151297357081,0.839951112703005,0.999979449332792,0.96479863560732,DVL1/COPS5/GIPC1/NDUFAF2/CDK5/VPS35/AP1S1/SYNGR2,8
GO:0002228,natural killer cell mediated immunity,1/193,26/2843,0.0384615384615385,0.566560382622559,-0.599086604784223,0.840575147934052,0.999979449332792,0.96479863560732,TUBB,1
GO:0007204,positive regulation of cytosolic calcium ion concentration,1/193,26/2843,0.0384615384615385,0.566560382622559,-0.599086604784223,0.840575147934052,0.999979449332792,0.96479863560732,CDK5,1
GO:0010586,miRNA metabolic process,1/193,26/2843,0.0384615384615385,0.566560382622559,-0.599086604784223,0.840575147934052,0.999979449332792,0.96479863560732,XPO5,1
GO:0015718,monocarboxylic acid transport,1/193,26/2843,0.0384615384615385,0.566560382622559,-0.599086604784223,0.840575147934052,0.999979449332792,0.96479863560732,LYPLA1,1
GO:0016064,immunoglobulin mediated immune response,1/193,26/2843,0.0384615384615385,0.566560382622559,-0.599086604784223,0.840575147934052,0.999979449332792,0.96479863560732,HSPD1,1
GO:0022600,digestive system process,1/193,26/2843,0.0384615384615385,0.566560382622559,-0.599086604784223,0.840575147934052,0.999979449332792,0.96479863560732,STRAP,1
GO:0030902,hindbrain development,1/193,26/2843,0.0384615384615385,0.566560382622559,-0.599086604784223,0.840575147934052,0.999979449332792,0.96479863560732,CDK5,1
GO:0031570,DNA integrity checkpoint signaling,1/193,26/2843,0.0384615384615385,0.566560382622559,-0.599086604784223,0.840575147934052,0.999979449332792,0.96479863560732,TIPRL,1
GO:0032613,interleukin-10 production,1/193,26/2843,0.0384615384615385,0.566560382622559,-0.599086604784223,0.840575147934052,0.999979449332792,0.96479863560732,HSPD1,1
GO:0032653,regulation of interleukin-10 production,1/193,26/2843,0.0384615384615385,0.566560382622559,-0.599086604784223,0.840575147934052,0.999979449332792,0.96479863560732,HSPD1,1
GO:0035107,appendage morphogenesis,1/193,26/2843,0.0384615384615385,0.566560382622559,-0.599086604784223,0.840575147934052,0.999979449332792,0.96479863560732,HDAC2,1
GO:0035108,limb morphogenesis,1/193,26/2843,0.0384615384615385,0.566560382622559,-0.599086604784223,0.840575147934052,0.999979449332792,0.96479863560732,HDAC2,1
GO:0035148,tube formation,1/193,26/2843,0.0384615384615385,0.566560382622559,-0.599086604784223,0.840575147934052,0.999979449332792,0.96479863560732,YWHAZ,1
GO:0060761,negative regulation of response to cytokine stimulus,1/193,26/2843,0.0384615384615385,0.566560382622559,-0.599086604784223,0.840575147934052,0.999979449332792,0.96479863560732,TTLL12,1
GO:0071326,cellular response to monosaccharide stimulus,1/193,26/2843,0.0384615384615385,0.566560382622559,-0.599086604784223,0.840575147934052,0.999979449332792,0.96479863560732,NDUFAF2,1
GO:0071331,cellular response to hexose stimulus,1/193,26/2843,0.0384615384615385,0.566560382622559,-0.599086604784223,0.840575147934052,0.999979449332792,0.96479863560732,NDUFAF2,1
GO:0120254,olefinic compound metabolic process,1/193,26/2843,0.0384615384615385,0.566560382622559,-0.599086604784223,0.840575147934052,0.999979449332792,0.96479863560732,ELOVL1,1
GO:1903900,regulation of viral life cycle,1/193,26/2843,0.0384615384615385,0.566560382622559,-0.599086604784223,0.840575147934052,0.999979449332792,0.96479863560732,DDB1,1
GO:1990266,neutrophil migration,1/193,26/2843,0.0384615384615385,0.566560382622559,-0.599086604784223,0.840575147934052,0.999979449332792,0.96479863560732,RAC3,1
GO:0010817,regulation of hormone levels,4/193,85/2843,0.0470588235294118,0.693203291679366,-0.774873452344156,0.840804826325655,0.999979449332792,0.96479863560732,PRMT3/BCAT2/NDUFAF2/PREP,4
GO:0097435,supramolecular fiber organization,8/193,156/2843,0.0512820512820513,0.755413843496745,-0.847867703661984,0.845041456259065,0.999979449332792,0.96479863560732,RAC3/TBCB/DVL1/RHOC/DIAPH3/TPM3/ACTG1/SPATC1L,8
GO:0007423,sensory organ development,5/193,104/2843,0.0480769230769231,0.708200478278199,-0.818037068225927,0.846825451225125,0.999979449332792,0.96479863560732,DVL1/DIAPH3/HDAC2/ATG5/RPL38,5
GO:0032970,regulation of actin filament-based process,4/193,86/2843,0.0465116279069768,0.685142788287746,-0.800040996364052,0.847392195512057,0.999979449332792,0.96479863560732,RAC3/RHOC/ACTG1/ECT2,4
GO:0045926,negative regulation of growth,2/193,48/2843,0.0416666666666667,0.613773747841105,-0.728180855470872,0.848405609420311,0.999979449332792,0.96479863560732,ENO1/CDK5,2
GO:0050679,positive regulation of epithelial cell proliferation,2/193,48/2843,0.0416666666666667,0.613773747841105,-0.728180855470872,0.848405609420311,0.999979449332792,0.96479863560732,NME2/SAAL1,2
GO:0050890,cognition,2/193,48/2843,0.0416666666666667,0.613773747841105,-0.728180855470872,0.848405609420311,0.999979449332792,0.96479863560732,VDAC1/CDK5,2
GO:0090257,regulation of muscle system process,2/193,48/2843,0.0416666666666667,0.613773747841105,-0.728180855470872,0.848405609420311,0.999979449332792,0.96479863560732,GLRX3/ENO1,2
GO:0002709,regulation of T cell mediated immunity,1/193,27/2843,0.037037037037037,0.545576664747649,-0.640167962757733,0.85149775938195,0.999979449332792,0.96479863560732,HSPD1,1
GO:0007044,cell-substrate junction assembly,1/193,27/2843,0.037037037037037,0.545576664747649,-0.640167962757733,0.85149775938195,0.999979449332792,0.96479863560732,ACTG1,1
GO:0010927,cellular component assembly involved in morphogenesis,1/193,27/2843,0.037037037037037,0.545576664747649,-0.640167962757733,0.85149775938195,0.999979449332792,0.96479863560732,ACTG1,1
GO:0019724,B cell mediated immunity,1/193,27/2843,0.037037037037037,0.545576664747649,-0.640167962757733,0.85149775938195,0.999979449332792,0.96479863560732,HSPD1,1
GO:0031109,microtubule polymerization or depolymerization,1/193,27/2843,0.037037037037037,0.545576664747649,-0.640167962757733,0.85149775938195,0.999979449332792,0.96479863560732,DIAPH3,1
GO:0032989,cellular anatomical entity morphogenesis,1/193,27/2843,0.037037037037037,0.545576664747649,-0.640167962757733,0.85149775938195,0.999979449332792,0.96479863560732,ACTG1,1
GO:0046328,regulation of JNK cascade,1/193,27/2843,0.037037037037037,0.545576664747649,-0.640167962757733,0.85149775938195,0.999979449332792,0.96479863560732,COPS5,1
GO:0071621,granulocyte chemotaxis,1/193,27/2843,0.037037037037037,0.545576664747649,-0.640167962757733,0.85149775938195,0.999979449332792,0.96479863560732,S100A14,1
GO:1902749,regulation of cell cycle G2/M phase transition,1/193,27/2843,0.037037037037037,0.545576664747649,-0.640167962757733,0.85149775938195,0.999979449332792,0.96479863560732,NPM1,1
GO:0051338,regulation of transferase activity,3/193,68/2843,0.0441176470588235,0.649878085949406,-0.788515093671748,0.85187778078575,0.999979449332792,0.96479863560732,NPM1/ECT2/TOM1L1,3
GO:0008284,positive regulation of cell population proliferation,9/193,175/2843,0.0514285714285714,0.757572168763879,-0.893256823353996,0.854361581923462,0.999979449332792,0.96479863560732,NME2/NPM1/MNAT1/SINHCAF/HDAC2/CAPN1/SAAL1/TPD52/TBRG4,9
GO:0000209,protein polyubiquitination,2/193,49/2843,0.0408163265306122,0.601247752987205,-0.759723808727983,0.856535040471089,0.999979449332792,0.96479863560732,YWHAE/KCMF1,2
GO:0032868,response to insulin,2/193,49/2843,0.0408163265306122,0.601247752987205,-0.759723808727983,0.856535040471089,0.999979449332792,0.96479863560732,ECHDC3/MAPKAP1,2
GO:0097529,myeloid leukocyte migration,2/193,49/2843,0.0408163265306122,0.601247752987205,-0.759723808727983,0.856535040471089,0.999979449332792,0.96479863560732,RAC3/S100A14,2
GO:1990778,protein localization to cell periphery,3/193,69/2843,0.0434782608695652,0.640459562964632,-0.815805846391664,0.858762579539049,0.999979449332792,0.96479863560732,LYPLA1/CDK5/VPS35,3
GO:0098771,inorganic ion homeostasis,4/193,88/2843,0.0454545454545455,0.669571361281206,-0.849622431494917,0.859882818035918,0.999979449332792,0.96479863560732,YWHAE/GLRX3/S100A14/ATG5,4
GO:0006275,regulation of DNA replication,1/193,28/2843,0.0357142857142857,0.526091783863805,-0.67998887666659,0.861675647322036,0.999979449332792,0.96479863560732,MEAF6,1
GO:0006665,sphingolipid metabolic process,1/193,28/2843,0.0357142857142857,0.526091783863805,-0.67998887666659,0.861675647322036,0.999979449332792,0.96479863560732,ELOVL1,1
GO:0006813,potassium ion transport,1/193,28/2843,0.0357142857142857,0.526091783863805,-0.67998887666659,0.861675647322036,0.999979449332792,0.96479863560732,YWHAE,1
GO:0043524,negative regulation of neuron apoptotic process,1/193,28/2843,0.0357142857142857,0.526091783863805,-0.67998887666659,0.861675647322036,0.999979449332792,0.96479863560732,PYCR1,1
GO:0050000,chromosome localization,1/193,28/2843,0.0357142857142857,0.526091783863805,-0.67998887666659,0.861675647322036,0.999979449332792,0.96479863560732,ECT2,1
GO:0050764,regulation of phagocytosis,1/193,28/2843,0.0357142857142857,0.526091783863805,-0.67998887666659,0.861675647322036,0.999979449332792,0.96479863560732,ATG5,1
GO:0051310,metaphase chromosome alignment,1/193,28/2843,0.0357142857142857,0.526091783863805,-0.67998887666659,0.861675647322036,0.999979449332792,0.96479863560732,ECT2,1
GO:0034097,response to cytokine,11/193,211/2843,0.052132701421801,0.767944404881762,-0.945274807583918,0.863651432029547,0.999979449332792,0.96479863560732,EIF5A/GIPC1/HSPD1/BCAT2/ATP5PO/ATP5F1B/ACTG1/RPS16/TTLL12/DDB1/SHPK,11
GO:0001934,positive regulation of protein phosphorylation,2/193,50/2843,0.04,0.589222797927461,-0.79072163389098,0.86426652268173,0.999979449332792,0.96479863560732,ECT2/TOM1L1,2
GO:0022604,regulation of cell morphogenesis,2/193,50/2843,0.04,0.589222797927461,-0.79072163389098,0.86426652268173,0.999979449332792,0.96479863560732,RAC3/DVL1,2
GO:0044403,biological process involved in symbiotic interaction,2/193,50/2843,0.04,0.589222797927461,-0.79072163389098,0.86426652268173,0.999979449332792,0.96479863560732,HSPD1/DDB1,2
GO:0051402,neuron apoptotic process,2/193,50/2843,0.04,0.589222797927461,-0.79072163389098,0.86426652268173,0.999979449332792,0.96479863560732,PYCR1/CDK5,2
GO:1903532,positive regulation of secretion by cell,2/193,50/2843,0.04,0.589222797927461,-0.79072163389098,0.86426652268173,0.999979449332792,0.96479863560732,CDK5/VPS35,2
GO:0002449,lymphocyte mediated immunity,3/193,70/2843,0.0428571428571429,0.631310140636566,-0.842758288061102,0.865367256650168,0.999979449332792,0.96479863560732,GFUS/HSPD1/TUBB,3
GO:0030522,intracellular receptor signaling pathway,3/193,70/2843,0.0428571428571429,0.631310140636566,-0.842758288061102,0.865367256650168,0.999979449332792,0.96479863560732,YWHAE/PHB2/HDAC2,3
GO:0002252,immune effector process,7/193,143/2843,0.048951048951049,0.721076850610529,-0.923503299160066,0.865992669197926,0.999979449332792,0.96479863560732,PHB2/GFUS/HSPD1/DDX1/TUBB/PHF14/ATG5,7
GO:0044057,regulation of system process,5/193,108/2843,0.0462962962962963,0.681970830934561,-0.909217782890243,0.869199438274753,0.999979449332792,0.96479863560732,YWHAE/GLRX3/DVL1/ENO1/PARD3,5
GO:0002444,myeloid leukocyte mediated immunity,1/193,29/2843,0.0344827586206897,0.507950687868501,-0.718643225195522,0.871159341839566,0.999979449332792,0.96479863560732,DDX1,1
GO:0002690,positive regulation of leukocyte chemotaxis,1/193,29/2843,0.0344827586206897,0.507950687868501,-0.718643225195522,0.871159341839566,0.999979449332792,0.96479863560732,S100A14,1
GO:0002824,positive regulation of adaptive immune response based on somatic recombination of immune receptors built from immunoglobulin superfamily domains,1/193,29/2843,0.0344827586206897,0.507950687868501,-0.718643225195522,0.871159341839566,0.999979449332792,0.96479863560732,HSPD1,1
GO:0006937,regulation of muscle contraction,1/193,29/2843,0.0344827586206897,0.507950687868501,-0.718643225195522,0.871159341839566,0.999979449332792,0.96479863560732,ENO1,1
GO:0007052,mitotic spindle organization,1/193,29/2843,0.0344827586206897,0.507950687868501,-0.718643225195522,0.871159341839566,0.999979449332792,0.96479863560732,INTS13,1
GO:0016125,sterol metabolic process,1/193,29/2843,0.0344827586206897,0.507950687868501,-0.718643225195522,0.871159341839566,0.999979449332792,0.96479863560732,EBPL,1
GO:0019882,antigen processing and presentation,1/193,29/2843,0.0344827586206897,0.507950687868501,-0.718643225195522,0.871159341839566,0.999979449332792,0.96479863560732,ATG5,1
GO:0030168,platelet activation,1/193,29/2843,0.0344827586206897,0.507950687868501,-0.718643225195522,0.871159341839566,0.999979449332792,0.96479863560732,ACTG1,1
GO:0034341,response to type II interferon,1/193,29/2843,0.0344827586206897,0.507950687868501,-0.718643225195522,0.871159341839566,0.999979449332792,0.96479863560732,ACTG1,1
GO:0046890,regulation of lipid biosynthetic process,1/193,29/2843,0.0344827586206897,0.507950687868501,-0.718643225195522,0.871159341839566,0.999979449332792,0.96479863560732,PRMT3,1
GO:0150115,cell-substrate junction organization,1/193,29/2843,0.0344827586206897,0.507950687868501,-0.718643225195522,0.871159341839566,0.999979449332792,0.96479863560732,ACTG1,1
GO:1905039,carboxylic acid transmembrane transport,1/193,29/2843,0.0344827586206897,0.507950687868501,-0.718643225195522,0.871159341839566,0.999979449332792,0.96479863560732,LRRC8E,1
GO:0002833,positive regulation of response to biotic stimulus,4/193,90/2843,0.0444444444444444,0.654691997697179,-0.898240321360763,0.87149695823105,0.999979449332792,0.96479863560732,YWHAE/PHB2/HSPD1/S100A14,4
GO:0042325,regulation of phosphorylation,4/193,90/2843,0.0444444444444444,0.654691997697179,-0.898240321360763,0.87149695823105,0.999979449332792,0.96479863560732,NPM1/ECT2/PARD3/TOM1L1,4
GO:0006869,lipid transport,3/193,71/2843,0.0422535211267606,0.622418448514924,-0.869382877234603,0.871700340740775,0.999979449332792,0.96479863560732,VDAC1/VDAC2/LYPLA1,3
GO:0060627,regulation of vesicle-mediated transport,5/193,109/2843,0.0458715596330275,0.675714217806722,-0.931557477697181,0.874345462558559,0.999979449332792,0.96479863560732,DVL1/LYPLA1/ACTG1/CDK5/ATG5,5
GO:0007268,chemical synaptic transmission,7/193,145/2843,0.0482758620689655,0.711130963015901,-0.963455757522671,0.875145760250297,0.999979449332792,0.96479863560732,RAC3/VDAC1/DVL1/GIPC1/CDK5/ATG5/VPS35,7
GO:0098916,anterograde trans-synaptic signaling,7/193,145/2843,0.0482758620689655,0.711130963015901,-0.963455757522671,0.875145760250297,0.999979449332792,0.96479863560732,RAC3/VDAC1/DVL1/GIPC1/CDK5/ATG5/VPS35,7
GO:0099537,trans-synaptic signaling,7/193,145/2843,0.0482758620689655,0.711130963015901,-0.963455757522671,0.875145760250297,0.999979449332792,0.96479863560732,RAC3/VDAC1/DVL1/GIPC1/CDK5/ATG5/VPS35,7
GO:1901652,response to peptide,11/193,214/2843,0.0514018691588785,0.757178829112392,-0.99670330168088,0.87531962692034,0.999979449332792,0.96479863560732,EIF5A/GIPC1/HSPD1/BCAT2/ATP5PO/ATP5F1B/ACTG1/RPS16/TTLL12/DDB1/SHPK,11
GO:0006366,transcription by RNA polymerase II,24/193,427/2843,0.0562060889929742,0.827947725425004,-1.04062353875037,0.875561672337259,0.999979449332792,0.96479863560732,HMGA1/STRAP/POLR2I/NME2/GTF2F2/YWHAZ/E2F5/MRGBP/NPM1/DVL1/COPS5/EIF5A/TCEA1/ENO1/PRMT3/CDK8/PHF14/MNAT1/SINHCAF/HDAC2/ELP2/FOXK2/ELP4/INTS13,24
GO:0010648,negative regulation of cell communication,16/193,298/2843,0.0536912751677852,0.790903084466391,-1.0293892284188,0.877521306601264,0.999979449332792,0.96479863560732,YWHAE/TRAP1/STRAP/TBC1D7/DCAF13/YWHAZ/PHB2/PYCR1/ENO1/NDUFAF2/PHF14/TTLL12/MAPKAP1/SINHCAF/DDB1/HDAC2,16
GO:0023057,negative regulation of signaling,16/193,298/2843,0.0536912751677852,0.790903084466391,-1.0293892284188,0.877521306601264,0.999979449332792,0.96479863560732,YWHAE/TRAP1/STRAP/TBC1D7/DCAF13/YWHAZ/PHB2/PYCR1/ENO1/NDUFAF2/PHF14/TTLL12/MAPKAP1/SINHCAF/DDB1/HDAC2,16
GO:0071824,protein-DNA complex organization,2/193,52/2843,0.0384615384615385,0.566560382622559,-0.851173535585847,0.878600182962541,0.999979449332792,0.96479863560732,HMGA1/NPM1,2
GO:1901654,response to ketone,2/193,52/2843,0.0384615384615385,0.566560382622559,-0.851173535585847,0.878600182962541,0.999979449332792,0.96479863560732,ATP5F1A/CBX3,2
GO:0009968,negative regulation of signal transduction,15/193,282/2843,0.0531914893617021,0.783540954690773,-1.03338762840798,0.879157290142261,0.999979449332792,0.96479863560732,YWHAE/TRAP1/STRAP/TBC1D7/DCAF13/YWHAZ/PHB2/PYCR1/ENO1/PHF14/TTLL12/MAPKAP1/SINHCAF/DDB1/HDAC2,15
GO:0002821,positive regulation of adaptive immune response,1/193,30/2843,0.0333333333333333,0.491018998272884,-0.756214651950201,0.879995961251423,0.999979449332792,0.96479863560732,HSPD1,1
GO:0006493,protein O-linked glycosylation,1/193,30/2843,0.0333333333333333,0.491018998272884,-0.756214651950201,0.879995961251423,0.999979449332792,0.96479863560732,SLC35B2,1
GO:0007009,plasma membrane organization,1/193,30/2843,0.0333333333333333,0.491018998272884,-0.756214651950201,0.879995961251423,0.999979449332792,0.96479863560732,VDAC2,1
GO:0007254,JNK cascade,1/193,30/2843,0.0333333333333333,0.491018998272884,-0.756214651950201,0.879995961251423,0.999979449332792,0.96479863560732,COPS5,1
GO:0007272,ensheathment of neurons,1/193,30/2843,0.0333333333333333,0.491018998272884,-0.756214651950201,0.879995961251423,0.999979449332792,0.96479863560732,PARD3,1
GO:0007586,digestion,1/193,30/2843,0.0333333333333333,0.491018998272884,-0.756214651950201,0.879995961251423,0.999979449332792,0.96479863560732,STRAP,1
GO:0008360,regulation of cell shape,1/193,30/2843,0.0333333333333333,0.491018998272884,-0.756214651950201,0.879995961251423,0.999979449332792,0.96479863560732,RAC3,1
GO:0008366,axon ensheathment,1/193,30/2843,0.0333333333333333,0.491018998272884,-0.756214651950201,0.879995961251423,0.999979449332792,0.96479863560732,PARD3,1
GO:0016331,morphogenesis of embryonic epithelium,1/193,30/2843,0.0333333333333333,0.491018998272884,-0.756214651950201,0.879995961251423,0.999979449332792,0.96479863560732,DVL1,1
GO:0030073,insulin secretion,1/193,30/2843,0.0333333333333333,0.491018998272884,-0.756214651950201,0.879995961251423,0.999979449332792,0.96479863560732,NDUFAF2,1
GO:0033209,tumor necrosis factor-mediated signaling pathway,1/193,30/2843,0.0333333333333333,0.491018998272884,-0.756214651950201,0.879995961251423,0.999979449332792,0.96479863560732,EIF5A,1
GO:0035051,cardiocyte differentiation,1/193,30/2843,0.0333333333333333,0.491018998272884,-0.756214651950201,0.879995961251423,0.999979449332792,0.96479863560732,ATG5,1
GO:0042552,myelination,1/193,30/2843,0.0333333333333333,0.491018998272884,-0.756214651950201,0.879995961251423,0.999979449332792,0.96479863560732,PARD3,1
GO:0045931,positive regulation of mitotic cell cycle,1/193,30/2843,0.0333333333333333,0.491018998272884,-0.756214651950201,0.879995961251423,0.999979449332792,0.96479863560732,NSMCE2,1
GO:0046683,response to organophosphorus,1/193,30/2843,0.0333333333333333,0.491018998272884,-0.756214651950201,0.879995961251423,0.999979449332792,0.96479863560732,ATP5PO,1
GO:1903034,regulation of response to wounding,1/193,30/2843,0.0333333333333333,0.491018998272884,-0.756214651950201,0.879995961251423,0.999979449332792,0.96479863560732,ACTG1,1
GO:1903825,organic acid transmembrane transport,1/193,30/2843,0.0333333333333333,0.491018998272884,-0.756214651950201,0.879995961251423,0.999979449332792,0.96479863560732,LRRC8E,1
GO:2000045,regulation of G1/S transition of mitotic cell cycle,1/193,30/2843,0.0333333333333333,0.491018998272884,-0.756214651950201,0.879995961251423,0.999979449332792,0.96479863560732,MNAT1,1
GO:0040017,positive regulation of locomotion,8/193,164/2843,0.0487804878048781,0.718564387716416,-1.00180310371888,0.881307164507722,0.999979449332792,0.96479863560732,GFUS/RHOC/ATP5F1A/ATP5F1B/ACTG1/S100A14/VPS35/CPNE3,8
GO:0002443,leukocyte mediated immunity,4/193,92/2843,0.0434782608695652,0.640459562964632,-0.945941142145327,0.882278041143967,0.999979449332792,0.96479863560732,GFUS/HSPD1/DDX1/TUBB,4
GO:0002697,regulation of immune effector process,4/193,92/2843,0.0434782608695652,0.640459562964632,-0.945941142145327,0.882278041143967,0.999979449332792,0.96479863560732,PHB2/HSPD1/DDX1/ATG5,4
GO:0001503,ossification,3/193,73/2843,0.0410958904109589,0.605365888281638,-0.921687976915029,0.88358564232293,0.999979449332792,0.96479863560732,PRMT3/ATP5F1B/RPL38,3
GO:0007600,sensory perception,3/193,73/2843,0.0410958904109589,0.605365888281638,-0.921687976915029,0.88358564232293,0.999979449332792,0.96479863560732,DIAPH3/CDK5/RPL38,3
GO:0032496,response to lipopolysaccharide,3/193,73/2843,0.0410958904109589,0.605365888281638,-0.921687976915029,0.88358564232293,0.999979449332792,0.96479863560732,HDAC2/S100A14/SHPK,3
GO:0070482,response to oxygen levels,3/193,73/2843,0.0410958904109589,0.605365888281638,-0.921687976915029,0.88358564232293,0.999979449332792,0.96479863560732,ENO1/HDAC2/PGK1,3
GO:0002791,regulation of peptide secretion,1/193,31/2843,0.032258064516129,0.475179675747953,-0.792777997367592,0.888229441336199,0.999979449332792,0.96479863560732,NDUFAF2,1
GO:0007098,centrosome cycle,1/193,31/2843,0.032258064516129,0.475179675747953,-0.792777997367592,0.888229441336199,0.999979449332792,0.96479863560732,NPM1,1
GO:0007259,cell surface receptor signaling pathway via JAK-STAT,1/193,31/2843,0.032258064516129,0.475179675747953,-0.792777997367592,0.888229441336199,0.999979449332792,0.96479863560732,ELP2,1
GO:0032609,type II interferon production,1/193,31/2843,0.032258064516129,0.475179675747953,-0.792777997367592,0.888229441336199,0.999979449332792,0.96479863560732,HSPD1,1
GO:0032649,regulation of type II interferon production,1/193,31/2843,0.032258064516129,0.475179675747953,-0.792777997367592,0.888229441336199,0.999979449332792,0.96479863560732,HSPD1,1
GO:0048754,branching morphogenesis of an epithelial tube,1/193,31/2843,0.032258064516129,0.475179675747953,-0.792777997367592,0.888229441336199,0.999979449332792,0.96479863560732,PHB2,1
GO:0071677,positive regulation of mononuclear cell migration,1/193,31/2843,0.032258064516129,0.475179675747953,-0.792777997367592,0.888229441336199,0.999979449332792,0.96479863560732,S100A14,1
GO:0090087,regulation of peptide transport,1/193,31/2843,0.032258064516129,0.475179675747953,-0.792777997367592,0.888229441336199,0.999979449332792,0.96479863560732,NDUFAF2,1
GO:0090276,regulation of peptide hormone secretion,1/193,31/2843,0.032258064516129,0.475179675747953,-0.792777997367592,0.888229441336199,0.999979449332792,0.96479863560732,NDUFAF2,1
GO:1902904,negative regulation of supramolecular fiber organization,1/193,31/2843,0.032258064516129,0.475179675747953,-0.792777997367592,0.888229441336199,0.999979449332792,0.96479863560732,DIAPH3,1
GO:0043207,response to external biotic stimulus,17/193,318/2843,0.0534591194968554,0.78748329911689,-1.08503485240786,0.888401891588194,0.999979449332792,0.96479863560732,YWHAE/PPP1R14B/YWHAZ/PHB2/EIF5A/ENO1/HSPD1/DDX1/TUBB/ACTG1/TTLL12/DDB1/HDAC2/S100A14/SHPK/ATG5/AP1S1,17
GO:0051707,response to other organism,17/193,318/2843,0.0534591194968554,0.78748329911689,-1.08503485240786,0.888401891588194,0.999979449332792,0.96479863560732,YWHAE/PPP1R14B/YWHAZ/PHB2/EIF5A/ENO1/HSPD1/DDX1/TUBB/ACTG1/TTLL12/DDB1/HDAC2/S100A14/SHPK/ATG5/AP1S1,17
GO:0010876,lipid localization,3/193,74/2843,0.0405405405405405,0.597185268169724,-0.9473871320782,0.889154651173227,0.999979449332792,0.96479863560732,VDAC1/VDAC2/LYPLA1,3
GO:0014706,striated muscle tissue development,3/193,74/2843,0.0405405405405405,0.597185268169724,-0.9473871320782,0.889154651173227,0.999979449332792,0.96479863560732,NDUFV2/CDK5/ATG5,3
GO:0043491,phosphatidylinositol 3-kinase/protein kinase B signal transduction,3/193,74/2843,0.0405405405405405,0.597185268169724,-0.9473871320782,0.889154651173227,0.999979449332792,0.96479863560732,DCAF13/MAPKAP1/DDB1,3
GO:0042327,positive regulation of phosphorylation,2/193,54/2843,0.037037037037037,0.545576664747649,-0.909705880327107,0.891531958292914,0.999979449332792,0.96479863560732,ECT2/TOM1L1,2
GO:0032870,cellular response to hormone stimulus,6/193,131/2843,0.0458015267175573,0.674682593046711,-1.02864581026637,0.891839439049647,0.999979449332792,0.96479863560732,PHB2/ECHDC3/ATP5F1A/CBX3/MAPKAP1/HDAC2,6
GO:0003012,muscle system process,4/193,94/2843,0.0425531914893617,0.626832763752618,-0.992768107970233,0.892269757533646,0.999979449332792,0.96479863560732,GLRX3/ENO1/TPM3/HDAC2,4
GO:1903530,regulation of secretion by cell,4/193,94/2843,0.0425531914893617,0.626832763752618,-0.992768107970233,0.892269757533646,0.999979449332792,0.96479863560732,DVL1/NDUFAF2/CDK5/VPS35,4
GO:0060537,muscle tissue development,3/193,75/2843,0.04,0.589222797927461,-0.972795774727562,0.894485612325688,0.999979449332792,0.96479863560732,NDUFV2/CDK5/ATG5,3
GO:0032879,regulation of localization,19/193,353/2843,0.0538243626062323,0.79286353828766,-1.12204942332148,0.894497185337836,0.999979449332792,0.96479863560732,YWHAE/VDAC1/YWHAZ/NPM1/DVL1/PHB2/YWHAQ/NDUFAF2/LYPLA1/CCT8/GDI2/CCT4/CCT3/ACTG1/CDK5/ECT2/ATG5/ZFAND1/VPS35,19
GO:0002708,positive regulation of lymphocyte mediated immunity,1/193,32/2843,0.03125,0.460330310880829,-0.828400489834112,0.8959007492388,0.999979449332792,0.96479863560732,HSPD1,1
GO:0008277,regulation of G protein-coupled receptor signaling pathway,1/193,32/2843,0.03125,0.460330310880829,-0.828400489834112,0.8959007492388,0.999979449332792,0.96479863560732,VPS35,1
GO:0030041,actin filament polymerization,1/193,32/2843,0.03125,0.460330310880829,-0.828400489834112,0.8959007492388,0.999979449332792,0.96479863560732,DIAPH3,1
GO:0030216,keratinocyte differentiation,1/193,32/2843,0.03125,0.460330310880829,-0.828400489834112,0.8959007492388,0.999979449332792,0.96479863560732,NME2,1
GO:0031023,microtubule organizing center organization,1/193,32/2843,0.03125,0.460330310880829,-0.828400489834112,0.8959007492388,0.999979449332792,0.96479863560732,NPM1,1
GO:0032612,interleukin-1 production,1/193,32/2843,0.03125,0.460330310880829,-0.828400489834112,0.8959007492388,0.999979449332792,0.96479863560732,HDAC2,1
GO:0032652,regulation of interleukin-1 production,1/193,32/2843,0.03125,0.460330310880829,-0.828400489834112,0.8959007492388,0.999979449332792,0.96479863560732,HDAC2,1
GO:0033002,muscle cell proliferation,1/193,32/2843,0.03125,0.460330310880829,-0.828400489834112,0.8959007492388,0.999979449332792,0.96479863560732,MNAT1,1
GO:0043086,negative regulation of catalytic activity,1/193,32/2843,0.03125,0.460330310880829,-0.828400489834112,0.8959007492388,0.999979449332792,0.96479863560732,NPM1,1
GO:0046777,protein autophosphorylation,1/193,32/2843,0.03125,0.460330310880829,-0.828400489834112,0.8959007492388,0.999979449332792,0.96479863560732,TOM1L1,1
GO:0071322,cellular response to carbohydrate stimulus,1/193,32/2843,0.03125,0.460330310880829,-0.828400489834112,0.8959007492388,0.999979449332792,0.96479863560732,NDUFAF2,1
GO:0065009,regulation of molecular function,8/193,168/2843,0.0476190476190476,0.701455711818406,-1.07638904383146,0.896658932076104,0.999979449332792,0.96479863560732,TBC1D7/NPM1/COPS5/PHB2/RHOC/CAPN1/ECT2/TOM1L1,8
GO:0002009,morphogenesis of an epithelium,4/193,95/2843,0.0421052631578947,0.62023452413417,-1.01586658124091,0.896983223239869,0.999979449332792,0.96479863560732,DVL1/PHB2/RHOC/ACTG1,4
GO:0002285,lymphocyte activation involved in immune response,2/193,55/2843,0.0363636363636364,0.535657089024965,-0.938299606121461,0.897509573508761,0.999979449332792,0.96479863560732,HSPD1/PHF14,2
GO:0021537,telencephalon development,2/193,55/2843,0.0363636363636364,0.535657089024965,-0.938299606121461,0.897509573508761,0.999979449332792,0.96479863560732,YWHAE/CDK5,2
GO:0060070,canonical Wnt signaling pathway,2/193,55/2843,0.0363636363636364,0.535657089024965,-0.938299606121461,0.897509573508761,0.999979449332792,0.96479863560732,DVL1/VPS35,2
GO:0048812,neuron projection morphogenesis,5/193,115/2843,0.0434782608695652,0.640459562964632,-1.06204332447994,0.90176159251188,0.999979449332792,0.96479863560732,RAC3/DVL1/ACTG1/CDK5/PARD3,5
GO:0071396,cellular response to lipid,5/193,115/2843,0.0434782608695652,0.640459562964632,-1.06204332447994,0.90176159251188,0.999979449332792,0.96479863560732,PHB2/ATP5F1A/CBX3/HDAC2/SHPK,5
GO:0010976,positive regulation of neuron projection development,1/193,33/2843,0.0303030303030303,0.446380907520804,-0.863142742808769,0.903048083069078,0.999979449332792,0.96479863560732,DVL1,1
GO:0032760,positive regulation of tumor necrosis factor production,1/193,33/2843,0.0303030303030303,0.446380907520804,-0.863142742808769,0.903048083069078,0.999979449332792,0.96479863560732,HDAC2,1
GO:0035150,regulation of tube size,1/193,33/2843,0.0303030303030303,0.446380907520804,-0.863142742808769,0.903048083069078,0.999979449332792,0.96479863560732,ATG5,1
GO:0035296,regulation of tube diameter,1/193,33/2843,0.0303030303030303,0.446380907520804,-0.863142742808769,0.903048083069078,0.999979449332792,0.96479863560732,ATG5,1
GO:0070507,regulation of microtubule cytoskeleton organization,1/193,33/2843,0.0303030303030303,0.446380907520804,-0.863142742808769,0.903048083069078,0.999979449332792,0.96479863560732,DIAPH3,1
GO:0097746,blood vessel diameter maintenance,1/193,33/2843,0.0303030303030303,0.446380907520804,-0.863142742808769,0.903048083069078,0.999979449332792,0.96479863560732,ATG5,1
GO:1902806,regulation of cell cycle G1/S phase transition,1/193,33/2843,0.0303030303030303,0.446380907520804,-0.863142742808769,0.903048083069078,0.999979449332792,0.96479863560732,MNAT1,1
GO:1903557,positive regulation of tumor necrosis factor superfamily cytokine production,1/193,33/2843,0.0303030303030303,0.446380907520804,-0.863142742808769,0.903048083069078,0.999979449332792,0.96479863560732,HDAC2,1
GO:0002573,myeloid leukocyte differentiation,2/193,56/2843,0.0357142857142857,0.526091783863805,-0.966468094786828,0.903180787902164,0.999979449332792,0.96479863560732,NPM1/DIAPH3,2
GO:1902903,regulation of supramolecular fiber organization,3/193,77/2843,0.038961038961039,0.573918309669605,-1.0227745222801,0.904465867727194,0.999979449332792,0.96479863560732,RHOC/DIAPH3/ACTG1,3
GO:0007417,central nervous system development,9/193,188/2843,0.0478723404255319,0.705186859221695,-1.12865511414102,0.904872264262894,0.999979449332792,0.96479863560732,RAC3/YWHAE/LDHA/YWHAQ/MNAT1/MAPKAP1/HDAC2/CDK5/EIF2B3,9
GO:0030029,actin filament-based process,8/193,171/2843,0.0467836257309942,0.689149471260189,-1.13135576195631,0.907058886405899,0.999979449332792,0.96479863560732,RAC3/RHOC/DIAPH3/TPM3/ACTG1/CDK5/ECT2/SPATC1L,8
GO:1901701,cellular response to oxygen-containing compound,13/193,258/2843,0.0503875968992248,0.742238020645058,-1.17156446800525,0.907893888477032,0.999979449332792,0.96479863560732,TRAP1/ECHDC3/NDUFAF2/ATP5F1A/ATP5PO/CBX3/MAPKAP1/HDAC2/CDK5/ECT2/SHPK/ZFAND1/VPS35,13
GO:0001906,cell killing,2/193,57/2843,0.0350877192982456,0.516862103445141,-0.994227405894835,0.908559386353775,0.999979449332792,0.96479863560732,GFUS/TUBB,2
GO:0006650,glycerophospholipid metabolic process,2/193,57/2843,0.0350877192982456,0.516862103445141,-0.994227405894835,0.908559386353775,0.999979449332792,0.96479863560732,PHB2/HDHD5,2
GO:0110053,regulation of actin filament organization,2/193,57/2843,0.0350877192982456,0.516862103445141,-0.994227405894835,0.908559386353775,0.999979449332792,0.96479863560732,RHOC/ACTG1,2
GO:0045944,positive regulation of transcription by RNA polymerase II,11/193,224/2843,0.0491071428571429,0.723376202812731,-1.16389433089851,0.908574284786186,0.999979449332792,0.96479863560732,HMGA1/NME2/GTF2F2/NPM1/DVL1/COPS5/EIF5A/TCEA1/CDK8/HDAC2/FOXK2,11
GO:0030307,positive regulation of cell growth,1/193,34/2843,0.0294117647058824,0.433252057299604,-0.897059594510187,0.90970705814654,0.999979449332792,0.96479863560732,MAPKAP1,1
GO:0032635,interleukin-6 production,1/193,34/2843,0.0294117647058824,0.433252057299604,-0.897059594510187,0.90970705814654,0.999979449332792,0.96479863560732,HSPD1,1
GO:0032675,regulation of interleukin-6 production,1/193,34/2843,0.0294117647058824,0.433252057299604,-0.897059594510187,0.90970705814654,0.999979449332792,0.96479863560732,HSPD1,1
GO:0048736,appendage development,1/193,34/2843,0.0294117647058824,0.433252057299604,-0.897059594510187,0.90970705814654,0.999979449332792,0.96479863560732,HDAC2,1
GO:0060173,limb development,1/193,34/2843,0.0294117647058824,0.433252057299604,-0.897059594510187,0.90970705814654,0.999979449332792,0.96479863560732,HDAC2,1
GO:0097696,cell surface receptor signaling pathway via STAT,1/193,34/2843,0.0294117647058824,0.433252057299604,-0.897059594510187,0.90970705814654,0.999979449332792,0.96479863560732,ELP2,1
GO:1902905,positive regulation of supramolecular fiber organization,1/193,34/2843,0.0294117647058824,0.433252057299604,-0.897059594510187,0.90970705814654,0.999979449332792,0.96479863560732,RHOC,1
GO:0050673,epithelial cell proliferation,4/193,98/2843,0.0408163265306122,0.601247752987205,-1.08395876420992,0.910058694985513,0.999979449332792,0.96479863560732,NME2/PHB2/ATP5F1A/SAAL1,4
GO:0030335,positive regulation of cell migration,7/193,154/2843,0.0454545454545455,0.669571361281206,-1.13765451525248,0.910192556853055,0.999979449332792,0.96479863560732,GFUS/RHOC/ATP5F1A/ATP5F1B/ACTG1/S100A14/CPNE3,7
GO:0050877,nervous system process,8/193,172/2843,0.0465116279069768,0.685142788287746,-1.14949921471204,0.910324231395943,0.999979449332792,0.96479863560732,RAC3/VDAC1/DVL1/DIAPH3/CDK5/PARD3/VPS35/RPL38,8
GO:0002429,immune response-activating cell surface receptor signaling pathway,3/193,79/2843,0.0379746835443038,0.559388732209615,-1.07168679582005,0.913590041584331,0.999979449332792,0.96479863560732,YWHAE/S100A14/EIF2B3,3
GO:0030111,regulation of Wnt signaling pathway,2/193,58/2843,0.0344827586206897,0.507950687868501,-1.02159269869625,0.913658705590073,0.999979449332792,0.96479863560732,DEPDC1B/VPS35,2
GO:0001837,epithelial to mesenchymal transition,1/193,35/2843,0.0285714285714286,0.420873427091044,-0.930200818962614,0.915910880780116,0.999979449332792,0.96479863560732,HDAC2,1
GO:0002520,immune system development,1/193,35/2843,0.0285714285714286,0.420873427091044,-0.930200818962614,0.915910880780116,0.999979449332792,0.96479863560732,HSPD1,1
GO:0007369,gastrulation,1/193,35/2843,0.0285714285714286,0.420873427091044,-0.930200818962614,0.915910880780116,0.999979449332792,0.96479863560732,DVL1,1
GO:0017148,negative regulation of translation,1/193,35/2843,0.0285714285714286,0.420873427091044,-0.930200818962614,0.915910880780116,0.999979449332792,0.96479863560732,EIF3E,1
GO:0031334,positive regulation of protein-containing complex assembly,1/193,35/2843,0.0285714285714286,0.420873427091044,-0.930200818962614,0.915910880780116,0.999979449332792,0.96479863560732,RHOC,1
GO:0050728,negative regulation of inflammatory response,1/193,35/2843,0.0285714285714286,0.420873427091044,-0.930200818962614,0.915910880780116,0.999979449332792,0.96479863560732,VPS35,1
GO:0048858,cell projection morphogenesis,5/193,119/2843,0.0420168067226891,0.618931510428005,-1.14588417569662,0.917031914855573,0.999979449332792,0.96479863560732,RAC3/DVL1/ACTG1/CDK5/PARD3,5
GO:0120039,plasma membrane bounded cell projection morphogenesis,5/193,119/2843,0.0420168067226891,0.618931510428005,-1.14588417569662,0.917031914855573,0.999979449332792,0.96479863560732,RAC3/DVL1/ACTG1/CDK5/PARD3,5
GO:0044087,regulation of cellular component biogenesis,9/193,192/2843,0.046875,0.690495466321243,-1.19834127961247,0.91711898130807,0.999979449332792,0.96479863560732,RAC3/TBC1D7/NPM1/RHOC/GDI2/ACTG1/ECT2/ATG5/VPS35,9
GO:0002237,response to molecule of bacterial origin,3/193,80/2843,0.0375,0.552396373056995,-1.09576115957139,0.917850349637226,0.999979449332792,0.96479863560732,HDAC2/S100A14/SHPK,3
GO:0051960,regulation of nervous system development,3/193,80/2843,0.0375,0.552396373056995,-1.09576115957139,0.917850349637226,0.999979449332792,0.96479863560732,HDAC2/CDK5/PARD3,3
GO:0008015,blood circulation,4/193,100/2843,0.04,0.589222797927461,-1.12839507768983,0.917941117691226,0.999979449332792,0.96479863560732,YWHAE/GLRX3/PREP/ATG5,4
GO:0009607,response to biotic stimulus,17/193,330/2843,0.0515151515151515,0.758847542785367,-1.25724573633249,0.919437228628655,0.999979449332792,0.96479863560732,YWHAE/PPP1R14B/YWHAZ/PHB2/EIF5A/ENO1/HSPD1/DDX1/TUBB/ACTG1/TTLL12/DDB1/HDAC2/S100A14/SHPK/ATG5/AP1S1,17
GO:0006643,membrane lipid metabolic process,1/193,36/2843,0.0277777777777778,0.409182498560737,-0.962611731255166,0.921690510413107,0.999979449332792,0.96479863560732,ELOVL1,1
GO:0044839,cell cycle G2/M phase transition,1/193,36/2843,0.0277777777777778,0.409182498560737,-0.962611731255166,0.921690510413107,0.999979449332792,0.96479863560732,NPM1,1
GO:0055088,lipid homeostasis,1/193,36/2843,0.0277777777777778,0.409182498560737,-0.962611731255166,0.921690510413107,0.999979449332792,0.96479863560732,MTCH2,1
GO:0062207,regulation of pattern recognition receptor signaling pathway,1/193,36/2843,0.0277777777777778,0.409182498560737,-0.962611731255166,0.921690510413107,0.999979449332792,0.96479863560732,YWHAE,1
GO:1902533,positive regulation of intracellular signal transduction,11/193,229/2843,0.0480349344978166,0.707581962576646,-1.24519354848088,0.92223551363629,0.999979449332792,0.96479863560732,YWHAE/PHB2/EIF5A/RHOC/DDX1/MTCH2/SLC35B2/MAPKAP1/HDAC2/ECT2/SPATC1L,11
GO:0016310,phosphorylation,7/193,158/2843,0.0443037974683544,0.652620187577884,-1.21235198845089,0.922859098911134,0.999979449332792,0.96479863560732,YWHAZ/NPM1/GALK1/ECT2/PARD3/SHPK/TOM1L1,7
GO:2000147,positive regulation of cell motility,7/193,158/2843,0.0443037974683544,0.652620187577884,-1.21235198845089,0.922859098911134,0.999979449332792,0.96479863560732,GFUS/RHOC/ATP5F1A/ATP5F1B/ACTG1/S100A14/CPNE3,7
GO:0009410,response to xenobiotic stimulus,2/193,60/2843,0.0333333333333333,0.491018998272884,-1.07519775393411,0.923070597174501,0.999979449332792,0.96479863560732,HDAC2/ATG5,2
GO:0042742,defense response to bacterium,2/193,60/2843,0.0333333333333333,0.491018998272884,-1.07519775393411,0.923070597174501,0.999979449332792,0.96479863560732,YWHAZ/S100A14,2
GO:0003008,system process,17/193,332/2843,0.0512048192771084,0.754276172045696,-1.28546634882743,0.923850491172058,0.999979449332792,0.96479863560732,RAC3/YWHAE/STRAP/GLRX3/VDAC1/YWHAZ/DVL1/ENO1/DIAPH3/TPM3/PREP/HDAC2/CDK5/PARD3/ATG5/VPS35/RPL38,17
GO:0040007,growth,8/193,177/2843,0.0451977401129944,0.665788472234419,-1.23892706563518,0.925233566101655,0.999979449332792,0.96479863560732,DCAF13/NPM1/DVL1/ENO1/MAPKAP1/CDK5/DCUN1D5/MEAF6,8
GO:0120036,plasma membrane bounded cell projection organization,13/193,265/2843,0.0490566037735849,0.722631733307264,-1.27939900126416,0.925661744611738,0.999979449332792,0.96479863560732,RAC3/TBC1D7/DVL1/NDUFAF2/GDI2/ACTG1/HDAC2/CDK5/PARD3/ATG5/DNAAF2/VPS35/RTN4IP1,13
GO:0001936,regulation of endothelial cell proliferation,1/193,37/2843,0.027027027027027,0.398123512113149,-0.994333705284254,0.927074810908394,0.999979449332792,0.96479863560732,ATP5F1A,1
GO:0051495,positive regulation of cytoskeleton organization,1/193,37/2843,0.027027027027027,0.398123512113149,-0.994333705284254,0.927074810908394,0.999979449332792,0.96479863560732,RHOC,1
GO:0061138,morphogenesis of a branching epithelium,1/193,37/2843,0.027027027027027,0.398123512113149,-0.994333705284254,0.927074810908394,0.999979449332792,0.96479863560732,PHB2,1
GO:1902850,microtubule cytoskeleton organization involved in mitosis,1/193,37/2843,0.027027027027027,0.398123512113149,-0.994333705284254,0.927074810908394,0.999979449332792,0.96479863560732,INTS13,1
GO:0001666,response to hypoxia,2/193,61/2843,0.0327868852459016,0.482969506497919,-1.10146389704699,0.927407587415489,0.999979449332792,0.96479863560732,ENO1/PGK1,2
GO:0044092,negative regulation of molecular function,2/193,61/2843,0.0327868852459016,0.482969506497919,-1.10146389704699,0.927407587415489,0.999979449332792,0.96479863560732,NPM1/PHB2,2
GO:0051146,striated muscle cell differentiation,2/193,61/2843,0.0327868852459016,0.482969506497919,-1.10146389704699,0.927407587415489,0.999979449332792,0.96479863560732,ACTG1/ATG5,2
GO:0060562,epithelial tube morphogenesis,2/193,61/2843,0.0327868852459016,0.482969506497919,-1.10146389704699,0.927407587415489,0.999979449332792,0.96479863560732,DVL1/PHB2,2
GO:1901700,response to oxygen-containing compound,17/193,334/2843,0.0508982035928144,0.749759548260991,-1.31355472949516,0.928063023361262,0.999979449332792,0.96479863560732,PSMD14/TRAP1/ECHDC3/NDUFAF2/ATP5F1A/ATP5PO/CBX3/MAPKAP1/HDAC2/CDK5/ECT2/S100A14/SHPK/EIF2B3/ZFAND1/DNAAF2/VPS35,17
GO:0002274,myeloid leukocyte activation,2/193,62/2843,0.032258064516129,0.475179675747953,-1.12738888788551,0.931514139324057,0.999979449332792,0.96479863560732,HSPD1/SHPK,2
GO:0003002,regionalization,2/193,62/2843,0.032258064516129,0.475179675747953,-1.12738888788551,0.931514139324057,0.999979449332792,0.96479863560732,DVL1/DNAAF2,2
GO:0019058,viral life cycle,2/193,62/2843,0.032258064516129,0.475179675747953,-1.12738888788551,0.931514139324057,0.999979449332792,0.96479863560732,DDB1/ATG5,2
GO:0030100,regulation of endocytosis,2/193,62/2843,0.032258064516129,0.475179675747953,-1.12738888788551,0.931514139324057,0.999979449332792,0.96479863560732,ACTG1/ATG5,2
GO:0001959,regulation of cytokine-mediated signaling pathway,1/193,38/2843,0.0263157894736842,0.387646577583856,-1.02540461868335,0.93209069169766,0.999979449332792,0.96479863560732,TTLL12,1
GO:0007519,skeletal muscle tissue development,1/193,38/2843,0.0263157894736842,0.387646577583856,-1.02540461868335,0.93209069169766,0.999979449332792,0.96479863560732,CDK5,1
GO:0008217,regulation of blood pressure,1/193,38/2843,0.0263157894736842,0.387646577583856,-1.02540461868335,0.93209069169766,0.999979449332792,0.96479863560732,PREP,1
GO:0030072,peptide hormone secretion,1/193,38/2843,0.0263157894736842,0.387646577583856,-1.02540461868335,0.93209069169766,0.999979449332792,0.96479863560732,NDUFAF2,1
GO:0046883,regulation of hormone secretion,1/193,38/2843,0.0263157894736842,0.387646577583856,-1.02540461868335,0.93209069169766,0.999979449332792,0.96479863560732,NDUFAF2,1
GO:0006357,regulation of transcription by RNA polymerase II,21/193,403/2843,0.0521091811414392,0.767597937746693,-1.35883067321237,0.932647979021182,0.999979449332792,0.96479863560732,HMGA1/STRAP/NME2/GTF2F2/YWHAZ/E2F5/MRGBP/NPM1/DVL1/COPS5/EIF5A/TCEA1/ENO1/CDK8/PHF14/MNAT1/SINHCAF/HDAC2/ELP2/FOXK2/ELP4,21
GO:0048585,negative regulation of response to stimulus,19/193,370/2843,0.0513513513513514,0.756434673014984,-1.35541417145117,0.933026840682256,0.999979449332792,0.96479863560732,YWHAE/TRAP1/STRAP/TBC1D7/DCAF13/YWHAZ/DVL1/PHB2/PYCR1/ENO1/NDUFAF2/PHF14/TTLL12/MAPKAP1/SINHCAF/DDB1/HDAC2/ATG5/VPS35,19
GO:0030334,regulation of cell migration,11/193,234/2843,0.047008547008547,0.692462689872016,-1.32506277947944,0.934141665461675,0.999979449332792,0.96479863560732,RAC3/GFUS/RHOC/ATP5F1A/ATP5F1B/ACTG1/SINHCAF/HDAC2/CDK5/S100A14/CPNE3,11
GO:0002685,regulation of leukocyte migration,2/193,63/2843,0.0317460317460317,0.467637141212271,-1.15298426293311,0.935401348816326,0.999979449332792,0.96479863560732,RAC3/S100A14,2
GO:0002703,regulation of leukocyte mediated immunity,2/193,63/2843,0.0317460317460317,0.467637141212271,-1.15298426293311,0.935401348816326,0.999979449332792,0.96479863560732,HSPD1/DDX1,2
GO:0002757,immune response-activating signaling pathway,5/193,125/2843,0.04,0.589222797927461,-1.26737275600388,0.936043503507836,0.999979449332792,0.96479863560732,YWHAE/PHB2/HSPD1/S100A14/EIF2B3,5
GO:0070887,cellular response to chemical stimulus,23/193,438/2843,0.0525114155251142,0.773523079470982,-1.39050072743652,0.936204476655176,0.999979449332792,0.96479863560732,RAC3/TRAP1/NPM1/PHB2/ECHDC3/PYCR1/ENO1/NDUFAF2/ATP5F1A/ATP5PO/CBX3/MAPKAP1/LRRC8E/HDAC2/CDK5/PGK1/ECT2/S100A14/SHPK/ATG5/ZFAND1/VPS35/CPNE3,23
GO:0030900,forebrain development,3/193,85/2843,0.0352941176470588,0.519902468759525,-1.21257764964486,0.936425690620902,0.999979449332792,0.96479863560732,RAC3/YWHAE/CDK5,3
GO:0001763,morphogenesis of a branching structure,1/193,39/2843,0.0256410256410256,0.377706921748373,-1.05585923684994,0.936763239470334,0.999979449332792,0.96479863560732,PHB2,1
GO:0002688,regulation of leukocyte chemotaxis,1/193,39/2843,0.0256410256410256,0.377706921748373,-1.05585923684994,0.936763239470334,0.999979449332792,0.96479863560732,S100A14,1
GO:0002790,peptide secretion,1/193,39/2843,0.0256410256410256,0.377706921748373,-1.05585923684994,0.936763239470334,0.999979449332792,0.96479863560732,NDUFAF2,1
GO:0007219,Notch signaling pathway,1/193,39/2843,0.0256410256410256,0.377706921748373,-1.05585923684994,0.936763239470334,0.999979449332792,0.96479863560732,WDR12,1
GO:0040012,regulation of locomotion,12/193,253/2843,0.0474308300395257,0.69868315959778,-1.35488220147725,0.937311249025956,0.999979449332792,0.96479863560732,RAC3/GFUS/RHOC/ATP5F1A/ATP5F1B/ACTG1/SINHCAF/HDAC2/CDK5/S100A14/VPS35/CPNE3,12
GO:0000122,negative regulation of transcription by RNA polymerase II,7/193,164/2843,0.0426829268292683,0.628743839251864,-1.32152989131124,0.938964831128274,0.999979449332792,0.96479863560732,STRAP/YWHAZ/ENO1/PHF14/SINHCAF/HDAC2/FOXK2,7
GO:0002768,immune response-regulating cell surface receptor signaling pathway,3/193,86/2843,0.0348837209302326,0.513857091215809,-1.2352718713474,0.939643768757367,0.999979449332792,0.96479863560732,YWHAE/S100A14/EIF2B3,3
GO:0060429,epithelium development,10/193,219/2843,0.045662100456621,0.672628764757376,-1.36065622684959,0.940001522341438,0.999979449332792,0.96479863560732,VDAC1/NME2/DVL1/PHB2/RHOC/TUBB/ACTG1/ELOVL1/HDAC2/PGK1,10
GO:0030856,regulation of epithelial cell differentiation,1/193,40/2843,0.025,0.368264248704663,-1.08572954577431,0.941115841033182,0.999979449332792,0.96479863560732,NME2,1
GO:0046474,glycerophospholipid biosynthetic process,1/193,40/2843,0.025,0.368264248704663,-1.08572954577431,0.941115841033182,0.999979449332792,0.96479863560732,HDHD5,1
GO:0060759,regulation of response to cytokine stimulus,1/193,40/2843,0.025,0.368264248704663,-1.08572954577431,0.941115841033182,0.999979449332792,0.96479863560732,TTLL12,1
GO:0097553,calcium ion transmembrane import into cytosol,1/193,40/2843,0.025,0.368264248704663,-1.08572954577431,0.941115841033182,0.999979449332792,0.96479863560732,ATG5,1
GO:0098739,import across plasma membrane,1/193,40/2843,0.025,0.368264248704663,-1.08572954577431,0.941115841033182,0.999979449332792,0.96479863560732,LRRC8E,1
GO:0044419,biological process involved in interspecies interaction between organisms,18/193,358/2843,0.0502793296089386,0.740643181752395,-1.41626245043463,0.941510447907157,0.999979449332792,0.96479863560732,YWHAE/PPP1R14B/PAIP1/YWHAZ/PHB2/EIF5A/ENO1/HSPD1/DDX1/TUBB/ACTG1/TTLL12/DDB1/HDAC2/S100A14/SHPK/ATG5/AP1S1,18
GO:0070372,regulation of ERK1 and ERK2 cascade,2/193,65/2843,0.0307692307692308,0.453248306098047,-1.203229439135,0.94255995663846,0.999979449332792,0.96479863560732,YWHAZ/PHB2,2
GO:0043434,response to peptide hormone,3/193,87/2843,0.0344827586206897,0.507950687868501,-1.25775601527834,0.942711412009876,0.999979449332792,0.96479863560732,ECHDC3/MAPKAP1/EIF2B3,3
GO:0007276,gamete generation,5/193,128/2843,0.0390625,0.575412888601036,-1.32633927190736,0.944011673957295,0.999979449332792,0.96479863560732,DCAF13/TESMIN/DAZAP1/DDB1/SPATC1L,5
GO:0009967,positive regulation of signal transduction,15/193,309/2843,0.0485436893203884,0.715076211077016,-1.43143753067756,0.944940977090438,0.999979449332792,0.96479863560732,YWHAE/DVL1/PHB2/EIF5A/GIPC1/RHOC/DDX1/MTCH2/SLC35B2/MAPKAP1/HDAC2/ECT2/DEPDC1B/VPS35/SPATC1L,15
GO:0001935,endothelial cell proliferation,1/193,41/2843,0.024390243902439,0.359282193858208,-1.11504504162291,0.945170297929577,0.999979449332792,0.96479863560732,ATP5F1A,1
GO:0050852,T cell receptor signaling pathway,1/193,41/2843,0.024390243902439,0.359282193858208,-1.11504504162291,0.945170297929577,0.999979449332792,0.96479863560732,EIF2B3,1
GO:0060538,skeletal muscle organ development,1/193,41/2843,0.024390243902439,0.359282193858208,-1.11504504162291,0.945170297929577,0.999979449332792,0.96479863560732,CDK5,1
GO:0006066,alcohol metabolic process,2/193,66/2843,0.0303030303030303,0.446380907520804,-1.22789955310927,0.945851402990007,0.999979449332792,0.96479863560732,GALK1/PCBD1,2
GO:0036293,response to decreased oxygen levels,2/193,66/2843,0.0303030303030303,0.446380907520804,-1.22789955310927,0.945851402990007,0.999979449332792,0.96479863560732,ENO1/PGK1,2
GO:0030001,metal ion transport,5/193,129/2843,0.0387596899224806,0.570952323573121,-1.34574644782824,0.946463115153814,0.999979449332792,0.96479863560732,YWHAE/VDAC1/CDK5/ATG5/MRS2,5
GO:0009725,response to hormone,7/193,168/2843,0.0416666666666667,0.613773747841105,-1.39252272684932,0.947992376081112,0.999979449332792,0.96479863560732,PHB2/ECHDC3/ATP5F1A/CBX3/MAPKAP1/HDAC2/EIF2B3,7
GO:0007283,spermatogenesis,3/193,89/2843,0.0337078651685393,0.496536065669209,-1.30211443964259,0.948419821642215,0.999979449332792,0.96479863560732,TESMIN/DAZAP1/SPATC1L,3
GO:0051701,biological process involved in interaction with host,1/193,42/2843,0.0238095238095238,0.350727855909203,-1.1438329836287,0.948946933368404,0.999979449332792,0.96479863560732,DDB1,1
GO:0051897,positive regulation of phosphatidylinositol 3-kinase/protein kinase B signal transduction,1/193,42/2843,0.0238095238095238,0.350727855909203,-1.1438329836287,0.948946933368404,0.999979449332792,0.96479863560732,MAPKAP1,1
GO:0050767,regulation of neurogenesis,2/193,67/2843,0.0298507462686567,0.439718505916016,-1.2522807448384,0.94896362092024,0.999979449332792,0.96479863560732,HDAC2/CDK5,2
GO:1901698,response to nitrogen compound,10/193,224/2843,0.0446428571428571,0.657614729829756,-1.44058565816204,0.949801917126551,0.999979449332792,0.96479863560732,NPM1/ECHDC3/ATP5F1A/ATP5PO/DDX1/MAPKAP1/HDAC2/CDK5/EIF2B3/VPS35,10
GO:0016192,vesicle-mediated transport,14/193,295/2843,0.0474576271186441,0.69907789584614,-1.47310308963048,0.950374959019132,0.999979449332792,0.96479863560732,YWHAE/YIF1A/DVL1/COPS5/LYPLA1/GDI2/DIAPH3/ACTG1/CDK5/ATG5/VPS35/AP1S1/RAB2A/SYNGR2,14
GO:0050878,regulation of body fluid levels,2/193,68/2843,0.0294117647058824,0.433252057299604,-1.2763819949359,0.951905616075831,0.999979449332792,0.96479863560732,ACTG1/ATG5,2
GO:0022603,regulation of anatomical structure morphogenesis,7/193,170/2843,0.0411764705882353,0.606552880219445,-1.42750982515949,0.952047262731035,0.999979449332792,0.96479863560732,RAC3/DVL1/PHB2/MTCH2/CDK5/PGK1/VPS35,7
GO:0048699,generation of neurons,12/193,261/2843,0.0459770114942529,0.677267583824668,-1.47622473674557,0.952072702165635,0.999979449332792,0.96479863560732,RAC3/YWHAE/STRAP/YWHAZ/DVL1/DIAPH3/ACTG1/HDAC2/CDK5/ECT2/PARD3/RTN4IP1,12
GO:0048870,cell motility,18/193,365/2843,0.0493150684931507,0.726439065937966,-1.51048916198008,0.952426062027523,0.999979449332792,0.96479863560732,RAC3/YWHAE/PHB2/GFUS/GIPC1/RHOC/ATP5F1A/MTCH2/ATP5F1B/ACTG1/SINHCAF/HDAC2/CDK5/S100A14/DNAAF2/DEPDC1B/INTS13/CPNE3,18
GO:1903131,mononuclear cell differentiation,5/193,132/2843,0.0378787878787879,0.557976134401005,-1.40325203078527,0.953249382957165,0.999979449332792,0.96479863560732,NPM1/DIAPH3/PHF14/ATG5/TPD52,5
GO:2000145,regulation of cell motility,11/193,244/2843,0.0450819672131148,0.664083071434639,-1.48078299509395,0.953355114427034,0.999979449332792,0.96479863560732,RAC3/GFUS/RHOC/ATP5F1A/ATP5F1B/ACTG1/SINHCAF/HDAC2/CDK5/S100A14/CPNE3,11
GO:0031349,positive regulation of defense response,4/193,112/2843,0.0357142857142857,0.526091783863805,-1.38073442732905,0.953568891376655,0.999979449332792,0.96479863560732,YWHAE/PHB2/HSPD1/S100A14,4
GO:0007389,pattern specification process,2/193,69/2843,0.0289855072463768,0.426973041976421,-1.3002118658761,0.954686005226183,0.999979449332792,0.96479863560732,DVL1/DNAAF2,2
GO:0002687,positive regulation of leukocyte migration,1/193,44/2843,0.0227272727272727,0.334785680640603,-1.19992536136179,0.955741232850518,0.999979449332792,0.96479863560732,S100A14,1
GO:0015833,peptide transport,1/193,44/2843,0.0227272727272727,0.334785680640603,-1.19992536136179,0.955741232850518,0.999979449332792,0.96479863560732,NDUFAF2,1
GO:0045017,glycerolipid biosynthetic process,1/193,44/2843,0.0227272727272727,0.334785680640603,-1.19992536136179,0.955741232850518,0.999979449332792,0.96479863560732,HDHD5,1
GO:0070374,positive regulation of ERK1 and ERK2 cascade,1/193,44/2843,0.0227272727272727,0.334785680640603,-1.19992536136179,0.955741232850518,0.999979449332792,0.96479863560732,PHB2,1
GO:0048729,tissue morphogenesis,4/193,113/2843,0.0353982300884956,0.521436104360585,-1.40076597325944,0.955782218824648,0.999979449332792,0.96479863560732,DVL1/PHB2/RHOC/ACTG1,4
GO:0048232,male gamete generation,3/193,92/2843,0.0326086956521739,0.480344672223474,-1.36719907872414,0.95600194610116,0.999979449332792,0.96479863560732,TESMIN/DAZAP1/SPATC1L,3
GO:0043254,regulation of protein-containing complex assembly,2/193,70/2843,0.0285714285714286,0.420873427091044,-1.32377852756275,0.957313027243124,0.999979449332792,0.96479863560732,RHOC/VPS35,2
GO:0046486,glycerolipid metabolic process,2/193,70/2843,0.0285714285714286,0.420873427091044,-1.32377852756275,0.957313027243124,0.999979449332792,0.96479863560732,PHB2/HDHD5,2
GO:0048568,embryonic organ development,2/193,70/2843,0.0285714285714286,0.420873427091044,-1.32377852756275,0.957313027243124,0.999979449332792,0.96479863560732,DVL1/RPL38,2
GO:0070371,ERK1 and ERK2 cascade,2/193,70/2843,0.0285714285714286,0.420873427091044,-1.32377852756275,0.957313027243124,0.999979449332792,0.96479863560732,YWHAZ/PHB2,2
GO:0071375,cellular response to peptide hormone stimulus,2/193,70/2843,0.0285714285714286,0.420873427091044,-1.32377852756275,0.957313027243124,0.999979449332792,0.96479863560732,ECHDC3/MAPKAP1,2
GO:0007507,heart development,4/193,114/2843,0.0350877192982456,0.516862103445141,-1.42065791845871,0.957898500376844,0.999979449332792,0.96479863560732,DVL1/NDUFV2/MNAT1/ATG5,4
GO:0070848,response to growth factor,6/193,154/2843,0.038961038961039,0.573918309669605,-1.46698470432312,0.957965165005837,0.999979449332792,0.96479863560732,STRAP/TBC1D7/GIPC1/SINHCAF/HDAC2/CPNE3,6
GO:0016477,cell migration,16/193,335/2843,0.0477611940298508,0.703549609465625,-1.55875700637153,0.958223527109523,0.999979449332792,0.96479863560732,RAC3/YWHAE/PHB2/GFUS/GIPC1/RHOC/ATP5F1A/MTCH2/ATP5F1B/ACTG1/SINHCAF/HDAC2/CDK5/S100A14/DEPDC1B/CPNE3,16
GO:0071222,cellular response to lipopolysaccharide,1/193,45/2843,0.0222222222222222,0.32734599884859,-1.22727499550769,0.958793016366006,0.999979449332792,0.96479863560732,SHPK,1
GO:0071675,regulation of mononuclear cell migration,1/193,45/2843,0.0222222222222222,0.32734599884859,-1.22727499550769,0.958793016366006,0.999979449332792,0.96479863560732,S100A14,1
GO:0002764,immune response-regulating signaling pathway,5/193,135/2843,0.037037037037037,0.545576664747649,-1.45972462160143,0.95924865635429,0.999979449332792,0.96479863560732,YWHAE/PHB2/HSPD1/S100A14/EIF2B3,5
GO:0033993,response to lipid,7/193,174/2843,0.0402298850574713,0.592609135846585,-1.49650915215196,0.959324072177183,0.999979449332792,0.96479863560732,PHB2/ATP5F1A/CBX3/HDAC2/S100A14/SHPK/DNAAF2,7
GO:0030182,neuron differentiation,11/193,248/2843,0.0443548387096774,0.653372054153435,-1.54165958403585,0.959551367063967,0.999979449332792,0.96479863560732,RAC3/STRAP/YWHAZ/DVL1/DIAPH3/ACTG1/HDAC2/CDK5/ECT2/PARD3/RTN4IP1,11
GO:0006936,muscle contraction,2/193,71/2843,0.028169014084507,0.414945632343282,-1.34708978097986,0.95979455438812,0.999979449332792,0.96479863560732,ENO1/TPM3,2
GO:0022414,reproductive process,12/193,267/2843,0.0449438202247191,0.662048087558945,-1.56532803706219,0.961071713948003,0.999979449332792,0.96479863560732,DCAF13/PHB2/VDAC2/TESMIN/CCT8/CCT4/CCT3/DAZAP1/DDB1/HDAC2/SPATC1L/INTS13,12
GO:0002253,activation of immune response,5/193,136/2843,0.0367647058823529,0.541565071624505,-1.47832792272528,0.961087333056291,0.999979449332792,0.96479863560732,YWHAE/PHB2/HSPD1/S100A14/EIF2B3,5
GO:0051049,regulation of transport,13/193,285/2843,0.0456140350877193,0.671920734478684,-1.57550105483145,0.961381385604211,0.999979449332792,0.96479863560732,YWHAE/VDAC1/DVL1/PHB2/YWHAQ/NDUFAF2/LYPLA1/ACTG1/CDK5/ECT2/ATG5/ZFAND1/VPS35,13
GO:0045927,positive regulation of growth,1/193,46/2843,0.0217391304347826,0.320229781482316,-1.25418779662472,0.961635385144191,0.999979449332792,0.96479863560732,MAPKAP1,1
GO:0030336,negative regulation of cell migration,2/193,72/2843,0.0277777777777778,0.409182498560737,-1.37015308009417,0.962138103815287,0.999979449332792,0.96479863560732,SINHCAF/HDAC2,2
GO:0030855,epithelial cell differentiation,5/193,137/2843,0.0364963503649635,0.537612041904618,-1.49682372105143,0.962850162363245,0.999979449332792,0.96479863560732,VDAC1/NME2/TUBB/HDAC2/PGK1,5
GO:0051130,positive regulation of cellular component organization,10/193,233/2843,0.0429184549356223,0.632213302497276,-1.58096217103585,0.963967306230018,0.999979449332792,0.96479863560732,DVL1/EIF5A/NSMCE2/RHOC/CCT8/CCT4/CCT3/BUB1/ATG5/VPS35,10
GO:0030099,myeloid cell differentiation,3/193,96/2843,0.03125,0.460330310880829,-1.45144995909041,0.964504667025784,0.999979449332792,0.96479863560732,NPM1/TCEA1/DIAPH3,3
GO:0048609,multicellular organismal reproductive process,6/193,158/2843,0.0379746835443038,0.559388732209615,-1.5377288130677,0.964719891405969,0.999979449332792,0.96479863560732,DCAF13/TESMIN/DAZAP1/DDB1/HDAC2/SPATC1L,6
GO:0048666,neuron development,8/193,197/2843,0.0406091370558376,0.598195733936509,-1.57732247279536,0.965536383733964,0.999979449332792,0.96479863560732,RAC3/YWHAZ/DVL1/ACTG1/HDAC2/CDK5/PARD3/RTN4IP1,8
GO:0003006,developmental process involved in reproduction,6/193,159/2843,0.0377358490566038,0.555870564082511,-1.55519416790755,0.966247159958963,0.999979449332792,0.96479863560732,DCAF13/PHB2/TESMIN/DAZAP1/DDB1/SPATC1L,6
GO:0050921,positive regulation of chemotaxis,1/193,48/2843,0.0208333333333333,0.306886873920553,-1.30677732615385,0.966748108310531,0.999979449332792,0.96479863560732,S100A14,1
GO:0071219,cellular response to molecule of bacterial origin,1/193,48/2843,0.0208333333333333,0.306886873920553,-1.30677732615385,0.966748108310531,0.999979449332792,0.96479863560732,SHPK,1
GO:0031175,neuron projection development,7/193,179/2843,0.0391061452513967,0.576055808029641,-1.58101448681539,0.967021859388611,0.999979449332792,0.96479863560732,RAC3/DVL1/ACTG1/HDAC2/CDK5/PARD3/RTN4IP1,7
GO:0032101,regulation of response to external stimulus,10/193,236/2843,0.0423728813559322,0.624176692719768,-1.62681043806547,0.967831400234084,0.999979449332792,0.96479863560732,YWHAE/YWHAZ/DVL1/PHB2/HSPD1/TTLL12/S100A14/SHPK/ATG5/VPS35,10
GO:0002263,cell activation involved in immune response,2/193,75/2843,0.0266666666666667,0.392815198618307,-1.43792500236807,0.968410975506373,0.999979449332792,0.96479863560732,HSPD1/PHF14,2
GO:0002366,leukocyte activation involved in immune response,2/193,75/2843,0.0266666666666667,0.392815198618307,-1.43792500236807,0.968410975506373,0.999979449332792,0.96479863560732,HSPD1/PHF14,2
GO:0002460,adaptive immune response based on somatic recombination of immune receptors built from immunoglobulin superfamily domains,2/193,75/2843,0.0266666666666667,0.392815198618307,-1.43792500236807,0.968410975506373,0.999979449332792,0.96479863560732,GFUS/HSPD1,2
GO:0006644,phospholipid metabolic process,2/193,75/2843,0.0266666666666667,0.392815198618307,-1.43792500236807,0.968410975506373,0.999979449332792,0.96479863560732,PHB2/HDHD5,2
GO:0060326,cell chemotaxis,2/193,75/2843,0.0266666666666667,0.392815198618307,-1.43792500236807,0.968410975506373,0.999979449332792,0.96479863560732,RAC3/S100A14,2
GO:0003007,heart morphogenesis,1/193,49/2843,0.0204081632653061,0.300623876493603,-1.33248827126144,0.969044213890519,0.999979449332792,0.96479863560732,DVL1,1
GO:0007281,germ cell development,1/193,49/2843,0.0204081632653061,0.300623876493603,-1.33248827126144,0.969044213890519,0.999979449332792,0.96479863560732,DCAF13,1
GO:0007596,blood coagulation,1/193,49/2843,0.0204081632653061,0.300623876493603,-1.33248827126144,0.969044213890519,0.999979449332792,0.96479863560732,ACTG1,1
GO:0032640,tumor necrosis factor production,1/193,49/2843,0.0204081632653061,0.300623876493603,-1.33248827126144,0.969044213890519,0.999979449332792,0.96479863560732,HDAC2,1
GO:0032680,regulation of tumor necrosis factor production,1/193,49/2843,0.0204081632653061,0.300623876493603,-1.33248827126144,0.969044213890519,0.999979449332792,0.96479863560732,HDAC2,1
GO:0046879,hormone secretion,1/193,49/2843,0.0204081632653061,0.300623876493603,-1.33248827126144,0.969044213890519,0.999979449332792,0.96479863560732,NDUFAF2,1
GO:0050817,coagulation,1/193,49/2843,0.0204081632653061,0.300623876493603,-1.33248827126144,0.969044213890519,0.999979449332792,0.96479863560732,ACTG1,1
GO:0060828,regulation of canonical Wnt signaling pathway,1/193,49/2843,0.0204081632653061,0.300623876493603,-1.33248827126144,0.969044213890519,0.999979449332792,0.96479863560732,VPS35,1
GO:0071706,tumor necrosis factor superfamily cytokine production,1/193,49/2843,0.0204081632653061,0.300623876493603,-1.33248827126144,0.969044213890519,0.999979449332792,0.96479863560732,HDAC2,1
GO:1903555,regulation of tumor necrosis factor superfamily cytokine production,1/193,49/2843,0.0204081632653061,0.300623876493603,-1.33248827126144,0.969044213890519,0.999979449332792,0.96479863560732,HDAC2,1
GO:0001701,in utero embryonic development,2/193,76/2843,0.0263157894736842,0.387646577583856,-1.46006476452047,0.970271091708106,0.999979449332792,0.96479863560732,DIAPH3/DNAAF2,2
GO:0016032,viral process,2/193,76/2843,0.0263157894736842,0.387646577583856,-1.46006476452047,0.970271091708106,0.999979449332792,0.96479863560732,DDB1/ATG5,2
GO:0003013,circulatory system process,4/193,121/2843,0.0330578512396694,0.486960990022695,-1.55620486223167,0.970293926147825,0.999979449332792,0.96479863560732,YWHAE/GLRX3/PREP/ATG5,4
GO:0008202,steroid metabolic process,1/193,50/2843,0.02,0.294611398963731,-1.35783101965083,0.97118253411927,0.999979449332792,0.96479863560732,EBPL,1
GO:0008654,phospholipid biosynthetic process,1/193,50/2843,0.02,0.294611398963731,-1.35783101965083,0.97118253411927,0.999979449332792,0.96479863560732,HDHD5,1
GO:0065004,protein-DNA complex assembly,1/193,50/2843,0.02,0.294611398963731,-1.35783101965083,0.97118253411927,0.999979449332792,0.96479863560732,NPM1,1
GO:0071356,cellular response to tumor necrosis factor,1/193,50/2843,0.02,0.294611398963731,-1.35783101965083,0.97118253411927,0.999979449332792,0.96479863560732,EIF5A,1
GO:0051050,positive regulation of transport,6/193,163/2843,0.0368098159509202,0.542229568644903,-1.62420893955858,0.97177375052945,0.999979449332792,0.96479863560732,YWHAE/CDK5/ECT2/ATG5/ZFAND1/VPS35,6
GO:2000146,negative regulation of cell motility,2/193,77/2843,0.025974025974026,0.382612206446403,-1.48198929910296,0.97202589768093,0.999979449332792,0.96479863560732,SINHCAF/HDAC2,2
GO:0008610,lipid biosynthetic process,4/193,123/2843,0.032520325203252,0.479042925144278,-1.59381459101135,0.973156134350779,0.999979449332792,0.96479863560732,PTGES2/HDHD5/PRMT3/ELOVL1,4
GO:0002706,regulation of lymphocyte mediated immunity,1/193,51/2843,0.0196078431372549,0.288834704866403,-1.38282012134493,0.97317385918729,0.999979449332792,0.96479863560732,HSPD1,1
GO:0009914,hormone transport,1/193,51/2843,0.0196078431372549,0.288834704866403,-1.38282012134493,0.97317385918729,0.999979449332792,0.96479863560732,NDUFAF2,1
GO:0034612,response to tumor necrosis factor,1/193,51/2843,0.0196078431372549,0.288834704866403,-1.38282012134493,0.97317385918729,0.999979449332792,0.96479863560732,EIF5A,1
GO:0048762,mesenchymal cell differentiation,1/193,51/2843,0.0196078431372549,0.288834704866403,-1.38282012134493,0.97317385918729,0.999979449332792,0.96479863560732,HDAC2,1
GO:0050769,positive regulation of neurogenesis,1/193,51/2843,0.0196078431372549,0.288834704866403,-1.38282012134493,0.97317385918729,0.999979449332792,0.96479863560732,HDAC2,1
GO:0008285,negative regulation of cell population proliferation,5/193,144/2843,0.0347222222222222,0.511478123200921,-1.62342255298837,0.973284783943957,0.999979449332792,0.96479863560732,HMGA1/NPM1/PHB2/ATP5F1A/PHF14,5
GO:1902531,regulation of intracellular signal transduction,20/193,419/2843,0.0477326968973747,0.703129830462364,-1.77572217671003,0.974199226882048,0.999979449332792,0.96479863560732,YWHAE/TRAP1/TBC1D7/DCAF13/YWHAZ/NPM1/COPS5/PHB2/EIF5A/PYCR1/ENO1/RHOC/DDX1/MTCH2/SLC35B2/MAPKAP1/DDB1/HDAC2/ECT2/SPATC1L,20
GO:0051093,negative regulation of developmental process,6/193,165/2843,0.0363636363636364,0.535657089024965,-1.6582242413758,0.974215044786757,0.999979449332792,0.96479863560732,PHF14/SINHCAF/DDB1/HDAC2/CDK5/PGK1,6
GO:0048598,embryonic morphogenesis,3/193,102/2843,0.0294117647058824,0.433252057299604,-1.57290783136455,0.974421548539585,0.999979449332792,0.96479863560732,DVL1/HDAC2/RPL38,3
GO:0040011,locomotion,12/193,279/2843,0.0430107526881721,0.63357290099727,-1.73899538653007,0.974733500358005,0.999979449332792,0.96479863560732,RAC3/GFUS/RHOC/ATP5F1A/ATP5F1B/ACTG1/SINHCAF/HDAC2/CDK5/S100A14/VPS35/CPNE3,12
GO:0006898,receptor-mediated endocytosis,1/193,52/2843,0.0192307692307692,0.283280191311279,-1.40746925091241,0.975028244995619,0.999979449332792,0.96479863560732,AP1S1,1
GO:0051258,protein polymerization,1/193,52/2843,0.0192307692307692,0.283280191311279,-1.40746925091241,0.975028244995619,0.999979449332792,0.96479863560732,DIAPH3,1
GO:0048732,gland development,2/193,79/2843,0.0253164556962025,0.372925821473077,-1.52521545918957,0.975241829323602,0.999979449332792,0.96479863560732,PHB2/CAPN1,2
GO:0006468,protein phosphorylation,5/193,146/2843,0.0342465753424658,0.504471573568032,-1.6587169484746,0.975725971087791,0.999979449332792,0.96479863560732,YWHAZ/NPM1/ECT2/PARD3/TOM1L1,5
GO:0048871,multicellular organismal-level homeostasis,6/193,167/2843,0.0359281437125749,0.529242034066582,-1.69192307309866,0.976461391706884,0.999979449332792,0.96479863560732,RAC3/STRAP/TCEA1/MTCH2/DIAPH3/ACTG1,6
GO:0042692,muscle cell differentiation,2/193,80/2843,0.025,0.368264248704663,-1.54652790485593,0.976713405725817,0.999979449332792,0.96479863560732,ACTG1/ATG5,2
GO:0051056,regulation of small GTPase mediated signal transduction,2/193,80/2843,0.025,0.368264248704663,-1.54652790485593,0.976713405725817,0.999979449332792,0.96479863560732,MAPKAP1/ECT2,2
GO:0002822,regulation of adaptive immune response based on somatic recombination of immune receptors built from immunoglobulin superfamily domains,1/193,53/2843,0.0188679245283019,0.277935282041255,-1.43179127697799,0.976755062880193,0.999979449332792,0.96479863560732,HSPD1,1
GO:0007599,hemostasis,1/193,53/2843,0.0188679245283019,0.277935282041255,-1.43179127697799,0.976755062880193,0.999979449332792,0.96479863560732,ACTG1,1
GO:0010721,negative regulation of cell development,1/193,53/2843,0.0188679245283019,0.277935282041255,-1.43179127697799,0.976755062880193,0.999979449332792,0.96479863560732,CDK5,1
GO:0016042,lipid catabolic process,1/193,53/2843,0.0188679245283019,0.277935282041255,-1.43179127697799,0.976755062880193,0.999979449332792,0.96479863560732,PCCB,1
GO:0034976,response to endoplasmic reticulum stress,1/193,53/2843,0.0188679245283019,0.277935282041255,-1.43179127697799,0.976755062880193,0.999979449332792,0.96479863560732,COPS5,1
GO:0040013,negative regulation of locomotion,2/193,81/2843,0.0246913580246914,0.363717776498433,-1.56764678709057,0.978100595216783,0.999979449332792,0.96479863560732,SINHCAF/HDAC2,2
GO:0050727,regulation of inflammatory response,2/193,81/2843,0.0246913580246914,0.363717776498433,-1.56764678709057,0.978100595216783,0.999979449332792,0.96479863560732,SHPK/VPS35,2
GO:0010647,positive regulation of cell communication,15/193,337/2843,0.0445103857566766,0.65566335080949,-1.8166673895975,0.97821536811613,0.999979449332792,0.96479863560732,YWHAE/DVL1/PHB2/EIF5A/GIPC1/RHOC/DDX1/MTCH2/SLC35B2/MAPKAP1/HDAC2/ECT2/DEPDC1B/VPS35/SPATC1L,15
GO:0023056,positive regulation of signaling,15/193,337/2843,0.0445103857566766,0.65566335080949,-1.8166673895975,0.97821536811613,0.999979449332792,0.96479863560732,YWHAE/DVL1/PHB2/EIF5A/GIPC1/RHOC/DDX1/MTCH2/SLC35B2/MAPKAP1/HDAC2/ECT2/DEPDC1B/VPS35/SPATC1L,15
GO:0006909,phagocytosis,1/193,54/2843,0.0185185185185185,0.272788332373825,-1.45579832495759,0.978363045985613,0.999979449332792,0.96479863560732,ATG5,1
GO:0042886,amide transport,1/193,54/2843,0.0185185185185185,0.272788332373825,-1.45579832495759,0.978363045985613,0.999979449332792,0.96479863560732,NDUFAF2,1
GO:0045165,cell fate commitment,1/193,54/2843,0.0185185185185185,0.272788332373825,-1.45579832495759,0.978363045985613,0.999979449332792,0.96479863560732,HDAC2,1
GO:0048638,regulation of developmental growth,1/193,55/2843,0.0181818181818182,0.267828544512482,-1.47950183379509,0.979860332512962,0.999979449332792,0.96479863560732,CDK5,1
GO:0071216,cellular response to biotic stimulus,1/193,55/2843,0.0181818181818182,0.267828544512482,-1.47950183379509,0.979860332512962,0.999979449332792,0.96479863560732,SHPK,1
GO:0002521,leukocyte differentiation,5/193,150/2843,0.0333333333333333,0.491018998272884,-1.72821105650361,0.98000097141946,0.999979449332792,0.96479863560732,NPM1/DIAPH3/PHF14/ATG5/TPD52,5
GO:0071363,cellular response to growth factor stimulus,5/193,150/2843,0.0333333333333333,0.491018998272884,-1.72821105650361,0.98000097141946,0.999979449332792,0.96479863560732,STRAP/GIPC1/SINHCAF/HDAC2/CPNE3,5
GO:0042060,wound healing,2/193,83/2843,0.0240963855421687,0.354953492727386,-1.60932325697358,0.980639980624147,0.999979449332792,0.96479863560732,RHOC/ACTG1,2
GO:0043010,camera-type eye development,1/193,56/2843,0.0178571428571429,0.263045891931902,-1.50291260737546,0.98125450605134,0.999979449332792,0.96479863560732,HDAC2,1
GO:0009887,animal organ morphogenesis,6/193,172/2843,0.0348837209302326,0.513857091215809,-1.77483910514953,0.981312943487386,0.999979449332792,0.96479863560732,E2F5/DVL1/PHB2/HDAC2/CAPN1/RPL38,6
GO:0001525,angiogenesis,4/193,131/2843,0.0305343511450382,0.449788395364474,-1.73975585004443,0.982224937918197,0.999979449332792,0.96479863560732,YWHAZ/ATP5F1B/ACTG1/PGK1,4
GO:0022412,cellular process involved in reproduction in multicellular organism,1/193,57/2843,0.0175438596491228,0.258431051722571,-1.52604086120227,0.982552633188797,0.999979449332792,0.96479863560732,DCAF13,1
GO:0030595,leukocyte chemotaxis,1/193,57/2843,0.0175438596491228,0.258431051722571,-1.52604086120227,0.982552633188797,0.999979449332792,0.96479863560732,S100A14,1
GO:0051962,positive regulation of nervous system development,1/193,57/2843,0.0175438596491228,0.258431051722571,-1.52604086120227,0.982552633188797,0.999979449332792,0.96479863560732,HDAC2,1
GO:0071495,cellular response to endogenous stimulus,10/193,252/2843,0.0396825396825397,0.584546426515338,-1.86404682254099,0.982840967307023,0.999979449332792,0.96479863560732,STRAP/PHB2/ECHDC3/GIPC1/ATP5F1A/CBX3/MAPKAP1/SINHCAF/HDAC2/CPNE3,10
GO:0003018,vascular process in circulatory system,1/193,58/2843,0.0172413793103448,0.25397534393425,-1.54889626485337,0.983761298585266,0.999979449332792,0.96479863560732,ATG5,1
GO:0050851,antigen receptor-mediated signaling pathway,1/193,58/2843,0.0172413793103448,0.25397534393425,-1.54889626485337,0.983761298585266,0.999979449332792,0.96479863560732,EIF2B3,1
GO:0002683,negative regulation of immune system process,4/193,133/2843,0.0300751879699248,0.443024660095835,-1.77519021997281,0.983992373010207,0.999979449332792,0.96479863560732,YWHAE/YWHAZ/TTLL12/ATG5,4
GO:0022008,neurogenesis,13/193,310/2843,0.0419354838709678,0.617733578472338,-1.92396495632794,0.984319245206911,0.999979449332792,0.96479863560732,RAC3/YWHAE/STRAP/YWHAZ/DVL1/DIAPH3/ACTG1/HDAC2/CDK5/ECT2/PARD3/EIF2B3/RTN4IP1,13
GO:0048584,positive regulation of response to stimulus,22/193,469/2843,0.046908315565032,0.690986223582311,-1.97602147410162,0.984393714892656,0.999979449332792,0.96479863560732,YWHAE/MRGBP/DVL1/PHB2/EIF5A/ECHDC3/GIPC1/HSPD1/RHOC/DDX1/MTCH2/SLC35B2/ACTG1/MAPKAP1/HDAC2/ECT2/S100A14/EIF2B3/DEPDC1B/VPS35/SPATC1L/MEAF6,22
GO:0002819,regulation of adaptive immune response,1/193,59/2843,0.0169491525423729,0.249670677087907,-1.5714879806646,0.984886637677921,0.999979449332792,0.96479863560732,HSPD1,1
GO:0009719,response to endogenous stimulus,12/193,293/2843,0.0409556313993174,0.60329979309979,-1.93461210685788,0.985136024638271,0.999979449332792,0.96479863560732,STRAP/TBC1D7/PHB2/ECHDC3/GIPC1/ATP5F1A/CBX3/MAPKAP1/SINHCAF/HDAC2/EIF2B3/CPNE3,12
GO:0050776,regulation of immune response,8/193,217/2843,0.0368663594470046,0.543062486569089,-1.88976183725015,0.985161651886414,0.999979449332792,0.96479863560732,YWHAE/YWHAZ/PHB2/HSPD1/TTLL12/S100A14/ATG5/EIF2B3,8
GO:0030098,lymphocyte differentiation,3/193,112/2843,0.0267857142857143,0.394568837897853,-1.76392731847474,0.985382561168595,0.999979449332792,0.96479863560732,PHF14/ATG5/TPD52,3
GO:0000902,cell morphogenesis,6/193,178/2843,0.0337078651685393,0.496536065669209,-1.87196409306968,0.985909440107659,0.999979449332792,0.96479863560732,RAC3/DVL1/ACTG1/CDK5/ECT2/PARD3,6
GO:0071674,mononuclear cell migration,1/193,60/2843,0.0166666666666667,0.245509499136442,-1.5938246990367,0.985934367177979,0.999979449332792,0.96479863560732,S100A14,1
GO:0007267,cell-cell signaling,9/193,239/2843,0.0376569037656904,0.554707654952631,-1.94084764146222,0.986688600161596,0.999979449332792,0.96479863560732,RAC3/VDAC1/DVL1/GIPC1/NDUFAF2/CDK5/ATG5/VPS35/KCMF1,9
GO:0009101,glycoprotein biosynthetic process,1/193,61/2843,0.0163934426229508,0.24148475324896,-1.61591467071294,0.986909813507353,0.999979449332792,0.96479863560732,SLC35B2,1
GO:0045597,positive regulation of cell differentiation,6/193,181/2843,0.0331491712707182,0.48830618612773,-1.91961079170626,0.987790307918923,0.999979449332792,0.96479863560732,NME2/PRMT3/MTCH2/HDAC2/PWP1/ECT2,6
GO:0060485,mesenchyme development,1/193,62/2843,0.0161290322580645,0.237589837873976,-1.63776573633431,0.987817939313637,0.999979449332792,0.96479863560732,HDAC2,1
GO:0035239,tube morphogenesis,6/193,182/2843,0.032967032967033,0.48562318510505,-1.93536283035833,0.988363267569656,0.999979449332792,0.96479863560732,YWHAZ/DVL1/PHB2/ATP5F1B/ACTG1/PGK1,6
GO:0001654,eye development,1/193,63/2843,0.0158730158730159,0.233818570606135,-1.65938535354315,0.988663368192626,0.999979449332792,0.96479863560732,HDAC2,1
GO:0042127,regulation of cell population proliferation,13/193,319/2843,0.0407523510971787,0.600305358390047,-2.04430996978822,0.988899158790958,0.999979449332792,0.96479863560732,HMGA1/NME2/NPM1/PHB2/ATP5F1A/PHF14/MNAT1/SINHCAF/HDAC2/CAPN1/SAAL1/TPD52/TBRG4,13
GO:0044089,positive regulation of cellular component biogenesis,2/193,92/2843,0.0217391304347826,0.320229781482316,-1.78845701530296,0.988952543063703,0.999979449332792,0.96479863560732,RHOC/ATG5,2
GO:0050900,leukocyte migration,2/193,92/2843,0.0217391304347826,0.320229781482316,-1.78845701530296,0.988952543063703,0.999979449332792,0.96479863560732,RAC3/S100A14,2
GO:0048514,blood vessel morphogenesis,4/193,140/2843,0.0285714285714286,0.420873427091044,-1.89619170360453,0.988959740785076,0.999979449332792,0.96479863560732,YWHAZ/ATP5F1B/ACTG1/PGK1,4
GO:0019221,cytokine-mediated signaling pathway,3/193,117/2843,0.0256410256410256,0.377706921748373,-1.85478139034591,0.989013175266095,0.999979449332792,0.96479863560732,EIF5A/TTLL12/DDB1,3
GO:0050870,positive regulation of T cell activation,1/193,64/2843,0.015625,0.230165155440415,-1.68078062187546,0.989450407738965,0.999979449332792,0.96479863560732,HSPD1,1
GO:0050920,regulation of chemotaxis,1/193,64/2843,0.015625,0.230165155440415,-1.68078062187546,0.989450407738965,0.999979449332792,0.96479863560732,S100A14,1
GO:0009617,response to bacterium,4/193,141/2843,0.0283687943262411,0.417888509168412,-1.91311382720681,0.989536781293026,0.999979449332792,0.96479863560732,YWHAZ/HDAC2/S100A14/SHPK,4
GO:0043009,chordate embryonic development,3/193,118/2843,0.0254237288135593,0.374506015631861,-1.8726156213202,0.98962745242446,0.999979449332792,0.96479863560732,DVL1/DIAPH3/DNAAF2,3
GO:0007167,enzyme-linked receptor protein signaling pathway,7/193,205/2843,0.0341463414634146,0.502995071401491,-1.99327851082164,0.989640062027338,0.999979449332792,0.96479863560732,STRAP/GIPC1/PHF14/MAPKAP1/SINHCAF/HDAC2/CPNE3,7
GO:0150063,visual system development,1/193,65/2843,0.0153846153846154,0.226624153049024,-1.70195830565501,0.99018307103741,0.999979449332792,0.96479863560732,HDAC2,1
GO:0045785,positive regulation of cell adhesion,3/193,120/2843,0.025,0.368264248704663,-1.90796327900466,0.99075874894246,0.999979449332792,0.96479863560732,RAC3/GFUS/HSPD1,3
GO:0048880,sensory system development,1/193,66/2843,0.0151515151515152,0.223190453760402,-1.72292485507888,0.990865096699678,0.999979449332792,0.96479863560732,HDAC2,1
GO:0009888,tissue development,15/193,361/2843,0.0415512465373961,0.612073543553457,-2.12848143258637,0.990943937092323,0.999979449332792,0.96479863560732,DCAF13/VDAC1/NME2/DVL1/PHB2/NDUFV2/RHOC/TUBB/ACTG1/ELOVL1/HDAC2/CDK5/PGK1/ATG5/RPL38,15
GO:0001819,positive regulation of cytokine production,3/193,121/2843,0.0247933884297521,0.365220742517021,-1.92548041713733,0.991279041047408,0.999979449332792,0.96479863560732,HSPD1/DDX1/HDAC2,3
GO:0006952,defense response,15/193,363/2843,0.0413223140495868,0.608701237528369,-2.15379170907634,0.991610116626133,0.999979449332792,0.96479863560732,YWHAE/VDAC1/PPP1R14B/YWHAZ/PHB2/HSPD1/DDX1/TUBB/ACTG1/TTLL12/DDB1/S100A14/SHPK/ATG5/VPS35,15
GO:0009792,embryo development ending in birth or egg hatching,3/193,122/2843,0.0245901639344262,0.362227129873439,-1.94289548867118,0.991771149953913,0.999979449332792,0.96479863560732,DVL1/DIAPH3/DNAAF2,3
GO:0030097,hemopoiesis,7/193,210/2843,0.0333333333333333,0.491018998272884,-2.06801433217039,0.991805851207355,0.999979449332792,0.96479863560732,NPM1/TCEA1/DIAPH3/PHF14/ATG5/TPD52/MEAF6,7
GO:0006897,endocytosis,4/193,146/2843,0.0273972602739726,0.403577258854425,-1.99644754250979,0.992017373513607,0.999979449332792,0.96479863560732,ACTG1/CDK5/ATG5/AP1S1,4
GO:0007517,muscle organ development,1/193,68/2843,0.0147058823529412,0.216626028649802,-1.76424889620005,0.992090928014508,0.999979449332792,0.96479863560732,CDK5,1
GO:0007399,nervous system development,20/193,455/2843,0.043956043956044,0.647497580140067,-2.21369810918503,0.992307241184188,0.999979449332792,0.96479863560732,RAC3/YWHAE/STRAP/LDHA/TBCB/YWHAZ/DVL1/NDUFV2/YWHAQ/DIAPH3/ACTG1/MNAT1/MAPKAP1/HDAC2/CDK5/ECT2/PARD3/EIF2B3/VPS35/RTN4IP1,20
GO:0007162,negative regulation of cell adhesion,1/193,69/2843,0.0144927536231884,0.213486520988211,-1.78461788536054,0.992641000408454,0.999979449332792,0.96479863560732,ATP5F1B,1
GO:0031346,positive regulation of cell projection organization,1/193,69/2843,0.0144927536231884,0.213486520988211,-1.78461788536054,0.992641000408454,0.999979449332792,0.96479863560732,DVL1,1
GO:0009605,response to external stimulus,20/193,457/2843,0.0437636761487965,0.644663892699629,-2.23732963417138,0.992838691877138,0.999979449332792,0.96479863560732,RAC3/YWHAE/PPP1R14B/YWHAZ/DVL1/PHB2/EIF5A/ENO1/HSPD1/DDX1/TUBB/ACTG1/TTLL12/DDB1/HDAC2/S100A14/SHPK/ATG5/VPS35/AP1S1,20
GO:0035295,tube development,7/193,213/2843,0.0328638497652582,0.48410323773383,-2.11223621310065,0.992893548317474,0.999979449332792,0.96479863560732,YWHAZ/DVL1/PHB2/ATP5F1B/ACTG1/PHF14/PGK1,7
GO:0048589,developmental growth,3/193,125/2843,0.024,0.353533678756477,-1.99454545939823,0.99309253136693,0.999979449332792,0.96479863560732,DCAF13/DVL1/CDK5,3
GO:0061061,muscle structure development,3/193,125/2843,0.024,0.353533678756477,-1.99454545939823,0.99309253136693,0.999979449332792,0.96479863560732,ACTG1/CDK5/ATG5,3
GO:0045765,regulation of angiogenesis,1/193,70/2843,0.0142857142857143,0.210436713545522,-1.8047987670644,0.993153000019545,0.999979449332792,0.96479863560732,PGK1,1
GO:0050778,positive regulation of immune response,5/193,172/2843,0.0290697674418605,0.428214242679841,-2.08750905036827,0.993415162689669,0.999979449332792,0.96479863560732,YWHAE/PHB2/HSPD1/S100A14/EIF2B3,5
GO:0072359,circulatory system development,8/193,236/2843,0.0338983050847458,0.499341354175815,-2.167179882559,0.993698129166007,0.999979449332792,0.96479863560732,YWHAZ/DVL1/NDUFV2/ATP5F1B/ACTG1/MNAT1/PGK1/ATG5,8
GO:1901342,regulation of vasculature development,1/193,72/2843,0.0138888888888889,0.204591249280368,-1.84461656446783,0.994073090727747,0.999979449332792,0.96479863560732,PGK1,1
GO:1903039,positive regulation of leukocyte cell-cell adhesion,1/193,72/2843,0.0138888888888889,0.204591249280368,-1.84461656446783,0.994073090727747,0.999979449332792,0.96479863560732,HSPD1,1
GO:0009100,glycoprotein metabolic process,1/193,73/2843,0.0136986301369863,0.201788629427213,-1.86426312740763,0.994485899637723,0.999979449332792,0.96479863560732,SLC35B2,1
GO:0032103,positive regulation of response to external stimulus,4/193,153/2843,0.0261437908496732,0.38511293982187,-2.10975819978403,0.994566676324802,0.999979449332792,0.96479863560732,YWHAE/PHB2/HSPD1/S100A14,4
GO:0006955,immune response,15/193,375/2843,0.04,0.589222797927461,-2.30365343084756,0.994748790233116,0.999979449332792,0.96479863560732,YWHAE/PPP1R14B/YWHAZ/PHB2/GFUS/HSPD1/DDX1/TUBB/ACTG1/PHF14/TTLL12/DDB1/S100A14/ATG5/EIF2B3,15
GO:0007159,leukocyte cell-cell adhesion,2/193,104/2843,0.0192307692307692,0.283280191311279,-2.00926775883527,0.994846631266151,0.999979449332792,0.96479863560732,GFUS/HSPD1,2
GO:0001568,blood vessel development,4/193,156/2843,0.0256410256410256,0.377706921748373,-2.15720386961039,0.995401790411244,0.999979449332792,0.96479863560732,YWHAZ/ATP5F1B/ACTG1/PGK1,4
GO:0006935,chemotaxis,2/193,106/2843,0.0188679245283019,0.277935282041255,-2.04436959359923,0.995468268554341,0.999979449332792,0.96479863560732,RAC3/S100A14,2
GO:0042330,taxis,2/193,106/2843,0.0188679245283019,0.277935282041255,-2.04436959359923,0.995468268554341,0.999979449332792,0.96479863560732,RAC3/S100A14,2
GO:0009611,response to wounding,2/193,107/2843,0.0186915887850467,0.27533775604087,-2.06175582927493,0.995750996860573,0.999979449332792,0.96479863560732,RHOC/ACTG1,2
GO:0008283,cell population proliferation,15/193,381/2843,0.0393700787401575,0.579943698747501,-2.37735326988091,0.995871976654911,0.999979449332792,0.96479863560732,HMGA1/NME2/NPM1/PHB2/HSPD1/ATP5F1A/PHF14/DAZAP1/MNAT1/SINHCAF/HDAC2/CAPN1/SAAL1/TPD52/TBRG4,15
GO:0030155,regulation of cell adhesion,5/193,181/2843,0.0276243093922652,0.406921821773109,-2.22492287454939,0.99590317276068,0.999979449332792,0.96479863560732,RAC3/GFUS/HSPD1/ATP5F1B/ACTG1,5
GO:0051094,positive regulation of developmental process,9/193,266/2843,0.0338345864661654,0.498402742607815,-2.31849688419039,0.99599531393204,0.999979449332792,0.96479863560732,NME2/DVL1/PRMT3/MTCH2/SINHCAF/HDAC2/PWP1/ECT2/VPS35,9
GO:0000165,MAPK cascade,4/193,159/2843,0.0251572327044025,0.370580376055007,-2.20401902950578,0.996113050038974,0.999979449332792,0.96479863560732,YWHAE/YWHAZ/COPS5/PHB2,4
GO:0001944,vasculature development,4/193,160/2843,0.025,0.368264248704663,-2.21948832345032,0.99632571552873,0.999979449332792,0.96479863560732,YWHAZ/ATP5F1B/ACTG1/PGK1,4
GO:0007169,cell surface receptor protein tyrosine kinase signaling pathway,3/193,136/2843,0.0220588235294118,0.324939042974703,-2.17688793008969,0.996399355694917,0.999979449332792,0.96479863560732,PHF14/MAPKAP1/CPNE3,3
GO:0043408,regulation of MAPK cascade,3/193,136/2843,0.0220588235294118,0.324939042974703,-2.17688793008969,0.996399355694917,0.999979449332792,0.96479863560732,YWHAZ/COPS5/PHB2,3
GO:0051241,negative regulation of multicellular organismal process,8/193,248/2843,0.032258064516129,0.475179675747953,-2.33418653191372,0.996422700913405,0.999979449332792,0.96479863560732,GLRX3/PHB2/PHF14/SINHCAF/HDAC2/CDK5/PGK1/ATG5,8
GO:0098657,import into cell,5/193,184/2843,0.0271739130434783,0.400287226852895,-2.26965995943645,0.996510847027414,0.999979449332792,0.96479863560732,ACTG1/LRRC8E/CDK5/ATG5/AP1S1,5
GO:0022409,positive regulation of cell-cell adhesion,1/193,80/2843,0.0125,0.184132124352332,-1.99729465014047,0.996675929494258,0.999979449332792,0.96479863560732,HSPD1,1
GO:0030217,T cell differentiation,1/193,80/2843,0.0125,0.184132124352332,-1.99729465014047,0.996675929494258,0.999979449332792,0.96479863560732,ATG5,1
GO:0032943,mononuclear cell proliferation,1/193,81/2843,0.0123456790123457,0.181858888249216,-2.01570346907493,0.996908121172726,0.999979449332792,0.96479863560732,HSPD1,1
GO:0046651,lymphocyte proliferation,1/193,81/2843,0.0123456790123457,0.181858888249216,-2.01570346907493,0.996908121172726,0.999979449332792,0.96479863560732,HSPD1,1
GO:0141124,intracellular signaling cassette,16/193,408/2843,0.0392156862745098,0.577669409732805,-2.48714378144791,0.997067431903356,0.999979449332792,0.96479863560732,RAC3/YWHAE/DCAF13/YWHAZ/COPS5/PHB2/YWHAQ/RHOC/DDX1/GDI2/SLC35B2/MAPKAP1/DDB1/ECT2/KCMF1/SPATC1L,16
GO:0001818,negative regulation of cytokine production,1/193,82/2843,0.0121951219512195,0.179641096929104,-2.03397388670465,0.997124172082814,0.999979449332792,0.96479863560732,ATG5,1
GO:0070661,leukocyte proliferation,1/193,82/2843,0.0121951219512195,0.179641096929104,-2.03397388670465,0.997124172082814,0.999979449332792,0.96479863560732,HSPD1,1
GO:0009790,embryo development,5/193,188/2843,0.0265957446808511,0.391770477345386,-2.32853040235377,0.997188223768882,0.999979449332792,0.96479863560732,DVL1/DIAPH3/HDAC2/DNAAF2/RPL38,5
GO:0060284,regulation of cell development,4/193,165/2843,0.0242424242424242,0.357104726016643,-2.29585615024595,0.997231844904407,0.999979449332792,0.96479863560732,RAC3/HDAC2/CDK5/MEAF6,4
GO:0006260,DNA replication,1/193,84/2843,0.0119047619047619,0.175363927954602,-2.07011215473051,0.997512241065192,0.999979449332792,0.96479863560732,MEAF6,1
GO:0002250,adaptive immune response,2/193,116/2843,0.0172413793103448,0.25397534393425,-2.21364187204026,0.997630427979028,0.999979449332792,0.96479863560732,GFUS/HSPD1,2
GO:0051251,positive regulation of lymphocyte activation,1/193,85/2843,0.0117647058823529,0.173300822919842,-2.08798604424626,0.997686266971107,0.999979449332792,0.96479863560732,HSPD1,1
GO:0050793,regulation of developmental process,19/193,470/2843,0.0404255319148936,0.595491125564987,-2.58997676588771,0.997777644018559,0.999979449332792,0.96479863560732,RAC3/NME2/YWHAZ/DVL1/PHB2/PRMT3/MTCH2/PHF14/SINHCAF/DDB1/HDAC2/CDK5/PWP1/PGK1/ECT2/PARD3/VPS35/RTN4IP1/MEAF6,19
GO:0045596,negative regulation of cell differentiation,2/193,117/2843,0.0170940170940171,0.251804614498915,-2.23004067676446,0.997780293243601,0.999979449332792,0.96479863560732,SINHCAF/CDK5,2
GO:0045595,regulation of cell differentiation,10/193,302/2843,0.033112582781457,0.487767216827369,-2.54059982235688,0.998083553211619,0.999979449332792,0.96479863560732,RAC3/NME2/PRMT3/MTCH2/SINHCAF/HDAC2/CDK5/PWP1/ECT2/MEAF6,10
GO:0001501,skeletal system development,1/193,88/2843,0.0113636363636364,0.167392840320301,-2.14086079896109,0.998138954455515,0.999979449332792,0.96479863560732,RPL38,1
GO:0002696,positive regulation of leukocyte activation,1/193,89/2843,0.0112359550561798,0.165512021889736,-2.15824564961111,0.998269328970972,0.999979449332792,0.96479863560732,HSPD1,1
GO:0002682,regulation of immune system process,12/193,348/2843,0.0344827586206897,0.507950687868501,-2.64381297929033,0.998553773129901,0.999979449332792,0.96479863560732,RAC3/YWHAE/YWHAZ/PHB2/HSPD1/DDX1/TTLL12/S100A14/SHPK/ATG5/EIF2B3/MEAF6,12
GO:1903706,regulation of hemopoiesis,1/193,92/2843,0.0108695652173913,0.160114890741158,-2.20971495188178,0.998608395653459,0.999979449332792,0.96479863560732,MEAF6,1
GO:0010720,positive regulation of cell development,1/193,94/2843,0.0106382978723404,0.156708190938155,-2.24347995329935,0.998796838959785,0.999979449332792,0.96479863560732,HDAC2,1
GO:0043410,positive regulation of MAPK cascade,1/193,94/2843,0.0106382978723404,0.156708190938155,-2.24347995329935,0.998796838959785,0.999979449332792,0.96479863560732,PHB2,1
GO:0046649,lymphocyte activation,5/193,204/2843,0.0245098039215686,0.361043381083003,-2.55584502296263,0.998836711100702,0.999979449332792,0.96479863560732,PHB2/HSPD1/PHF14/ATG5/TPD52,5
GO:0050867,positive regulation of cell activation,1/193,95/2843,0.0105263157894737,0.155058631033542,-2.26020466416548,0.998881309705788,0.999979449332792,0.96479863560732,HSPD1,1
GO:0050863,regulation of T cell activation,1/193,97/2843,0.0103092783505155,0.151861545857593,-2.29334878352208,0.999032955899731,0.999979449332792,0.96479863560732,HSPD1,1
GO:1903037,regulation of leukocyte cell-cell adhesion,1/193,97/2843,0.0103092783505155,0.151861545857593,-2.29334878352208,0.999032955899731,0.999979449332792,0.96479863560732,HSPD1,1
GO:0001817,regulation of cytokine production,4/193,187/2843,0.0213903743315508,0.315092405308803,-2.61460750964873,0.999230333306362,0.999979449332792,0.96479863560732,HSPD1/DDX1/HDAC2/ATG5,4
GO:0045321,leukocyte activation,6/193,235/2843,0.025531914893617,0.376099658251571,-2.69440648723324,0.99924821493214,0.999979449332792,0.96479863560732,PHB2/HSPD1/PHF14/SHPK/ATG5/TPD52,6
GO:0001816,cytokine production,4/193,188/2843,0.0212765957446809,0.313416381876309,-2.62849922440695,0.99927472699196,0.999979449332792,0.96479863560732,HSPD1/DDX1/HDAC2/ATG5,4
GO:0007186,G protein-coupled receptor signaling pathway,3/193,163/2843,0.0184049079754601,0.271114784322451,-2.58614755809168,0.999312407739375,0.999979449332792,0.96479863560732,GIPC1/PARD3/VPS35,3
GO:0001775,cell activation,7/193,262/2843,0.0267175572519084,0.393564845943915,-2.77976937799654,0.999409666989252,0.999979449332792,0.96479863560732,PHB2/HSPD1/ACTG1/PHF14/SHPK/ATG5/TPD52,7
GO:0009653,anatomical structure morphogenesis,18/193,489/2843,0.0368098159509202,0.542229568644903,-3.00169589717131,0.999539067936249,0.999979449332792,0.96479863560732,RAC3/YWHAZ/E2F5/DVL1/PHB2/RHOC/MTCH2/ATP5F1B/ACTG1/HDAC2/CDK5/CAPN1/PGK1/ECT2/PARD3/TPD52/VPS35/RPL38,18
GO:0048646,anatomical structure formation involved in morphogenesis,6/193,245/2843,0.0244897959183673,0.360748651792323,-2.82424829854802,0.999567955406233,0.999979449332792,0.96479863560732,YWHAZ/ATP5F1B/ACTG1/HDAC2/CDK5/PGK1,6
GO:0042110,T cell activation,2/193,143/2843,0.013986013986014,0.206021957317294,-2.62882927961737,0.999605196588755,0.999979449332792,0.96479863560732,HSPD1/ATG5,2
GO:0007155,cell adhesion,8/193,295/2843,0.0271186440677966,0.399473083340652,-2.93975764533682,0.999670057732404,0.999979449332792,0.96479863560732,RAC3/NME2/GFUS/HSPD1/ATP5F1B/ACTG1/CDK5/PARD3,8
GO:0002694,regulation of leukocyte activation,2/193,146/2843,0.0136986301369863,0.201788629427213,-2.67190873058016,0.999677547630458,0.999979449332792,0.96479863560732,HSPD1/SHPK,2
GO:0002684,positive regulation of immune system process,6/193,251/2843,0.0239043824701195,0.3521251780443,-2.90053572542217,0.99969165278894,0.999979449332792,0.96479863560732,YWHAE/PHB2/HSPD1/DDX1/S100A14/EIF2B3,6
GO:0022407,regulation of cell-cell adhesion,1/193,116/2843,0.00862068965517241,0.126987671967125,-2.59044607765698,0.999758983064913,0.999979449332792,0.96479863560732,HSPD1,1
GO:0051240,positive regulation of multicellular organismal process,9/193,334/2843,0.0269461077844311,0.396931525549936,-3.16560908245765,0.999867760708018,0.999979449332792,0.96479863560732,NME2/ENO1/HSPD1/DDX1/SINHCAF/HDAC2/PARD3/ATG5/VPS35,9
GO:0050865,regulation of cell activation,2/193,160/2843,0.0125,0.184132124352332,-2.86640295371167,0.999875610166077,0.999979449332792,0.96479863560732,HSPD1/SHPK,2
GO:0098609,cell-cell adhesion,3/193,190/2843,0.0157894736842105,0.232587946550314,-2.95463981637259,0.999877249446804,0.999979449332792,0.96479863560732,GFUS/HSPD1/ACTG1,3
GO:0051249,regulation of lymphocyte activation,1/193,132/2843,0.00757575757575758,0.111595226880201,-2.82033595708755,0.999925778486391,0.999979449332792,0.96479863560732,HSPD1,1
GO:2000026,regulation of multicellular organismal development,6/193,285/2843,0.0210526315789474,0.310117262067085,-3.31295237325107,0.999957266151186,0.999979449332792,0.96479863560732,NME2/HDAC2/CDK5/PGK1/PARD3/MEAF6,6
GO:0006954,inflammatory response,2/193,186/2843,0.010752688172043,0.158393225249318,-3.20359547849145,0.999979449332792,0.999979449332792,0.96479863560732,SHPK/VPS35,2
