cohort,endpoint_original,endpoint_harmonized,signature,model_id,model_label,model_role,parameterization,exposure_variable,sample_mode,formula_text,configured_covariates,raw_median_cutoff,z_median_cutoff,n,events,censored,low_n,high_n,low_events,high_events,n_endpoint_score,excluded_covariate_missing,term,harmonized_variable,display_label,reference_level,comparison_level,estimate,hazard_ratio,conf_low,conf_high,p_value,term_ph_p,model_status,warning_text,p_adjust_model_terms,p_adjust_signature,exposure_coefficient,cox_fdr_supported,significance_value,significance_cutoff,significant,model_color,source_column,source_derivation
METABRIC,OS,OS,Dys-CIM,M0,M0: Unadjusted,Primary univariable,continuous,cim_z,available,"survival::Surv(time, event) ~ cim_z",,0.7514332257467629,-0.01821328144254894,412,223,189,206,206,104,119,412,0,cim_z,cim_z,CIM score (per 1 SD),per 1-SD increase,+1 SD,0.07587058309970612,1.078822947200642,0.94905506248259,1.2263344851269156,0.24592455009038103,0.18174821890495438,converged,NA,0.24592455009038103,0.24592455009038103,TRUE,FALSE,0.24592455009038103,0.05,FALSE,#4DAF4A,ssGSEA score,within-cohort z standardization
METABRIC,OS,OS,Dys-CIM,M2,M2: Prespecified adjusted,Primary adjusted,continuous,cim_z,available,"survival::Surv(time, event) ~ cim_z + age_5y + tumor_size + grade + clinical_subtype",age_5y; tumor_size; grade; clinical_subtype,0.7514332257467629,-0.01821328144254894,402,216,186,199,203,100,116,412,10,cim_z,cim_z,CIM score (per 1 SD),per 1-SD increase,+1 SD,0.0371789115917829,1.0378786927572312,0.9064949089685669,1.1883047220917282,0.5903134388478849,0.273959304977722,converged,NA,0.5903134388478849,0.5903134388478849,TRUE,FALSE,0.5903134388478849,0.05,FALSE,#E41A1C,ssGSEA score,within-cohort z standardization
METABRIC,OS,OS,Dys-CIM,M2,M2: Prespecified adjusted,Primary adjusted,continuous,cim_z,available,"survival::Surv(time, event) ~ cim_z + age_5y + tumor_size + grade + clinical_subtype",age_5y; tumor_size; grade; clinical_subtype,0.7514332257467629,-0.01821328144254894,402,216,186,199,203,100,116,412,10,age_5y,age_5y,Age (per 5 years),per 5-year increase,+5 years,0.13654509398342926,1.146306568139685,1.0724560056156387,1.2252425659231359,5.850823030115401e-5,0.009334608253331883,converged,NA,4.680658424092321e-4,NA,FALSE,FALSE,NA,0.05,FALSE,#E41A1C,AGE_AT_DIAGNOSIS,numeric age divided by 5
METABRIC,OS,OS,Dys-CIM,M2,M2: Prespecified adjusted,Primary adjusted,continuous,cim_z,available,"survival::Surv(time, event) ~ cim_z + age_5y + tumor_size + grade + clinical_subtype",age_5y; tumor_size; grade; clinical_subtype,0.7514332257467629,-0.01821328144254894,402,216,186,199,203,100,116,412,10,tumor_size21-50 mm,tumor_size,Tumor size: 21-50 vs ≤20 mm,≤20 mm,21-50 mm,0.19923164000269986,1.2204646415919829,0.8912903099418689,1.6712107433024788,0.21411277928463981,NA,converged,NA,0.2755776534255903,NA,FALSE,FALSE,NA,0.05,FALSE,#E41A1C,Tumor_Size_Cat,harmonized or derived size category
METABRIC,OS,OS,Dys-CIM,M2,M2: Prespecified adjusted,Primary adjusted,continuous,cim_z,available,"survival::Surv(time, event) ~ cim_z + age_5y + tumor_size + grade + clinical_subtype",age_5y; tumor_size; grade; clinical_subtype,0.7514332257467629,-0.01821328144254894,402,216,186,199,203,100,116,412,10,tumor_size>50 mm,tumor_size,Tumor size: >50 vs ≤20 mm,≤20 mm,>50 mm,0.31458545395187315,1.3696913930969157,0.8592011551008424,2.1834869531845325,0.18611262675275397,NA,converged,NA,0.2755776534255903,NA,FALSE,FALSE,NA,0.05,FALSE,#E41A1C,Tumor_Size_Cat,harmonized or derived size category
METABRIC,OS,OS,Dys-CIM,M2,M2: Prespecified adjusted,Primary adjusted,continuous,cim_z,available,"survival::Surv(time, event) ~ cim_z + age_5y + tumor_size + grade + clinical_subtype",age_5y; tumor_size; grade; clinical_subtype,0.7514332257467629,-0.01821328144254894,402,216,186,199,203,100,116,412,10,grade3,grade,Grade: 3 vs 1-2,1-2,3,0.33738425700184943,1.4012774109567607,0.9486916537930795,2.0697751209329827,0.09001874241998091,NA,converged,NA,0.18003748483996182,NA,FALSE,FALSE,NA,0.05,FALSE,#E41A1C,NHG_Cat,grade 1/2 versus grade 3
METABRIC,OS,OS,Dys-CIM,M2,M2: Prespecified adjusted,Primary adjusted,continuous,cim_z,available,"survival::Surv(time, event) ~ cim_z + age_5y + tumor_size + grade + clinical_subtype",age_5y; tumor_size; grade; clinical_subtype,0.7514332257467629,-0.01821328144254894,402,216,186,199,203,100,116,412,10,clinical_subtypeHR+/HER2+,clinical_subtype,HR+/HER2+ vs HR+/HER2-,HR+/HER2-,HR+/HER2+,0.5578062474024422,1.7468361674721977,0.9915357654370445,3.077485152181029,0.053539353935100786,NA,converged,NA,0.1427716104936021,NA,FALSE,FALSE,NA,0.05,FALSE,#E41A1C,Clinical_Subtype,harmonized receptor subtype
METABRIC,OS,OS,Dys-CIM,M2,M2: Prespecified adjusted,Primary adjusted,continuous,cim_z,available,"survival::Surv(time, event) ~ cim_z + age_5y + tumor_size + grade + clinical_subtype",age_5y; tumor_size; grade; clinical_subtype,0.7514332257467629,-0.01821328144254894,402,216,186,199,203,100,116,412,10,clinical_subtypeHR-/HER2+,clinical_subtype,HR-/HER2+ vs HR+/HER2-,HR+/HER2-,HR-/HER2+,0.6339718552390405,1.8850830065566964,1.2770640270431937,2.78258401016619,0.0014183090691372447,NA,converged,NA,0.005673236276548979,NA,FALSE,FALSE,NA,0.05,FALSE,#E41A1C,Clinical_Subtype,harmonized receptor subtype
METABRIC,OS,OS,Dys-CIM,M2,M2: Prespecified adjusted,Primary adjusted,continuous,cim_z,available,"survival::Surv(time, event) ~ cim_z + age_5y + tumor_size + grade + clinical_subtype",age_5y; tumor_size; grade; clinical_subtype,0.7514332257467629,-0.01821328144254894,402,216,186,199,203,100,116,412,10,clinical_subtypeHR-/HER2-,clinical_subtype,HR-/HER2- vs HR+/HER2-,HR+/HER2-,HR-/HER2-,0.20953385683551945,1.2331031233737144,0.8686412365300291,1.7504848364649848,0.24113044674739156,NA,converged,NA,0.2755776534255903,NA,FALSE,FALSE,NA,0.05,FALSE,#E41A1C,Clinical_Subtype,harmonized receptor subtype
METABRIC,OS,OS,Dys-CIM,M0,M0: Unadjusted,Primary univariable,median_split,median_group,available,"survival::Surv(time, event) ~ median_group",,0.7514332257467629,-0.01821328144254894,412,223,189,206,206,104,119,412,0,median_groupHigh,median_group,CIM score: High vs Low,Low,High,0.15336031275855097,1.1657449360539183,0.8956217834404658,1.5173383241249485,0.25416040244093757,NA,converged,NA,0.25416040244093757,0.25416040244093757,TRUE,FALSE,0.25416040244093757,0.05,FALSE,#4DAF4A,ssGSEA score,fixed raw-score median within cohort and signature
METABRIC,OS,OS,Dys-CIM,M2,M2: Prespecified adjusted,Primary adjusted,median_split,median_group,available,"survival::Surv(time, event) ~ median_group + age_5y + tumor_size + grade + clinical_subtype",age_5y; tumor_size; grade; clinical_subtype,0.7514332257467629,-0.01821328144254894,402,216,186,199,203,100,116,412,10,median_groupHigh,median_group,CIM score: High vs Low,Low,High,0.047062290056874984,1.0481872986926388,0.7951520045747152,1.3817441279396714,0.7384848593881725,NA,converged,NA,0.7384848593881725,0.7384848593881725,TRUE,FALSE,0.7384848593881725,0.05,FALSE,#E41A1C,ssGSEA score,fixed raw-score median within cohort and signature
METABRIC,OS,OS,Dys-CIM,M2,M2: Prespecified adjusted,Primary adjusted,median_split,median_group,available,"survival::Surv(time, event) ~ median_group + age_5y + tumor_size + grade + clinical_subtype",age_5y; tumor_size; grade; clinical_subtype,0.7514332257467629,-0.01821328144254894,402,216,186,199,203,100,116,412,10,age_5y,age_5y,Age (per 5 years),per 5-year increase,+5 years,0.13516792358107893,1.144728995204735,1.0710516232212197,1.2234746150903182,6.827720723606175e-5,0.009931161847507588,converged,NA,5.46217657888494e-4,NA,FALSE,FALSE,NA,0.05,FALSE,#E41A1C,AGE_AT_DIAGNOSIS,numeric age divided by 5
METABRIC,OS,OS,Dys-CIM,M2,M2: Prespecified adjusted,Primary adjusted,median_split,median_group,available,"survival::Surv(time, event) ~ median_group + age_5y + tumor_size + grade + clinical_subtype",age_5y; tumor_size; grade; clinical_subtype,0.7514332257467629,-0.01821328144254894,402,216,186,199,203,100,116,412,10,tumor_size21-50 mm,tumor_size,Tumor size: 21-50 vs ≤20 mm,≤20 mm,21-50 mm,0.2001073766132887,1.221533915293281,0.8918951681317469,1.673005034142442,0.21239257162152125,NA,converged,NA,0.25590898844109183,NA,FALSE,FALSE,NA,0.05,FALSE,#E41A1C,Tumor_Size_Cat,harmonized or derived size category
METABRIC,OS,OS,Dys-CIM,M2,M2: Prespecified adjusted,Primary adjusted,median_split,median_group,available,"survival::Surv(time, event) ~ median_group + age_5y + tumor_size + grade + clinical_subtype",age_5y; tumor_size; grade; clinical_subtype,0.7514332257467629,-0.01821328144254894,402,216,186,199,203,100,116,412,10,tumor_size>50 mm,tumor_size,Tumor size: >50 vs ≤20 mm,≤20 mm,>50 mm,0.3125762636014005,1.3669421851326804,0.8566052819664259,2.181320821657674,0.18990351490829827,NA,converged,NA,0.25590898844109183,NA,FALSE,FALSE,NA,0.05,FALSE,#E41A1C,Tumor_Size_Cat,harmonized or derived size category
METABRIC,OS,OS,Dys-CIM,M2,M2: Prespecified adjusted,Primary adjusted,median_split,median_group,available,"survival::Surv(time, event) ~ median_group + age_5y + tumor_size + grade + clinical_subtype",age_5y; tumor_size; grade; clinical_subtype,0.7514332257467629,-0.01821328144254894,402,216,186,199,203,100,116,412,10,grade3,grade,Grade: 3 vs 1-2,1-2,3,0.33908036147143156,1.4036561405533043,0.9473142648148619,2.0798278185941315,0.090994256351877,NA,converged,NA,0.181988512703754,NA,FALSE,FALSE,NA,0.05,FALSE,#E41A1C,NHG_Cat,grade 1/2 versus grade 3
METABRIC,OS,OS,Dys-CIM,M2,M2: Prespecified adjusted,Primary adjusted,median_split,median_group,available,"survival::Surv(time, event) ~ median_group + age_5y + tumor_size + grade + clinical_subtype",age_5y; tumor_size; grade; clinical_subtype,0.7514332257467629,-0.01821328144254894,402,216,186,199,203,100,116,412,10,clinical_subtypeHR+/HER2+,clinical_subtype,HR+/HER2+ vs HR+/HER2-,HR+/HER2-,HR+/HER2+,0.5628500913734442,1.7556691940214086,0.9943637547998138,3.0998458099031674,0.05232168078913475,NA,converged,NA,0.13952448210435933,NA,FALSE,FALSE,NA,0.05,FALSE,#E41A1C,Clinical_Subtype,harmonized receptor subtype
METABRIC,OS,OS,Dys-CIM,M2,M2: Prespecified adjusted,Primary adjusted,median_split,median_group,available,"survival::Surv(time, event) ~ median_group + age_5y + tumor_size + grade + clinical_subtype",age_5y; tumor_size; grade; clinical_subtype,0.7514332257467629,-0.01821328144254894,402,216,186,199,203,100,116,412,10,clinical_subtypeHR-/HER2+,clinical_subtype,HR-/HER2+ vs HR+/HER2-,HR+/HER2-,HR-/HER2+,0.638808407264092,1.8942223923309536,1.2838782944607448,2.7947185392016216,0.0012852507911995795,NA,converged,NA,0.005141003164798318,NA,FALSE,FALSE,NA,0.05,FALSE,#E41A1C,Clinical_Subtype,harmonized receptor subtype
METABRIC,OS,OS,Dys-CIM,M2,M2: Prespecified adjusted,Primary adjusted,median_split,median_group,available,"survival::Surv(time, event) ~ median_group + age_5y + tumor_size + grade + clinical_subtype",age_5y; tumor_size; grade; clinical_subtype,0.7514332257467629,-0.01821328144254894,402,216,186,199,203,100,116,412,10,clinical_subtypeHR-/HER2-,clinical_subtype,HR-/HER2- vs HR+/HER2-,HR+/HER2-,HR-/HER2-,0.2171221521010222,1.2424958663490027,0.8756495955353341,1.7630293964226056,0.22392036488595538,NA,converged,NA,0.25590898844109183,NA,FALSE,FALSE,NA,0.05,FALSE,#E41A1C,Clinical_Subtype,harmonized receptor subtype
METABRIC,OS,OS,Fun-CIM,M0,M0: Unadjusted,Primary univariable,continuous,cim_z,available,"survival::Surv(time, event) ~ cim_z",,0.23083688127430485,-0.03729392320029222,412,223,189,206,206,124,99,412,0,cim_z,cim_z,CIM score (per 1 SD),per 1-SD increase,+1 SD,-0.14662393738730084,0.8636186910574973,0.7567106340086877,0.9856307153935175,0.0296582062594927,0.36931349555440235,converged,NA,0.0296582062594927,0.0593164125189854,TRUE,FALSE,0.0593164125189854,0.05,FALSE,#4DAF4A,ssGSEA score,within-cohort z standardization
METABRIC,OS,OS,Fun-CIM,M2,M2: Prespecified adjusted,Primary adjusted,continuous,cim_z,available,"survival::Surv(time, event) ~ cim_z + age_5y + tumor_size + grade + clinical_subtype",age_5y; tumor_size; grade; clinical_subtype,0.23083688127430485,-0.03729392320029222,402,216,186,202,200,120,96,412,10,cim_z,cim_z,CIM score (per 1 SD),per 1-SD increase,+1 SD,-0.1419120037701433,0.8676976072446685,0.7580520106571822,0.9932024808764877,0.03950170011527509,0.3580073466012612,converged,NA,0.09261882089375638,0.07900340023055018,TRUE,FALSE,0.07900340023055018,0.05,FALSE,#E41A1C,ssGSEA score,within-cohort z standardization
METABRIC,OS,OS,Fun-CIM,M2,M2: Prespecified adjusted,Primary adjusted,continuous,cim_z,available,"survival::Surv(time, event) ~ cim_z + age_5y + tumor_size + grade + clinical_subtype",age_5y; tumor_size; grade; clinical_subtype,0.23083688127430485,-0.03729392320029222,402,216,186,202,200,120,96,412,10,age_5y,age_5y,Age (per 5 years),per 5-year increase,+5 years,0.1334261090360506,1.1427368250898862,1.0696337601630144,1.2208360469264727,7.631167243563428e-5,0.009861048997032724,converged,NA,6.104933794850743e-4,NA,FALSE,FALSE,NA,0.05,FALSE,#E41A1C,AGE_AT_DIAGNOSIS,numeric age divided by 5
METABRIC,OS,OS,Fun-CIM,M2,M2: Prespecified adjusted,Primary adjusted,continuous,cim_z,available,"survival::Surv(time, event) ~ cim_z + age_5y + tumor_size + grade + clinical_subtype",age_5y; tumor_size; grade; clinical_subtype,0.23083688127430485,-0.03729392320029222,402,216,186,202,200,120,96,412,10,tumor_size21-50 mm,tumor_size,Tumor size: 21-50 vs ≤20 mm,≤20 mm,21-50 mm,0.2079293905982162,1.2311262373926475,0.8993694373129266,1.6852605275591708,0.19431569399312656,NA,converged,NA,0.2048770593995524,NA,FALSE,FALSE,NA,0.05,FALSE,#E41A1C,Tumor_Size_Cat,harmonized or derived size category
METABRIC,OS,OS,Fun-CIM,M2,M2: Prespecified adjusted,Primary adjusted,continuous,cim_z,available,"survival::Surv(time, event) ~ cim_z + age_5y + tumor_size + grade + clinical_subtype",age_5y; tumor_size; grade; clinical_subtype,0.23083688127430485,-0.03729392320029222,402,216,186,202,200,120,96,412,10,tumor_size>50 mm,tumor_size,Tumor size: >50 vs ≤20 mm,≤20 mm,>50 mm,0.3012978396732753,1.3516118452246335,0.8483147965026538,2.15351021540955,0.2048770593995524,NA,converged,NA,0.2048770593995524,NA,FALSE,FALSE,NA,0.05,FALSE,#E41A1C,Tumor_Size_Cat,harmonized or derived size category
METABRIC,OS,OS,Fun-CIM,M2,M2: Prespecified adjusted,Primary adjusted,continuous,cim_z,available,"survival::Surv(time, event) ~ cim_z + age_5y + tumor_size + grade + clinical_subtype",age_5y; tumor_size; grade; clinical_subtype,0.23083688127430485,-0.03729392320029222,402,216,186,202,200,120,96,412,10,grade3,grade,Grade: 3 vs 1-2,1-2,3,0.3244461049529759,1.3832642505319288,0.9374653973183403,2.0410566536888486,0.10212857223214125,NA,converged,NA,0.16340571557142602,NA,FALSE,FALSE,NA,0.05,FALSE,#E41A1C,NHG_Cat,grade 1/2 versus grade 3
METABRIC,OS,OS,Fun-CIM,M2,M2: Prespecified adjusted,Primary adjusted,continuous,cim_z,available,"survival::Surv(time, event) ~ cim_z + age_5y + tumor_size + grade + clinical_subtype",age_5y; tumor_size; grade; clinical_subtype,0.23083688127430485,-0.03729392320029222,402,216,186,202,200,120,96,412,10,clinical_subtypeHR+/HER2+,clinical_subtype,HR+/HER2+ vs HR+/HER2-,HR+/HER2-,HR+/HER2+,0.576082872966908,1.7790559758404456,1.0094692315890121,3.1353508023136962,0.04630941044687819,NA,converged,NA,0.09261882089375638,NA,FALSE,FALSE,NA,0.05,FALSE,#E41A1C,Clinical_Subtype,harmonized receptor subtype
METABRIC,OS,OS,Fun-CIM,M2,M2: Prespecified adjusted,Primary adjusted,continuous,cim_z,available,"survival::Surv(time, event) ~ cim_z + age_5y + tumor_size + grade + clinical_subtype",age_5y; tumor_size; grade; clinical_subtype,0.23083688127430485,-0.03729392320029222,402,216,186,202,200,120,96,412,10,clinical_subtypeHR-/HER2+,clinical_subtype,HR-/HER2+ vs HR+/HER2-,HR+/HER2-,HR-/HER2+,0.6962022701690161,2.006119522302892,1.3541512159469495,2.97198384520924,5.168893517353074e-4,NA,converged,NA,0.0020675574069412297,NA,FALSE,FALSE,NA,0.05,FALSE,#E41A1C,Clinical_Subtype,harmonized receptor subtype
METABRIC,OS,OS,Fun-CIM,M2,M2: Prespecified adjusted,Primary adjusted,continuous,cim_z,available,"survival::Surv(time, event) ~ cim_z + age_5y + tumor_size + grade + clinical_subtype",age_5y; tumor_size; grade; clinical_subtype,0.23083688127430485,-0.03729392320029222,402,216,186,202,200,120,96,412,10,clinical_subtypeHR-/HER2-,clinical_subtype,HR-/HER2- vs HR+/HER2-,HR+/HER2-,HR-/HER2-,0.26080475628698674,1.2979742193866328,0.9111661468414548,1.848989978427598,0.14855580783344066,NA,converged,NA,0.19807441044458754,NA,FALSE,FALSE,NA,0.05,FALSE,#E41A1C,Clinical_Subtype,harmonized receptor subtype
METABRIC,OS,OS,Fun-CIM,M0,M0: Unadjusted,Primary univariable,median_split,median_group,available,"survival::Surv(time, event) ~ median_group",,0.23083688127430485,-0.03729392320029222,412,223,189,206,206,124,99,412,0,median_groupHigh,median_group,CIM score: High vs Low,Low,High,-0.39437792710427694,0.6740992477172684,0.5165243323528493,0.8797451878076666,0.0036948076801268893,NA,converged,NA,0.0036948076801268893,0.007389615360253779,TRUE,TRUE,0.007389615360253779,0.05,TRUE,#4DAF4A,ssGSEA score,fixed raw-score median within cohort and signature
METABRIC,OS,OS,Fun-CIM,M2,M2: Prespecified adjusted,Primary adjusted,median_split,median_group,available,"survival::Surv(time, event) ~ median_group + age_5y + tumor_size + grade + clinical_subtype",age_5y; tumor_size; grade; clinical_subtype,0.23083688127430485,-0.03729392320029222,402,216,186,202,200,120,96,412,10,median_groupHigh,median_group,CIM score: High vs Low,Low,High,-0.3764131510134019,0.6863187211838981,0.5218033767767392,0.9027028340773644,0.007101704805396846,NA,converged,NA,0.018937879481058253,0.014203409610793692,TRUE,TRUE,0.014203409610793692,0.05,TRUE,#E41A1C,ssGSEA score,fixed raw-score median within cohort and signature
METABRIC,OS,OS,Fun-CIM,M2,M2: Prespecified adjusted,Primary adjusted,median_split,median_group,available,"survival::Surv(time, event) ~ median_group + age_5y + tumor_size + grade + clinical_subtype",age_5y; tumor_size; grade; clinical_subtype,0.23083688127430485,-0.03729392320029222,402,216,186,202,200,120,96,412,10,age_5y,age_5y,Age (per 5 years),per 5-year increase,+5 years,0.13333549489314434,1.1426332816632336,1.0695723391990495,1.2206849116369247,7.653572707157805e-5,0.009566085387295548,converged,NA,6.122858165726244e-4,NA,FALSE,FALSE,NA,0.05,FALSE,#E41A1C,AGE_AT_DIAGNOSIS,numeric age divided by 5
METABRIC,OS,OS,Fun-CIM,M2,M2: Prespecified adjusted,Primary adjusted,median_split,median_group,available,"survival::Surv(time, event) ~ median_group + age_5y + tumor_size + grade + clinical_subtype",age_5y; tumor_size; grade; clinical_subtype,0.23083688127430485,-0.03729392320029222,402,216,186,202,200,120,96,412,10,tumor_size21-50 mm,tumor_size,Tumor size: 21-50 vs ≤20 mm,≤20 mm,21-50 mm,0.2032125898545317,1.2253329339105123,0.8946009323803646,1.6783358306263922,0.2054923185844299,NA,converged,NA,0.20726751925569029,NA,FALSE,FALSE,NA,0.05,FALSE,#E41A1C,Tumor_Size_Cat,harmonized or derived size category
METABRIC,OS,OS,Fun-CIM,M2,M2: Prespecified adjusted,Primary adjusted,median_split,median_group,available,"survival::Surv(time, event) ~ median_group + age_5y + tumor_size + grade + clinical_subtype",age_5y; tumor_size; grade; clinical_subtype,0.23083688127430485,-0.03729392320029222,402,216,186,202,200,120,96,412,10,tumor_size>50 mm,tumor_size,Tumor size: >50 vs ≤20 mm,≤20 mm,>50 mm,0.30011942662839103,1.350020026288908,0.8467821776071779,2.1523292761442434,0.20726751925569029,NA,converged,NA,0.20726751925569029,NA,FALSE,FALSE,NA,0.05,FALSE,#E41A1C,Tumor_Size_Cat,harmonized or derived size category
METABRIC,OS,OS,Fun-CIM,M2,M2: Prespecified adjusted,Primary adjusted,median_split,median_group,available,"survival::Surv(time, event) ~ median_group + age_5y + tumor_size + grade + clinical_subtype",age_5y; tumor_size; grade; clinical_subtype,0.23083688127430485,-0.03729392320029222,402,216,186,202,200,120,96,412,10,grade3,grade,Grade: 3 vs 1-2,1-2,3,0.2961268430243671,1.344640704309067,0.9111110690812625,1.984454678514636,0.13591095523538427,NA,converged,NA,0.18121460698051234,NA,FALSE,FALSE,NA,0.05,FALSE,#E41A1C,NHG_Cat,grade 1/2 versus grade 3
METABRIC,OS,OS,Fun-CIM,M2,M2: Prespecified adjusted,Primary adjusted,median_split,median_group,available,"survival::Surv(time, event) ~ median_group + age_5y + tumor_size + grade + clinical_subtype",age_5y; tumor_size; grade; clinical_subtype,0.23083688127430485,-0.03729392320029222,402,216,186,202,200,120,96,412,10,clinical_subtypeHR+/HER2+,clinical_subtype,HR+/HER2+ vs HR+/HER2-,HR+/HER2-,HR+/HER2+,0.5575801795287957,1.7464413085683463,0.9913663220368071,3.0766197887451296,0.05361296988213908,NA,converged,NA,0.10722593976427816,NA,FALSE,FALSE,NA,0.05,FALSE,#E41A1C,Clinical_Subtype,harmonized receptor subtype
METABRIC,OS,OS,Fun-CIM,M2,M2: Prespecified adjusted,Primary adjusted,median_split,median_group,available,"survival::Surv(time, event) ~ median_group + age_5y + tumor_size + grade + clinical_subtype",age_5y; tumor_size; grade; clinical_subtype,0.23083688127430485,-0.03729392320029222,402,216,186,202,200,120,96,412,10,clinical_subtypeHR-/HER2+,clinical_subtype,HR-/HER2+ vs HR+/HER2-,HR+/HER2-,HR-/HER2+,0.6959310244786535,2.0055754448207868,1.3548273133698148,2.9688897065881323,5.06469568606112e-4,NA,converged,NA,0.002025878274424448,NA,FALSE,FALSE,NA,0.05,FALSE,#E41A1C,Clinical_Subtype,harmonized receptor subtype
METABRIC,OS,OS,Fun-CIM,M2,M2: Prespecified adjusted,Primary adjusted,median_split,median_group,available,"survival::Surv(time, event) ~ median_group + age_5y + tumor_size + grade + clinical_subtype",age_5y; tumor_size; grade; clinical_subtype,0.23083688127430485,-0.03729392320029222,402,216,186,202,200,120,96,412,10,clinical_subtypeHR-/HER2-,clinical_subtype,HR-/HER2- vs HR+/HER2-,HR+/HER2-,HR-/HER2-,0.28410201146411906,1.3285684530533415,0.9322202191488109,1.8934304343454553,0.11602346933975531,NA,converged,NA,0.18121460698051234,NA,FALSE,FALSE,NA,0.05,FALSE,#E41A1C,Clinical_Subtype,harmonized receptor subtype
METABRIC,DSS,DSS,Dys-CIM,M0,M0: Unadjusted,Primary univariable,continuous,cim_z,available,"survival::Surv(time, event) ~ cim_z",,0.7514332257467629,-0.01821328144254894,412,200,212,206,206,93,107,412,0,cim_z,cim_z,CIM score (per 1 SD),per 1-SD increase,+1 SD,0.09366732770851602,1.0981943463116994,0.9581615793838429,1.258692529757385,0.17834538234768832,0.16029378351598314,converged,NA,0.17834538234768832,0.17834538234768832,TRUE,FALSE,0.17834538234768832,0.05,FALSE,#4DAF4A,ssGSEA score,within-cohort z standardization
METABRIC,DSS,DSS,Dys-CIM,M2,M2: Prespecified adjusted,Primary adjusted,continuous,cim_z,available,"survival::Surv(time, event) ~ cim_z + age_5y + tumor_size + grade + clinical_subtype",age_5y; tumor_size; grade; clinical_subtype,0.7514332257467629,-0.01821328144254894,402,195,207,199,203,90,105,412,10,cim_z,cim_z,CIM score (per 1 SD),per 1-SD increase,+1 SD,0.04597557255610821,1.0470488339179052,0.9069589499222186,1.208777156565758,0.5304212172931696,0.17346360407029285,converged,NA,0.5304212172931696,0.5304212172931696,TRUE,FALSE,0.5304212172931696,0.05,FALSE,#E41A1C,ssGSEA score,within-cohort z standardization
METABRIC,DSS,DSS,Dys-CIM,M2,M2: Prespecified adjusted,Primary adjusted,continuous,cim_z,available,"survival::Surv(time, event) ~ cim_z + age_5y + tumor_size + grade + clinical_subtype",age_5y; tumor_size; grade; clinical_subtype,0.7514332257467629,-0.01821328144254894,402,195,207,199,203,90,105,412,10,age_5y,age_5y,Age (per 5 years),per 5-year increase,+5 years,0.08558067305504977,1.0893494389465972,1.015852864353517,1.1681634632082907,0.016337536329648253,0.25305618705233435,converged,NA,0.06535014531859301,NA,FALSE,FALSE,NA,0.05,FALSE,#E41A1C,AGE_AT_DIAGNOSIS,numeric age divided by 5
METABRIC,DSS,DSS,Dys-CIM,M2,M2: Prespecified adjusted,Primary adjusted,continuous,cim_z,available,"survival::Surv(time, event) ~ cim_z + age_5y + tumor_size + grade + clinical_subtype",age_5y; tumor_size; grade; clinical_subtype,0.7514332257467629,-0.01821328144254894,402,195,207,199,203,90,105,412,10,tumor_size21-50 mm,tumor_size,Tumor size: 21-50 vs ≤20 mm,≤20 mm,21-50 mm,0.1835249902501564,1.2014449894473722,0.8635192068326029,1.6716131514466932,0.27609415842763957,NA,converged,NA,0.3155361810601595,NA,FALSE,FALSE,NA,0.05,FALSE,#E41A1C,Tumor_Size_Cat,harmonized or derived size category
METABRIC,DSS,DSS,Dys-CIM,M2,M2: Prespecified adjusted,Primary adjusted,continuous,cim_z,available,"survival::Surv(time, event) ~ cim_z + age_5y + tumor_size + grade + clinical_subtype",age_5y; tumor_size; grade; clinical_subtype,0.7514332257467629,-0.01821328144254894,402,195,207,199,203,90,105,412,10,tumor_size>50 mm,tumor_size,Tumor size: >50 vs ≤20 mm,≤20 mm,>50 mm,0.33694909345013285,1.4006677587604968,0.8610144195918513,2.278556695207431,0.17471512189393523,NA,converged,NA,0.27954419503029637,NA,FALSE,FALSE,NA,0.05,FALSE,#E41A1C,Tumor_Size_Cat,harmonized or derived size category
METABRIC,DSS,DSS,Dys-CIM,M2,M2: Prespecified adjusted,Primary adjusted,continuous,cim_z,available,"survival::Surv(time, event) ~ cim_z + age_5y + tumor_size + grade + clinical_subtype",age_5y; tumor_size; grade; clinical_subtype,0.7514332257467629,-0.01821328144254894,402,195,207,199,203,90,105,412,10,grade3,grade,Grade: 3 vs 1-2,1-2,3,0.2936109549205837,1.3412619907720145,0.891622480453143,2.0176518283561253,0.15873438887640168,NA,converged,NA,0.27954419503029637,NA,FALSE,FALSE,NA,0.05,FALSE,#E41A1C,NHG_Cat,grade 1/2 versus grade 3
METABRIC,DSS,DSS,Dys-CIM,M2,M2: Prespecified adjusted,Primary adjusted,continuous,cim_z,available,"survival::Surv(time, event) ~ cim_z + age_5y + tumor_size + grade + clinical_subtype",age_5y; tumor_size; grade; clinical_subtype,0.7514332257467629,-0.01821328144254894,402,195,207,199,203,90,105,412,10,clinical_subtypeHR+/HER2+,clinical_subtype,HR+/HER2+ vs HR+/HER2-,HR+/HER2-,HR+/HER2+,0.6003392444239627,1.8227370488960888,1.0275707722990357,3.2332277629745314,0.040075389148576786,NA,converged,NA,0.10686770439620476,NA,FALSE,FALSE,NA,0.05,FALSE,#E41A1C,Clinical_Subtype,harmonized receptor subtype
METABRIC,DSS,DSS,Dys-CIM,M2,M2: Prespecified adjusted,Primary adjusted,continuous,cim_z,available,"survival::Surv(time, event) ~ cim_z + age_5y + tumor_size + grade + clinical_subtype",age_5y; tumor_size; grade; clinical_subtype,0.7514332257467629,-0.01821328144254894,402,195,207,199,203,90,105,412,10,clinical_subtypeHR-/HER2+,clinical_subtype,HR-/HER2+ vs HR+/HER2-,HR+/HER2-,HR-/HER2+,0.622868821095762,1.8642686307625544,1.2374299520933627,2.808641832021104,0.0028939741952339585,NA,converged,NA,0.023151793561871668,NA,FALSE,FALSE,NA,0.05,FALSE,#E41A1C,Clinical_Subtype,harmonized receptor subtype
METABRIC,DSS,DSS,Dys-CIM,M2,M2: Prespecified adjusted,Primary adjusted,continuous,cim_z,available,"survival::Surv(time, event) ~ cim_z + age_5y + tumor_size + grade + clinical_subtype",age_5y; tumor_size; grade; clinical_subtype,0.7514332257467629,-0.01821328144254894,402,195,207,199,203,90,105,412,10,clinical_subtypeHR-/HER2-,clinical_subtype,HR-/HER2- vs HR+/HER2-,HR+/HER2-,HR-/HER2-,0.23555887186463087,1.2656158882312527,0.8740873334770803,1.8325212083460352,0.21226875630059633,NA,converged,NA,0.2830250084007951,NA,FALSE,FALSE,NA,0.05,FALSE,#E41A1C,Clinical_Subtype,harmonized receptor subtype
METABRIC,DSS,DSS,Dys-CIM,M0,M0: Unadjusted,Primary univariable,median_split,median_group,available,"survival::Surv(time, event) ~ median_group",,0.7514332257467629,-0.01821328144254894,412,200,212,206,206,93,107,412,0,median_groupHigh,median_group,CIM score: High vs Low,Low,High,0.1715624534638995,1.1871582825640623,0.8989755504425508,1.5677231568385332,0.2265531623380097,NA,converged,NA,0.2265531623380097,0.2265531623380097,TRUE,FALSE,0.2265531623380097,0.05,FALSE,#4DAF4A,ssGSEA score,fixed raw-score median within cohort and signature
METABRIC,DSS,DSS,Dys-CIM,M2,M2: Prespecified adjusted,Primary adjusted,median_split,median_group,available,"survival::Surv(time, event) ~ median_group + age_5y + tumor_size + grade + clinical_subtype",age_5y; tumor_size; grade; clinical_subtype,0.7514332257467629,-0.01821328144254894,402,195,207,199,203,90,105,412,10,median_groupHigh,median_group,CIM score: High vs Low,Low,High,0.07500337686903084,1.0778877907643851,0.8062866731061288,1.4409789076669977,0.6126091830927322,NA,converged,NA,0.6126091830927322,0.6126091830927322,TRUE,FALSE,0.6126091830927322,0.05,FALSE,#E41A1C,ssGSEA score,fixed raw-score median within cohort and signature
METABRIC,DSS,DSS,Dys-CIM,M2,M2: Prespecified adjusted,Primary adjusted,median_split,median_group,available,"survival::Surv(time, event) ~ median_group + age_5y + tumor_size + grade + clinical_subtype",age_5y; tumor_size; grade; clinical_subtype,0.7514332257467629,-0.01821328144254894,402,195,207,199,203,90,105,412,10,age_5y,age_5y,Age (per 5 years),per 5-year increase,+5 years,0.08388470572883429,1.0875035036567378,1.01420297514784,1.1661017562024836,0.01846904147658904,0.2588568500585526,converged,NA,0.07387616590635616,NA,FALSE,FALSE,NA,0.05,FALSE,#E41A1C,AGE_AT_DIAGNOSIS,numeric age divided by 5
METABRIC,DSS,DSS,Dys-CIM,M2,M2: Prespecified adjusted,Primary adjusted,median_split,median_group,available,"survival::Surv(time, event) ~ median_group + age_5y + tumor_size + grade + clinical_subtype",age_5y; tumor_size; grade; clinical_subtype,0.7514332257467629,-0.01821328144254894,402,195,207,199,203,90,105,412,10,tumor_size21-50 mm,tumor_size,Tumor size: 21-50 vs ≤20 mm,≤20 mm,21-50 mm,0.1826827314723157,1.200433487891746,0.8626469704465809,1.670487010585495,0.27854897842181237,NA,converged,NA,0.3183416896249284,NA,FALSE,FALSE,NA,0.05,FALSE,#E41A1C,Tumor_Size_Cat,harmonized or derived size category
METABRIC,DSS,DSS,Dys-CIM,M2,M2: Prespecified adjusted,Primary adjusted,median_split,median_group,available,"survival::Surv(time, event) ~ median_group + age_5y + tumor_size + grade + clinical_subtype",age_5y; tumor_size; grade; clinical_subtype,0.7514332257467629,-0.01821328144254894,402,195,207,199,203,90,105,412,10,tumor_size>50 mm,tumor_size,Tumor size: >50 vs ≤20 mm,≤20 mm,>50 mm,0.331983602809849,1.3937299950694026,0.8560816703445169,2.2690397031563996,0.1818543106271689,NA,converged,NA,0.260297480704594,NA,FALSE,FALSE,NA,0.05,FALSE,#E41A1C,Tumor_Size_Cat,harmonized or derived size category
METABRIC,DSS,DSS,Dys-CIM,M2,M2: Prespecified adjusted,Primary adjusted,median_split,median_group,available,"survival::Surv(time, event) ~ median_group + age_5y + tumor_size + grade + clinical_subtype",age_5y; tumor_size; grade; clinical_subtype,0.7514332257467629,-0.01821328144254894,402,195,207,199,203,90,105,412,10,grade3,grade,Grade: 3 vs 1-2,1-2,3,0.2914494696591062,1.3383660036913856,0.8869219906111214,2.019595385838423,0.1650326944391505,NA,converged,NA,0.260297480704594,NA,FALSE,FALSE,NA,0.05,FALSE,#E41A1C,NHG_Cat,grade 1/2 versus grade 3
METABRIC,DSS,DSS,Dys-CIM,M2,M2: Prespecified adjusted,Primary adjusted,median_split,median_group,available,"survival::Surv(time, event) ~ median_group + age_5y + tumor_size + grade + clinical_subtype",age_5y; tumor_size; grade; clinical_subtype,0.7514332257467629,-0.01821328144254894,402,195,207,199,203,90,105,412,10,clinical_subtypeHR+/HER2+,clinical_subtype,HR+/HER2+ vs HR+/HER2-,HR+/HER2-,HR+/HER2+,0.6083920413208521,1.8374744391121818,1.0332424201469803,3.267686506628658,0.038330871127567875,NA,converged,NA,0.102215656340181,NA,FALSE,FALSE,NA,0.05,FALSE,#E41A1C,Clinical_Subtype,harmonized receptor subtype
METABRIC,DSS,DSS,Dys-CIM,M2,M2: Prespecified adjusted,Primary adjusted,median_split,median_group,available,"survival::Surv(time, event) ~ median_group + age_5y + tumor_size + grade + clinical_subtype",age_5y; tumor_size; grade; clinical_subtype,0.7514332257467629,-0.01821328144254894,402,195,207,199,203,90,105,412,10,clinical_subtypeHR-/HER2+,clinical_subtype,HR-/HER2+ vs HR+/HER2-,HR+/HER2-,HR-/HER2+,0.628597135262016,1.874978392323834,1.2454089042879914,2.8228029842866174,0.002601214983005853,NA,converged,NA,0.020809719864046825,NA,FALSE,FALSE,NA,0.05,FALSE,#E41A1C,Clinical_Subtype,harmonized receptor subtype
METABRIC,DSS,DSS,Dys-CIM,M2,M2: Prespecified adjusted,Primary adjusted,median_split,median_group,available,"survival::Surv(time, event) ~ median_group + age_5y + tumor_size + grade + clinical_subtype",age_5y; tumor_size; grade; clinical_subtype,0.7514332257467629,-0.01821328144254894,402,195,207,199,203,90,105,412,10,clinical_subtypeHR-/HER2-,clinical_subtype,HR-/HER2- vs HR+/HER2-,HR+/HER2-,HR-/HER2-,0.24458895573961045,1.277096262214133,0.8820447760648725,1.8490839776158428,0.19522311052844551,NA,converged,NA,0.260297480704594,NA,FALSE,FALSE,NA,0.05,FALSE,#E41A1C,Clinical_Subtype,harmonized receptor subtype
METABRIC,DSS,DSS,Fun-CIM,M0,M0: Unadjusted,Primary univariable,continuous,cim_z,available,"survival::Surv(time, event) ~ cim_z",,0.23083688127430485,-0.03729392320029222,412,200,212,206,206,110,90,412,0,cim_z,cim_z,CIM score (per 1 SD),per 1-SD increase,+1 SD,-0.12087546213390032,0.886144311242832,0.7704666868972929,1.019189737469741,0.09033448295927231,0.6701727816058024,converged,NA,0.09033448295927231,0.17834538234768832,TRUE,FALSE,0.17834538234768832,0.05,FALSE,#4DAF4A,ssGSEA score,within-cohort z standardization
METABRIC,DSS,DSS,Fun-CIM,M2,M2: Prespecified adjusted,Primary adjusted,continuous,cim_z,available,"survival::Surv(time, event) ~ cim_z + age_5y + tumor_size + grade + clinical_subtype",age_5y; tumor_size; grade; clinical_subtype,0.23083688127430485,-0.03729392320029222,402,195,207,202,200,107,88,412,10,cim_z,cim_z,CIM score (per 1 SD),per 1-SD increase,+1 SD,-0.11580354370696043,0.8906501799439897,0.7724262139723436,1.0269689566266629,0.11099758640135274,0.7300956693027864,converged,NA,0.21186476950008162,0.22199517280270548,TRUE,FALSE,0.22199517280270548,0.05,FALSE,#E41A1C,ssGSEA score,within-cohort z standardization
METABRIC,DSS,DSS,Fun-CIM,M2,M2: Prespecified adjusted,Primary adjusted,continuous,cim_z,available,"survival::Surv(time, event) ~ cim_z + age_5y + tumor_size + grade + clinical_subtype",age_5y; tumor_size; grade; clinical_subtype,0.23083688127430485,-0.03729392320029222,402,195,207,202,200,107,88,412,10,age_5y,age_5y,Age (per 5 years),per 5-year increase,+5 years,0.08284957532881462,1.0863783781462484,1.0135653662663293,1.1644221673154067,0.019251195465715343,0.2628574874251248,converged,NA,0.07700478186286137,NA,FALSE,FALSE,NA,0.05,FALSE,#E41A1C,AGE_AT_DIAGNOSIS,numeric age divided by 5
METABRIC,DSS,DSS,Fun-CIM,M2,M2: Prespecified adjusted,Primary adjusted,continuous,cim_z,available,"survival::Surv(time, event) ~ cim_z + age_5y + tumor_size + grade + clinical_subtype",age_5y; tumor_size; grade; clinical_subtype,0.23083688127430485,-0.03729392320029222,402,195,207,202,200,107,88,412,10,tumor_size21-50 mm,tumor_size,Tumor size: 21-50 vs ≤20 mm,≤20 mm,21-50 mm,0.19230246947176854,1.2120370657382369,0.8711617601955158,1.6862928515063127,0.25372704547332803,NA,converged,NA,0.25372704547332803,NA,FALSE,FALSE,NA,0.05,FALSE,#E41A1C,Tumor_Size_Cat,harmonized or derived size category
METABRIC,DSS,DSS,Fun-CIM,M2,M2: Prespecified adjusted,Primary adjusted,continuous,cim_z,available,"survival::Surv(time, event) ~ cim_z + age_5y + tumor_size + grade + clinical_subtype",age_5y; tumor_size; grade; clinical_subtype,0.23083688127430485,-0.03729392320029222,402,195,207,202,200,107,88,412,10,tumor_size>50 mm,tumor_size,Tumor size: >50 vs ≤20 mm,≤20 mm,>50 mm,0.32852832657277753,1.3889225831875112,0.8541319997201056,2.258557158285167,0.18538167331257144,NA,converged,NA,0.21186476950008162,NA,FALSE,FALSE,NA,0.05,FALSE,#E41A1C,Tumor_Size_Cat,harmonized or derived size category
METABRIC,DSS,DSS,Fun-CIM,M2,M2: Prespecified adjusted,Primary adjusted,continuous,cim_z,available,"survival::Surv(time, event) ~ cim_z + age_5y + tumor_size + grade + clinical_subtype",age_5y; tumor_size; grade; clinical_subtype,0.23083688127430485,-0.03729392320029222,402,195,207,202,200,107,88,412,10,grade3,grade,Grade: 3 vs 1-2,1-2,3,0.288496868789334,1.3344201711656847,0.8882429305500342,2.0047186777058745,0.1647498892615837,NA,converged,NA,0.21186476950008162,NA,FALSE,FALSE,NA,0.05,FALSE,#E41A1C,NHG_Cat,grade 1/2 versus grade 3
METABRIC,DSS,DSS,Fun-CIM,M2,M2: Prespecified adjusted,Primary adjusted,continuous,cim_z,available,"survival::Surv(time, event) ~ cim_z + age_5y + tumor_size + grade + clinical_subtype",age_5y; tumor_size; grade; clinical_subtype,0.23083688127430485,-0.03729392320029222,402,195,207,202,200,107,88,412,10,clinical_subtypeHR+/HER2+,clinical_subtype,HR+/HER2+ vs HR+/HER2-,HR+/HER2-,HR+/HER2+,0.6142418686455875,1.8482548483182286,1.0414717363714374,3.280017944830254,0.035833686669101174,NA,converged,NA,0.09555649778426979,NA,FALSE,FALSE,NA,0.05,FALSE,#E41A1C,Clinical_Subtype,harmonized receptor subtype
METABRIC,DSS,DSS,Fun-CIM,M2,M2: Prespecified adjusted,Primary adjusted,continuous,cim_z,available,"survival::Surv(time, event) ~ cim_z + age_5y + tumor_size + grade + clinical_subtype",age_5y; tumor_size; grade; clinical_subtype,0.23083688127430485,-0.03729392320029222,402,195,207,202,200,107,88,412,10,clinical_subtypeHR-/HER2+,clinical_subtype,HR-/HER2+ vs HR+/HER2-,HR+/HER2-,HR-/HER2+,0.676963966080322,1.9678940603936375,1.3013664201212278,2.975800645426065,0.0013348260487817706,NA,converged,NA,0.010678608390254165,NA,FALSE,FALSE,NA,0.05,FALSE,#E41A1C,Clinical_Subtype,harmonized receptor subtype
METABRIC,DSS,DSS,Fun-CIM,M2,M2: Prespecified adjusted,Primary adjusted,continuous,cim_z,available,"survival::Surv(time, event) ~ cim_z + age_5y + tumor_size + grade + clinical_subtype",age_5y; tumor_size; grade; clinical_subtype,0.23083688127430485,-0.03729392320029222,402,195,207,202,200,107,88,412,10,clinical_subtypeHR-/HER2-,clinical_subtype,HR-/HER2- vs HR+/HER2-,HR+/HER2-,HR-/HER2-,0.28043628483619076,1.3237071997544005,0.9105093594640379,1.9244181649193057,0.14185906783803715,NA,converged,NA,0.21186476950008162,NA,FALSE,FALSE,NA,0.05,FALSE,#E41A1C,Clinical_Subtype,harmonized receptor subtype
METABRIC,DSS,DSS,Fun-CIM,M0,M0: Unadjusted,Primary univariable,median_split,median_group,available,"survival::Surv(time, event) ~ median_group",,0.23083688127430485,-0.03729392320029222,412,200,212,206,206,110,90,412,0,median_groupHigh,median_group,CIM score: High vs Low,Low,High,-0.3372881315017256,0.7137031699080089,0.5395266495021209,0.9441094618899595,0.018133904786719782,NA,converged,NA,0.018133904786719782,0.036267809573439565,TRUE,TRUE,0.036267809573439565,0.05,TRUE,#4DAF4A,ssGSEA score,fixed raw-score median within cohort and signature
METABRIC,DSS,DSS,Fun-CIM,M2,M2: Prespecified adjusted,Primary adjusted,median_split,median_group,available,"survival::Surv(time, event) ~ median_group + age_5y + tumor_size + grade + clinical_subtype",age_5y; tumor_size; grade; clinical_subtype,0.23083688127430485,-0.03729392320029222,402,195,207,202,200,107,88,412,10,median_groupHigh,median_group,CIM score: High vs Low,Low,High,-0.3296962937188379,0.7191421082446685,0.5399441126276936,0.9578127805371337,0.024149789187623266,NA,converged,NA,0.06439943783366203,0.04829957837524653,TRUE,TRUE,0.04829957837524653,0.05,TRUE,#E41A1C,ssGSEA score,fixed raw-score median within cohort and signature
METABRIC,DSS,DSS,Fun-CIM,M2,M2: Prespecified adjusted,Primary adjusted,median_split,median_group,available,"survival::Surv(time, event) ~ median_group + age_5y + tumor_size + grade + clinical_subtype",age_5y; tumor_size; grade; clinical_subtype,0.23083688127430485,-0.03729392320029222,402,195,207,202,200,107,88,412,10,age_5y,age_5y,Age (per 5 years),per 5-year increase,+5 years,0.08292367789120225,1.0864588845506202,1.013708216200903,1.1644306408433414,0.019027943304869482,0.2594412987090235,converged,NA,0.06439943783366203,NA,FALSE,FALSE,NA,0.05,FALSE,#E41A1C,AGE_AT_DIAGNOSIS,numeric age divided by 5
METABRIC,DSS,DSS,Fun-CIM,M2,M2: Prespecified adjusted,Primary adjusted,median_split,median_group,available,"survival::Surv(time, event) ~ median_group + age_5y + tumor_size + grade + clinical_subtype",age_5y; tumor_size; grade; clinical_subtype,0.23083688127430485,-0.03729392320029222,402,195,207,202,200,107,88,412,10,tumor_size21-50 mm,tumor_size,Tumor size: 21-50 vs ≤20 mm,≤20 mm,21-50 mm,0.18660781928866252,1.205154553987727,0.8660510179224069,1.677034572953396,0.26833257941747113,NA,converged,NA,0.26833257941747113,NA,FALSE,FALSE,NA,0.05,FALSE,#E41A1C,Tumor_Size_Cat,harmonized or derived size category
METABRIC,DSS,DSS,Fun-CIM,M2,M2: Prespecified adjusted,Primary adjusted,median_split,median_group,available,"survival::Surv(time, event) ~ median_group + age_5y + tumor_size + grade + clinical_subtype",age_5y; tumor_size; grade; clinical_subtype,0.23083688127430485,-0.03729392320029222,402,195,207,202,200,107,88,412,10,tumor_size>50 mm,tumor_size,Tumor size: >50 vs ≤20 mm,≤20 mm,>50 mm,0.3280507384040218,1.3882594085692441,0.8534216787274123,2.2582789182891223,0.1863423443643193,NA,converged,NA,0.22848177531088032,NA,FALSE,FALSE,NA,0.05,FALSE,#E41A1C,Tumor_Size_Cat,harmonized or derived size category
METABRIC,DSS,DSS,Fun-CIM,M2,M2: Prespecified adjusted,Primary adjusted,median_split,median_group,available,"survival::Surv(time, event) ~ median_group + age_5y + tumor_size + grade + clinical_subtype",age_5y; tumor_size; grade; clinical_subtype,0.23083688127430485,-0.03729392320029222,402,195,207,202,200,107,88,412,10,grade3,grade,Grade: 3 vs 1-2,1-2,3,0.26622843080115927,1.3050331344052257,0.8686093336500557,1.960733572524188,0.19992155339702028,NA,converged,NA,0.22848177531088032,NA,FALSE,FALSE,NA,0.05,FALSE,#E41A1C,NHG_Cat,grade 1/2 versus grade 3
METABRIC,DSS,DSS,Fun-CIM,M2,M2: Prespecified adjusted,Primary adjusted,median_split,median_group,available,"survival::Surv(time, event) ~ median_group + age_5y + tumor_size + grade + clinical_subtype",age_5y; tumor_size; grade; clinical_subtype,0.23083688127430485,-0.03729392320029222,402,195,207,202,200,107,88,412,10,clinical_subtypeHR+/HER2+,clinical_subtype,HR+/HER2+ vs HR+/HER2-,HR+/HER2-,HR+/HER2+,0.59955309668661,1.8213046713932475,1.0268539424876404,3.2304016849784767,0.04030605455255504,NA,converged,NA,0.08061210910511007,NA,FALSE,FALSE,NA,0.05,FALSE,#E41A1C,Clinical_Subtype,harmonized receptor subtype
METABRIC,DSS,DSS,Fun-CIM,M2,M2: Prespecified adjusted,Primary adjusted,median_split,median_group,available,"survival::Surv(time, event) ~ median_group + age_5y + tumor_size + grade + clinical_subtype",age_5y; tumor_size; grade; clinical_subtype,0.23083688127430485,-0.03729392320029222,402,195,207,202,200,107,88,412,10,clinical_subtypeHR-/HER2+,clinical_subtype,HR-/HER2+ vs HR+/HER2-,HR+/HER2-,HR-/HER2+,0.6822578718187825,1.9783395303243467,1.3094215621776386,2.988974223652658,0.001193852103872976,NA,converged,NA,0.009550816830983808,NA,FALSE,FALSE,NA,0.05,FALSE,#E41A1C,Clinical_Subtype,harmonized receptor subtype
METABRIC,DSS,DSS,Fun-CIM,M2,M2: Prespecified adjusted,Primary adjusted,median_split,median_group,available,"survival::Surv(time, event) ~ median_group + age_5y + tumor_size + grade + clinical_subtype",age_5y; tumor_size; grade; clinical_subtype,0.23083688127430485,-0.03729392320029222,402,195,207,202,200,107,88,412,10,clinical_subtypeHR-/HER2-,clinical_subtype,HR-/HER2- vs HR+/HER2-,HR+/HER2-,HR-/HER2-,0.29961884112569614,1.349344394955134,0.928038646513268,1.961912149927698,0.11667018242843483,NA,converged,NA,0.18667229188549572,NA,FALSE,FALSE,NA,0.05,FALSE,#E41A1C,Clinical_Subtype,harmonized receptor subtype
METABRIC,RFI,RFI,Dys-CIM,M0,M0: Unadjusted,Primary univariable,continuous,cim_z,available,"survival::Surv(time, event) ~ cim_z",,0.7514332257467629,-0.01821328144254894,410,220,190,204,206,106,114,410,0,cim_z,cim_z,CIM score (per 1 SD),per 1-SD increase,+1 SD,0.028166079258228255,1.0285664937974135,0.9039876483574316,1.170313592320675,0.6689484563401943,0.03827776643842803,converged,NA,0.6689484563401943,0.6689484563401943,TRUE,FALSE,0.6689484563401943,0.05,FALSE,#4DAF4A,ssGSEA score,within-cohort z standardization
METABRIC,RFI,RFI,Dys-CIM,M2,M2: Prespecified adjusted,Primary adjusted,continuous,cim_z,available,"survival::Surv(time, event) ~ cim_z + age_5y + tumor_size + grade + clinical_subtype",age_5y; tumor_size; grade; clinical_subtype,0.7514332257467629,-0.01821328144254894,400,215,185,197,203,103,112,410,10,cim_z,cim_z,CIM score (per 1 SD),per 1-SD increase,+1 SD,-0.010780897641966646,0.9892770079567559,0.8636198575104651,1.1332173408947024,0.8763877604025772,0.026359375539283445,converged,NA,0.8763877604025772,0.8763877604025772,TRUE,FALSE,0.8763877604025772,0.05,FALSE,#E41A1C,ssGSEA score,within-cohort z standardization
METABRIC,RFI,RFI,Dys-CIM,M2,M2: Prespecified adjusted,Primary adjusted,continuous,cim_z,available,"survival::Surv(time, event) ~ cim_z + age_5y + tumor_size + grade + clinical_subtype",age_5y; tumor_size; grade; clinical_subtype,0.7514332257467629,-0.01821328144254894,400,215,185,197,203,103,112,410,10,age_5y,age_5y,Age (per 5 years),per 5-year increase,+5 years,0.0704996345000797,1.07304417723308,1.0035755338817596,1.1473215193281878,0.03897206967481119,0.32095403102731795,converged,NA,0.25300578143320135,NA,FALSE,FALSE,NA,0.05,FALSE,#E41A1C,AGE_AT_DIAGNOSIS,numeric age divided by 5
METABRIC,RFI,RFI,Dys-CIM,M2,M2: Prespecified adjusted,Primary adjusted,continuous,cim_z,available,"survival::Surv(time, event) ~ cim_z + age_5y + tumor_size + grade + clinical_subtype",age_5y; tumor_size; grade; clinical_subtype,0.7514332257467629,-0.01821328144254894,400,215,185,197,203,103,112,410,10,tumor_size21-50 mm,tumor_size,Tumor size: 21-50 vs ≤20 mm,≤20 mm,21-50 mm,0.2200651034995212,1.246157857183998,0.907888459096917,1.7104627660606055,0.1732219635265314,NA,converged,NA,0.27715514164245025,NA,FALSE,FALSE,NA,0.05,FALSE,#E41A1C,Tumor_Size_Cat,harmonized or derived size category
METABRIC,RFI,RFI,Dys-CIM,M2,M2: Prespecified adjusted,Primary adjusted,continuous,cim_z,available,"survival::Surv(time, event) ~ cim_z + age_5y + tumor_size + grade + clinical_subtype",age_5y; tumor_size; grade; clinical_subtype,0.7514332257467629,-0.01821328144254894,400,215,185,197,203,103,112,410,10,tumor_size>50 mm,tumor_size,Tumor size: >50 vs ≤20 mm,≤20 mm,>50 mm,0.38619698862627394,1.4713744863074203,0.9221640359654698,2.347676546168724,0.10522263567290256,NA,converged,NA,0.25300578143320135,NA,FALSE,FALSE,NA,0.05,FALSE,#E41A1C,Tumor_Size_Cat,harmonized or derived size category
METABRIC,RFI,RFI,Dys-CIM,M2,M2: Prespecified adjusted,Primary adjusted,continuous,cim_z,available,"survival::Surv(time, event) ~ cim_z + age_5y + tumor_size + grade + clinical_subtype",age_5y; tumor_size; grade; clinical_subtype,0.7514332257467629,-0.01821328144254894,400,215,185,197,203,103,112,410,10,grade3,grade,Grade: 3 vs 1-2,1-2,3,0.2933120829362795,1.3408611850371468,0.9204344901947851,1.9533261048906836,0.12650289071660067,NA,converged,NA,0.25300578143320135,NA,FALSE,FALSE,NA,0.05,FALSE,#E41A1C,NHG_Cat,grade 1/2 versus grade 3
METABRIC,RFI,RFI,Dys-CIM,M2,M2: Prespecified adjusted,Primary adjusted,continuous,cim_z,available,"survival::Surv(time, event) ~ cim_z + age_5y + tumor_size + grade + clinical_subtype",age_5y; tumor_size; grade; clinical_subtype,0.7514332257467629,-0.01821328144254894,400,215,185,197,203,103,112,410,10,clinical_subtypeHR+/HER2+,clinical_subtype,HR+/HER2+ vs HR+/HER2-,HR+/HER2-,HR+/HER2+,0.2727952765544754,1.3136312861715536,0.7497908318771159,2.3014780691417482,0.3403478094180131,NA,converged,NA,0.45379707922401746,NA,FALSE,FALSE,NA,0.05,FALSE,#E41A1C,Clinical_Subtype,harmonized receptor subtype
METABRIC,RFI,RFI,Dys-CIM,M2,M2: Prespecified adjusted,Primary adjusted,continuous,cim_z,available,"survival::Surv(time, event) ~ cim_z + age_5y + tumor_size + grade + clinical_subtype",age_5y; tumor_size; grade; clinical_subtype,0.7514332257467629,-0.01821328144254894,400,215,185,197,203,103,112,410,10,clinical_subtypeHR-/HER2+,clinical_subtype,HR-/HER2+ vs HR+/HER2-,HR+/HER2-,HR-/HER2+,0.32199312089752813,1.3798752836211228,0.932663919529233,2.0415240243340347,0.10714599773580023,NA,converged,NA,0.25300578143320135,NA,FALSE,FALSE,NA,0.05,FALSE,#E41A1C,Clinical_Subtype,harmonized receptor subtype
METABRIC,RFI,RFI,Dys-CIM,M2,M2: Prespecified adjusted,Primary adjusted,continuous,cim_z,available,"survival::Surv(time, event) ~ cim_z + age_5y + tumor_size + grade + clinical_subtype",age_5y; tumor_size; grade; clinical_subtype,0.7514332257467629,-0.01821328144254894,400,215,185,197,203,103,112,410,10,clinical_subtypeHR-/HER2-,clinical_subtype,HR-/HER2- vs HR+/HER2-,HR+/HER2-,HR-/HER2-,0.04373012290925397,1.044700376142139,0.7402645754534778,1.4743362199156265,0.8035078493970659,NA,converged,NA,0.8763877604025772,NA,FALSE,FALSE,NA,0.05,FALSE,#E41A1C,Clinical_Subtype,harmonized receptor subtype
METABRIC,RFI,RFI,Dys-CIM,M0,M0: Unadjusted,Primary univariable,median_split,median_group,available,"survival::Surv(time, event) ~ median_group",,0.7514332257467629,-0.01821328144254894,410,220,190,204,206,106,114,410,0,median_groupHigh,median_group,CIM score: High vs Low,Low,High,0.09660032295060221,1.1014200733128585,0.8453887846048401,1.4349920415179793,0.47420394396151594,NA,converged,NA,0.47420394396151594,0.47420394396151594,TRUE,FALSE,0.47420394396151594,0.05,FALSE,#4DAF4A,ssGSEA score,fixed raw-score median within cohort and signature
METABRIC,RFI,RFI,Dys-CIM,M2,M2: Prespecified adjusted,Primary adjusted,median_split,median_group,available,"survival::Surv(time, event) ~ median_group + age_5y + tumor_size + grade + clinical_subtype",age_5y; tumor_size; grade; clinical_subtype,0.7514332257467629,-0.01821328144254894,400,215,185,197,203,103,112,410,10,median_groupHigh,median_group,CIM score: High vs Low,Low,High,0.012727601714011095,1.0128089423608335,0.7693734040163103,1.3332693180856618,0.9276973683396662,NA,converged,NA,0.9276973683396662,0.9276973683396662,TRUE,FALSE,0.9276973683396662,0.05,FALSE,#E41A1C,ssGSEA score,fixed raw-score median within cohort and signature
METABRIC,RFI,RFI,Dys-CIM,M2,M2: Prespecified adjusted,Primary adjusted,median_split,median_group,available,"survival::Surv(time, event) ~ median_group + age_5y + tumor_size + grade + clinical_subtype",age_5y; tumor_size; grade; clinical_subtype,0.7514332257467629,-0.01821328144254894,400,215,185,197,203,103,112,410,10,age_5y,age_5y,Age (per 5 years),per 5-year increase,+5 years,0.07094450321993667,1.073521647220412,1.0042844091944252,1.147532229416217,0.037010395307354615,0.3180516350896224,converged,NA,0.27716898528620076,NA,FALSE,FALSE,NA,0.05,FALSE,#E41A1C,AGE_AT_DIAGNOSIS,numeric age divided by 5
METABRIC,RFI,RFI,Dys-CIM,M2,M2: Prespecified adjusted,Primary adjusted,median_split,median_group,available,"survival::Surv(time, event) ~ median_group + age_5y + tumor_size + grade + clinical_subtype",age_5y; tumor_size; grade; clinical_subtype,0.7514332257467629,-0.01821328144254894,400,215,185,197,203,103,112,410,10,tumor_size21-50 mm,tumor_size,Tumor size: 21-50 vs ≤20 mm,≤20 mm,21-50 mm,0.21827046427054894,1.2439234589770407,0.9059954378677255,1.7078955446344273,0.17715388467289622,NA,converged,NA,0.28344621547663396,NA,FALSE,FALSE,NA,0.05,FALSE,#E41A1C,Tumor_Size_Cat,harmonized or derived size category
METABRIC,RFI,RFI,Dys-CIM,M2,M2: Prespecified adjusted,Primary adjusted,median_split,median_group,available,"survival::Surv(time, event) ~ median_group + age_5y + tumor_size + grade + clinical_subtype",age_5y; tumor_size; grade; clinical_subtype,0.7514332257467629,-0.01821328144254894,400,215,185,197,203,103,112,410,10,tumor_size>50 mm,tumor_size,Tumor size: >50 vs ≤20 mm,≤20 mm,>50 mm,0.3844204713185012,1.4687628845310126,0.9200048592599965,2.3448402356385927,0.10725912240765113,NA,converged,NA,0.27716898528620076,NA,FALSE,FALSE,NA,0.05,FALSE,#E41A1C,Tumor_Size_Cat,harmonized or derived size category
METABRIC,RFI,RFI,Dys-CIM,M2,M2: Prespecified adjusted,Primary adjusted,median_split,median_group,available,"survival::Surv(time, event) ~ median_group + age_5y + tumor_size + grade + clinical_subtype",age_5y; tumor_size; grade; clinical_subtype,0.7514332257467629,-0.01821328144254894,400,215,185,197,203,103,112,410,10,grade3,grade,Grade: 3 vs 1-2,1-2,3,0.28622065437116245,1.3313861990276967,0.9116088938464874,1.9444623927286049,0.13858449264310038,NA,converged,NA,0.27716898528620076,NA,FALSE,FALSE,NA,0.05,FALSE,#E41A1C,NHG_Cat,grade 1/2 versus grade 3
METABRIC,RFI,RFI,Dys-CIM,M2,M2: Prespecified adjusted,Primary adjusted,median_split,median_group,available,"survival::Surv(time, event) ~ median_group + age_5y + tumor_size + grade + clinical_subtype",age_5y; tumor_size; grade; clinical_subtype,0.7514332257467629,-0.01821328144254894,400,215,185,197,203,103,112,410,10,clinical_subtypeHR+/HER2+,clinical_subtype,HR+/HER2+ vs HR+/HER2-,HR+/HER2-,HR+/HER2+,0.2764697596968001,1.3184670812706025,0.7513887895811762,2.3135232631873315,0.33521374340844906,NA,converged,NA,0.44695165787793206,NA,FALSE,FALSE,NA,0.05,FALSE,#E41A1C,Clinical_Subtype,harmonized receptor subtype
METABRIC,RFI,RFI,Dys-CIM,M2,M2: Prespecified adjusted,Primary adjusted,median_split,median_group,available,"survival::Surv(time, event) ~ median_group + age_5y + tumor_size + grade + clinical_subtype",age_5y; tumor_size; grade; clinical_subtype,0.7514332257467629,-0.01821328144254894,400,215,185,197,203,103,112,410,10,clinical_subtypeHR-/HER2+,clinical_subtype,HR-/HER2+ vs HR+/HER2-,HR+/HER2-,HR-/HER2+,0.31934396521521574,1.376224616899919,0.9309149270241135,2.034551322767938,0.10936469299144004,NA,converged,NA,0.27716898528620076,NA,FALSE,FALSE,NA,0.05,FALSE,#E41A1C,Clinical_Subtype,harmonized receptor subtype
METABRIC,RFI,RFI,Dys-CIM,M2,M2: Prespecified adjusted,Primary adjusted,median_split,median_group,available,"survival::Surv(time, event) ~ median_group + age_5y + tumor_size + grade + clinical_subtype",age_5y; tumor_size; grade; clinical_subtype,0.7514332257467629,-0.01821328144254894,400,215,185,197,203,103,112,410,10,clinical_subtypeHR-/HER2-,clinical_subtype,HR-/HER2- vs HR+/HER2-,HR+/HER2-,HR-/HER2-,0.04318286784615394,1.0441288149810068,0.7399161676769567,1.473416894911829,0.8058751854338759,NA,converged,NA,0.9210002119244296,NA,FALSE,FALSE,NA,0.05,FALSE,#E41A1C,Clinical_Subtype,harmonized receptor subtype
METABRIC,RFI,RFI,Fun-CIM,M0,M0: Unadjusted,Primary univariable,continuous,cim_z,available,"survival::Surv(time, event) ~ cim_z",,0.23083688127430485,-0.03729392320029222,410,220,190,206,204,115,105,410,0,cim_z,cim_z,CIM score (per 1 SD),per 1-SD increase,+1 SD,-0.09862292337795418,0.906084306824746,0.79367399893762125,1.0344156066256698,0.14448433556933293,0.76231608274084806,converged,NA,0.14448433556933293,0.28896867113866587,TRUE,FALSE,0.28896867113866587,0.05,FALSE,#4DAF4A,ssGSEA score,within-cohort z standardization
METABRIC,RFI,RFI,Fun-CIM,M2,M2: Prespecified adjusted,Primary adjusted,continuous,cim_z,available,"survival::Surv(time, event) ~ cim_z + age_5y + tumor_size + grade + clinical_subtype",age_5y; tumor_size; grade; clinical_subtype,0.23083688127430485,-0.03729392320029222,400,215,185,202,198,112,103,410,10,cim_z,cim_z,CIM score (per 1 SD),per 1-SD increase,+1 SD,-0.08009321975726807,0.9230302977156759,0.80626420383302555,1.056706879023904,0.24578051122614508,0.8410545937384333,converged,NA,0.32770734830152676,0.49156102245229016,TRUE,FALSE,0.49156102245229016,0.05,FALSE,#E41A1C,ssGSEA score,within-cohort z standardization
METABRIC,RFI,RFI,Fun-CIM,M2,M2: Prespecified adjusted,Primary adjusted,continuous,cim_z,available,"survival::Surv(time, event) ~ cim_z + age_5y + tumor_size + grade + clinical_subtype",age_5y; tumor_size; grade; clinical_subtype,0.23083688127430485,-0.03729392320029222,400,215,185,202,198,112,103,410,10,age_5y,age_5y,Age (per 5 years),per 5-year increase,+5 years,0.07061087524020984,1.0731635501009877,1.0042249112226045,1.146834730342658,0.0371219936012819,0.31671086922152564,converged,NA,0.27129010460107933,NA,FALSE,FALSE,NA,0.05,FALSE,#E41A1C,AGE_AT_DIAGNOSIS,numeric age divided by 5
METABRIC,RFI,RFI,Fun-CIM,M2,M2: Prespecified adjusted,Primary adjusted,continuous,cim_z,available,"survival::Surv(time, event) ~ cim_z + age_5y + tumor_size + grade + clinical_subtype",age_5y; tumor_size; grade; clinical_subtype,0.23083688127430485,-0.03729392320029222,400,215,185,202,198,112,103,410,10,tumor_size21-50 mm,tumor_size,Tumor size: 21-50 vs ≤20 mm,≤20 mm,21-50 mm,0.22196700749112014,1.2485301850415431,0.9096035580176746,1.7137439813417927,0.16955631537567456,NA,converged,NA,0.27129010460107933,NA,FALSE,FALSE,NA,0.05,FALSE,#E41A1C,Tumor_Size_Cat,harmonized or derived size category
METABRIC,RFI,RFI,Fun-CIM,M2,M2: Prespecified adjusted,Primary adjusted,continuous,cim_z,available,"survival::Surv(time, event) ~ cim_z + age_5y + tumor_size + grade + clinical_subtype",age_5y; tumor_size; grade; clinical_subtype,0.23083688127430485,-0.03729392320029222,400,215,185,202,198,112,103,410,10,tumor_size>50 mm,tumor_size,Tumor size: >50 vs ≤20 mm,≤20 mm,>50 mm,0.3791340735041503,1.4610189065370258,0.9158544952431623,2.330693637849001,0.11158959941092032,NA,converged,NA,0.27129010460107933,NA,FALSE,FALSE,NA,0.05,FALSE,#E41A1C,Tumor_Size_Cat,harmonized or derived size category
METABRIC,RFI,RFI,Fun-CIM,M2,M2: Prespecified adjusted,Primary adjusted,continuous,cim_z,available,"survival::Surv(time, event) ~ cim_z + age_5y + tumor_size + grade + clinical_subtype",age_5y; tumor_size; grade; clinical_subtype,0.23083688127430485,-0.03729392320029222,400,215,185,202,198,112,103,410,10,grade3,grade,Grade: 3 vs 1-2,1-2,3,0.27537432547528923,1.3170235780855846,0.9057844715895057,1.9149711213192893,0.14934573367257603,NA,converged,NA,0.27129010460107933,NA,FALSE,FALSE,NA,0.05,FALSE,#E41A1C,NHG_Cat,grade 1/2 versus grade 3
METABRIC,RFI,RFI,Fun-CIM,M2,M2: Prespecified adjusted,Primary adjusted,continuous,cim_z,available,"survival::Surv(time, event) ~ cim_z + age_5y + tumor_size + grade + clinical_subtype",age_5y; tumor_size; grade; clinical_subtype,0.23083688127430485,-0.03729392320029222,400,215,185,202,198,112,103,410,10,clinical_subtypeHR+/HER2+,clinical_subtype,HR+/HER2+ vs HR+/HER2-,HR+/HER2-,HR+/HER2+,0.2862368776286,1.3314077986239599,0.75996100493242,2.332549584428128,0.31706120084405365,NA,converged,NA,0.3623556581074899,NA,FALSE,FALSE,NA,0.05,FALSE,#E41A1C,Clinical_Subtype,harmonized receptor subtype
METABRIC,RFI,RFI,Fun-CIM,M2,M2: Prespecified adjusted,Primary adjusted,continuous,cim_z,available,"survival::Surv(time, event) ~ cim_z + age_5y + tumor_size + grade + clinical_subtype",age_5y; tumor_size; grade; clinical_subtype,0.23083688127430485,-0.03729392320029222,400,215,185,202,198,112,103,410,10,clinical_subtypeHR-/HER2+,clinical_subtype,HR-/HER2+ vs HR+/HER2-,HR+/HER2-,HR-/HER2+,0.3483402698408041,1.4167142328596933,0.9549942098550275,2.101666373340539,0.08343149576095489,NA,converged,NA,0.27129010460107933,NA,FALSE,FALSE,NA,0.05,FALSE,#E41A1C,Clinical_Subtype,harmonized receptor subtype
METABRIC,RFI,RFI,Fun-CIM,M2,M2: Prespecified adjusted,Primary adjusted,continuous,cim_z,available,"survival::Surv(time, event) ~ cim_z + age_5y + tumor_size + grade + clinical_subtype",age_5y; tumor_size; grade; clinical_subtype,0.23083688127430485,-0.03729392320029222,400,215,185,202,198,112,103,410,10,clinical_subtypeHR-/HER2-,clinical_subtype,HR-/HER2- vs HR+/HER2-,HR+/HER2-,HR-/HER2-,0.06798925887836986,1.070353811616552,0.7561443258339446,1.5151304359502353,0.7013799121218576,NA,converged,NA,0.7013799121218576,NA,FALSE,FALSE,NA,0.05,FALSE,#E41A1C,Clinical_Subtype,harmonized receptor subtype
METABRIC,RFI,RFI,Fun-CIM,M0,M0: Unadjusted,Primary univariable,median_split,median_group,available,"survival::Surv(time, event) ~ median_group",,0.23083688127430485,-0.03729392320029222,410,220,190,206,204,115,105,410,0,median_groupHigh,median_group,CIM score: High vs Low,Low,High,-0.20380028247827736,0.8156252495754168,0.6252885820242003,1.063900040508359,0.13280857147410213,NA,converged,NA,0.13280857147410213,0.26561714294820427,TRUE,FALSE,0.26561714294820427,0.05,FALSE,#4DAF4A,ssGSEA score,fixed raw-score median within cohort and signature
METABRIC,RFI,RFI,Fun-CIM,M2,M2: Prespecified adjusted,Primary adjusted,median_split,median_group,available,"survival::Surv(time, event) ~ median_group + age_5y + tumor_size + grade + clinical_subtype",age_5y; tumor_size; grade; clinical_subtype,0.23083688127430485,-0.03729392320029222,400,215,185,202,198,112,103,410,10,median_groupHigh,median_group,CIM score: High vs Low,Low,High,-0.16863237267278447,0.8448194250116162,0.6437246790142827,1.1087346565147336,0.2240667640061699,NA,converged,NA,0.29875568534155983,0.4481335280123398,TRUE,FALSE,0.4481335280123398,0.05,FALSE,#E41A1C,ssGSEA score,fixed raw-score median within cohort and signature
METABRIC,RFI,RFI,Fun-CIM,M2,M2: Prespecified adjusted,Primary adjusted,median_split,median_group,available,"survival::Surv(time, event) ~ median_group + age_5y + tumor_size + grade + clinical_subtype",age_5y; tumor_size; grade; clinical_subtype,0.23083688127430485,-0.03729392320029222,400,215,185,202,198,112,103,410,10,age_5y,age_5y,Age (per 5 years),per 5-year increase,+5 years,0.07013904374009212,1.072657317170985,1.0037089248998017,1.146342023605416,0.038529298341196463,0.31898741430306893,converged,NA,0.28839920467281943,NA,FALSE,FALSE,NA,0.05,FALSE,#E41A1C,AGE_AT_DIAGNOSIS,numeric age divided by 5
METABRIC,RFI,RFI,Fun-CIM,M2,M2: Prespecified adjusted,Primary adjusted,median_split,median_group,available,"survival::Surv(time, event) ~ median_group + age_5y + tumor_size + grade + clinical_subtype",age_5y; tumor_size; grade; clinical_subtype,0.23083688127430485,-0.03729392320029222,400,215,185,202,198,112,103,410,10,tumor_size21-50 mm,tumor_size,Tumor size: 21-50 vs ≤20 mm,≤20 mm,21-50 mm,0.21650580396974395,1.2417302922979612,0.9046152669187294,1.7044750129658202,0.1803513217190574,NA,converged,NA,0.28856211475049187,NA,FALSE,FALSE,NA,0.05,FALSE,#E41A1C,Tumor_Size_Cat,harmonized or derived size category
METABRIC,RFI,RFI,Fun-CIM,M2,M2: Prespecified adjusted,Primary adjusted,median_split,median_group,available,"survival::Surv(time, event) ~ median_group + age_5y + tumor_size + grade + clinical_subtype",age_5y; tumor_size; grade; clinical_subtype,0.23083688127430485,-0.03729392320029222,400,215,185,202,198,112,103,410,10,tumor_size>50 mm,tumor_size,Tumor size: >50 vs ≤20 mm,≤20 mm,>50 mm,0.38294857888461664,1.4666026137871955,0.9192127131713964,2.3399624438901467,0.10814970175230729,NA,converged,NA,0.28839920467281943,NA,FALSE,FALSE,NA,0.05,FALSE,#E41A1C,Tumor_Size_Cat,harmonized or derived size category
METABRIC,RFI,RFI,Fun-CIM,M2,M2: Prespecified adjusted,Primary adjusted,median_split,median_group,available,"survival::Surv(time, event) ~ median_group + age_5y + tumor_size + grade + clinical_subtype",age_5y; tumor_size; grade; clinical_subtype,0.23083688127430485,-0.03729392320029222,400,215,185,202,198,112,103,410,10,grade3,grade,Grade: 3 vs 1-2,1-2,3,0.2674845242894928,1.3066734079802254,0.8984505320348528,1.9003777439539908,0.1616215797874036,NA,converged,NA,0.28856211475049187,NA,FALSE,FALSE,NA,0.05,FALSE,#E41A1C,NHG_Cat,grade 1/2 versus grade 3
METABRIC,RFI,RFI,Fun-CIM,M2,M2: Prespecified adjusted,Primary adjusted,median_split,median_group,available,"survival::Surv(time, event) ~ median_group + age_5y + tumor_size + grade + clinical_subtype",age_5y; tumor_size; grade; clinical_subtype,0.23083688127430485,-0.03729392320029222,400,215,185,202,198,112,103,410,10,clinical_subtypeHR+/HER2+,clinical_subtype,HR+/HER2+ vs HR+/HER2-,HR+/HER2-,HR+/HER2+,0.2747100440051189,1.3161489942439655,0.7515582710258217,2.304875405981509,0.33659025157640177,NA,converged,NA,0.3846745732301734,NA,FALSE,FALSE,NA,0.05,FALSE,#E41A1C,Clinical_Subtype,harmonized receptor subtype
METABRIC,RFI,RFI,Fun-CIM,M2,M2: Prespecified adjusted,Primary adjusted,median_split,median_group,available,"survival::Surv(time, event) ~ median_group + age_5y + tumor_size + grade + clinical_subtype",age_5y; tumor_size; grade; clinical_subtype,0.23083688127430485,-0.03729392320029222,400,215,185,202,198,112,103,410,10,clinical_subtypeHR-/HER2+,clinical_subtype,HR-/HER2+ vs HR+/HER2-,HR+/HER2-,HR-/HER2+,0.3422891632798373,1.4081674289598518,0.9504447471345846,2.086323812048605,0.08790334439066695,NA,converged,NA,0.28839920467281943,NA,FALSE,FALSE,NA,0.05,FALSE,#E41A1C,Clinical_Subtype,harmonized receptor subtype
METABRIC,RFI,RFI,Fun-CIM,M2,M2: Prespecified adjusted,Primary adjusted,median_split,median_group,available,"survival::Surv(time, event) ~ median_group + age_5y + tumor_size + grade + clinical_subtype",age_5y; tumor_size; grade; clinical_subtype,0.23083688127430485,-0.03729392320029222,400,215,185,202,198,112,103,410,10,clinical_subtypeHR-/HER2-,clinical_subtype,HR-/HER2- vs HR+/HER2-,HR+/HER2-,HR-/HER2-,0.07034317205993561,1.0728762992563692,0.757988425361656,1.5185766892902617,0.6914943043262607,NA,converged,NA,0.6914943043262607,NA,FALSE,FALSE,NA,0.05,FALSE,#E41A1C,Clinical_Subtype,harmonized receptor subtype
SCANB,OS,OS,Dys-CIM,M0,M0: Unadjusted,Primary univariable,continuous,cim_z,available,"survival::Surv(time, event) ~ cim_z",,0.3886774662091883,-0.05189421448763552,2462,261,2201,1231,1231,130,131,2462,0,cim_z,cim_z,CIM score (per 1 SD),per 1-SD increase,+1 SD,0.09595475248809968,1.100709258511927,0.9751512758583993,1.242433765681506,0.12047736960188131,0.8230292855191512,converged,NA,0.12047736960188131,0.12047736960188131,TRUE,FALSE,0.12047736960188131,0.05,FALSE,#4DAF4A,ssGSEA score,within-cohort z standardization
SCANB,OS,OS,Dys-CIM,M2,M2: Prespecified adjusted,Primary adjusted,continuous,cim_z,available,"survival::Surv(time, event) ~ cim_z + age_5y + tumor_size + grade + clinical_subtype",age_5y; tumor_size; grade; clinical_subtype,0.3886774662091883,-0.05189421448763552,2462,261,2201,1231,1231,130,131,2462,0,cim_z,cim_z,CIM score (per 1 SD),per 1-SD increase,+1 SD,0.11699778714711898,1.1241169421823705,0.9923333634499539,1.2734016070045917,0.06591607035883205,0.6595065376953922,converged,NA,0.10546571257413129,0.06591607035883205,TRUE,FALSE,0.06591607035883205,0.05,FALSE,#E41A1C,ssGSEA score,within-cohort z standardization
SCANB,OS,OS,Dys-CIM,M2,M2: Prespecified adjusted,Primary adjusted,continuous,cim_z,available,"survival::Surv(time, event) ~ cim_z + age_5y + tumor_size + grade + clinical_subtype",age_5y; tumor_size; grade; clinical_subtype,0.3886774662091883,-0.05189421448763552,2462,261,2201,1231,1231,130,131,2462,0,age_5y,age_5y,Age (per 5 years),per 5-year increase,+5 years,0.23527775079864535,1.265260146949152,1.193680935329223,1.3411316140491583,2.4058578814355265e-15,0.16938058852230325,converged,NA,1.9246863051484212e-14,NA,FALSE,FALSE,NA,0.05,FALSE,#E41A1C,Age (5-year range),numeric age divided by 5
SCANB,OS,OS,Dys-CIM,M2,M2: Prespecified adjusted,Primary adjusted,continuous,cim_z,available,"survival::Surv(time, event) ~ cim_z + age_5y + tumor_size + grade + clinical_subtype",age_5y; tumor_size; grade; clinical_subtype,0.3886774662091883,-0.05189421448763552,2462,261,2201,1231,1231,130,131,2462,0,tumor_size21-50 mm,tumor_size,Tumor size: 21-50 vs ≤20 mm,≤20 mm,21-50 mm,0.5416721926586306,1.7188787567732813,1.3308748643083983,2.220001489036926,3.328164222240311e-5,NA,converged,NA,6.656328444480622e-5,NA,FALSE,FALSE,NA,0.05,FALSE,#E41A1C,Tumor_Size_Cat,harmonized or derived size category
SCANB,OS,OS,Dys-CIM,M2,M2: Prespecified adjusted,Primary adjusted,continuous,cim_z,available,"survival::Surv(time, event) ~ cim_z + age_5y + tumor_size + grade + clinical_subtype",age_5y; tumor_size; grade; clinical_subtype,0.3886774662091883,-0.05189421448763552,2462,261,2201,1231,1231,130,131,2462,0,tumor_size>50 mm,tumor_size,Tumor size: >50 vs ≤20 mm,≤20 mm,>50 mm,1.3325269735676661,3.7906100665490783,2.342739005063508,6.133301509714562,5.71767101676037e-8,NA,converged,NA,2.287068406704148e-7,NA,FALSE,FALSE,NA,0.05,FALSE,#E41A1C,Tumor_Size_Cat,harmonized or derived size category
SCANB,OS,OS,Dys-CIM,M2,M2: Prespecified adjusted,Primary adjusted,continuous,cim_z,available,"survival::Surv(time, event) ~ cim_z + age_5y + tumor_size + grade + clinical_subtype",age_5y; tumor_size; grade; clinical_subtype,0.3886774662091883,-0.05189421448763552,2462,261,2201,1231,1231,130,131,2462,0,grade3,grade,Grade: 3 vs 1-2,1-2,3,0.027525686216231988,1.027908017835771,0.7775336085574568,1.3589057521144887,0.8467552582235306,NA,converged,NA,0.8467552582235306,NA,FALSE,FALSE,NA,0.05,FALSE,#E41A1C,NHG_collapsed,grade 1/2 versus grade 3
SCANB,OS,OS,Dys-CIM,M2,M2: Prespecified adjusted,Primary adjusted,continuous,cim_z,available,"survival::Surv(time, event) ~ cim_z + age_5y + tumor_size + grade + clinical_subtype",age_5y; tumor_size; grade; clinical_subtype,0.3886774662091883,-0.05189421448763552,2462,261,2201,1231,1231,130,131,2462,0,clinical_subtypeHR+/HER2+,clinical_subtype,HR+/HER2+ vs HR+/HER2-,HR+/HER2-,HR+/HER2+,-0.14152968602636293,0.8680294068585523,0.5880343921136207,1.2813452091856947,0.47628718947690407,NA,converged,NA,0.5443282165450332,NA,FALSE,FALSE,NA,0.05,FALSE,#E41A1C,Clinical_Subtype,harmonized receptor subtype
SCANB,OS,OS,Dys-CIM,M2,M2: Prespecified adjusted,Primary adjusted,continuous,cim_z,available,"survival::Surv(time, event) ~ cim_z + age_5y + tumor_size + grade + clinical_subtype",age_5y; tumor_size; grade; clinical_subtype,0.3886774662091883,-0.05189421448763552,2462,261,2201,1231,1231,130,131,2462,0,clinical_subtypeHR-/HER2+,clinical_subtype,HR-/HER2+ vs HR+/HER2-,HR+/HER2-,HR-/HER2+,0.20912848421330646,1.2326033584294902,0.7782722308702632,1.9521588705699628,0.3727006329654641,NA,converged,NA,0.4969341772872854,NA,FALSE,FALSE,NA,0.05,FALSE,#E41A1C,Clinical_Subtype,harmonized receptor subtype
SCANB,OS,OS,Dys-CIM,M2,M2: Prespecified adjusted,Primary adjusted,continuous,cim_z,available,"survival::Surv(time, event) ~ cim_z + age_5y + tumor_size + grade + clinical_subtype",age_5y; tumor_size; grade; clinical_subtype,0.3886774662091883,-0.05189421448763552,2462,261,2201,1231,1231,130,131,2462,0,clinical_subtypeHR-/HER2-,clinical_subtype,HR-/HER2- vs HR+/HER2-,HR+/HER2-,HR-/HER2-,0.8164624366345606,2.2624819906680966,1.6758255470533365,3.0545093235379333,9.748986833130024e-8,NA,converged,NA,2.599729822168006e-7,NA,FALSE,FALSE,NA,0.05,FALSE,#E41A1C,Clinical_Subtype,harmonized receptor subtype
SCANB,OS,OS,Dys-CIM,M0,M0: Unadjusted,Primary univariable,median_split,median_group,available,"survival::Surv(time, event) ~ median_group",,0.3886774662091883,-0.05189421448763552,2462,261,2201,1231,1231,130,131,2462,0,median_groupHigh,median_group,CIM score: High vs Low,Low,High,0.13100351292627524,1.1399717859417962,0.8938620031229785,1.4538437344948165,0.29109002380011373,NA,converged,NA,0.29109002380011373,0.29109002380011373,TRUE,FALSE,0.29109002380011373,0.05,FALSE,#4DAF4A,ssGSEA score,fixed raw-score median within cohort and signature
SCANB,OS,OS,Dys-CIM,M2,M2: Prespecified adjusted,Primary adjusted,median_split,median_group,available,"survival::Surv(time, event) ~ median_group + age_5y + tumor_size + grade + clinical_subtype",age_5y; tumor_size; grade; clinical_subtype,0.3886774662091883,-0.05189421448763552,2462,261,2201,1231,1231,130,131,2462,0,median_groupHigh,median_group,CIM score: High vs Low,Low,High,0.22197803562087245,1.2485439540703467,0.9757812825272262,1.5975526823062633,0.07755998403331738,NA,converged,NA,0.1240959744533078,0.13265839870906362,TRUE,FALSE,0.13265839870906362,0.05,FALSE,#E41A1C,ssGSEA score,fixed raw-score median within cohort and signature
SCANB,OS,OS,Dys-CIM,M2,M2: Prespecified adjusted,Primary adjusted,median_split,median_group,available,"survival::Surv(time, event) ~ median_group + age_5y + tumor_size + grade + clinical_subtype",age_5y; tumor_size; grade; clinical_subtype,0.3886774662091883,-0.05189421448763552,2462,261,2201,1231,1231,130,131,2462,0,age_5y,age_5y,Age (per 5 years),per 5-year increase,+5 years,0.23611444616597094,1.2663192272545738,1.1946079963157064,1.3423352181302801,2.0491763991984855e-15,0.16963638131996425,converged,NA,1.6393411193587884e-14,NA,FALSE,FALSE,NA,0.05,FALSE,#E41A1C,Age (5-year range),numeric age divided by 5
SCANB,OS,OS,Dys-CIM,M2,M2: Prespecified adjusted,Primary adjusted,median_split,median_group,available,"survival::Surv(time, event) ~ median_group + age_5y + tumor_size + grade + clinical_subtype",age_5y; tumor_size; grade; clinical_subtype,0.3886774662091883,-0.05189421448763552,2462,261,2201,1231,1231,130,131,2462,0,tumor_size21-50 mm,tumor_size,Tumor size: 21-50 vs ≤20 mm,≤20 mm,21-50 mm,0.5480542754461755,1.7298838636984606,1.3396683760718413,2.23376041066139,2.6456598177526408e-5,NA,converged,NA,5.2913196355052816e-5,NA,FALSE,FALSE,NA,0.05,FALSE,#E41A1C,Tumor_Size_Cat,harmonized or derived size category
SCANB,OS,OS,Dys-CIM,M2,M2: Prespecified adjusted,Primary adjusted,median_split,median_group,available,"survival::Surv(time, event) ~ median_group + age_5y + tumor_size + grade + clinical_subtype",age_5y; tumor_size; grade; clinical_subtype,0.3886774662091883,-0.05189421448763552,2462,261,2201,1231,1231,130,131,2462,0,tumor_size>50 mm,tumor_size,Tumor size: >50 vs ≤20 mm,≤20 mm,>50 mm,1.3366750543629622,3.806366480214231,2.352797989832401,6.1579556954358585,5.155797517842719e-8,NA,converged,NA,2.0623190071370877e-7,NA,FALSE,FALSE,NA,0.05,FALSE,#E41A1C,Tumor_Size_Cat,harmonized or derived size category
SCANB,OS,OS,Dys-CIM,M2,M2: Prespecified adjusted,Primary adjusted,median_split,median_group,available,"survival::Surv(time, event) ~ median_group + age_5y + tumor_size + grade + clinical_subtype",age_5y; tumor_size; grade; clinical_subtype,0.3886774662091883,-0.05189421448763552,2462,261,2201,1231,1231,130,131,2462,0,grade3,grade,Grade: 3 vs 1-2,1-2,3,0.0415163551960168,1.0423902102082725,0.7901022153361141,1.3752364304861617,0.7690325022611332,NA,converged,NA,0.7690325022611332,NA,FALSE,FALSE,NA,0.05,FALSE,#E41A1C,NHG_collapsed,grade 1/2 versus grade 3
SCANB,OS,OS,Dys-CIM,M2,M2: Prespecified adjusted,Primary adjusted,median_split,median_group,available,"survival::Surv(time, event) ~ median_group + age_5y + tumor_size + grade + clinical_subtype",age_5y; tumor_size; grade; clinical_subtype,0.3886774662091883,-0.05189421448763552,2462,261,2201,1231,1231,130,131,2462,0,clinical_subtypeHR+/HER2+,clinical_subtype,HR+/HER2+ vs HR+/HER2-,HR+/HER2-,HR+/HER2+,-0.15058166106756155,0.8602074816778972,0.5827493537642058,1.269768738060298,0.4485171448793718,NA,converged,NA,0.512591022719282,NA,FALSE,FALSE,NA,0.05,FALSE,#E41A1C,Clinical_Subtype,harmonized receptor subtype
SCANB,OS,OS,Dys-CIM,M2,M2: Prespecified adjusted,Primary adjusted,median_split,median_group,available,"survival::Surv(time, event) ~ median_group + age_5y + tumor_size + grade + clinical_subtype",age_5y; tumor_size; grade; clinical_subtype,0.3886774662091883,-0.05189421448763552,2462,261,2201,1231,1231,130,131,2462,0,clinical_subtypeHR-/HER2+,clinical_subtype,HR-/HER2+ vs HR+/HER2-,HR+/HER2-,HR-/HER2+,0.2102075646060569,1.2339341544344145,0.7790957116915894,1.9543086614786846,0.3702614451054925,NA,converged,NA,0.49368192680732337,NA,FALSE,FALSE,NA,0.05,FALSE,#E41A1C,Clinical_Subtype,harmonized receptor subtype
SCANB,OS,OS,Dys-CIM,M2,M2: Prespecified adjusted,Primary adjusted,median_split,median_group,available,"survival::Surv(time, event) ~ median_group + age_5y + tumor_size + grade + clinical_subtype",age_5y; tumor_size; grade; clinical_subtype,0.3886774662091883,-0.05189421448763552,2462,261,2201,1231,1231,130,131,2462,0,clinical_subtypeHR-/HER2-,clinical_subtype,HR-/HER2- vs HR+/HER2-,HR+/HER2-,HR-/HER2-,0.812434634219015,2.253387487966083,1.6697892968579684,3.040955634628197,1.0815355663343449e-7,NA,converged,NA,2.8840948435582526e-7,NA,FALSE,FALSE,NA,0.05,FALSE,#E41A1C,Clinical_Subtype,harmonized receptor subtype
SCANB,OS,OS,Fun-CIM,M0,M0: Unadjusted,Primary univariable,continuous,cim_z,available,"survival::Surv(time, event) ~ cim_z",,0.12885907966821492,-0.055289421812261076,2462,261,2201,1231,1231,126,135,2462,0,cim_z,cim_z,CIM score (per 1 SD),per 1-SD increase,+1 SD,-0.13142773725531287,0.8768426359039869,0.7720252267830493,0.9958910427613669,0.043036827962766505,0.21437559336991524,converged,NA,0.043036827962766505,0.08607365592553301,TRUE,FALSE,0.08607365592553301,0.05,FALSE,#4DAF4A,ssGSEA score,within-cohort z standardization
SCANB,OS,OS,Fun-CIM,M2,M2: Prespecified adjusted,Primary adjusted,continuous,cim_z,available,"survival::Surv(time, event) ~ cim_z + age_5y + tumor_size + grade + clinical_subtype",age_5y; tumor_size; grade; clinical_subtype,0.12885907966821492,-0.055289421812261076,2462,261,2201,1231,1231,126,135,2462,0,cim_z,cim_z,CIM score (per 1 SD),per 1-SD increase,+1 SD,-0.1476108181227691,0.8627668228238154,0.7582489780215895,0.9816915184082275,0.025063423754464506,0.17579474200353407,converged,NA,0.04010147800714321,0.05012684750892901,TRUE,FALSE,0.05012684750892901,0.05,FALSE,#E41A1C,ssGSEA score,within-cohort z standardization
SCANB,OS,OS,Fun-CIM,M2,M2: Prespecified adjusted,Primary adjusted,continuous,cim_z,available,"survival::Surv(time, event) ~ cim_z + age_5y + tumor_size + grade + clinical_subtype",age_5y; tumor_size; grade; clinical_subtype,0.12885907966821492,-0.055289421812261076,2462,261,2201,1231,1231,126,135,2462,0,age_5y,age_5y,Age (per 5 years),per 5-year increase,+5 years,0.23336052783521524,1.2628366850414536,1.1913368944466551,1.3386276380093227,4.249166485771309e-15,0.15473723313985993,converged,NA,3.399333188617047e-14,NA,FALSE,FALSE,NA,0.05,FALSE,#E41A1C,Age (5-year range),numeric age divided by 5
SCANB,OS,OS,Fun-CIM,M2,M2: Prespecified adjusted,Primary adjusted,continuous,cim_z,available,"survival::Surv(time, event) ~ cim_z + age_5y + tumor_size + grade + clinical_subtype",age_5y; tumor_size; grade; clinical_subtype,0.12885907966821492,-0.055289421812261076,2462,261,2201,1231,1231,126,135,2462,0,tumor_size21-50 mm,tumor_size,Tumor size: 21-50 vs ≤20 mm,≤20 mm,21-50 mm,0.5358102994310143,1.7088323472874252,1.323026633250105,2.20714225832507,4.0604430768463034e-5,NA,converged,NA,8.120886153692607e-5,NA,FALSE,FALSE,NA,0.05,FALSE,#E41A1C,Tumor_Size_Cat,harmonized or derived size category
SCANB,OS,OS,Fun-CIM,M2,M2: Prespecified adjusted,Primary adjusted,continuous,cim_z,available,"survival::Surv(time, event) ~ cim_z + age_5y + tumor_size + grade + clinical_subtype",age_5y; tumor_size; grade; clinical_subtype,0.12885907966821492,-0.055289421812261076,2462,261,2201,1231,1231,126,135,2462,0,tumor_size>50 mm,tumor_size,Tumor size: >50 vs ≤20 mm,≤20 mm,>50 mm,1.318579052263374,3.738105948495205,2.3102116234336267,6.048552409846664,7.86377376340059e-8,NA,converged,NA,2.097006336906824e-7,NA,FALSE,FALSE,NA,0.05,FALSE,#E41A1C,Tumor_Size_Cat,harmonized or derived size category
SCANB,OS,OS,Fun-CIM,M2,M2: Prespecified adjusted,Primary adjusted,continuous,cim_z,available,"survival::Surv(time, event) ~ cim_z + age_5y + tumor_size + grade + clinical_subtype",age_5y; tumor_size; grade; clinical_subtype,0.12885907966821492,-0.055289421812261076,2462,261,2201,1231,1231,126,135,2462,0,grade3,grade,Grade: 3 vs 1-2,1-2,3,0.0523961576907586,1.0537931280848134,0.8000041675475428,1.3880927148204913,0.7093639724094967,NA,converged,NA,0.7093639724094967,NA,FALSE,FALSE,NA,0.05,FALSE,#E41A1C,NHG_collapsed,grade 1/2 versus grade 3
SCANB,OS,OS,Fun-CIM,M2,M2: Prespecified adjusted,Primary adjusted,continuous,cim_z,available,"survival::Surv(time, event) ~ cim_z + age_5y + tumor_size + grade + clinical_subtype",age_5y; tumor_size; grade; clinical_subtype,0.12885907966821492,-0.055289421812261076,2462,261,2201,1231,1231,126,135,2462,0,clinical_subtypeHR+/HER2+,clinical_subtype,HR+/HER2+ vs HR+/HER2-,HR+/HER2-,HR+/HER2+,-0.10645928484246216,0.8990116508170763,0.6082653179550384,1.3287325850207143,0.5932872301114553,NA,converged,NA,0.6780425486988061,NA,FALSE,FALSE,NA,0.05,FALSE,#E41A1C,Clinical_Subtype,harmonized receptor subtype
SCANB,OS,OS,Fun-CIM,M2,M2: Prespecified adjusted,Primary adjusted,continuous,cim_z,available,"survival::Surv(time, event) ~ cim_z + age_5y + tumor_size + grade + clinical_subtype",age_5y; tumor_size; grade; clinical_subtype,0.12885907966821492,-0.055289421812261076,2462,261,2201,1231,1231,126,135,2462,0,clinical_subtypeHR-/HER2+,clinical_subtype,HR-/HER2+ vs HR+/HER2-,HR+/HER2-,HR-/HER2+,0.29710568482089567,1.345957539213138,0.8458718936335242,2.1416974733405274,0.20996553811948365,NA,converged,NA,0.2799540508259782,NA,FALSE,FALSE,NA,0.05,FALSE,#E41A1C,Clinical_Subtype,harmonized receptor subtype
SCANB,OS,OS,Fun-CIM,M2,M2: Prespecified adjusted,Primary adjusted,continuous,cim_z,available,"survival::Surv(time, event) ~ cim_z + age_5y + tumor_size + grade + clinical_subtype",age_5y; tumor_size; grade; clinical_subtype,0.12885907966821492,-0.055289421812261076,2462,261,2201,1231,1231,126,135,2462,0,clinical_subtypeHR-/HER2-,clinical_subtype,HR-/HER2- vs HR+/HER2-,HR+/HER2-,HR-/HER2-,0.8472823712359596,2.3332971922603285,1.7241005380172787,3.157748441788011,4.057428341881556e-8,NA,converged,NA,1.6229713367526223e-7,NA,FALSE,FALSE,NA,0.05,FALSE,#E41A1C,Clinical_Subtype,harmonized receptor subtype
SCANB,OS,OS,Fun-CIM,M0,M0: Unadjusted,Primary univariable,median_split,median_group,available,"survival::Surv(time, event) ~ median_group",,0.12885907966821492,-0.055289421812261076,2462,261,2201,1231,1231,126,135,2462,0,median_groupHigh,median_group,CIM score: High vs Low,Low,High,-0.17521219172051802,0.8392789138367459,0.6565048810259159,1.072938093179511,0.162060904759928,NA,converged,NA,0.162060904759928,0.29109002380011373,TRUE,FALSE,0.29109002380011373,0.05,FALSE,#4DAF4A,ssGSEA score,fixed raw-score median within cohort and signature
SCANB,OS,OS,Fun-CIM,M2,M2: Prespecified adjusted,Primary adjusted,median_split,median_group,available,"survival::Surv(time, event) ~ median_group + age_5y + tumor_size + grade + clinical_subtype",age_5y; tumor_size; grade; clinical_subtype,0.12885907966821492,-0.055289421812261076,2462,261,2201,1231,1231,126,135,2462,0,median_groupHigh,median_group,CIM score: High vs Low,Low,High,-0.1913851340568491,0.8258144776175562,0.6434946028663311,1.0597906313511354,0.13265839870906362,NA,converged,NA,0.2122534379345018,0.13265839870906362,TRUE,FALSE,0.13265839870906362,0.05,FALSE,#E41A1C,ssGSEA score,fixed raw-score median within cohort and signature
SCANB,OS,OS,Fun-CIM,M2,M2: Prespecified adjusted,Primary adjusted,median_split,median_group,available,"survival::Surv(time, event) ~ median_group + age_5y + tumor_size + grade + clinical_subtype",age_5y; tumor_size; grade; clinical_subtype,0.12885907966821492,-0.055289421812261076,2462,261,2201,1231,1231,126,135,2462,0,age_5y,age_5y,Age (per 5 years),per 5-year increase,+5 years,0.23345949344357306,1.2629616686266818,1.191422891974604,1.3387959784595884,4.258587920066209e-15,0.1776218233356861,converged,NA,3.406870336052967e-14,NA,FALSE,FALSE,NA,0.05,FALSE,#E41A1C,Age (5-year range),numeric age divided by 5
SCANB,OS,OS,Fun-CIM,M2,M2: Prespecified adjusted,Primary adjusted,median_split,median_group,available,"survival::Surv(time, event) ~ median_group + age_5y + tumor_size + grade + clinical_subtype",age_5y; tumor_size; grade; clinical_subtype,0.12885907966821492,-0.055289421812261076,2462,261,2201,1231,1231,126,135,2462,0,tumor_size21-50 mm,tumor_size,Tumor size: 21-50 vs ≤20 mm,≤20 mm,21-50 mm,0.545936432033836,1.7262241173064177,1.3368051914188765,2.2290829825455174,2.846539791506705e-5,NA,converged,NA,5.69307958301341e-5,NA,FALSE,FALSE,NA,0.05,FALSE,#E41A1C,Tumor_Size_Cat,harmonized or derived size category
SCANB,OS,OS,Fun-CIM,M2,M2: Prespecified adjusted,Primary adjusted,median_split,median_group,available,"survival::Surv(time, event) ~ median_group + age_5y + tumor_size + grade + clinical_subtype",age_5y; tumor_size; grade; clinical_subtype,0.12885907966821492,-0.055289421812261076,2462,261,2201,1231,1231,126,135,2462,0,tumor_size>50 mm,tumor_size,Tumor size: >50 vs ≤20 mm,≤20 mm,>50 mm,1.3308191619928555,3.78414194354159,2.3384415114604145,6.1236213002084865,5.992906568918819e-8,NA,converged,NA,2.3971626275675276e-7,NA,FALSE,FALSE,NA,0.05,FALSE,#E41A1C,Tumor_Size_Cat,harmonized or derived size category
SCANB,OS,OS,Fun-CIM,M2,M2: Prespecified adjusted,Primary adjusted,median_split,median_group,available,"survival::Surv(time, event) ~ median_group + age_5y + tumor_size + grade + clinical_subtype",age_5y; tumor_size; grade; clinical_subtype,0.12885907966821492,-0.055289421812261076,2462,261,2201,1231,1231,126,135,2462,0,grade3,grade,Grade: 3 vs 1-2,1-2,3,0.056659449802193784,1.058295346331399,0.8031457351482114,1.394502879181715,0.6872911043763958,NA,converged,NA,0.6872911043763958,NA,FALSE,FALSE,NA,0.05,FALSE,#E41A1C,NHG_collapsed,grade 1/2 versus grade 3
SCANB,OS,OS,Fun-CIM,M2,M2: Prespecified adjusted,Primary adjusted,median_split,median_group,available,"survival::Surv(time, event) ~ median_group + age_5y + tumor_size + grade + clinical_subtype",age_5y; tumor_size; grade; clinical_subtype,0.12885907966821492,-0.055289421812261076,2462,261,2201,1231,1231,126,135,2462,0,clinical_subtypeHR+/HER2+,clinical_subtype,HR+/HER2+ vs HR+/HER2-,HR+/HER2-,HR+/HER2+,-0.1303065564833591,0.8778262863293221,0.5942033662446281,1.2968270338836967,0.5128020653055746,NA,converged,NA,0.5860595032063709,NA,FALSE,FALSE,NA,0.05,FALSE,#E41A1C,Clinical_Subtype,harmonized receptor subtype
SCANB,OS,OS,Fun-CIM,M2,M2: Prespecified adjusted,Primary adjusted,median_split,median_group,available,"survival::Surv(time, event) ~ median_group + age_5y + tumor_size + grade + clinical_subtype",age_5y; tumor_size; grade; clinical_subtype,0.12885907966821492,-0.055289421812261076,2462,261,2201,1231,1231,126,135,2462,0,clinical_subtypeHR-/HER2+,clinical_subtype,HR-/HER2+ vs HR+/HER2-,HR+/HER2-,HR-/HER2+,0.2683653938189904,1.307824923863489,0.82235569598415,2.0798859177738422,0.25691222057897284,NA,converged,NA,0.34254962743863043,NA,FALSE,FALSE,NA,0.05,FALSE,#E41A1C,Clinical_Subtype,harmonized receptor subtype
SCANB,OS,OS,Fun-CIM,M2,M2: Prespecified adjusted,Primary adjusted,median_split,median_group,available,"survival::Surv(time, event) ~ median_group + age_5y + tumor_size + grade + clinical_subtype",age_5y; tumor_size; grade; clinical_subtype,0.12885907966821492,-0.055289421812261076,2462,261,2201,1231,1231,126,135,2462,0,clinical_subtypeHR-/HER2-,clinical_subtype,HR-/HER2- vs HR+/HER2-,HR+/HER2-,HR-/HER2-,0.820297214981659,2.2711747643941935,1.6798305417465451,3.070687597487022,9.7851027779075e-8,NA,converged,NA,2.609360740775333e-7,NA,FALSE,FALSE,NA,0.05,FALSE,#E41A1C,Clinical_Subtype,harmonized receptor subtype
SCANB,DRFi,DRFi,Dys-CIM,M0,M0: Unadjusted,Primary univariable,continuous,cim_z,available,"survival::Surv(time, event) ~ cim_z",,0.3886774662091883,-0.05189421448763552,1867,177,1690,982,885,95,82,1867,0,cim_z,cim_z,CIM score (per 1 SD),per 1-SD increase,+1 SD,0.0498785686634711,1.0511434468722187,0.9070394124158204,1.218141715539788,0.5073209515935524,0.530046761599777,converged,NA,0.5073209515935524,0.5073209515935524,TRUE,FALSE,0.5073209515935524,0.05,FALSE,#4DAF4A,ssGSEA score,within-cohort z standardization
SCANB,DRFi,DRFi,Dys-CIM,M2,M2: Prespecified adjusted,Primary adjusted,continuous,cim_z,available,"survival::Surv(time, event) ~ cim_z + age_5y + tumor_size + grade + clinical_subtype",age_5y; tumor_size; grade; clinical_subtype,0.3886774662091883,-0.05189421448763552,1867,177,1690,982,885,95,82,1867,0,cim_z,cim_z,CIM score (per 1 SD),per 1-SD increase,+1 SD,0.012614059497215571,1.0126939523165635,0.8707184353470843,1.1778193724010673,0.8699876127208849,0.5218737900969908,converged,NA,0.8699876127208849,0.8699876127208849,TRUE,FALSE,0.8699876127208849,0.05,FALSE,#E41A1C,ssGSEA score,within-cohort z standardization
SCANB,DRFi,DRFi,Dys-CIM,M2,M2: Prespecified adjusted,Primary adjusted,continuous,cim_z,available,"survival::Surv(time, event) ~ cim_z + age_5y + tumor_size + grade + clinical_subtype",age_5y; tumor_size; grade; clinical_subtype,0.3886774662091883,-0.05189421448763552,1867,177,1690,982,885,95,82,1867,0,age_5y,age_5y,Age (per 5 years),per 5-year increase,+5 years,0.041560421305951716,1.0424361453019535,0.9769338702883069,1.112330271353273,0.20941430472750155,0.3619637927491612,converged,NA,0.3350628875640025,NA,FALSE,FALSE,NA,0.05,FALSE,#E41A1C,Age (5-year range),numeric age divided by 5
SCANB,DRFi,DRFi,Dys-CIM,M2,M2: Prespecified adjusted,Primary adjusted,continuous,cim_z,available,"survival::Surv(time, event) ~ cim_z + age_5y + tumor_size + grade + clinical_subtype",age_5y; tumor_size; grade; clinical_subtype,0.3886774662091883,-0.05189421448763552,1867,177,1690,982,885,95,82,1867,0,tumor_size21-50 mm,tumor_size,Tumor size: 21-50 vs ≤20 mm,≤20 mm,21-50 mm,0.6787262643238277,1.9713651342750351,1.4392342819378994,2.7002417475787404,2.3548944873959445e-5,NA,converged,NA,9.419577949583778e-5,NA,FALSE,FALSE,NA,0.05,FALSE,#E41A1C,Tumor_Size_Cat,harmonized or derived size category
SCANB,DRFi,DRFi,Dys-CIM,M2,M2: Prespecified adjusted,Primary adjusted,continuous,cim_z,available,"survival::Surv(time, event) ~ cim_z + age_5y + tumor_size + grade + clinical_subtype",age_5y; tumor_size; grade; clinical_subtype,0.3886774662091883,-0.05189421448763552,1867,177,1690,982,885,95,82,1867,0,tumor_size>50 mm,tumor_size,Tumor size: >50 vs ≤20 mm,≤20 mm,>50 mm,1.7376797337956198,5.684139393628599,3.2825625809315517,9.842749330625546,5.53972179647244e-10,NA,converged,NA,4.431777437177952e-9,NA,FALSE,FALSE,NA,0.05,FALSE,#E41A1C,Tumor_Size_Cat,harmonized or derived size category
SCANB,DRFi,DRFi,Dys-CIM,M2,M2: Prespecified adjusted,Primary adjusted,continuous,cim_z,available,"survival::Surv(time, event) ~ cim_z + age_5y + tumor_size + grade + clinical_subtype",age_5y; tumor_size; grade; clinical_subtype,0.3886774662091883,-0.05189421448763552,1867,177,1690,982,885,95,82,1867,0,grade3,grade,Grade: 3 vs 1-2,1-2,3,0.4352300133282648,1.5453184619187168,1.0830029390177078,2.2049886133391023,0.01641353176470342,NA,converged,NA,0.04376941803920912,NA,FALSE,FALSE,NA,0.05,FALSE,#E41A1C,NHG_collapsed,grade 1/2 versus grade 3
SCANB,DRFi,DRFi,Dys-CIM,M2,M2: Prespecified adjusted,Primary adjusted,continuous,cim_z,available,"survival::Surv(time, event) ~ cim_z + age_5y + tumor_size + grade + clinical_subtype",age_5y; tumor_size; grade; clinical_subtype,0.3886774662091883,-0.05189421448763552,1867,177,1690,982,885,95,82,1867,0,clinical_subtypeHR+/HER2+,clinical_subtype,HR+/HER2+ vs HR+/HER2-,HR+/HER2-,HR+/HER2+,-0.17365377687837533,0.8405878782426267,0.5391007200348328,1.3106789785084807,0.4435441694151345,NA,converged,NA,0.583695752510463,NA,FALSE,FALSE,NA,0.05,FALSE,#E41A1C,Clinical_Subtype,harmonized receptor subtype
SCANB,DRFi,DRFi,Dys-CIM,M2,M2: Prespecified adjusted,Primary adjusted,continuous,cim_z,available,"survival::Surv(time, event) ~ cim_z + age_5y + tumor_size + grade + clinical_subtype",age_5y; tumor_size; grade; clinical_subtype,0.3886774662091883,-0.05189421448763552,1867,177,1690,982,885,95,82,1867,0,clinical_subtypeHR-/HER2+,clinical_subtype,HR-/HER2+ vs HR+/HER2-,HR+/HER2-,HR-/HER2+,0.1787946620407507,1.195775180921647,0.7018595780187471,2.0372711694617704,0.5107337834466552,NA,converged,NA,0.583695752510463,NA,FALSE,FALSE,NA,0.05,FALSE,#E41A1C,Clinical_Subtype,harmonized receptor subtype
SCANB,DRFi,DRFi,Dys-CIM,M2,M2: Prespecified adjusted,Primary adjusted,continuous,cim_z,available,"survival::Surv(time, event) ~ cim_z + age_5y + tumor_size + grade + clinical_subtype",age_5y; tumor_size; grade; clinical_subtype,0.3886774662091883,-0.05189421448763552,1867,177,1690,982,885,95,82,1867,0,clinical_subtypeHR-/HER2-,clinical_subtype,HR-/HER2- vs HR+/HER2-,HR+/HER2-,HR-/HER2-,0.35498284270605585,1.4261561850906903,0.9682135282496342,2.1006951513571765,0.072416986952768,NA,converged,NA,0.144833973905536,NA,FALSE,FALSE,NA,0.05,FALSE,#E41A1C,Clinical_Subtype,harmonized receptor subtype
SCANB,DRFi,DRFi,Dys-CIM,M0,M0: Unadjusted,Primary univariable,median_split,median_group,available,"survival::Surv(time, event) ~ median_group",,0.3886774662091883,-0.05189421448763552,1867,177,1690,982,885,95,82,1867,0,median_groupHigh,median_group,CIM score: High vs Low,Low,High,0.010476284805089718,1.010531353212853,0.7519286140562039,1.3580725573370331,0.9446195732003398,NA,converged,NA,0.9446195732003398,0.9446195732003398,TRUE,FALSE,0.9446195732003398,0.05,FALSE,#4DAF4A,ssGSEA score,fixed raw-score median within cohort and signature
SCANB,DRFi,DRFi,Dys-CIM,M2,M2: Prespecified adjusted,Primary adjusted,median_split,median_group,available,"survival::Surv(time, event) ~ median_group + age_5y + tumor_size + grade + clinical_subtype",age_5y; tumor_size; grade; clinical_subtype,0.3886774662091883,-0.05189421448763552,1867,177,1690,982,885,95,82,1867,0,median_groupHigh,median_group,CIM score: High vs Low,Low,High,-0.008767302307703683,0.9912710184156122,0.7335694168369404,1.3395027238017254,0.954484738456316,NA,converged,NA,0.954484738456316,0.954484738456316,TRUE,FALSE,0.954484738456316,0.05,FALSE,#E41A1C,ssGSEA score,fixed raw-score median within cohort and signature
SCANB,DRFi,DRFi,Dys-CIM,M2,M2: Prespecified adjusted,Primary adjusted,median_split,median_group,available,"survival::Surv(time, event) ~ median_group + age_5y + tumor_size + grade + clinical_subtype",age_5y; tumor_size; grade; clinical_subtype,0.3886774662091883,-0.05189421448763552,1867,177,1690,982,885,95,82,1867,0,age_5y,age_5y,Age (per 5 years),per 5-year increase,+5 years,0.04111797177718592,1.0419750219401258,0.9763887324826437,1.1119668941554746,0.21512162695214399,0.3623388530130416,converged,NA,0.3441946031234304,NA,FALSE,FALSE,NA,0.05,FALSE,#E41A1C,Age (5-year range),numeric age divided by 5
SCANB,DRFi,DRFi,Dys-CIM,M2,M2: Prespecified adjusted,Primary adjusted,median_split,median_group,available,"survival::Surv(time, event) ~ median_group + age_5y + tumor_size + grade + clinical_subtype",age_5y; tumor_size; grade; clinical_subtype,0.3886774662091883,-0.05189421448763552,1867,177,1690,982,885,95,82,1867,0,tumor_size21-50 mm,tumor_size,Tumor size: 21-50 vs ≤20 mm,≤20 mm,21-50 mm,0.680144368072731,1.9741627177253647,1.4417505206808974,2.7031850380162905,2.219902885170178e-5,NA,converged,NA,8.879611540680713e-5,NA,FALSE,FALSE,NA,0.05,FALSE,#E41A1C,Tumor_Size_Cat,harmonized or derived size category
SCANB,DRFi,DRFi,Dys-CIM,M2,M2: Prespecified adjusted,Primary adjusted,median_split,median_group,available,"survival::Surv(time, event) ~ median_group + age_5y + tumor_size + grade + clinical_subtype",age_5y; tumor_size; grade; clinical_subtype,0.3886774662091883,-0.05189421448763552,1867,177,1690,982,885,95,82,1867,0,tumor_size>50 mm,tumor_size,Tumor size: >50 vs ≤20 mm,≤20 mm,>50 mm,1.7402137638248263,5.6985614387726224,3.2921373841536052,9.863987641516706,5.089138325137219e-10,NA,converged,NA,4.071310660109775e-9,NA,FALSE,FALSE,NA,0.05,FALSE,#E41A1C,Tumor_Size_Cat,harmonized or derived size category
SCANB,DRFi,DRFi,Dys-CIM,M2,M2: Prespecified adjusted,Primary adjusted,median_split,median_group,available,"survival::Surv(time, event) ~ median_group + age_5y + tumor_size + grade + clinical_subtype",age_5y; tumor_size; grade; clinical_subtype,0.3886774662091883,-0.05189421448763552,1867,177,1690,982,885,95,82,1867,0,grade3,grade,Grade: 3 vs 1-2,1-2,3,0.4413974132070763,1.5548785088267534,1.0915980657877131,2.21477781335816,0.014463333537274853,NA,converged,NA,0.03856888943273294,NA,FALSE,FALSE,NA,0.05,FALSE,#E41A1C,NHG_collapsed,grade 1/2 versus grade 3
SCANB,DRFi,DRFi,Dys-CIM,M2,M2: Prespecified adjusted,Primary adjusted,median_split,median_group,available,"survival::Surv(time, event) ~ median_group + age_5y + tumor_size + grade + clinical_subtype",age_5y; tumor_size; grade; clinical_subtype,0.3886774662091883,-0.05189421448763552,1867,177,1690,982,885,95,82,1867,0,clinical_subtypeHR+/HER2+,clinical_subtype,HR+/HER2+ vs HR+/HER2-,HR+/HER2-,HR+/HER2+,-0.17394523251922245,0.84034291986287,0.5389467480562029,1.3102894219337824,0.4427735222654777,NA,converged,NA,0.5785633061634939,NA,FALSE,FALSE,NA,0.05,FALSE,#E41A1C,Clinical_Subtype,harmonized receptor subtype
SCANB,DRFi,DRFi,Dys-CIM,M2,M2: Prespecified adjusted,Primary adjusted,median_split,median_group,available,"survival::Surv(time, event) ~ median_group + age_5y + tumor_size + grade + clinical_subtype",age_5y; tumor_size; grade; clinical_subtype,0.3886774662091883,-0.05189421448763552,1867,177,1690,982,885,95,82,1867,0,clinical_subtypeHR-/HER2+,clinical_subtype,HR-/HER2+ vs HR+/HER2-,HR+/HER2-,HR-/HER2+,0.18065257672183052,1.1979988942807407,0.7032602396607267,2.0407827284395608,0.5062428928930572,NA,converged,NA,0.5785633061634939,NA,FALSE,FALSE,NA,0.05,FALSE,#E41A1C,Clinical_Subtype,harmonized receptor subtype
SCANB,DRFi,DRFi,Dys-CIM,M2,M2: Prespecified adjusted,Primary adjusted,median_split,median_group,available,"survival::Surv(time, event) ~ median_group + age_5y + tumor_size + grade + clinical_subtype",age_5y; tumor_size; grade; clinical_subtype,0.3886774662091883,-0.05189421448763552,1867,177,1690,982,885,95,82,1867,0,clinical_subtypeHR-/HER2-,clinical_subtype,HR-/HER2- vs HR+/HER2-,HR+/HER2-,HR-/HER2-,0.34999585833890556,1.4190616713085717,0.9628826847650149,2.091361760720119,0.07692551467490608,NA,converged,NA,0.15385102934981215,NA,FALSE,FALSE,NA,0.05,FALSE,#E41A1C,Clinical_Subtype,harmonized receptor subtype
SCANB,DRFi,DRFi,Fun-CIM,M0,M0: Unadjusted,Primary univariable,continuous,cim_z,available,"survival::Surv(time, event) ~ cim_z",,0.12885907966821492,-0.055289421812261076,1867,177,1690,808,1059,77,100,1867,0,cim_z,cim_z,CIM score (per 1 SD),per 1-SD increase,+1 SD,-0.15939330634833615,0.8526609360523465,0.7287079101596375,0.9976983393941663,0.046732737292018774,0.9395540584173535,converged,NA,0.046732737292018774,0.09346547458403755,TRUE,FALSE,0.09346547458403755,0.05,FALSE,#4DAF4A,ssGSEA score,within-cohort z standardization
SCANB,DRFi,DRFi,Fun-CIM,M2,M2: Prespecified adjusted,Primary adjusted,continuous,cim_z,available,"survival::Surv(time, event) ~ cim_z + age_5y + tumor_size + grade + clinical_subtype",age_5y; tumor_size; grade; clinical_subtype,0.12885907966821492,-0.055289421812261076,1867,177,1690,808,1059,77,100,1867,0,cim_z,cim_z,CIM score (per 1 SD),per 1-SD increase,+1 SD,-0.13509214019235757,0.873635411044595,0.743212038361034,1.0269462710994137,0.10149781714669202,0.9819719303145318,converged,NA,0.16239650743470724,0.20299563429338405,TRUE,FALSE,0.20299563429338405,0.05,FALSE,#E41A1C,ssGSEA score,within-cohort z standardization
SCANB,DRFi,DRFi,Fun-CIM,M2,M2: Prespecified adjusted,Primary adjusted,continuous,cim_z,available,"survival::Surv(time, event) ~ cim_z + age_5y + tumor_size + grade + clinical_subtype",age_5y; tumor_size; grade; clinical_subtype,0.12885907966821492,-0.055289421812261076,1867,177,1690,808,1059,77,100,1867,0,age_5y,age_5y,Age (per 5 years),per 5-year increase,+5 years,0.04159617812982121,1.0424734201740078,0.9771571928580698,1.1121555873632525,0.2076689941238736,0.36219710338968153,converged,NA,0.2768919921651648,NA,FALSE,FALSE,NA,0.05,FALSE,#E41A1C,Age (5-year range),numeric age divided by 5
SCANB,DRFi,DRFi,Fun-CIM,M2,M2: Prespecified adjusted,Primary adjusted,continuous,cim_z,available,"survival::Surv(time, event) ~ cim_z + age_5y + tumor_size + grade + clinical_subtype",age_5y; tumor_size; grade; clinical_subtype,0.12885907966821492,-0.055289421812261076,1867,177,1690,808,1059,77,100,1867,0,tumor_size21-50 mm,tumor_size,Tumor size: 21-50 vs ≤20 mm,≤20 mm,21-50 mm,0.6537752111342984,1.9227860676274762,1.4023962737919622,2.6362778702097285,4.902675560145109e-5,NA,converged,NA,1.9610702240580437e-4,NA,FALSE,FALSE,NA,0.05,FALSE,#E41A1C,Tumor_Size_Cat,harmonized or derived size category
SCANB,DRFi,DRFi,Fun-CIM,M2,M2: Prespecified adjusted,Primary adjusted,continuous,cim_z,available,"survival::Surv(time, event) ~ cim_z + age_5y + tumor_size + grade + clinical_subtype",age_5y; tumor_size; grade; clinical_subtype,0.12885907966821492,-0.055289421812261076,1867,177,1690,808,1059,77,100,1867,0,tumor_size>50 mm,tumor_size,Tumor size: >50 vs ≤20 mm,≤20 mm,>50 mm,1.6999885987387242,5.473884982178551,3.156999006232822,9.491107453300902,1.412983470006035e-9,NA,converged,NA,1.130386776004828e-8,NA,FALSE,FALSE,NA,0.05,FALSE,#E41A1C,Tumor_Size_Cat,harmonized or derived size category
SCANB,DRFi,DRFi,Fun-CIM,M2,M2: Prespecified adjusted,Primary adjusted,continuous,cim_z,available,"survival::Surv(time, event) ~ cim_z + age_5y + tumor_size + grade + clinical_subtype",age_5y; tumor_size; grade; clinical_subtype,0.12885907966821492,-0.055289421812261076,1867,177,1690,808,1059,77,100,1867,0,grade3,grade,Grade: 3 vs 1-2,1-2,3,0.42344604222466514,1.527215346597235,1.0749438754315566,2.169775341941208,0.018112862356248448,NA,converged,NA,0.048300966283329194,NA,FALSE,FALSE,NA,0.05,FALSE,#E41A1C,NHG_collapsed,grade 1/2 versus grade 3
SCANB,DRFi,DRFi,Fun-CIM,M2,M2: Prespecified adjusted,Primary adjusted,continuous,cim_z,available,"survival::Surv(time, event) ~ cim_z + age_5y + tumor_size + grade + clinical_subtype",age_5y; tumor_size; grade; clinical_subtype,0.12885907966821492,-0.055289421812261076,1867,177,1690,808,1059,77,100,1867,0,clinical_subtypeHR+/HER2+,clinical_subtype,HR+/HER2+ vs HR+/HER2-,HR+/HER2-,HR+/HER2+,-0.14726784493870024,0.8630627794578417,0.5530535552493171,1.3468449017558592,0.5166092565096819,NA,converged,NA,0.5166092565096819,NA,FALSE,FALSE,NA,0.05,FALSE,#E41A1C,Clinical_Subtype,harmonized receptor subtype
SCANB,DRFi,DRFi,Fun-CIM,M2,M2: Prespecified adjusted,Primary adjusted,continuous,cim_z,available,"survival::Surv(time, event) ~ cim_z + age_5y + tumor_size + grade + clinical_subtype",age_5y; tumor_size; grade; clinical_subtype,0.12885907966821492,-0.055289421812261076,1867,177,1690,808,1059,77,100,1867,0,clinical_subtypeHR-/HER2+,clinical_subtype,HR-/HER2+ vs HR+/HER2-,HR+/HER2-,HR-/HER2+,0.24676400609695262,1.2798770339586274,0.7469715827788067,2.1929685945493373,0.36910375739030926,NA,converged,NA,0.42183286558892485,NA,FALSE,FALSE,NA,0.05,FALSE,#E41A1C,Clinical_Subtype,harmonized receptor subtype
SCANB,DRFi,DRFi,Fun-CIM,M2,M2: Prespecified adjusted,Primary adjusted,continuous,cim_z,available,"survival::Surv(time, event) ~ cim_z + age_5y + tumor_size + grade + clinical_subtype",age_5y; tumor_size; grade; clinical_subtype,0.12885907966821492,-0.055289421812261076,1867,177,1690,808,1059,77,100,1867,0,clinical_subtypeHR-/HER2-,clinical_subtype,HR-/HER2- vs HR+/HER2-,HR+/HER2-,HR-/HER2-,0.39767045489240616,1.4883534694765859,1.0093097882467945,2.194763268818448,0.04477887493623214,NA,converged,NA,0.08955774987246427,NA,FALSE,FALSE,NA,0.05,FALSE,#E41A1C,Clinical_Subtype,harmonized receptor subtype
SCANB,DRFi,DRFi,Fun-CIM,M0,M0: Unadjusted,Primary univariable,median_split,median_group,available,"survival::Surv(time, event) ~ median_group",,0.12885907966821492,-0.055289421812261076,1867,177,1690,808,1059,77,100,1867,0,median_groupHigh,median_group,CIM score: High vs Low,Low,High,-0.1313141589852168,0.8769422318295788,0.6511099834294073,1.181102574891819,0.3873957154299034,NA,converged,NA,0.3873957154299034,0.7747914308598068,TRUE,FALSE,0.7747914308598068,0.05,FALSE,#4DAF4A,ssGSEA score,fixed raw-score median within cohort and signature
SCANB,DRFi,DRFi,Fun-CIM,M2,M2: Prespecified adjusted,Primary adjusted,median_split,median_group,available,"survival::Surv(time, event) ~ median_group + age_5y + tumor_size + grade + clinical_subtype",age_5y; tumor_size; grade; clinical_subtype,0.12885907966821492,-0.055289421812261076,1867,177,1690,808,1059,77,100,1867,0,median_groupHigh,median_group,CIM score: High vs Low,Low,High,-0.08518063973461104,0.9183463795711195,0.6786481103407085,1.2427059915454302,0.580978930026219,NA,converged,NA,0.580978930026219,0.954484738456316,TRUE,FALSE,0.954484738456316,0.05,FALSE,#E41A1C,ssGSEA score,fixed raw-score median within cohort and signature
SCANB,DRFi,DRFi,Fun-CIM,M2,M2: Prespecified adjusted,Primary adjusted,median_split,median_group,available,"survival::Surv(time, event) ~ median_group + age_5y + tumor_size + grade + clinical_subtype",age_5y; tumor_size; grade; clinical_subtype,0.12885907966821492,-0.055289421812261076,1867,177,1690,808,1059,77,100,1867,0,age_5y,age_5y,Age (per 5 years),per 5-year increase,+5 years,0.04098804709287721,1.0418396524584517,0.9764693648226126,1.1115861905528688,0.21507153294554027,0.3660643821546092,converged,NA,0.34411445271286445,NA,FALSE,FALSE,NA,0.05,FALSE,#E41A1C,Age (5-year range),numeric age divided by 5
SCANB,DRFi,DRFi,Fun-CIM,M2,M2: Prespecified adjusted,Primary adjusted,median_split,median_group,available,"survival::Surv(time, event) ~ median_group + age_5y + tumor_size + grade + clinical_subtype",age_5y; tumor_size; grade; clinical_subtype,0.12885907966821492,-0.055289421812261076,1867,177,1690,808,1059,77,100,1867,0,tumor_size21-50 mm,tumor_size,Tumor size: 21-50 vs ≤20 mm,≤20 mm,21-50 mm,0.6739388168852086,1.9619498828059831,1.4318747541371215,2.6882570081781,2.7416307597587246e-5,NA,converged,NA,1.0966523039034898e-4,NA,FALSE,FALSE,NA,0.05,FALSE,#E41A1C,Tumor_Size_Cat,harmonized or derived size category
SCANB,DRFi,DRFi,Fun-CIM,M2,M2: Prespecified adjusted,Primary adjusted,median_split,median_group,available,"survival::Surv(time, event) ~ median_group + age_5y + tumor_size + grade + clinical_subtype",age_5y; tumor_size; grade; clinical_subtype,0.12885907966821492,-0.055289421812261076,1867,177,1690,808,1059,77,100,1867,0,tumor_size>50 mm,tumor_size,Tumor size: >50 vs ≤20 mm,≤20 mm,>50 mm,1.7317245891205673,5.650390111853809,3.262320191059511,9.786564943450976,6.444938006971404e-10,NA,converged,NA,5.155950405577123e-9,NA,FALSE,FALSE,NA,0.05,FALSE,#E41A1C,Tumor_Size_Cat,harmonized or derived size category
SCANB,DRFi,DRFi,Fun-CIM,M2,M2: Prespecified adjusted,Primary adjusted,median_split,median_group,available,"survival::Surv(time, event) ~ median_group + age_5y + tumor_size + grade + clinical_subtype",age_5y; tumor_size; grade; clinical_subtype,0.12885907966821492,-0.055289421812261076,1867,177,1690,808,1059,77,100,1867,0,grade3,grade,Grade: 3 vs 1-2,1-2,3,0.43396108361491814,1.5433588050022,1.0860248402371462,2.193279852105124,0.015511937280620414,NA,converged,NA,0.041365166081654435,NA,FALSE,FALSE,NA,0.05,FALSE,#E41A1C,NHG_collapsed,grade 1/2 versus grade 3
SCANB,DRFi,DRFi,Fun-CIM,M2,M2: Prespecified adjusted,Primary adjusted,median_split,median_group,available,"survival::Surv(time, event) ~ median_group + age_5y + tumor_size + grade + clinical_subtype",age_5y; tumor_size; grade; clinical_subtype,0.12885907966821492,-0.055289421812261076,1867,177,1690,808,1059,77,100,1867,0,clinical_subtypeHR+/HER2+,clinical_subtype,HR+/HER2+ vs HR+/HER2-,HR+/HER2-,HR+/HER2+,-0.16835792789335993,0.8450513131111508,0.5417272550113947,1.3182126525567917,0.4580103076274046,NA,converged,NA,0.531918131781895,NA,FALSE,FALSE,NA,0.05,FALSE,#E41A1C,Clinical_Subtype,harmonized receptor subtype
SCANB,DRFi,DRFi,Fun-CIM,M2,M2: Prespecified adjusted,Primary adjusted,median_split,median_group,available,"survival::Surv(time, event) ~ median_group + age_5y + tumor_size + grade + clinical_subtype",age_5y; tumor_size; grade; clinical_subtype,0.12885907966821492,-0.055289421812261076,1867,177,1690,808,1059,77,100,1867,0,clinical_subtypeHR-/HER2+,clinical_subtype,HR-/HER2+ vs HR+/HER2-,HR+/HER2-,HR-/HER2+,0.20006037965511944,1.22147650826395,0.7138202277904396,2.0901689279092666,0.46542836530915815,NA,converged,NA,0.531918131781895,NA,FALSE,FALSE,NA,0.05,FALSE,#E41A1C,Clinical_Subtype,harmonized receptor subtype
SCANB,DRFi,DRFi,Fun-CIM,M2,M2: Prespecified adjusted,Primary adjusted,median_split,median_group,available,"survival::Surv(time, event) ~ median_group + age_5y + tumor_size + grade + clinical_subtype",age_5y; tumor_size; grade; clinical_subtype,0.12885907966821492,-0.055289421812261076,1867,177,1690,808,1059,77,100,1867,0,clinical_subtypeHR-/HER2-,clinical_subtype,HR-/HER2- vs HR+/HER2-,HR+/HER2-,HR-/HER2-,0.36490382436069446,1.4403754724555409,0.9772921838096748,2.122887644065679,0.06519826789892591,NA,converged,NA,0.13039653579785182,NA,FALSE,FALSE,NA,0.05,FALSE,#E41A1C,Clinical_Subtype,harmonized receptor subtype
SCANB,RFi,RFI,Dys-CIM,M0,M0: Unadjusted,Primary univariable,continuous,cim_z,available,"survival::Surv(time, event) ~ cim_z",,0.3886774662091883,-0.05189421448763552,1866,214,1652,981,885,110,104,1866,0,cim_z,cim_z,CIM score (per 1 SD),per 1-SD increase,+1 SD,0.09283092559081994,1.097276198258816,0.96001729133052,1.2541597595566591,0.1733525599738437,0.24395544520614731,converged,NA,0.1733525599738437,0.1733525599738437,TRUE,FALSE,0.1733525599738437,0.05,FALSE,#4DAF4A,ssGSEA score,within-cohort z standardization
SCANB,RFi,RFI,Dys-CIM,M2,M2: Prespecified adjusted,Primary adjusted,continuous,cim_z,available,"survival::Surv(time, event) ~ cim_z + age_5y + tumor_size + grade + clinical_subtype",age_5y; tumor_size; grade; clinical_subtype,0.3886774662091883,-0.05189421448763552,1866,214,1652,981,885,110,104,1866,0,cim_z,cim_z,CIM score (per 1 SD),per 1-SD increase,+1 SD,0.07114080482212277,1.0737324019248091,0.9364632096127665,1.231122866449769,0.3080341926177921,0.2455500807621296,converged,NA,0.4928547081884673,0.3080341926177921,TRUE,FALSE,0.3080341926177921,0.05,FALSE,#E41A1C,ssGSEA score,within-cohort z standardization
SCANB,RFi,RFI,Dys-CIM,M2,M2: Prespecified adjusted,Primary adjusted,continuous,cim_z,available,"survival::Surv(time, event) ~ cim_z + age_5y + tumor_size + grade + clinical_subtype",age_5y; tumor_size; grade; clinical_subtype,0.3886774662091883,-0.05189421448763552,1866,214,1652,981,885,110,104,1866,0,age_5y,age_5y,Age (per 5 years),per 5-year increase,+5 years,0.015040484978796658,1.0151541622785296,0.9573322144604364,1.0764685003024226,0.6152013371518469,0.5963056108485836,converged,NA,0.6152013371518469,NA,FALSE,FALSE,NA,0.05,FALSE,#E41A1C,Age (5-year range),numeric age divided by 5
SCANB,RFi,RFI,Dys-CIM,M2,M2: Prespecified adjusted,Primary adjusted,continuous,cim_z,available,"survival::Surv(time, event) ~ cim_z + age_5y + tumor_size + grade + clinical_subtype",age_5y; tumor_size; grade; clinical_subtype,0.3886774662091883,-0.05189421448763552,1866,214,1652,981,885,110,104,1866,0,tumor_size21-50 mm,tumor_size,Tumor size: 21-50 vs ≤20 mm,≤20 mm,21-50 mm,0.5202612988834161,1.68246721907262,1.270536461645726,2.2279533320809657,2.822143779466996e-4,NA,converged,NA,0.0011288575117867983,NA,FALSE,FALSE,NA,0.05,FALSE,#E41A1C,Tumor_Size_Cat,harmonized or derived size category
SCANB,RFi,RFI,Dys-CIM,M2,M2: Prespecified adjusted,Primary adjusted,continuous,cim_z,available,"survival::Surv(time, event) ~ cim_z + age_5y + tumor_size + grade + clinical_subtype",age_5y; tumor_size; grade; clinical_subtype,0.3886774662091883,-0.05189421448763552,1866,214,1652,981,885,110,104,1866,0,tumor_size>50 mm,tumor_size,Tumor size: >50 vs ≤20 mm,≤20 mm,>50 mm,1.4143540480620018,4.113828272187963,2.4097954141021862,7.0228298029018354,2.1801376423147158e-7,NA,converged,NA,1.7441101138517726e-6,NA,FALSE,FALSE,NA,0.05,FALSE,#E41A1C,Tumor_Size_Cat,harmonized or derived size category
SCANB,RFi,RFI,Dys-CIM,M2,M2: Prespecified adjusted,Primary adjusted,continuous,cim_z,available,"survival::Surv(time, event) ~ cim_z + age_5y + tumor_size + grade + clinical_subtype",age_5y; tumor_size; grade; clinical_subtype,0.3886774662091883,-0.05189421448763552,1866,214,1652,981,885,110,104,1866,0,grade3,grade,Grade: 3 vs 1-2,1-2,3,0.3084025746973132,1.3612488830026495,0.9891323425627934,1.873357529362484,0.05837170292388098,NA,converged,NA,0.11674340584776197,NA,FALSE,FALSE,NA,0.05,FALSE,#E41A1C,NHG_collapsed,grade 1/2 versus grade 3
SCANB,RFi,RFI,Dys-CIM,M2,M2: Prespecified adjusted,Primary adjusted,continuous,cim_z,available,"survival::Surv(time, event) ~ cim_z + age_5y + tumor_size + grade + clinical_subtype",age_5y; tumor_size; grade; clinical_subtype,0.3886774662091883,-0.05189421448763552,1866,214,1652,981,885,110,104,1866,0,clinical_subtypeHR+/HER2+,clinical_subtype,HR+/HER2+ vs HR+/HER2-,HR+/HER2-,HR+/HER2+,-0.1702110209201372,0.8434868044533018,0.5618328256552391,1.2663375239015073,0.41164290389759595,NA,converged,NA,0.5488572051967946,NA,FALSE,FALSE,NA,0.05,FALSE,#E41A1C,Clinical_Subtype,harmonized receptor subtype
SCANB,RFi,RFI,Dys-CIM,M2,M2: Prespecified adjusted,Primary adjusted,continuous,cim_z,available,"survival::Surv(time, event) ~ cim_z + age_5y + tumor_size + grade + clinical_subtype",age_5y; tumor_size; grade; clinical_subtype,0.3886774662091883,-0.05189421448763552,1866,214,1652,981,885,110,104,1866,0,clinical_subtypeHR-/HER2+,clinical_subtype,HR-/HER2+ vs HR+/HER2-,HR+/HER2-,HR-/HER2+,0.15822136126283767,1.1714254742316854,0.7096693957553447,1.9336294475801261,0.5360749629664535,NA,converged,NA,0.6126571005330897,NA,FALSE,FALSE,NA,0.05,FALSE,#E41A1C,Clinical_Subtype,harmonized receptor subtype
SCANB,RFi,RFI,Dys-CIM,M2,M2: Prespecified adjusted,Primary adjusted,continuous,cim_z,available,"survival::Surv(time, event) ~ cim_z + age_5y + tumor_size + grade + clinical_subtype",age_5y; tumor_size; grade; clinical_subtype,0.3886774662091883,-0.05189421448763552,1866,214,1652,981,885,110,104,1866,0,clinical_subtypeHR-/HER2-,clinical_subtype,HR-/HER2- vs HR+/HER2-,HR+/HER2-,HR-/HER2-,0.46479723542015555,1.591691417523391,1.1234640324926695,2.2550624633674263,0.008924920510807764,NA,converged,NA,0.0237997880288207,NA,FALSE,FALSE,NA,0.05,FALSE,#E41A1C,Clinical_Subtype,harmonized receptor subtype
SCANB,RFi,RFI,Dys-CIM,M0,M0: Unadjusted,Primary univariable,median_split,median_group,available,"survival::Surv(time, event) ~ median_group",,0.3886774662091883,-0.05189421448763552,1866,214,1652,981,885,110,104,1866,0,median_groupHigh,median_group,CIM score: High vs Low,Low,High,0.1055370243417925,1.1113072491806006,0.8498528586244846,1.453197208844186,0.44060937754384877,NA,converged,NA,0.44060937754384877,0.44060937754384877,TRUE,FALSE,0.44060937754384877,0.05,FALSE,#4DAF4A,ssGSEA score,fixed raw-score median within cohort and signature
SCANB,RFi,RFI,Dys-CIM,M2,M2: Prespecified adjusted,Primary adjusted,median_split,median_group,available,"survival::Surv(time, event) ~ median_group + age_5y + tumor_size + grade + clinical_subtype",age_5y; tumor_size; grade; clinical_subtype,0.3886774662091883,-0.05189421448763552,1866,214,1652,981,885,110,104,1866,0,median_groupHigh,median_group,CIM score: High vs Low,Low,High,0.10738581252320112,1.1133637212937137,0.8471408483392204,1.4632499168504525,0.44118864768433347,NA,converged,NA,0.5882515302457779,0.44118864768433347,TRUE,FALSE,0.44118864768433347,0.05,FALSE,#E41A1C,ssGSEA score,fixed raw-score median within cohort and signature
SCANB,RFi,RFI,Dys-CIM,M2,M2: Prespecified adjusted,Primary adjusted,median_split,median_group,available,"survival::Surv(time, event) ~ median_group + age_5y + tumor_size + grade + clinical_subtype",age_5y; tumor_size; grade; clinical_subtype,0.3886774662091883,-0.05189421448763552,1866,214,1652,981,885,110,104,1866,0,age_5y,age_5y,Age (per 5 years),per 5-year increase,+5 years,0.015171853112461864,1.0152875299461495,0.9573594815169979,1.0767206972565524,0.6127406502428363,0.59884010008214,converged,NA,0.6127406502428363,NA,FALSE,FALSE,NA,0.05,FALSE,#E41A1C,Age (5-year range),numeric age divided by 5
SCANB,RFi,RFI,Dys-CIM,M2,M2: Prespecified adjusted,Primary adjusted,median_split,median_group,available,"survival::Surv(time, event) ~ median_group + age_5y + tumor_size + grade + clinical_subtype",age_5y; tumor_size; grade; clinical_subtype,0.3886774662091883,-0.05189421448763552,1866,214,1652,981,885,110,104,1866,0,tumor_size21-50 mm,tumor_size,Tumor size: 21-50 vs ≤20 mm,≤20 mm,21-50 mm,0.5256213079061358,1.6915094701726028,1.2777593478376654,2.239235653040282,2.4014277990148835e-4,NA,converged,NA,9.605711196059534e-4,NA,FALSE,FALSE,NA,0.05,FALSE,#E41A1C,Tumor_Size_Cat,harmonized or derived size category
SCANB,RFi,RFI,Dys-CIM,M2,M2: Prespecified adjusted,Primary adjusted,median_split,median_group,available,"survival::Surv(time, event) ~ median_group + age_5y + tumor_size + grade + clinical_subtype",age_5y; tumor_size; grade; clinical_subtype,0.3886774662091883,-0.05189421448763552,1866,214,1652,981,885,110,104,1866,0,tumor_size>50 mm,tumor_size,Tumor size: >50 vs ≤20 mm,≤20 mm,>50 mm,1.422784985720773,4.148658320561111,2.43149928169986,7.0784992577618535,1.7949949547988456e-7,NA,converged,NA,1.4359959638390765e-6,NA,FALSE,FALSE,NA,0.05,FALSE,#E41A1C,Tumor_Size_Cat,harmonized or derived size category
SCANB,RFi,RFI,Dys-CIM,M2,M2: Prespecified adjusted,Primary adjusted,median_split,median_group,available,"survival::Surv(time, event) ~ median_group + age_5y + tumor_size + grade + clinical_subtype",age_5y; tumor_size; grade; clinical_subtype,0.3886774662091883,-0.05189421448763552,1866,214,1652,981,885,110,104,1866,0,grade3,grade,Grade: 3 vs 1-2,1-2,3,0.31931219494041124,1.3761808945601863,1.0016871092837834,1.8906840639155416,0.048796464052225236,NA,converged,NA,0.09759292810445047,NA,FALSE,FALSE,NA,0.05,FALSE,#E41A1C,NHG_collapsed,grade 1/2 versus grade 3
SCANB,RFi,RFI,Dys-CIM,M2,M2: Prespecified adjusted,Primary adjusted,median_split,median_group,available,"survival::Surv(time, event) ~ median_group + age_5y + tumor_size + grade + clinical_subtype",age_5y; tumor_size; grade; clinical_subtype,0.3886774662091883,-0.05189421448763552,1866,214,1652,981,885,110,104,1866,0,clinical_subtypeHR+/HER2+,clinical_subtype,HR+/HER2+ vs HR+/HER2-,HR+/HER2-,HR+/HER2+,-0.17348354396325552,0.8407309861480466,0.5599638007775319,1.2622755079667785,0.40277926387452107,NA,converged,NA,0.5882515302457779,NA,FALSE,FALSE,NA,0.05,FALSE,#E41A1C,Clinical_Subtype,harmonized receptor subtype
SCANB,RFi,RFI,Dys-CIM,M2,M2: Prespecified adjusted,Primary adjusted,median_split,median_group,available,"survival::Surv(time, event) ~ median_group + age_5y + tumor_size + grade + clinical_subtype",age_5y; tumor_size; grade; clinical_subtype,0.3886774662091883,-0.05189421448763552,1866,214,1652,981,885,110,104,1866,0,clinical_subtypeHR-/HER2+,clinical_subtype,HR-/HER2+ vs HR+/HER2-,HR+/HER2-,HR-/HER2+,0.1628417142965729,1.176850396352255,0.7130255762825589,1.9423943564762378,0.5241558800993046,NA,converged,NA,0.5990352915420624,NA,FALSE,FALSE,NA,0.05,FALSE,#E41A1C,Clinical_Subtype,harmonized receptor subtype
SCANB,RFi,RFI,Dys-CIM,M2,M2: Prespecified adjusted,Primary adjusted,median_split,median_group,available,"survival::Surv(time, event) ~ median_group + age_5y + tumor_size + grade + clinical_subtype",age_5y; tumor_size; grade; clinical_subtype,0.3886774662091883,-0.05189421448763552,1866,214,1652,981,885,110,104,1866,0,clinical_subtypeHR-/HER2-,clinical_subtype,HR-/HER2- vs HR+/HER2-,HR+/HER2-,HR-/HER2-,0.4610326458247043,1.585710617266414,1.1188281212784794,2.2474213097523412,0.009570228801033469,NA,converged,NA,0.02552061013608925,NA,FALSE,FALSE,NA,0.05,FALSE,#E41A1C,Clinical_Subtype,harmonized receptor subtype
SCANB,RFi,RFI,Fun-CIM,M0,M0: Unadjusted,Primary univariable,continuous,cim_z,available,"survival::Surv(time, event) ~ cim_z",,0.12885907966821492,-0.055289421812261076,1866,214,1652,807,1059,96,118,1866,0,cim_z,cim_z,CIM score (per 1 SD),per 1-SD increase,+1 SD,-0.14944116997661752,0.8611891003043624,0.7464611625030664,0.9935502390989974,0.04049446527808786,0.6832217925462876,converged,NA,0.04049446527808786,0.08098893055617572,TRUE,FALSE,0.08098893055617572,0.05,FALSE,#4DAF4A,ssGSEA score,within-cohort z standardization
SCANB,RFi,RFI,Fun-CIM,M2,M2: Prespecified adjusted,Primary adjusted,continuous,cim_z,available,"survival::Surv(time, event) ~ cim_z + age_5y + tumor_size + grade + clinical_subtype",age_5y; tumor_size; grade; clinical_subtype,0.12885907966821492,-0.055289421812261076,1866,214,1652,807,1059,96,118,1866,0,cim_z,cim_z,CIM score (per 1 SD),per 1-SD increase,+1 SD,-0.13843577182220873,0.8707191741791092,0.7520633492461386,1.0080957688512735,0.06401300360510795,0.6466907740356432,converged,NA,0.10242080576817272,0.1280260072102159,TRUE,FALSE,0.1280260072102159,0.05,FALSE,#E41A1C,ssGSEA score,within-cohort z standardization
SCANB,RFi,RFI,Fun-CIM,M2,M2: Prespecified adjusted,Primary adjusted,continuous,cim_z,available,"survival::Surv(time, event) ~ cim_z + age_5y + tumor_size + grade + clinical_subtype",age_5y; tumor_size; grade; clinical_subtype,0.12885907966821492,-0.055289421812261076,1866,214,1652,807,1059,96,118,1866,0,age_5y,age_5y,Age (per 5 years),per 5-year increase,+5 years,0.013336730707573697,1.0134260615860902,0.9557724387614409,1.0745574371581552,0.6553958841320247,0.5953910648382518,converged,NA,0.6553958841320247,NA,FALSE,FALSE,NA,0.05,FALSE,#E41A1C,Age (5-year range),numeric age divided by 5
SCANB,RFi,RFI,Fun-CIM,M2,M2: Prespecified adjusted,Primary adjusted,continuous,cim_z,available,"survival::Surv(time, event) ~ cim_z + age_5y + tumor_size + grade + clinical_subtype",age_5y; tumor_size; grade; clinical_subtype,0.12885907966821492,-0.055289421812261076,1866,214,1652,807,1059,96,118,1866,0,tumor_size21-50 mm,tumor_size,Tumor size: 21-50 vs ≤20 mm,≤20 mm,21-50 mm,0.5000153510444825,1.6487465804879593,1.2438444507780435,2.1854543668787203,5.059566168890666e-4,NA,converged,NA,0.0020238264675562665,NA,FALSE,FALSE,NA,0.05,FALSE,#E41A1C,Tumor_Size_Cat,harmonized or derived size category
SCANB,RFi,RFI,Fun-CIM,M2,M2: Prespecified adjusted,Primary adjusted,continuous,cim_z,available,"survival::Surv(time, event) ~ cim_z + age_5y + tumor_size + grade + clinical_subtype",age_5y; tumor_size; grade; clinical_subtype,0.12885907966821492,-0.055289421812261076,1866,214,1652,807,1059,96,118,1866,0,tumor_size>50 mm,tumor_size,Tumor size: >50 vs ≤20 mm,≤20 mm,>50 mm,1.3849769569438042,3.9947338528793987,2.3373756889457273,6.827271555364935,4.0869030711360686e-7,NA,converged,NA,3.269522456908855e-6,NA,FALSE,FALSE,NA,0.05,FALSE,#E41A1C,Tumor_Size_Cat,harmonized or derived size category
SCANB,RFi,RFI,Fun-CIM,M2,M2: Prespecified adjusted,Primary adjusted,continuous,cim_z,available,"survival::Surv(time, event) ~ cim_z + age_5y + tumor_size + grade + clinical_subtype",age_5y; tumor_size; grade; clinical_subtype,0.12885907966821492,-0.055289421812261076,1866,214,1652,807,1059,96,118,1866,0,grade3,grade,Grade: 3 vs 1-2,1-2,3,0.3184219578789975,1.374956312489687,1.0029853200836896,1.8848778974127887,0.047873978301742795,NA,converged,NA,0.09574795660348559,NA,FALSE,FALSE,NA,0.05,FALSE,#E41A1C,NHG_collapsed,grade 1/2 versus grade 3
SCANB,RFi,RFI,Fun-CIM,M2,M2: Prespecified adjusted,Primary adjusted,continuous,cim_z,available,"survival::Surv(time, event) ~ cim_z + age_5y + tumor_size + grade + clinical_subtype",age_5y; tumor_size; grade; clinical_subtype,0.12885907966821492,-0.055289421812261076,1866,214,1652,807,1059,96,118,1866,0,clinical_subtypeHR+/HER2+,clinical_subtype,HR+/HER2+ vs HR+/HER2-,HR+/HER2-,HR+/HER2+,-0.14525039813830132,0.8648057202548087,0.5756045460170117,1.2993103319988981,0.48434660590751666,NA,converged,NA,0.553538978180019,NA,FALSE,FALSE,NA,0.05,FALSE,#E41A1C,Clinical_Subtype,harmonized receptor subtype
SCANB,RFi,RFI,Fun-CIM,M2,M2: Prespecified adjusted,Primary adjusted,continuous,cim_z,available,"survival::Surv(time, event) ~ cim_z + age_5y + tumor_size + grade + clinical_subtype",age_5y; tumor_size; grade; clinical_subtype,0.12885907966821492,-0.055289421812261076,1866,214,1652,807,1059,96,118,1866,0,clinical_subtypeHR-/HER2+,clinical_subtype,HR-/HER2+ vs HR+/HER2-,HR+/HER2-,HR-/HER2+,0.23424564583860055,1.263954939347222,0.7619132758616972,2.0968030605496804,0.36438748659576276,NA,converged,NA,0.48584998212768365,NA,FALSE,FALSE,NA,0.05,FALSE,#E41A1C,Clinical_Subtype,harmonized receptor subtype
SCANB,RFi,RFI,Fun-CIM,M2,M2: Prespecified adjusted,Primary adjusted,continuous,cim_z,available,"survival::Surv(time, event) ~ cim_z + age_5y + tumor_size + grade + clinical_subtype",age_5y; tumor_size; grade; clinical_subtype,0.12885907966821492,-0.055289421812261076,1866,214,1652,807,1059,96,118,1866,0,clinical_subtypeHR-/HER2-,clinical_subtype,HR-/HER2- vs HR+/HER2-,HR+/HER2-,HR-/HER2-,0.49132785752120756,1.6344851430167477,1.1527967094006604,2.3174438831729613,0.005812297896198867,NA,converged,NA,0.01549946105653031,NA,FALSE,FALSE,NA,0.05,FALSE,#E41A1C,Clinical_Subtype,harmonized receptor subtype
SCANB,RFi,RFI,Fun-CIM,M0,M0: Unadjusted,Primary univariable,median_split,median_group,available,"survival::Surv(time, event) ~ median_group",,0.12885907966821492,-0.055289421812261076,1866,214,1652,807,1059,96,118,1866,0,median_groupHigh,median_group,CIM score: High vs Low,Low,High,-0.19129961657330088,0.8258851022133356,0.6304848100615784,1.0818439892173033,0.16488146843790372,NA,converged,NA,0.16488146843790372,0.32976293687580743,TRUE,FALSE,0.32976293687580743,0.05,FALSE,#4DAF4A,ssGSEA score,fixed raw-score median within cohort and signature
SCANB,RFi,RFI,Fun-CIM,M2,M2: Prespecified adjusted,Primary adjusted,median_split,median_group,available,"survival::Surv(time, event) ~ median_group + age_5y + tumor_size + grade + clinical_subtype",age_5y; tumor_size; grade; clinical_subtype,0.12885907966821492,-0.055289421812261076,1866,214,1652,807,1059,96,118,1866,0,median_groupHigh,median_group,CIM score: High vs Low,Low,High,-0.1685716185063371,0.8448707528707562,0.6422863863375295,1.1113525122752392,0.22814091515340928,NA,converged,NA,0.3650254642454549,0.44118864768433347,TRUE,FALSE,0.44118864768433347,0.05,FALSE,#E41A1C,ssGSEA score,fixed raw-score median within cohort and signature
SCANB,RFi,RFI,Fun-CIM,M2,M2: Prespecified adjusted,Primary adjusted,median_split,median_group,available,"survival::Surv(time, event) ~ median_group + age_5y + tumor_size + grade + clinical_subtype",age_5y; tumor_size; grade; clinical_subtype,0.12885907966821492,-0.055289421812261076,1866,214,1652,807,1059,96,118,1866,0,age_5y,age_5y,Age (per 5 years),per 5-year increase,+5 years,0.012667687151582271,1.0127482621740596,0.9550615491965103,1.0739193127390176,0.6720408191762055,0.606675678644459,converged,NA,0.6720408191762055,NA,FALSE,FALSE,NA,0.05,FALSE,#E41A1C,Age (5-year range),numeric age divided by 5
SCANB,RFi,RFI,Fun-CIM,M2,M2: Prespecified adjusted,Primary adjusted,median_split,median_group,available,"survival::Surv(time, event) ~ median_group + age_5y + tumor_size + grade + clinical_subtype",age_5y; tumor_size; grade; clinical_subtype,0.12885907966821492,-0.055289421812261076,1866,214,1652,807,1059,96,118,1866,0,tumor_size21-50 mm,tumor_size,Tumor size: 21-50 vs ≤20 mm,≤20 mm,21-50 mm,0.5148865766635171,1.6734486828997392,1.2632459844702562,2.2168528764199764,3.3228764907511637e-4,NA,converged,NA,0.0013291505963004655,NA,FALSE,FALSE,NA,0.05,FALSE,#E41A1C,Tumor_Size_Cat,harmonized or derived size category
SCANB,RFi,RFI,Fun-CIM,M2,M2: Prespecified adjusted,Primary adjusted,median_split,median_group,available,"survival::Surv(time, event) ~ median_group + age_5y + tumor_size + grade + clinical_subtype",age_5y; tumor_size; grade; clinical_subtype,0.12885907966821492,-0.055289421812261076,1866,214,1652,807,1059,96,118,1866,0,tumor_size>50 mm,tumor_size,Tumor size: >50 vs ≤20 mm,≤20 mm,>50 mm,1.4105187690085563,4.098080810044946,2.400052417150716,6.997458141183596,2.3770222196253913e-7,NA,converged,NA,1.901617775700313e-6,NA,FALSE,FALSE,NA,0.05,FALSE,#E41A1C,Tumor_Size_Cat,harmonized or derived size category
SCANB,RFi,RFI,Fun-CIM,M2,M2: Prespecified adjusted,Primary adjusted,median_split,median_group,available,"survival::Surv(time, event) ~ median_group + age_5y + tumor_size + grade + clinical_subtype",age_5y; tumor_size; grade; clinical_subtype,0.12885907966821492,-0.055289421812261076,1866,214,1652,807,1059,96,118,1866,0,grade3,grade,Grade: 3 vs 1-2,1-2,3,0.3226843854119048,1.3808294721993113,1.0069415533566684,1.8935458815243278,0.04518787943059412,NA,converged,NA,0.09037575886118825,NA,FALSE,FALSE,NA,0.05,FALSE,#E41A1C,NHG_collapsed,grade 1/2 versus grade 3
SCANB,RFi,RFI,Fun-CIM,M2,M2: Prespecified adjusted,Primary adjusted,median_split,median_group,available,"survival::Surv(time, event) ~ median_group + age_5y + tumor_size + grade + clinical_subtype",age_5y; tumor_size; grade; clinical_subtype,0.12885907966821492,-0.055289421812261076,1866,214,1652,807,1059,96,118,1866,0,clinical_subtypeHR+/HER2+,clinical_subtype,HR+/HER2+ vs HR+/HER2-,HR+/HER2-,HR+/HER2+,-0.16082778866900133,0.8514386858717846,0.5668930069053555,1.278808923321405,0.43836860939723304,NA,converged,NA,0.5009926964539806,NA,FALSE,FALSE,NA,0.05,FALSE,#E41A1C,Clinical_Subtype,harmonized receptor subtype
SCANB,RFi,RFI,Fun-CIM,M2,M2: Prespecified adjusted,Primary adjusted,median_split,median_group,available,"survival::Surv(time, event) ~ median_group + age_5y + tumor_size + grade + clinical_subtype",age_5y; tumor_size; grade; clinical_subtype,0.12885907966821492,-0.055289421812261076,1866,214,1652,807,1059,96,118,1866,0,clinical_subtypeHR-/HER2+,clinical_subtype,HR-/HER2+ vs HR+/HER2-,HR+/HER2-,HR-/HER2+,0.20432102059890503,1.2266918836182341,0.740405424973184,2.0323635221734784,0.4276701904033852,NA,converged,NA,0.5009926964539806,NA,FALSE,FALSE,NA,0.05,FALSE,#E41A1C,Clinical_Subtype,harmonized receptor subtype
SCANB,RFi,RFI,Fun-CIM,M2,M2: Prespecified adjusted,Primary adjusted,median_split,median_group,available,"survival::Surv(time, event) ~ median_group + age_5y + tumor_size + grade + clinical_subtype",age_5y; tumor_size; grade; clinical_subtype,0.12885907966821492,-0.055289421812261076,1866,214,1652,807,1059,96,118,1866,0,clinical_subtypeHR-/HER2-,clinical_subtype,HR-/HER2- vs HR+/HER2-,HR+/HER2-,HR-/HER2-,0.4695042697381536,1.599201224242602,1.1286196484586768,2.2659932946512713,0.00828022873192982,NA,converged,NA,0.022080609951812852,NA,FALSE,FALSE,NA,0.05,FALSE,#E41A1C,Clinical_Subtype,harmonized receptor subtype
METABRIC,OS,OS,Dys-CIM,M0,M0: Unadjusted,Primary univariable,continuous,cim_z,common,"survival::Surv(time, event) ~ cim_z",,0.7514332257467629,-0.01821328144254894,402,216,186,199,203,100,116,412,0,cim_z,cim_z,CIM score (per 1 SD),per 1-SD increase,+1 SD,0.05416267631563165,1.0556563184680745,0.9248927167912296,1.2049075990000662,0.4221145726976488,0.23044620471532223,converged,NA,0.4221145726976488,0.4221145726976488,TRUE,FALSE,0.4221145726976488,0.05,FALSE,#4DAF4A,ssGSEA score,within-cohort z standardization
METABRIC,OS,OS,Dys-CIM,M2,M2: Prespecified adjusted,Primary adjusted,continuous,cim_z,common,"survival::Surv(time, event) ~ cim_z + age_5y + tumor_size + grade + clinical_subtype",age_5y; tumor_size; grade; clinical_subtype,0.7514332257467629,-0.01821328144254894,402,216,186,199,203,100,116,412,10,cim_z,cim_z,CIM score (per 1 SD),per 1-SD increase,+1 SD,0.0371789115917829,1.0378786927572312,0.9064949089685669,1.1883047220917282,0.5903134388478849,0.273959304977722,converged,NA,0.5903134388478849,0.5903134388478849,TRUE,FALSE,0.5903134388478849,0.05,FALSE,#E41A1C,ssGSEA score,within-cohort z standardization
METABRIC,OS,OS,Dys-CIM,M2,M2: Prespecified adjusted,Primary adjusted,continuous,cim_z,common,"survival::Surv(time, event) ~ cim_z + age_5y + tumor_size + grade + clinical_subtype",age_5y; tumor_size; grade; clinical_subtype,0.7514332257467629,-0.01821328144254894,402,216,186,199,203,100,116,412,10,age_5y,age_5y,Age (per 5 years),per 5-year increase,+5 years,0.13654509398342926,1.146306568139685,1.0724560056156387,1.2252425659231359,5.850823030115401e-5,0.009334608253331883,converged,NA,4.680658424092321e-4,NA,FALSE,FALSE,NA,0.05,FALSE,#E41A1C,AGE_AT_DIAGNOSIS,numeric age divided by 5
METABRIC,OS,OS,Dys-CIM,M2,M2: Prespecified adjusted,Primary adjusted,continuous,cim_z,common,"survival::Surv(time, event) ~ cim_z + age_5y + tumor_size + grade + clinical_subtype",age_5y; tumor_size; grade; clinical_subtype,0.7514332257467629,-0.01821328144254894,402,216,186,199,203,100,116,412,10,tumor_size21-50 mm,tumor_size,Tumor size: 21-50 vs ≤20 mm,≤20 mm,21-50 mm,0.19923164000269986,1.2204646415919829,0.8912903099418689,1.6712107433024788,0.21411277928463981,NA,converged,NA,0.2755776534255903,NA,FALSE,FALSE,NA,0.05,FALSE,#E41A1C,Tumor_Size_Cat,harmonized or derived size category
METABRIC,OS,OS,Dys-CIM,M2,M2: Prespecified adjusted,Primary adjusted,continuous,cim_z,common,"survival::Surv(time, event) ~ cim_z + age_5y + tumor_size + grade + clinical_subtype",age_5y; tumor_size; grade; clinical_subtype,0.7514332257467629,-0.01821328144254894,402,216,186,199,203,100,116,412,10,tumor_size>50 mm,tumor_size,Tumor size: >50 vs ≤20 mm,≤20 mm,>50 mm,0.31458545395187315,1.3696913930969157,0.8592011551008424,2.1834869531845325,0.18611262675275397,NA,converged,NA,0.2755776534255903,NA,FALSE,FALSE,NA,0.05,FALSE,#E41A1C,Tumor_Size_Cat,harmonized or derived size category
METABRIC,OS,OS,Dys-CIM,M2,M2: Prespecified adjusted,Primary adjusted,continuous,cim_z,common,"survival::Surv(time, event) ~ cim_z + age_5y + tumor_size + grade + clinical_subtype",age_5y; tumor_size; grade; clinical_subtype,0.7514332257467629,-0.01821328144254894,402,216,186,199,203,100,116,412,10,grade3,grade,Grade: 3 vs 1-2,1-2,3,0.33738425700184943,1.4012774109567607,0.9486916537930795,2.0697751209329827,0.09001874241998091,NA,converged,NA,0.18003748483996182,NA,FALSE,FALSE,NA,0.05,FALSE,#E41A1C,NHG_Cat,grade 1/2 versus grade 3
METABRIC,OS,OS,Dys-CIM,M2,M2: Prespecified adjusted,Primary adjusted,continuous,cim_z,common,"survival::Surv(time, event) ~ cim_z + age_5y + tumor_size + grade + clinical_subtype",age_5y; tumor_size; grade; clinical_subtype,0.7514332257467629,-0.01821328144254894,402,216,186,199,203,100,116,412,10,clinical_subtypeHR+/HER2+,clinical_subtype,HR+/HER2+ vs HR+/HER2-,HR+/HER2-,HR+/HER2+,0.5578062474024422,1.7468361674721977,0.9915357654370445,3.077485152181029,0.053539353935100786,NA,converged,NA,0.1427716104936021,NA,FALSE,FALSE,NA,0.05,FALSE,#E41A1C,Clinical_Subtype,harmonized receptor subtype
METABRIC,OS,OS,Dys-CIM,M2,M2: Prespecified adjusted,Primary adjusted,continuous,cim_z,common,"survival::Surv(time, event) ~ cim_z + age_5y + tumor_size + grade + clinical_subtype",age_5y; tumor_size; grade; clinical_subtype,0.7514332257467629,-0.01821328144254894,402,216,186,199,203,100,116,412,10,clinical_subtypeHR-/HER2+,clinical_subtype,HR-/HER2+ vs HR+/HER2-,HR+/HER2-,HR-/HER2+,0.6339718552390405,1.8850830065566964,1.2770640270431937,2.78258401016619,0.0014183090691372447,NA,converged,NA,0.005673236276548979,NA,FALSE,FALSE,NA,0.05,FALSE,#E41A1C,Clinical_Subtype,harmonized receptor subtype
METABRIC,OS,OS,Dys-CIM,M2,M2: Prespecified adjusted,Primary adjusted,continuous,cim_z,common,"survival::Surv(time, event) ~ cim_z + age_5y + tumor_size + grade + clinical_subtype",age_5y; tumor_size; grade; clinical_subtype,0.7514332257467629,-0.01821328144254894,402,216,186,199,203,100,116,412,10,clinical_subtypeHR-/HER2-,clinical_subtype,HR-/HER2- vs HR+/HER2-,HR+/HER2-,HR-/HER2-,0.20953385683551945,1.2331031233737144,0.8686412365300291,1.7504848364649848,0.24113044674739156,NA,converged,NA,0.2755776534255903,NA,FALSE,FALSE,NA,0.05,FALSE,#E41A1C,Clinical_Subtype,harmonized receptor subtype
METABRIC,OS,OS,Dys-CIM,M0,M0: Unadjusted,Primary univariable,median_split,median_group,common,"survival::Surv(time, event) ~ median_group",,0.7514332257467629,-0.01821328144254894,402,216,186,199,203,100,116,412,0,median_groupHigh,median_group,CIM score: High vs Low,Low,High,0.12982310428633534,1.1386269472821235,0.8708427554385834,1.4887547918155037,0.3426099562521747,NA,converged,NA,0.3426099562521747,0.3426099562521747,TRUE,FALSE,0.3426099562521747,0.05,FALSE,#4DAF4A,ssGSEA score,fixed raw-score median within cohort and signature
METABRIC,OS,OS,Dys-CIM,M2,M2: Prespecified adjusted,Primary adjusted,median_split,median_group,common,"survival::Surv(time, event) ~ median_group + age_5y + tumor_size + grade + clinical_subtype",age_5y; tumor_size; grade; clinical_subtype,0.7514332257467629,-0.01821328144254894,402,216,186,199,203,100,116,412,10,median_groupHigh,median_group,CIM score: High vs Low,Low,High,0.047062290056874984,1.0481872986926388,0.7951520045747152,1.3817441279396714,0.7384848593881725,NA,converged,NA,0.7384848593881725,0.7384848593881725,TRUE,FALSE,0.7384848593881725,0.05,FALSE,#E41A1C,ssGSEA score,fixed raw-score median within cohort and signature
METABRIC,OS,OS,Dys-CIM,M2,M2: Prespecified adjusted,Primary adjusted,median_split,median_group,common,"survival::Surv(time, event) ~ median_group + age_5y + tumor_size + grade + clinical_subtype",age_5y; tumor_size; grade; clinical_subtype,0.7514332257467629,-0.01821328144254894,402,216,186,199,203,100,116,412,10,age_5y,age_5y,Age (per 5 years),per 5-year increase,+5 years,0.13516792358107893,1.144728995204735,1.0710516232212197,1.2234746150903182,6.827720723606175e-5,0.009931161847507588,converged,NA,5.46217657888494e-4,NA,FALSE,FALSE,NA,0.05,FALSE,#E41A1C,AGE_AT_DIAGNOSIS,numeric age divided by 5
METABRIC,OS,OS,Dys-CIM,M2,M2: Prespecified adjusted,Primary adjusted,median_split,median_group,common,"survival::Surv(time, event) ~ median_group + age_5y + tumor_size + grade + clinical_subtype",age_5y; tumor_size; grade; clinical_subtype,0.7514332257467629,-0.01821328144254894,402,216,186,199,203,100,116,412,10,tumor_size21-50 mm,tumor_size,Tumor size: 21-50 vs ≤20 mm,≤20 mm,21-50 mm,0.2001073766132887,1.221533915293281,0.8918951681317469,1.673005034142442,0.21239257162152125,NA,converged,NA,0.25590898844109183,NA,FALSE,FALSE,NA,0.05,FALSE,#E41A1C,Tumor_Size_Cat,harmonized or derived size category
METABRIC,OS,OS,Dys-CIM,M2,M2: Prespecified adjusted,Primary adjusted,median_split,median_group,common,"survival::Surv(time, event) ~ median_group + age_5y + tumor_size + grade + clinical_subtype",age_5y; tumor_size; grade; clinical_subtype,0.7514332257467629,-0.01821328144254894,402,216,186,199,203,100,116,412,10,tumor_size>50 mm,tumor_size,Tumor size: >50 vs ≤20 mm,≤20 mm,>50 mm,0.3125762636014005,1.3669421851326804,0.8566052819664259,2.181320821657674,0.18990351490829827,NA,converged,NA,0.25590898844109183,NA,FALSE,FALSE,NA,0.05,FALSE,#E41A1C,Tumor_Size_Cat,harmonized or derived size category
METABRIC,OS,OS,Dys-CIM,M2,M2: Prespecified adjusted,Primary adjusted,median_split,median_group,common,"survival::Surv(time, event) ~ median_group + age_5y + tumor_size + grade + clinical_subtype",age_5y; tumor_size; grade; clinical_subtype,0.7514332257467629,-0.01821328144254894,402,216,186,199,203,100,116,412,10,grade3,grade,Grade: 3 vs 1-2,1-2,3,0.33908036147143156,1.4036561405533043,0.9473142648148619,2.0798278185941315,0.090994256351877,NA,converged,NA,0.181988512703754,NA,FALSE,FALSE,NA,0.05,FALSE,#E41A1C,NHG_Cat,grade 1/2 versus grade 3
METABRIC,OS,OS,Dys-CIM,M2,M2: Prespecified adjusted,Primary adjusted,median_split,median_group,common,"survival::Surv(time, event) ~ median_group + age_5y + tumor_size + grade + clinical_subtype",age_5y; tumor_size; grade; clinical_subtype,0.7514332257467629,-0.01821328144254894,402,216,186,199,203,100,116,412,10,clinical_subtypeHR+/HER2+,clinical_subtype,HR+/HER2+ vs HR+/HER2-,HR+/HER2-,HR+/HER2+,0.5628500913734442,1.7556691940214086,0.9943637547998138,3.0998458099031674,0.05232168078913475,NA,converged,NA,0.13952448210435933,NA,FALSE,FALSE,NA,0.05,FALSE,#E41A1C,Clinical_Subtype,harmonized receptor subtype
METABRIC,OS,OS,Dys-CIM,M2,M2: Prespecified adjusted,Primary adjusted,median_split,median_group,common,"survival::Surv(time, event) ~ median_group + age_5y + tumor_size + grade + clinical_subtype",age_5y; tumor_size; grade; clinical_subtype,0.7514332257467629,-0.01821328144254894,402,216,186,199,203,100,116,412,10,clinical_subtypeHR-/HER2+,clinical_subtype,HR-/HER2+ vs HR+/HER2-,HR+/HER2-,HR-/HER2+,0.638808407264092,1.8942223923309536,1.2838782944607448,2.7947185392016216,0.0012852507911995795,NA,converged,NA,0.005141003164798318,NA,FALSE,FALSE,NA,0.05,FALSE,#E41A1C,Clinical_Subtype,harmonized receptor subtype
METABRIC,OS,OS,Dys-CIM,M2,M2: Prespecified adjusted,Primary adjusted,median_split,median_group,common,"survival::Surv(time, event) ~ median_group + age_5y + tumor_size + grade + clinical_subtype",age_5y; tumor_size; grade; clinical_subtype,0.7514332257467629,-0.01821328144254894,402,216,186,199,203,100,116,412,10,clinical_subtypeHR-/HER2-,clinical_subtype,HR-/HER2- vs HR+/HER2-,HR+/HER2-,HR-/HER2-,0.2171221521010222,1.2424958663490027,0.8756495955353341,1.7630293964226056,0.22392036488595538,NA,converged,NA,0.25590898844109183,NA,FALSE,FALSE,NA,0.05,FALSE,#E41A1C,Clinical_Subtype,harmonized receptor subtype
METABRIC,OS,OS,Fun-CIM,M0,M0: Unadjusted,Primary univariable,continuous,cim_z,common,"survival::Surv(time, event) ~ cim_z",,0.23083688127430485,-0.03729392320029222,402,216,186,202,200,120,96,412,0,cim_z,cim_z,CIM score (per 1 SD),per 1-SD increase,+1 SD,-0.1289146267752194,0.8790490095908505,0.7681877459278835,1.00590925246964,0.06088885768723045,0.3324169491188355,converged,NA,0.06088885768723045,0.1217777153744609,TRUE,FALSE,0.1217777153744609,0.05,FALSE,#4DAF4A,ssGSEA score,within-cohort z standardization
METABRIC,OS,OS,Fun-CIM,M2,M2: Prespecified adjusted,Primary adjusted,continuous,cim_z,common,"survival::Surv(time, event) ~ cim_z + age_5y + tumor_size + grade + clinical_subtype",age_5y; tumor_size; grade; clinical_subtype,0.23083688127430485,-0.03729392320029222,402,216,186,202,200,120,96,412,10,cim_z,cim_z,CIM score (per 1 SD),per 1-SD increase,+1 SD,-0.1419120037701433,0.8676976072446685,0.7580520106571822,0.9932024808764877,0.03950170011527509,0.3580073466012612,converged,NA,0.09261882089375638,0.07900340023055018,TRUE,FALSE,0.07900340023055018,0.05,FALSE,#E41A1C,ssGSEA score,within-cohort z standardization
METABRIC,OS,OS,Fun-CIM,M2,M2: Prespecified adjusted,Primary adjusted,continuous,cim_z,common,"survival::Surv(time, event) ~ cim_z + age_5y + tumor_size + grade + clinical_subtype",age_5y; tumor_size; grade; clinical_subtype,0.23083688127430485,-0.03729392320029222,402,216,186,202,200,120,96,412,10,age_5y,age_5y,Age (per 5 years),per 5-year increase,+5 years,0.1334261090360506,1.1427368250898862,1.0696337601630144,1.2208360469264727,7.631167243563428e-5,0.009861048997032724,converged,NA,6.104933794850743e-4,NA,FALSE,FALSE,NA,0.05,FALSE,#E41A1C,AGE_AT_DIAGNOSIS,numeric age divided by 5
METABRIC,OS,OS,Fun-CIM,M2,M2: Prespecified adjusted,Primary adjusted,continuous,cim_z,common,"survival::Surv(time, event) ~ cim_z + age_5y + tumor_size + grade + clinical_subtype",age_5y; tumor_size; grade; clinical_subtype,0.23083688127430485,-0.03729392320029222,402,216,186,202,200,120,96,412,10,tumor_size21-50 mm,tumor_size,Tumor size: 21-50 vs ≤20 mm,≤20 mm,21-50 mm,0.2079293905982162,1.2311262373926475,0.8993694373129266,1.6852605275591708,0.19431569399312656,NA,converged,NA,0.2048770593995524,NA,FALSE,FALSE,NA,0.05,FALSE,#E41A1C,Tumor_Size_Cat,harmonized or derived size category
METABRIC,OS,OS,Fun-CIM,M2,M2: Prespecified adjusted,Primary adjusted,continuous,cim_z,common,"survival::Surv(time, event) ~ cim_z + age_5y + tumor_size + grade + clinical_subtype",age_5y; tumor_size; grade; clinical_subtype,0.23083688127430485,-0.03729392320029222,402,216,186,202,200,120,96,412,10,tumor_size>50 mm,tumor_size,Tumor size: >50 vs ≤20 mm,≤20 mm,>50 mm,0.3012978396732753,1.3516118452246335,0.8483147965026538,2.15351021540955,0.2048770593995524,NA,converged,NA,0.2048770593995524,NA,FALSE,FALSE,NA,0.05,FALSE,#E41A1C,Tumor_Size_Cat,harmonized or derived size category
METABRIC,OS,OS,Fun-CIM,M2,M2: Prespecified adjusted,Primary adjusted,continuous,cim_z,common,"survival::Surv(time, event) ~ cim_z + age_5y + tumor_size + grade + clinical_subtype",age_5y; tumor_size; grade; clinical_subtype,0.23083688127430485,-0.03729392320029222,402,216,186,202,200,120,96,412,10,grade3,grade,Grade: 3 vs 1-2,1-2,3,0.3244461049529759,1.3832642505319288,0.9374653973183403,2.0410566536888486,0.10212857223214125,NA,converged,NA,0.16340571557142602,NA,FALSE,FALSE,NA,0.05,FALSE,#E41A1C,NHG_Cat,grade 1/2 versus grade 3
METABRIC,OS,OS,Fun-CIM,M2,M2: Prespecified adjusted,Primary adjusted,continuous,cim_z,common,"survival::Surv(time, event) ~ cim_z + age_5y + tumor_size + grade + clinical_subtype",age_5y; tumor_size; grade; clinical_subtype,0.23083688127430485,-0.03729392320029222,402,216,186,202,200,120,96,412,10,clinical_subtypeHR+/HER2+,clinical_subtype,HR+/HER2+ vs HR+/HER2-,HR+/HER2-,HR+/HER2+,0.576082872966908,1.7790559758404456,1.0094692315890121,3.1353508023136962,0.04630941044687819,NA,converged,NA,0.09261882089375638,NA,FALSE,FALSE,NA,0.05,FALSE,#E41A1C,Clinical_Subtype,harmonized receptor subtype
METABRIC,OS,OS,Fun-CIM,M2,M2: Prespecified adjusted,Primary adjusted,continuous,cim_z,common,"survival::Surv(time, event) ~ cim_z + age_5y + tumor_size + grade + clinical_subtype",age_5y; tumor_size; grade; clinical_subtype,0.23083688127430485,-0.03729392320029222,402,216,186,202,200,120,96,412,10,clinical_subtypeHR-/HER2+,clinical_subtype,HR-/HER2+ vs HR+/HER2-,HR+/HER2-,HR-/HER2+,0.6962022701690161,2.006119522302892,1.3541512159469495,2.97198384520924,5.168893517353074e-4,NA,converged,NA,0.0020675574069412297,NA,FALSE,FALSE,NA,0.05,FALSE,#E41A1C,Clinical_Subtype,harmonized receptor subtype
METABRIC,OS,OS,Fun-CIM,M2,M2: Prespecified adjusted,Primary adjusted,continuous,cim_z,common,"survival::Surv(time, event) ~ cim_z + age_5y + tumor_size + grade + clinical_subtype",age_5y; tumor_size; grade; clinical_subtype,0.23083688127430485,-0.03729392320029222,402,216,186,202,200,120,96,412,10,clinical_subtypeHR-/HER2-,clinical_subtype,HR-/HER2- vs HR+/HER2-,HR+/HER2-,HR-/HER2-,0.26080475628698674,1.2979742193866328,0.9111661468414548,1.848989978427598,0.14855580783344066,NA,converged,NA,0.19807441044458754,NA,FALSE,FALSE,NA,0.05,FALSE,#E41A1C,Clinical_Subtype,harmonized receptor subtype
METABRIC,OS,OS,Fun-CIM,M0,M0: Unadjusted,Primary univariable,median_split,median_group,common,"survival::Surv(time, event) ~ median_group",,0.23083688127430485,-0.03729392320029222,402,216,186,202,200,120,96,412,0,median_groupHigh,median_group,CIM score: High vs Low,Low,High,-0.3719727194601668,0.6893730487366154,0.5260153523939588,0.9034626045828581,0.0070244603295510685,NA,converged,NA,0.0070244603295510685,0.014048920659102137,TRUE,TRUE,0.014048920659102137,0.05,TRUE,#4DAF4A,ssGSEA score,fixed raw-score median within cohort and signature
METABRIC,OS,OS,Fun-CIM,M2,M2: Prespecified adjusted,Primary adjusted,median_split,median_group,common,"survival::Surv(time, event) ~ median_group + age_5y + tumor_size + grade + clinical_subtype",age_5y; tumor_size; grade; clinical_subtype,0.23083688127430485,-0.03729392320029222,402,216,186,202,200,120,96,412,10,median_groupHigh,median_group,CIM score: High vs Low,Low,High,-0.3764131510134019,0.6863187211838981,0.5218033767767392,0.9027028340773644,0.007101704805396846,NA,converged,NA,0.018937879481058253,0.014203409610793692,TRUE,TRUE,0.014203409610793692,0.05,TRUE,#E41A1C,ssGSEA score,fixed raw-score median within cohort and signature
METABRIC,OS,OS,Fun-CIM,M2,M2: Prespecified adjusted,Primary adjusted,median_split,median_group,common,"survival::Surv(time, event) ~ median_group + age_5y + tumor_size + grade + clinical_subtype",age_5y; tumor_size; grade; clinical_subtype,0.23083688127430485,-0.03729392320029222,402,216,186,202,200,120,96,412,10,age_5y,age_5y,Age (per 5 years),per 5-year increase,+5 years,0.13333549489314434,1.1426332816632336,1.0695723391990495,1.2206849116369247,7.653572707157805e-5,0.009566085387295548,converged,NA,6.122858165726244e-4,NA,FALSE,FALSE,NA,0.05,FALSE,#E41A1C,AGE_AT_DIAGNOSIS,numeric age divided by 5
METABRIC,OS,OS,Fun-CIM,M2,M2: Prespecified adjusted,Primary adjusted,median_split,median_group,common,"survival::Surv(time, event) ~ median_group + age_5y + tumor_size + grade + clinical_subtype",age_5y; tumor_size; grade; clinical_subtype,0.23083688127430485,-0.03729392320029222,402,216,186,202,200,120,96,412,10,tumor_size21-50 mm,tumor_size,Tumor size: 21-50 vs ≤20 mm,≤20 mm,21-50 mm,0.2032125898545317,1.2253329339105123,0.8946009323803646,1.6783358306263922,0.2054923185844299,NA,converged,NA,0.20726751925569029,NA,FALSE,FALSE,NA,0.05,FALSE,#E41A1C,Tumor_Size_Cat,harmonized or derived size category
METABRIC,OS,OS,Fun-CIM,M2,M2: Prespecified adjusted,Primary adjusted,median_split,median_group,common,"survival::Surv(time, event) ~ median_group + age_5y + tumor_size + grade + clinical_subtype",age_5y; tumor_size; grade; clinical_subtype,0.23083688127430485,-0.03729392320029222,402,216,186,202,200,120,96,412,10,tumor_size>50 mm,tumor_size,Tumor size: >50 vs ≤20 mm,≤20 mm,>50 mm,0.30011942662839103,1.350020026288908,0.8467821776071779,2.1523292761442434,0.20726751925569029,NA,converged,NA,0.20726751925569029,NA,FALSE,FALSE,NA,0.05,FALSE,#E41A1C,Tumor_Size_Cat,harmonized or derived size category
METABRIC,OS,OS,Fun-CIM,M2,M2: Prespecified adjusted,Primary adjusted,median_split,median_group,common,"survival::Surv(time, event) ~ median_group + age_5y + tumor_size + grade + clinical_subtype",age_5y; tumor_size; grade; clinical_subtype,0.23083688127430485,-0.03729392320029222,402,216,186,202,200,120,96,412,10,grade3,grade,Grade: 3 vs 1-2,1-2,3,0.2961268430243671,1.344640704309067,0.9111110690812625,1.984454678514636,0.13591095523538427,NA,converged,NA,0.18121460698051234,NA,FALSE,FALSE,NA,0.05,FALSE,#E41A1C,NHG_Cat,grade 1/2 versus grade 3
METABRIC,OS,OS,Fun-CIM,M2,M2: Prespecified adjusted,Primary adjusted,median_split,median_group,common,"survival::Surv(time, event) ~ median_group + age_5y + tumor_size + grade + clinical_subtype",age_5y; tumor_size; grade; clinical_subtype,0.23083688127430485,-0.03729392320029222,402,216,186,202,200,120,96,412,10,clinical_subtypeHR+/HER2+,clinical_subtype,HR+/HER2+ vs HR+/HER2-,HR+/HER2-,HR+/HER2+,0.5575801795287957,1.7464413085683463,0.9913663220368071,3.0766197887451296,0.05361296988213908,NA,converged,NA,0.10722593976427816,NA,FALSE,FALSE,NA,0.05,FALSE,#E41A1C,Clinical_Subtype,harmonized receptor subtype
METABRIC,OS,OS,Fun-CIM,M2,M2: Prespecified adjusted,Primary adjusted,median_split,median_group,common,"survival::Surv(time, event) ~ median_group + age_5y + tumor_size + grade + clinical_subtype",age_5y; tumor_size; grade; clinical_subtype,0.23083688127430485,-0.03729392320029222,402,216,186,202,200,120,96,412,10,clinical_subtypeHR-/HER2+,clinical_subtype,HR-/HER2+ vs HR+/HER2-,HR+/HER2-,HR-/HER2+,0.6959310244786535,2.0055754448207868,1.3548273133698148,2.9688897065881323,5.06469568606112e-4,NA,converged,NA,0.002025878274424448,NA,FALSE,FALSE,NA,0.05,FALSE,#E41A1C,Clinical_Subtype,harmonized receptor subtype
METABRIC,OS,OS,Fun-CIM,M2,M2: Prespecified adjusted,Primary adjusted,median_split,median_group,common,"survival::Surv(time, event) ~ median_group + age_5y + tumor_size + grade + clinical_subtype",age_5y; tumor_size; grade; clinical_subtype,0.23083688127430485,-0.03729392320029222,402,216,186,202,200,120,96,412,10,clinical_subtypeHR-/HER2-,clinical_subtype,HR-/HER2- vs HR+/HER2-,HR+/HER2-,HR-/HER2-,0.28410201146411906,1.3285684530533415,0.9322202191488109,1.8934304343454553,0.11602346933975531,NA,converged,NA,0.18121460698051234,NA,FALSE,FALSE,NA,0.05,FALSE,#E41A1C,Clinical_Subtype,harmonized receptor subtype
METABRIC,DSS,DSS,Dys-CIM,M0,M0: Unadjusted,Primary univariable,continuous,cim_z,common,"survival::Surv(time, event) ~ cim_z",,0.7514332257467629,-0.01821328144254894,402,195,207,199,203,90,105,412,0,cim_z,cim_z,CIM score (per 1 SD),per 1-SD increase,+1 SD,0.0715675894514595,1.074190752211443,0.9338924960963881,1.2355659532116978,0.3162454724157868,0.1961158039594769,converged,NA,0.3162454724157868,0.3162454724157868,TRUE,FALSE,0.3162454724157868,0.05,FALSE,#4DAF4A,ssGSEA score,within-cohort z standardization
METABRIC,DSS,DSS,Dys-CIM,M2,M2: Prespecified adjusted,Primary adjusted,continuous,cim_z,common,"survival::Surv(time, event) ~ cim_z + age_5y + tumor_size + grade + clinical_subtype",age_5y; tumor_size; grade; clinical_subtype,0.7514332257467629,-0.01821328144254894,402,195,207,199,203,90,105,412,10,cim_z,cim_z,CIM score (per 1 SD),per 1-SD increase,+1 SD,0.04597557255610821,1.0470488339179052,0.9069589499222186,1.208777156565758,0.5304212172931696,0.17346360407029285,converged,NA,0.5304212172931696,0.5304212172931696,TRUE,FALSE,0.5304212172931696,0.05,FALSE,#E41A1C,ssGSEA score,within-cohort z standardization
METABRIC,DSS,DSS,Dys-CIM,M2,M2: Prespecified adjusted,Primary adjusted,continuous,cim_z,common,"survival::Surv(time, event) ~ cim_z + age_5y + tumor_size + grade + clinical_subtype",age_5y; tumor_size; grade; clinical_subtype,0.7514332257467629,-0.01821328144254894,402,195,207,199,203,90,105,412,10,age_5y,age_5y,Age (per 5 years),per 5-year increase,+5 years,0.08558067305504977,1.0893494389465972,1.015852864353517,1.1681634632082907,0.016337536329648253,0.25305618705233435,converged,NA,0.06535014531859301,NA,FALSE,FALSE,NA,0.05,FALSE,#E41A1C,AGE_AT_DIAGNOSIS,numeric age divided by 5
METABRIC,DSS,DSS,Dys-CIM,M2,M2: Prespecified adjusted,Primary adjusted,continuous,cim_z,common,"survival::Surv(time, event) ~ cim_z + age_5y + tumor_size + grade + clinical_subtype",age_5y; tumor_size; grade; clinical_subtype,0.7514332257467629,-0.01821328144254894,402,195,207,199,203,90,105,412,10,tumor_size21-50 mm,tumor_size,Tumor size: 21-50 vs ≤20 mm,≤20 mm,21-50 mm,0.1835249902501564,1.2014449894473722,0.8635192068326029,1.6716131514466932,0.27609415842763957,NA,converged,NA,0.3155361810601595,NA,FALSE,FALSE,NA,0.05,FALSE,#E41A1C,Tumor_Size_Cat,harmonized or derived size category
METABRIC,DSS,DSS,Dys-CIM,M2,M2: Prespecified adjusted,Primary adjusted,continuous,cim_z,common,"survival::Surv(time, event) ~ cim_z + age_5y + tumor_size + grade + clinical_subtype",age_5y; tumor_size; grade; clinical_subtype,0.7514332257467629,-0.01821328144254894,402,195,207,199,203,90,105,412,10,tumor_size>50 mm,tumor_size,Tumor size: >50 vs ≤20 mm,≤20 mm,>50 mm,0.33694909345013285,1.4006677587604968,0.8610144195918513,2.278556695207431,0.17471512189393523,NA,converged,NA,0.27954419503029637,NA,FALSE,FALSE,NA,0.05,FALSE,#E41A1C,Tumor_Size_Cat,harmonized or derived size category
METABRIC,DSS,DSS,Dys-CIM,M2,M2: Prespecified adjusted,Primary adjusted,continuous,cim_z,common,"survival::Surv(time, event) ~ cim_z + age_5y + tumor_size + grade + clinical_subtype",age_5y; tumor_size; grade; clinical_subtype,0.7514332257467629,-0.01821328144254894,402,195,207,199,203,90,105,412,10,grade3,grade,Grade: 3 vs 1-2,1-2,3,0.2936109549205837,1.3412619907720145,0.891622480453143,2.0176518283561253,0.15873438887640168,NA,converged,NA,0.27954419503029637,NA,FALSE,FALSE,NA,0.05,FALSE,#E41A1C,NHG_Cat,grade 1/2 versus grade 3
METABRIC,DSS,DSS,Dys-CIM,M2,M2: Prespecified adjusted,Primary adjusted,continuous,cim_z,common,"survival::Surv(time, event) ~ cim_z + age_5y + tumor_size + grade + clinical_subtype",age_5y; tumor_size; grade; clinical_subtype,0.7514332257467629,-0.01821328144254894,402,195,207,199,203,90,105,412,10,clinical_subtypeHR+/HER2+,clinical_subtype,HR+/HER2+ vs HR+/HER2-,HR+/HER2-,HR+/HER2+,0.6003392444239627,1.8227370488960888,1.0275707722990357,3.2332277629745314,0.040075389148576786,NA,converged,NA,0.10686770439620476,NA,FALSE,FALSE,NA,0.05,FALSE,#E41A1C,Clinical_Subtype,harmonized receptor subtype
METABRIC,DSS,DSS,Dys-CIM,M2,M2: Prespecified adjusted,Primary adjusted,continuous,cim_z,common,"survival::Surv(time, event) ~ cim_z + age_5y + tumor_size + grade + clinical_subtype",age_5y; tumor_size; grade; clinical_subtype,0.7514332257467629,-0.01821328144254894,402,195,207,199,203,90,105,412,10,clinical_subtypeHR-/HER2+,clinical_subtype,HR-/HER2+ vs HR+/HER2-,HR+/HER2-,HR-/HER2+,0.622868821095762,1.8642686307625544,1.2374299520933627,2.808641832021104,0.0028939741952339585,NA,converged,NA,0.023151793561871668,NA,FALSE,FALSE,NA,0.05,FALSE,#E41A1C,Clinical_Subtype,harmonized receptor subtype
METABRIC,DSS,DSS,Dys-CIM,M2,M2: Prespecified adjusted,Primary adjusted,continuous,cim_z,common,"survival::Surv(time, event) ~ cim_z + age_5y + tumor_size + grade + clinical_subtype",age_5y; tumor_size; grade; clinical_subtype,0.7514332257467629,-0.01821328144254894,402,195,207,199,203,90,105,412,10,clinical_subtypeHR-/HER2-,clinical_subtype,HR-/HER2- vs HR+/HER2-,HR+/HER2-,HR-/HER2-,0.23555887186463087,1.2656158882312527,0.8740873334770803,1.8325212083460352,0.21226875630059633,NA,converged,NA,0.2830250084007951,NA,FALSE,FALSE,NA,0.05,FALSE,#E41A1C,Clinical_Subtype,harmonized receptor subtype
METABRIC,DSS,DSS,Dys-CIM,M0,M0: Unadjusted,Primary univariable,median_split,median_group,common,"survival::Surv(time, event) ~ median_group",,0.7514332257467629,-0.01821328144254894,402,195,207,199,203,90,105,412,0,median_groupHigh,median_group,CIM score: High vs Low,Low,High,0.1489877207764701,1.1606587371335084,0.8755813977544425,1.5385533629874508,0.3001873920488225,NA,converged,NA,0.3001873920488225,0.3001873920488225,TRUE,FALSE,0.3001873920488225,0.05,FALSE,#4DAF4A,ssGSEA score,fixed raw-score median within cohort and signature
METABRIC,DSS,DSS,Dys-CIM,M2,M2: Prespecified adjusted,Primary adjusted,median_split,median_group,common,"survival::Surv(time, event) ~ median_group + age_5y + tumor_size + grade + clinical_subtype",age_5y; tumor_size; grade; clinical_subtype,0.7514332257467629,-0.01821328144254894,402,195,207,199,203,90,105,412,10,median_groupHigh,median_group,CIM score: High vs Low,Low,High,0.07500337686903084,1.0778877907643851,0.8062866731061288,1.4409789076669977,0.6126091830927322,NA,converged,NA,0.6126091830927322,0.6126091830927322,TRUE,FALSE,0.6126091830927322,0.05,FALSE,#E41A1C,ssGSEA score,fixed raw-score median within cohort and signature
METABRIC,DSS,DSS,Dys-CIM,M2,M2: Prespecified adjusted,Primary adjusted,median_split,median_group,common,"survival::Surv(time, event) ~ median_group + age_5y + tumor_size + grade + clinical_subtype",age_5y; tumor_size; grade; clinical_subtype,0.7514332257467629,-0.01821328144254894,402,195,207,199,203,90,105,412,10,age_5y,age_5y,Age (per 5 years),per 5-year increase,+5 years,0.08388470572883429,1.0875035036567378,1.01420297514784,1.1661017562024836,0.01846904147658904,0.2588568500585526,converged,NA,0.07387616590635616,NA,FALSE,FALSE,NA,0.05,FALSE,#E41A1C,AGE_AT_DIAGNOSIS,numeric age divided by 5
METABRIC,DSS,DSS,Dys-CIM,M2,M2: Prespecified adjusted,Primary adjusted,median_split,median_group,common,"survival::Surv(time, event) ~ median_group + age_5y + tumor_size + grade + clinical_subtype",age_5y; tumor_size; grade; clinical_subtype,0.7514332257467629,-0.01821328144254894,402,195,207,199,203,90,105,412,10,tumor_size21-50 mm,tumor_size,Tumor size: 21-50 vs ≤20 mm,≤20 mm,21-50 mm,0.1826827314723157,1.200433487891746,0.8626469704465809,1.670487010585495,0.27854897842181237,NA,converged,NA,0.3183416896249284,NA,FALSE,FALSE,NA,0.05,FALSE,#E41A1C,Tumor_Size_Cat,harmonized or derived size category
METABRIC,DSS,DSS,Dys-CIM,M2,M2: Prespecified adjusted,Primary adjusted,median_split,median_group,common,"survival::Surv(time, event) ~ median_group + age_5y + tumor_size + grade + clinical_subtype",age_5y; tumor_size; grade; clinical_subtype,0.7514332257467629,-0.01821328144254894,402,195,207,199,203,90,105,412,10,tumor_size>50 mm,tumor_size,Tumor size: >50 vs ≤20 mm,≤20 mm,>50 mm,0.331983602809849,1.3937299950694026,0.8560816703445169,2.2690397031563996,0.1818543106271689,NA,converged,NA,0.260297480704594,NA,FALSE,FALSE,NA,0.05,FALSE,#E41A1C,Tumor_Size_Cat,harmonized or derived size category
METABRIC,DSS,DSS,Dys-CIM,M2,M2: Prespecified adjusted,Primary adjusted,median_split,median_group,common,"survival::Surv(time, event) ~ median_group + age_5y + tumor_size + grade + clinical_subtype",age_5y; tumor_size; grade; clinical_subtype,0.7514332257467629,-0.01821328144254894,402,195,207,199,203,90,105,412,10,grade3,grade,Grade: 3 vs 1-2,1-2,3,0.2914494696591062,1.3383660036913856,0.8869219906111214,2.019595385838423,0.1650326944391505,NA,converged,NA,0.260297480704594,NA,FALSE,FALSE,NA,0.05,FALSE,#E41A1C,NHG_Cat,grade 1/2 versus grade 3
METABRIC,DSS,DSS,Dys-CIM,M2,M2: Prespecified adjusted,Primary adjusted,median_split,median_group,common,"survival::Surv(time, event) ~ median_group + age_5y + tumor_size + grade + clinical_subtype",age_5y; tumor_size; grade; clinical_subtype,0.7514332257467629,-0.01821328144254894,402,195,207,199,203,90,105,412,10,clinical_subtypeHR+/HER2+,clinical_subtype,HR+/HER2+ vs HR+/HER2-,HR+/HER2-,HR+/HER2+,0.6083920413208521,1.8374744391121818,1.0332424201469803,3.267686506628658,0.038330871127567875,NA,converged,NA,0.102215656340181,NA,FALSE,FALSE,NA,0.05,FALSE,#E41A1C,Clinical_Subtype,harmonized receptor subtype
METABRIC,DSS,DSS,Dys-CIM,M2,M2: Prespecified adjusted,Primary adjusted,median_split,median_group,common,"survival::Surv(time, event) ~ median_group + age_5y + tumor_size + grade + clinical_subtype",age_5y; tumor_size; grade; clinical_subtype,0.7514332257467629,-0.01821328144254894,402,195,207,199,203,90,105,412,10,clinical_subtypeHR-/HER2+,clinical_subtype,HR-/HER2+ vs HR+/HER2-,HR+/HER2-,HR-/HER2+,0.628597135262016,1.874978392323834,1.2454089042879914,2.8228029842866174,0.002601214983005853,NA,converged,NA,0.020809719864046825,NA,FALSE,FALSE,NA,0.05,FALSE,#E41A1C,Clinical_Subtype,harmonized receptor subtype
METABRIC,DSS,DSS,Dys-CIM,M2,M2: Prespecified adjusted,Primary adjusted,median_split,median_group,common,"survival::Surv(time, event) ~ median_group + age_5y + tumor_size + grade + clinical_subtype",age_5y; tumor_size; grade; clinical_subtype,0.7514332257467629,-0.01821328144254894,402,195,207,199,203,90,105,412,10,clinical_subtypeHR-/HER2-,clinical_subtype,HR-/HER2- vs HR+/HER2-,HR+/HER2-,HR-/HER2-,0.24458895573961045,1.277096262214133,0.8820447760648725,1.8490839776158428,0.19522311052844551,NA,converged,NA,0.260297480704594,NA,FALSE,FALSE,NA,0.05,FALSE,#E41A1C,Clinical_Subtype,harmonized receptor subtype
METABRIC,DSS,DSS,Fun-CIM,M0,M0: Unadjusted,Primary univariable,continuous,cim_z,common,"survival::Surv(time, event) ~ cim_z",,0.23083688127430485,-0.03729392320029222,402,195,207,202,200,107,88,412,0,cim_z,cim_z,CIM score (per 1 SD),per 1-SD increase,+1 SD,-0.09859416382730306,0.9061103657769825,0.7861338901996189,1.0443971506685912,0.17366337689740152,0.6427764336788994,converged,NA,0.17366337689740152,0.3162454724157868,TRUE,FALSE,0.3162454724157868,0.05,FALSE,#4DAF4A,ssGSEA score,within-cohort z standardization
METABRIC,DSS,DSS,Fun-CIM,M2,M2: Prespecified adjusted,Primary adjusted,continuous,cim_z,common,"survival::Surv(time, event) ~ cim_z + age_5y + tumor_size + grade + clinical_subtype",age_5y; tumor_size; grade; clinical_subtype,0.23083688127430485,-0.03729392320029222,402,195,207,202,200,107,88,412,10,cim_z,cim_z,CIM score (per 1 SD),per 1-SD increase,+1 SD,-0.11580354370696043,0.8906501799439897,0.7724262139723436,1.0269689566266629,0.11099758640135274,0.7300956693027864,converged,NA,0.21186476950008162,0.22199517280270548,TRUE,FALSE,0.22199517280270548,0.05,FALSE,#E41A1C,ssGSEA score,within-cohort z standardization
METABRIC,DSS,DSS,Fun-CIM,M2,M2: Prespecified adjusted,Primary adjusted,continuous,cim_z,common,"survival::Surv(time, event) ~ cim_z + age_5y + tumor_size + grade + clinical_subtype",age_5y; tumor_size; grade; clinical_subtype,0.23083688127430485,-0.03729392320029222,402,195,207,202,200,107,88,412,10,age_5y,age_5y,Age (per 5 years),per 5-year increase,+5 years,0.08284957532881462,1.0863783781462484,1.0135653662663293,1.1644221673154067,0.019251195465715343,0.2628574874251248,converged,NA,0.07700478186286137,NA,FALSE,FALSE,NA,0.05,FALSE,#E41A1C,AGE_AT_DIAGNOSIS,numeric age divided by 5
METABRIC,DSS,DSS,Fun-CIM,M2,M2: Prespecified adjusted,Primary adjusted,continuous,cim_z,common,"survival::Surv(time, event) ~ cim_z + age_5y + tumor_size + grade + clinical_subtype",age_5y; tumor_size; grade; clinical_subtype,0.23083688127430485,-0.03729392320029222,402,195,207,202,200,107,88,412,10,tumor_size21-50 mm,tumor_size,Tumor size: 21-50 vs ≤20 mm,≤20 mm,21-50 mm,0.19230246947176854,1.2120370657382369,0.8711617601955158,1.6862928515063127,0.25372704547332803,NA,converged,NA,0.25372704547332803,NA,FALSE,FALSE,NA,0.05,FALSE,#E41A1C,Tumor_Size_Cat,harmonized or derived size category
METABRIC,DSS,DSS,Fun-CIM,M2,M2: Prespecified adjusted,Primary adjusted,continuous,cim_z,common,"survival::Surv(time, event) ~ cim_z + age_5y + tumor_size + grade + clinical_subtype",age_5y; tumor_size; grade; clinical_subtype,0.23083688127430485,-0.03729392320029222,402,195,207,202,200,107,88,412,10,tumor_size>50 mm,tumor_size,Tumor size: >50 vs ≤20 mm,≤20 mm,>50 mm,0.32852832657277753,1.3889225831875112,0.8541319997201056,2.258557158285167,0.18538167331257144,NA,converged,NA,0.21186476950008162,NA,FALSE,FALSE,NA,0.05,FALSE,#E41A1C,Tumor_Size_Cat,harmonized or derived size category
METABRIC,DSS,DSS,Fun-CIM,M2,M2: Prespecified adjusted,Primary adjusted,continuous,cim_z,common,"survival::Surv(time, event) ~ cim_z + age_5y + tumor_size + grade + clinical_subtype",age_5y; tumor_size; grade; clinical_subtype,0.23083688127430485,-0.03729392320029222,402,195,207,202,200,107,88,412,10,grade3,grade,Grade: 3 vs 1-2,1-2,3,0.288496868789334,1.3344201711656847,0.8882429305500342,2.0047186777058745,0.1647498892615837,NA,converged,NA,0.21186476950008162,NA,FALSE,FALSE,NA,0.05,FALSE,#E41A1C,NHG_Cat,grade 1/2 versus grade 3
METABRIC,DSS,DSS,Fun-CIM,M2,M2: Prespecified adjusted,Primary adjusted,continuous,cim_z,common,"survival::Surv(time, event) ~ cim_z + age_5y + tumor_size + grade + clinical_subtype",age_5y; tumor_size; grade; clinical_subtype,0.23083688127430485,-0.03729392320029222,402,195,207,202,200,107,88,412,10,clinical_subtypeHR+/HER2+,clinical_subtype,HR+/HER2+ vs HR+/HER2-,HR+/HER2-,HR+/HER2+,0.6142418686455875,1.8482548483182286,1.0414717363714374,3.280017944830254,0.035833686669101174,NA,converged,NA,0.09555649778426979,NA,FALSE,FALSE,NA,0.05,FALSE,#E41A1C,Clinical_Subtype,harmonized receptor subtype
METABRIC,DSS,DSS,Fun-CIM,M2,M2: Prespecified adjusted,Primary adjusted,continuous,cim_z,common,"survival::Surv(time, event) ~ cim_z + age_5y + tumor_size + grade + clinical_subtype",age_5y; tumor_size; grade; clinical_subtype,0.23083688127430485,-0.03729392320029222,402,195,207,202,200,107,88,412,10,clinical_subtypeHR-/HER2+,clinical_subtype,HR-/HER2+ vs HR+/HER2-,HR+/HER2-,HR-/HER2+,0.676963966080322,1.9678940603936375,1.3013664201212278,2.975800645426065,0.0013348260487817706,NA,converged,NA,0.010678608390254165,NA,FALSE,FALSE,NA,0.05,FALSE,#E41A1C,Clinical_Subtype,harmonized receptor subtype
METABRIC,DSS,DSS,Fun-CIM,M2,M2: Prespecified adjusted,Primary adjusted,continuous,cim_z,common,"survival::Surv(time, event) ~ cim_z + age_5y + tumor_size + grade + clinical_subtype",age_5y; tumor_size; grade; clinical_subtype,0.23083688127430485,-0.03729392320029222,402,195,207,202,200,107,88,412,10,clinical_subtypeHR-/HER2-,clinical_subtype,HR-/HER2- vs HR+/HER2-,HR+/HER2-,HR-/HER2-,0.28043628483619076,1.3237071997544005,0.9105093594640379,1.9244181649193057,0.14185906783803715,NA,converged,NA,0.21186476950008162,NA,FALSE,FALSE,NA,0.05,FALSE,#E41A1C,Clinical_Subtype,harmonized receptor subtype
METABRIC,DSS,DSS,Fun-CIM,M0,M0: Unadjusted,Primary univariable,median_split,median_group,common,"survival::Surv(time, event) ~ median_group",,0.23083688127430485,-0.03729392320029222,402,195,207,202,200,107,88,412,0,median_groupHigh,median_group,CIM score: High vs Low,Low,High,-0.31567493840383837,0.7292964779184143,0.5494049006204353,0.9680899316761955,0.028934967007281952,NA,converged,NA,0.028934967007281952,0.057869934014563904,TRUE,FALSE,0.057869934014563904,0.05,FALSE,#4DAF4A,ssGSEA score,fixed raw-score median within cohort and signature
METABRIC,DSS,DSS,Fun-CIM,M2,M2: Prespecified adjusted,Primary adjusted,median_split,median_group,common,"survival::Surv(time, event) ~ median_group + age_5y + tumor_size + grade + clinical_subtype",age_5y; tumor_size; grade; clinical_subtype,0.23083688127430485,-0.03729392320029222,402,195,207,202,200,107,88,412,10,median_groupHigh,median_group,CIM score: High vs Low,Low,High,-0.3296962937188379,0.7191421082446685,0.5399441126276936,0.9578127805371337,0.024149789187623266,NA,converged,NA,0.06439943783366203,0.04829957837524653,TRUE,TRUE,0.04829957837524653,0.05,TRUE,#E41A1C,ssGSEA score,fixed raw-score median within cohort and signature
METABRIC,DSS,DSS,Fun-CIM,M2,M2: Prespecified adjusted,Primary adjusted,median_split,median_group,common,"survival::Surv(time, event) ~ median_group + age_5y + tumor_size + grade + clinical_subtype",age_5y; tumor_size; grade; clinical_subtype,0.23083688127430485,-0.03729392320029222,402,195,207,202,200,107,88,412,10,age_5y,age_5y,Age (per 5 years),per 5-year increase,+5 years,0.08292367789120225,1.0864588845506202,1.013708216200903,1.1644306408433414,0.019027943304869482,0.2594412987090235,converged,NA,0.06439943783366203,NA,FALSE,FALSE,NA,0.05,FALSE,#E41A1C,AGE_AT_DIAGNOSIS,numeric age divided by 5
METABRIC,DSS,DSS,Fun-CIM,M2,M2: Prespecified adjusted,Primary adjusted,median_split,median_group,common,"survival::Surv(time, event) ~ median_group + age_5y + tumor_size + grade + clinical_subtype",age_5y; tumor_size; grade; clinical_subtype,0.23083688127430485,-0.03729392320029222,402,195,207,202,200,107,88,412,10,tumor_size21-50 mm,tumor_size,Tumor size: 21-50 vs ≤20 mm,≤20 mm,21-50 mm,0.18660781928866252,1.205154553987727,0.8660510179224069,1.677034572953396,0.26833257941747113,NA,converged,NA,0.26833257941747113,NA,FALSE,FALSE,NA,0.05,FALSE,#E41A1C,Tumor_Size_Cat,harmonized or derived size category
METABRIC,DSS,DSS,Fun-CIM,M2,M2: Prespecified adjusted,Primary adjusted,median_split,median_group,common,"survival::Surv(time, event) ~ median_group + age_5y + tumor_size + grade + clinical_subtype",age_5y; tumor_size; grade; clinical_subtype,0.23083688127430485,-0.03729392320029222,402,195,207,202,200,107,88,412,10,tumor_size>50 mm,tumor_size,Tumor size: >50 vs ≤20 mm,≤20 mm,>50 mm,0.3280507384040218,1.3882594085692441,0.8534216787274123,2.2582789182891223,0.1863423443643193,NA,converged,NA,0.22848177531088032,NA,FALSE,FALSE,NA,0.05,FALSE,#E41A1C,Tumor_Size_Cat,harmonized or derived size category
METABRIC,DSS,DSS,Fun-CIM,M2,M2: Prespecified adjusted,Primary adjusted,median_split,median_group,common,"survival::Surv(time, event) ~ median_group + age_5y + tumor_size + grade + clinical_subtype",age_5y; tumor_size; grade; clinical_subtype,0.23083688127430485,-0.03729392320029222,402,195,207,202,200,107,88,412,10,grade3,grade,Grade: 3 vs 1-2,1-2,3,0.26622843080115927,1.3050331344052257,0.8686093336500557,1.960733572524188,0.19992155339702028,NA,converged,NA,0.22848177531088032,NA,FALSE,FALSE,NA,0.05,FALSE,#E41A1C,NHG_Cat,grade 1/2 versus grade 3
METABRIC,DSS,DSS,Fun-CIM,M2,M2: Prespecified adjusted,Primary adjusted,median_split,median_group,common,"survival::Surv(time, event) ~ median_group + age_5y + tumor_size + grade + clinical_subtype",age_5y; tumor_size; grade; clinical_subtype,0.23083688127430485,-0.03729392320029222,402,195,207,202,200,107,88,412,10,clinical_subtypeHR+/HER2+,clinical_subtype,HR+/HER2+ vs HR+/HER2-,HR+/HER2-,HR+/HER2+,0.59955309668661,1.8213046713932475,1.0268539424876404,3.2304016849784767,0.04030605455255504,NA,converged,NA,0.08061210910511007,NA,FALSE,FALSE,NA,0.05,FALSE,#E41A1C,Clinical_Subtype,harmonized receptor subtype
METABRIC,DSS,DSS,Fun-CIM,M2,M2: Prespecified adjusted,Primary adjusted,median_split,median_group,common,"survival::Surv(time, event) ~ median_group + age_5y + tumor_size + grade + clinical_subtype",age_5y; tumor_size; grade; clinical_subtype,0.23083688127430485,-0.03729392320029222,402,195,207,202,200,107,88,412,10,clinical_subtypeHR-/HER2+,clinical_subtype,HR-/HER2+ vs HR+/HER2-,HR+/HER2-,HR-/HER2+,0.6822578718187825,1.9783395303243467,1.3094215621776386,2.988974223652658,0.001193852103872976,NA,converged,NA,0.009550816830983808,NA,FALSE,FALSE,NA,0.05,FALSE,#E41A1C,Clinical_Subtype,harmonized receptor subtype
METABRIC,DSS,DSS,Fun-CIM,M2,M2: Prespecified adjusted,Primary adjusted,median_split,median_group,common,"survival::Surv(time, event) ~ median_group + age_5y + tumor_size + grade + clinical_subtype",age_5y; tumor_size; grade; clinical_subtype,0.23083688127430485,-0.03729392320029222,402,195,207,202,200,107,88,412,10,clinical_subtypeHR-/HER2-,clinical_subtype,HR-/HER2- vs HR+/HER2-,HR+/HER2-,HR-/HER2-,0.29961884112569614,1.349344394955134,0.928038646513268,1.961912149927698,0.11667018242843483,NA,converged,NA,0.18667229188549572,NA,FALSE,FALSE,NA,0.05,FALSE,#E41A1C,Clinical_Subtype,harmonized receptor subtype
METABRIC,RFI,RFI,Dys-CIM,M0,M0: Unadjusted,Primary univariable,continuous,cim_z,common,"survival::Surv(time, event) ~ cim_z",,0.7514332257467629,-0.01821328144254894,400,215,185,197,203,103,112,410,0,cim_z,cim_z,CIM score (per 1 SD),per 1-SD increase,+1 SD,0.005086624003286827,1.0050995828380853,0.8802514617708048,1.1476552045582746,0.9400825684787124,0.027620707095365443,converged,NA,0.9400825684787124,0.9400825684787124,TRUE,FALSE,0.9400825684787124,0.05,FALSE,#4DAF4A,ssGSEA score,within-cohort z standardization
METABRIC,RFI,RFI,Dys-CIM,M2,M2: Prespecified adjusted,Primary adjusted,continuous,cim_z,common,"survival::Surv(time, event) ~ cim_z + age_5y + tumor_size + grade + clinical_subtype",age_5y; tumor_size; grade; clinical_subtype,0.7514332257467629,-0.01821328144254894,400,215,185,197,203,103,112,410,10,cim_z,cim_z,CIM score (per 1 SD),per 1-SD increase,+1 SD,-0.010780897641966646,0.9892770079567559,0.8636198575104651,1.1332173408947024,0.8763877604025772,0.026359375539283445,converged,NA,0.8763877604025772,0.8763877604025772,TRUE,FALSE,0.8763877604025772,0.05,FALSE,#E41A1C,ssGSEA score,within-cohort z standardization
METABRIC,RFI,RFI,Dys-CIM,M2,M2: Prespecified adjusted,Primary adjusted,continuous,cim_z,common,"survival::Surv(time, event) ~ cim_z + age_5y + tumor_size + grade + clinical_subtype",age_5y; tumor_size; grade; clinical_subtype,0.7514332257467629,-0.01821328144254894,400,215,185,197,203,103,112,410,10,age_5y,age_5y,Age (per 5 years),per 5-year increase,+5 years,0.0704996345000797,1.07304417723308,1.0035755338817596,1.1473215193281878,0.03897206967481119,0.32095403102731795,converged,NA,0.25300578143320135,NA,FALSE,FALSE,NA,0.05,FALSE,#E41A1C,AGE_AT_DIAGNOSIS,numeric age divided by 5
METABRIC,RFI,RFI,Dys-CIM,M2,M2: Prespecified adjusted,Primary adjusted,continuous,cim_z,common,"survival::Surv(time, event) ~ cim_z + age_5y + tumor_size + grade + clinical_subtype",age_5y; tumor_size; grade; clinical_subtype,0.7514332257467629,-0.01821328144254894,400,215,185,197,203,103,112,410,10,tumor_size21-50 mm,tumor_size,Tumor size: 21-50 vs ≤20 mm,≤20 mm,21-50 mm,0.2200651034995212,1.246157857183998,0.907888459096917,1.7104627660606055,0.1732219635265314,NA,converged,NA,0.27715514164245025,NA,FALSE,FALSE,NA,0.05,FALSE,#E41A1C,Tumor_Size_Cat,harmonized or derived size category
METABRIC,RFI,RFI,Dys-CIM,M2,M2: Prespecified adjusted,Primary adjusted,continuous,cim_z,common,"survival::Surv(time, event) ~ cim_z + age_5y + tumor_size + grade + clinical_subtype",age_5y; tumor_size; grade; clinical_subtype,0.7514332257467629,-0.01821328144254894,400,215,185,197,203,103,112,410,10,tumor_size>50 mm,tumor_size,Tumor size: >50 vs ≤20 mm,≤20 mm,>50 mm,0.38619698862627394,1.4713744863074203,0.9221640359654698,2.347676546168724,0.10522263567290256,NA,converged,NA,0.25300578143320135,NA,FALSE,FALSE,NA,0.05,FALSE,#E41A1C,Tumor_Size_Cat,harmonized or derived size category
METABRIC,RFI,RFI,Dys-CIM,M2,M2: Prespecified adjusted,Primary adjusted,continuous,cim_z,common,"survival::Surv(time, event) ~ cim_z + age_5y + tumor_size + grade + clinical_subtype",age_5y; tumor_size; grade; clinical_subtype,0.7514332257467629,-0.01821328144254894,400,215,185,197,203,103,112,410,10,grade3,grade,Grade: 3 vs 1-2,1-2,3,0.2933120829362795,1.3408611850371468,0.9204344901947851,1.9533261048906836,0.12650289071660067,NA,converged,NA,0.25300578143320135,NA,FALSE,FALSE,NA,0.05,FALSE,#E41A1C,NHG_Cat,grade 1/2 versus grade 3
METABRIC,RFI,RFI,Dys-CIM,M2,M2: Prespecified adjusted,Primary adjusted,continuous,cim_z,common,"survival::Surv(time, event) ~ cim_z + age_5y + tumor_size + grade + clinical_subtype",age_5y; tumor_size; grade; clinical_subtype,0.7514332257467629,-0.01821328144254894,400,215,185,197,203,103,112,410,10,clinical_subtypeHR+/HER2+,clinical_subtype,HR+/HER2+ vs HR+/HER2-,HR+/HER2-,HR+/HER2+,0.2727952765544754,1.3136312861715536,0.7497908318771159,2.3014780691417482,0.3403478094180131,NA,converged,NA,0.45379707922401746,NA,FALSE,FALSE,NA,0.05,FALSE,#E41A1C,Clinical_Subtype,harmonized receptor subtype
METABRIC,RFI,RFI,Dys-CIM,M2,M2: Prespecified adjusted,Primary adjusted,continuous,cim_z,common,"survival::Surv(time, event) ~ cim_z + age_5y + tumor_size + grade + clinical_subtype",age_5y; tumor_size; grade; clinical_subtype,0.7514332257467629,-0.01821328144254894,400,215,185,197,203,103,112,410,10,clinical_subtypeHR-/HER2+,clinical_subtype,HR-/HER2+ vs HR+/HER2-,HR+/HER2-,HR-/HER2+,0.32199312089752813,1.3798752836211228,0.932663919529233,2.0415240243340347,0.10714599773580023,NA,converged,NA,0.25300578143320135,NA,FALSE,FALSE,NA,0.05,FALSE,#E41A1C,Clinical_Subtype,harmonized receptor subtype
METABRIC,RFI,RFI,Dys-CIM,M2,M2: Prespecified adjusted,Primary adjusted,continuous,cim_z,common,"survival::Surv(time, event) ~ cim_z + age_5y + tumor_size + grade + clinical_subtype",age_5y; tumor_size; grade; clinical_subtype,0.7514332257467629,-0.01821328144254894,400,215,185,197,203,103,112,410,10,clinical_subtypeHR-/HER2-,clinical_subtype,HR-/HER2- vs HR+/HER2-,HR+/HER2-,HR-/HER2-,0.04373012290925397,1.044700376142139,0.7402645754534778,1.4743362199156265,0.8035078493970659,NA,converged,NA,0.8763877604025772,NA,FALSE,FALSE,NA,0.05,FALSE,#E41A1C,Clinical_Subtype,harmonized receptor subtype
METABRIC,RFI,RFI,Dys-CIM,M0,M0: Unadjusted,Primary univariable,median_split,median_group,common,"survival::Surv(time, event) ~ median_group",,0.7514332257467629,-0.01821328144254894,400,215,185,197,203,103,112,410,0,median_groupHigh,median_group,CIM score: High vs Low,Low,High,0.07608412504263871,1.0790533457478688,0.8255787905359645,1.4103513030098214,0.5775713774544744,NA,converged,NA,0.5775713774544744,0.5775713774544744,TRUE,FALSE,0.5775713774544744,0.05,FALSE,#4DAF4A,ssGSEA score,fixed raw-score median within cohort and signature
METABRIC,RFI,RFI,Dys-CIM,M2,M2: Prespecified adjusted,Primary adjusted,median_split,median_group,common,"survival::Surv(time, event) ~ median_group + age_5y + tumor_size + grade + clinical_subtype",age_5y; tumor_size; grade; clinical_subtype,0.7514332257467629,-0.01821328144254894,400,215,185,197,203,103,112,410,10,median_groupHigh,median_group,CIM score: High vs Low,Low,High,0.012727601714011095,1.0128089423608335,0.7693734040163103,1.3332693180856618,0.9276973683396662,NA,converged,NA,0.9276973683396662,0.9276973683396662,TRUE,FALSE,0.9276973683396662,0.05,FALSE,#E41A1C,ssGSEA score,fixed raw-score median within cohort and signature
METABRIC,RFI,RFI,Dys-CIM,M2,M2: Prespecified adjusted,Primary adjusted,median_split,median_group,common,"survival::Surv(time, event) ~ median_group + age_5y + tumor_size + grade + clinical_subtype",age_5y; tumor_size; grade; clinical_subtype,0.7514332257467629,-0.01821328144254894,400,215,185,197,203,103,112,410,10,age_5y,age_5y,Age (per 5 years),per 5-year increase,+5 years,0.07094450321993667,1.073521647220412,1.0042844091944252,1.147532229416217,0.037010395307354615,0.3180516350896224,converged,NA,0.27716898528620076,NA,FALSE,FALSE,NA,0.05,FALSE,#E41A1C,AGE_AT_DIAGNOSIS,numeric age divided by 5
METABRIC,RFI,RFI,Dys-CIM,M2,M2: Prespecified adjusted,Primary adjusted,median_split,median_group,common,"survival::Surv(time, event) ~ median_group + age_5y + tumor_size + grade + clinical_subtype",age_5y; tumor_size; grade; clinical_subtype,0.7514332257467629,-0.01821328144254894,400,215,185,197,203,103,112,410,10,tumor_size21-50 mm,tumor_size,Tumor size: 21-50 vs ≤20 mm,≤20 mm,21-50 mm,0.21827046427054894,1.2439234589770407,0.9059954378677255,1.7078955446344273,0.17715388467289622,NA,converged,NA,0.28344621547663396,NA,FALSE,FALSE,NA,0.05,FALSE,#E41A1C,Tumor_Size_Cat,harmonized or derived size category
METABRIC,RFI,RFI,Dys-CIM,M2,M2: Prespecified adjusted,Primary adjusted,median_split,median_group,common,"survival::Surv(time, event) ~ median_group + age_5y + tumor_size + grade + clinical_subtype",age_5y; tumor_size; grade; clinical_subtype,0.7514332257467629,-0.01821328144254894,400,215,185,197,203,103,112,410,10,tumor_size>50 mm,tumor_size,Tumor size: >50 vs ≤20 mm,≤20 mm,>50 mm,0.3844204713185012,1.4687628845310126,0.9200048592599965,2.3448402356385927,0.10725912240765113,NA,converged,NA,0.27716898528620076,NA,FALSE,FALSE,NA,0.05,FALSE,#E41A1C,Tumor_Size_Cat,harmonized or derived size category
METABRIC,RFI,RFI,Dys-CIM,M2,M2: Prespecified adjusted,Primary adjusted,median_split,median_group,common,"survival::Surv(time, event) ~ median_group + age_5y + tumor_size + grade + clinical_subtype",age_5y; tumor_size; grade; clinical_subtype,0.7514332257467629,-0.01821328144254894,400,215,185,197,203,103,112,410,10,grade3,grade,Grade: 3 vs 1-2,1-2,3,0.28622065437116245,1.3313861990276967,0.9116088938464874,1.9444623927286049,0.13858449264310038,NA,converged,NA,0.27716898528620076,NA,FALSE,FALSE,NA,0.05,FALSE,#E41A1C,NHG_Cat,grade 1/2 versus grade 3
METABRIC,RFI,RFI,Dys-CIM,M2,M2: Prespecified adjusted,Primary adjusted,median_split,median_group,common,"survival::Surv(time, event) ~ median_group + age_5y + tumor_size + grade + clinical_subtype",age_5y; tumor_size; grade; clinical_subtype,0.7514332257467629,-0.01821328144254894,400,215,185,197,203,103,112,410,10,clinical_subtypeHR+/HER2+,clinical_subtype,HR+/HER2+ vs HR+/HER2-,HR+/HER2-,HR+/HER2+,0.2764697596968001,1.3184670812706025,0.7513887895811762,2.3135232631873315,0.33521374340844906,NA,converged,NA,0.44695165787793206,NA,FALSE,FALSE,NA,0.05,FALSE,#E41A1C,Clinical_Subtype,harmonized receptor subtype
METABRIC,RFI,RFI,Dys-CIM,M2,M2: Prespecified adjusted,Primary adjusted,median_split,median_group,common,"survival::Surv(time, event) ~ median_group + age_5y + tumor_size + grade + clinical_subtype",age_5y; tumor_size; grade; clinical_subtype,0.7514332257467629,-0.01821328144254894,400,215,185,197,203,103,112,410,10,clinical_subtypeHR-/HER2+,clinical_subtype,HR-/HER2+ vs HR+/HER2-,HR+/HER2-,HR-/HER2+,0.31934396521521574,1.376224616899919,0.9309149270241135,2.034551322767938,0.10936469299144004,NA,converged,NA,0.27716898528620076,NA,FALSE,FALSE,NA,0.05,FALSE,#E41A1C,Clinical_Subtype,harmonized receptor subtype
METABRIC,RFI,RFI,Dys-CIM,M2,M2: Prespecified adjusted,Primary adjusted,median_split,median_group,common,"survival::Surv(time, event) ~ median_group + age_5y + tumor_size + grade + clinical_subtype",age_5y; tumor_size; grade; clinical_subtype,0.7514332257467629,-0.01821328144254894,400,215,185,197,203,103,112,410,10,clinical_subtypeHR-/HER2-,clinical_subtype,HR-/HER2- vs HR+/HER2-,HR+/HER2-,HR-/HER2-,0.04318286784615394,1.0441288149810068,0.7399161676769567,1.473416894911829,0.8058751854338759,NA,converged,NA,0.9210002119244296,NA,FALSE,FALSE,NA,0.05,FALSE,#E41A1C,Clinical_Subtype,harmonized receptor subtype
METABRIC,RFI,RFI,Fun-CIM,M0,M0: Unadjusted,Primary univariable,continuous,cim_z,common,"survival::Surv(time, event) ~ cim_z",,0.23083688127430485,-0.03729392320029222,400,215,185,202,198,112,103,410,0,cim_z,cim_z,CIM score (per 1 SD),per 1-SD increase,+1 SD,-0.07757696387968889,0.9253558026832552,0.8090524013960907,1.0583781224578035,0.2576222354514097,0.8055940257364448,converged,NA,0.2576222354514097,0.5152444709028194,TRUE,FALSE,0.5152444709028194,0.05,FALSE,#4DAF4A,ssGSEA score,within-cohort z standardization
METABRIC,RFI,RFI,Fun-CIM,M2,M2: Prespecified adjusted,Primary adjusted,continuous,cim_z,common,"survival::Surv(time, event) ~ cim_z + age_5y + tumor_size + grade + clinical_subtype",age_5y; tumor_size; grade; clinical_subtype,0.23083688127430485,-0.03729392320029222,400,215,185,202,198,112,103,410,10,cim_z,cim_z,CIM score (per 1 SD),per 1-SD increase,+1 SD,-0.08009321975726807,0.9230302977156759,0.80626420383302555,1.056706879023904,0.24578051122614508,0.8410545937384333,converged,NA,0.32770734830152676,0.49156102245229016,TRUE,FALSE,0.49156102245229016,0.05,FALSE,#E41A1C,ssGSEA score,within-cohort z standardization
METABRIC,RFI,RFI,Fun-CIM,M2,M2: Prespecified adjusted,Primary adjusted,continuous,cim_z,common,"survival::Surv(time, event) ~ cim_z + age_5y + tumor_size + grade + clinical_subtype",age_5y; tumor_size; grade; clinical_subtype,0.23083688127430485,-0.03729392320029222,400,215,185,202,198,112,103,410,10,age_5y,age_5y,Age (per 5 years),per 5-year increase,+5 years,0.07061087524020984,1.0731635501009877,1.0042249112226045,1.146834730342658,0.0371219936012819,0.31671086922152564,converged,NA,0.27129010460107933,NA,FALSE,FALSE,NA,0.05,FALSE,#E41A1C,AGE_AT_DIAGNOSIS,numeric age divided by 5
METABRIC,RFI,RFI,Fun-CIM,M2,M2: Prespecified adjusted,Primary adjusted,continuous,cim_z,common,"survival::Surv(time, event) ~ cim_z + age_5y + tumor_size + grade + clinical_subtype",age_5y; tumor_size; grade; clinical_subtype,0.23083688127430485,-0.03729392320029222,400,215,185,202,198,112,103,410,10,tumor_size21-50 mm,tumor_size,Tumor size: 21-50 vs ≤20 mm,≤20 mm,21-50 mm,0.22196700749112014,1.2485301850415431,0.9096035580176746,1.7137439813417927,0.16955631537567456,NA,converged,NA,0.27129010460107933,NA,FALSE,FALSE,NA,0.05,FALSE,#E41A1C,Tumor_Size_Cat,harmonized or derived size category
METABRIC,RFI,RFI,Fun-CIM,M2,M2: Prespecified adjusted,Primary adjusted,continuous,cim_z,common,"survival::Surv(time, event) ~ cim_z + age_5y + tumor_size + grade + clinical_subtype",age_5y; tumor_size; grade; clinical_subtype,0.23083688127430485,-0.03729392320029222,400,215,185,202,198,112,103,410,10,tumor_size>50 mm,tumor_size,Tumor size: >50 vs ≤20 mm,≤20 mm,>50 mm,0.3791340735041503,1.4610189065370258,0.9158544952431623,2.330693637849001,0.11158959941092032,NA,converged,NA,0.27129010460107933,NA,FALSE,FALSE,NA,0.05,FALSE,#E41A1C,Tumor_Size_Cat,harmonized or derived size category
METABRIC,RFI,RFI,Fun-CIM,M2,M2: Prespecified adjusted,Primary adjusted,continuous,cim_z,common,"survival::Surv(time, event) ~ cim_z + age_5y + tumor_size + grade + clinical_subtype",age_5y; tumor_size; grade; clinical_subtype,0.23083688127430485,-0.03729392320029222,400,215,185,202,198,112,103,410,10,grade3,grade,Grade: 3 vs 1-2,1-2,3,0.27537432547528923,1.3170235780855846,0.9057844715895057,1.9149711213192893,0.14934573367257603,NA,converged,NA,0.27129010460107933,NA,FALSE,FALSE,NA,0.05,FALSE,#E41A1C,NHG_Cat,grade 1/2 versus grade 3
METABRIC,RFI,RFI,Fun-CIM,M2,M2: Prespecified adjusted,Primary adjusted,continuous,cim_z,common,"survival::Surv(time, event) ~ cim_z + age_5y + tumor_size + grade + clinical_subtype",age_5y; tumor_size; grade; clinical_subtype,0.23083688127430485,-0.03729392320029222,400,215,185,202,198,112,103,410,10,clinical_subtypeHR+/HER2+,clinical_subtype,HR+/HER2+ vs HR+/HER2-,HR+/HER2-,HR+/HER2+,0.2862368776286,1.3314077986239599,0.75996100493242,2.332549584428128,0.31706120084405365,NA,converged,NA,0.3623556581074899,NA,FALSE,FALSE,NA,0.05,FALSE,#E41A1C,Clinical_Subtype,harmonized receptor subtype
METABRIC,RFI,RFI,Fun-CIM,M2,M2: Prespecified adjusted,Primary adjusted,continuous,cim_z,common,"survival::Surv(time, event) ~ cim_z + age_5y + tumor_size + grade + clinical_subtype",age_5y; tumor_size; grade; clinical_subtype,0.23083688127430485,-0.03729392320029222,400,215,185,202,198,112,103,410,10,clinical_subtypeHR-/HER2+,clinical_subtype,HR-/HER2+ vs HR+/HER2-,HR+/HER2-,HR-/HER2+,0.3483402698408041,1.4167142328596933,0.9549942098550275,2.101666373340539,0.08343149576095489,NA,converged,NA,0.27129010460107933,NA,FALSE,FALSE,NA,0.05,FALSE,#E41A1C,Clinical_Subtype,harmonized receptor subtype
METABRIC,RFI,RFI,Fun-CIM,M2,M2: Prespecified adjusted,Primary adjusted,continuous,cim_z,common,"survival::Surv(time, event) ~ cim_z + age_5y + tumor_size + grade + clinical_subtype",age_5y; tumor_size; grade; clinical_subtype,0.23083688127430485,-0.03729392320029222,400,215,185,202,198,112,103,410,10,clinical_subtypeHR-/HER2-,clinical_subtype,HR-/HER2- vs HR+/HER2-,HR+/HER2-,HR-/HER2-,0.06798925887836986,1.070353811616552,0.7561443258339446,1.5151304359502353,0.7013799121218576,NA,converged,NA,0.7013799121218576,NA,FALSE,FALSE,NA,0.05,FALSE,#E41A1C,Clinical_Subtype,harmonized receptor subtype
METABRIC,RFI,RFI,Fun-CIM,M0,M0: Unadjusted,Primary univariable,median_split,median_group,common,"survival::Surv(time, event) ~ median_group",,0.23083688127430485,-0.03729392320029222,400,215,185,202,198,112,103,410,0,median_groupHigh,median_group,CIM score: High vs Low,Low,High,-0.18316972845460408,0.8326268232793833,0.6364092010578424,1.0893422434684554,0.18159262471822643,NA,converged,NA,0.18159262471822643,0.36318524943645286,TRUE,FALSE,0.36318524943645286,0.05,FALSE,#4DAF4A,ssGSEA score,fixed raw-score median within cohort and signature
METABRIC,RFI,RFI,Fun-CIM,M2,M2: Prespecified adjusted,Primary adjusted,median_split,median_group,common,"survival::Surv(time, event) ~ median_group + age_5y + tumor_size + grade + clinical_subtype",age_5y; tumor_size; grade; clinical_subtype,0.23083688127430485,-0.03729392320029222,400,215,185,202,198,112,103,410,10,median_groupHigh,median_group,CIM score: High vs Low,Low,High,-0.16863237267278447,0.8448194250116162,0.6437246790142827,1.1087346565147336,0.2240667640061699,NA,converged,NA,0.29875568534155983,0.4481335280123398,TRUE,FALSE,0.4481335280123398,0.05,FALSE,#E41A1C,ssGSEA score,fixed raw-score median within cohort and signature
METABRIC,RFI,RFI,Fun-CIM,M2,M2: Prespecified adjusted,Primary adjusted,median_split,median_group,common,"survival::Surv(time, event) ~ median_group + age_5y + tumor_size + grade + clinical_subtype",age_5y; tumor_size; grade; clinical_subtype,0.23083688127430485,-0.03729392320029222,400,215,185,202,198,112,103,410,10,age_5y,age_5y,Age (per 5 years),per 5-year increase,+5 years,0.07013904374009212,1.072657317170985,1.0037089248998017,1.146342023605416,0.038529298341196463,0.31898741430306893,converged,NA,0.28839920467281943,NA,FALSE,FALSE,NA,0.05,FALSE,#E41A1C,AGE_AT_DIAGNOSIS,numeric age divided by 5
METABRIC,RFI,RFI,Fun-CIM,M2,M2: Prespecified adjusted,Primary adjusted,median_split,median_group,common,"survival::Surv(time, event) ~ median_group + age_5y + tumor_size + grade + clinical_subtype",age_5y; tumor_size; grade; clinical_subtype,0.23083688127430485,-0.03729392320029222,400,215,185,202,198,112,103,410,10,tumor_size21-50 mm,tumor_size,Tumor size: 21-50 vs ≤20 mm,≤20 mm,21-50 mm,0.21650580396974395,1.2417302922979612,0.9046152669187294,1.7044750129658202,0.1803513217190574,NA,converged,NA,0.28856211475049187,NA,FALSE,FALSE,NA,0.05,FALSE,#E41A1C,Tumor_Size_Cat,harmonized or derived size category
METABRIC,RFI,RFI,Fun-CIM,M2,M2: Prespecified adjusted,Primary adjusted,median_split,median_group,common,"survival::Surv(time, event) ~ median_group + age_5y + tumor_size + grade + clinical_subtype",age_5y; tumor_size; grade; clinical_subtype,0.23083688127430485,-0.03729392320029222,400,215,185,202,198,112,103,410,10,tumor_size>50 mm,tumor_size,Tumor size: >50 vs ≤20 mm,≤20 mm,>50 mm,0.38294857888461664,1.4666026137871955,0.9192127131713964,2.3399624438901467,0.10814970175230729,NA,converged,NA,0.28839920467281943,NA,FALSE,FALSE,NA,0.05,FALSE,#E41A1C,Tumor_Size_Cat,harmonized or derived size category
METABRIC,RFI,RFI,Fun-CIM,M2,M2: Prespecified adjusted,Primary adjusted,median_split,median_group,common,"survival::Surv(time, event) ~ median_group + age_5y + tumor_size + grade + clinical_subtype",age_5y; tumor_size; grade; clinical_subtype,0.23083688127430485,-0.03729392320029222,400,215,185,202,198,112,103,410,10,grade3,grade,Grade: 3 vs 1-2,1-2,3,0.2674845242894928,1.3066734079802254,0.8984505320348528,1.9003777439539908,0.1616215797874036,NA,converged,NA,0.28856211475049187,NA,FALSE,FALSE,NA,0.05,FALSE,#E41A1C,NHG_Cat,grade 1/2 versus grade 3
METABRIC,RFI,RFI,Fun-CIM,M2,M2: Prespecified adjusted,Primary adjusted,median_split,median_group,common,"survival::Surv(time, event) ~ median_group + age_5y + tumor_size + grade + clinical_subtype",age_5y; tumor_size; grade; clinical_subtype,0.23083688127430485,-0.03729392320029222,400,215,185,202,198,112,103,410,10,clinical_subtypeHR+/HER2+,clinical_subtype,HR+/HER2+ vs HR+/HER2-,HR+/HER2-,HR+/HER2+,0.2747100440051189,1.3161489942439655,0.7515582710258217,2.304875405981509,0.33659025157640177,NA,converged,NA,0.3846745732301734,NA,FALSE,FALSE,NA,0.05,FALSE,#E41A1C,Clinical_Subtype,harmonized receptor subtype
METABRIC,RFI,RFI,Fun-CIM,M2,M2: Prespecified adjusted,Primary adjusted,median_split,median_group,common,"survival::Surv(time, event) ~ median_group + age_5y + tumor_size + grade + clinical_subtype",age_5y; tumor_size; grade; clinical_subtype,0.23083688127430485,-0.03729392320029222,400,215,185,202,198,112,103,410,10,clinical_subtypeHR-/HER2+,clinical_subtype,HR-/HER2+ vs HR+/HER2-,HR+/HER2-,HR-/HER2+,0.3422891632798373,1.4081674289598518,0.9504447471345846,2.086323812048605,0.08790334439066695,NA,converged,NA,0.28839920467281943,NA,FALSE,FALSE,NA,0.05,FALSE,#E41A1C,Clinical_Subtype,harmonized receptor subtype
METABRIC,RFI,RFI,Fun-CIM,M2,M2: Prespecified adjusted,Primary adjusted,median_split,median_group,common,"survival::Surv(time, event) ~ median_group + age_5y + tumor_size + grade + clinical_subtype",age_5y; tumor_size; grade; clinical_subtype,0.23083688127430485,-0.03729392320029222,400,215,185,202,198,112,103,410,10,clinical_subtypeHR-/HER2-,clinical_subtype,HR-/HER2- vs HR+/HER2-,HR+/HER2-,HR-/HER2-,0.07034317205993561,1.0728762992563692,0.757988425361656,1.5185766892902617,0.6914943043262607,NA,converged,NA,0.6914943043262607,NA,FALSE,FALSE,NA,0.05,FALSE,#E41A1C,Clinical_Subtype,harmonized receptor subtype
SCANB,OS,OS,Dys-CIM,M0,M0: Unadjusted,Primary univariable,continuous,cim_z,common,"survival::Surv(time, event) ~ cim_z",,0.3886774662091883,-0.05189421448763552,2462,261,2201,1231,1231,130,131,2462,0,cim_z,cim_z,CIM score (per 1 SD),per 1-SD increase,+1 SD,0.09595475248809968,1.100709258511927,0.9751512758583993,1.242433765681506,0.12047736960188131,0.8230292855191512,converged,NA,0.12047736960188131,0.12047736960188131,TRUE,FALSE,0.12047736960188131,0.05,FALSE,#4DAF4A,ssGSEA score,within-cohort z standardization
SCANB,OS,OS,Dys-CIM,M2,M2: Prespecified adjusted,Primary adjusted,continuous,cim_z,common,"survival::Surv(time, event) ~ cim_z + age_5y + tumor_size + grade + clinical_subtype",age_5y; tumor_size; grade; clinical_subtype,0.3886774662091883,-0.05189421448763552,2462,261,2201,1231,1231,130,131,2462,0,cim_z,cim_z,CIM score (per 1 SD),per 1-SD increase,+1 SD,0.11699778714711898,1.1241169421823705,0.9923333634499539,1.2734016070045917,0.06591607035883205,0.6595065376953922,converged,NA,0.10546571257413129,0.06591607035883205,TRUE,FALSE,0.06591607035883205,0.05,FALSE,#E41A1C,ssGSEA score,within-cohort z standardization
SCANB,OS,OS,Dys-CIM,M2,M2: Prespecified adjusted,Primary adjusted,continuous,cim_z,common,"survival::Surv(time, event) ~ cim_z + age_5y + tumor_size + grade + clinical_subtype",age_5y; tumor_size; grade; clinical_subtype,0.3886774662091883,-0.05189421448763552,2462,261,2201,1231,1231,130,131,2462,0,age_5y,age_5y,Age (per 5 years),per 5-year increase,+5 years,0.23527775079864535,1.265260146949152,1.193680935329223,1.3411316140491583,2.4058578814355265e-15,0.16938058852230325,converged,NA,1.9246863051484212e-14,NA,FALSE,FALSE,NA,0.05,FALSE,#E41A1C,Age (5-year range),numeric age divided by 5
SCANB,OS,OS,Dys-CIM,M2,M2: Prespecified adjusted,Primary adjusted,continuous,cim_z,common,"survival::Surv(time, event) ~ cim_z + age_5y + tumor_size + grade + clinical_subtype",age_5y; tumor_size; grade; clinical_subtype,0.3886774662091883,-0.05189421448763552,2462,261,2201,1231,1231,130,131,2462,0,tumor_size21-50 mm,tumor_size,Tumor size: 21-50 vs ≤20 mm,≤20 mm,21-50 mm,0.5416721926586306,1.7188787567732813,1.3308748643083983,2.220001489036926,3.328164222240311e-5,NA,converged,NA,6.656328444480622e-5,NA,FALSE,FALSE,NA,0.05,FALSE,#E41A1C,Tumor_Size_Cat,harmonized or derived size category
SCANB,OS,OS,Dys-CIM,M2,M2: Prespecified adjusted,Primary adjusted,continuous,cim_z,common,"survival::Surv(time, event) ~ cim_z + age_5y + tumor_size + grade + clinical_subtype",age_5y; tumor_size; grade; clinical_subtype,0.3886774662091883,-0.05189421448763552,2462,261,2201,1231,1231,130,131,2462,0,tumor_size>50 mm,tumor_size,Tumor size: >50 vs ≤20 mm,≤20 mm,>50 mm,1.3325269735676661,3.7906100665490783,2.342739005063508,6.133301509714562,5.71767101676037e-8,NA,converged,NA,2.287068406704148e-7,NA,FALSE,FALSE,NA,0.05,FALSE,#E41A1C,Tumor_Size_Cat,harmonized or derived size category
SCANB,OS,OS,Dys-CIM,M2,M2: Prespecified adjusted,Primary adjusted,continuous,cim_z,common,"survival::Surv(time, event) ~ cim_z + age_5y + tumor_size + grade + clinical_subtype",age_5y; tumor_size; grade; clinical_subtype,0.3886774662091883,-0.05189421448763552,2462,261,2201,1231,1231,130,131,2462,0,grade3,grade,Grade: 3 vs 1-2,1-2,3,0.027525686216231988,1.027908017835771,0.7775336085574568,1.3589057521144887,0.8467552582235306,NA,converged,NA,0.8467552582235306,NA,FALSE,FALSE,NA,0.05,FALSE,#E41A1C,NHG_collapsed,grade 1/2 versus grade 3
SCANB,OS,OS,Dys-CIM,M2,M2: Prespecified adjusted,Primary adjusted,continuous,cim_z,common,"survival::Surv(time, event) ~ cim_z + age_5y + tumor_size + grade + clinical_subtype",age_5y; tumor_size; grade; clinical_subtype,0.3886774662091883,-0.05189421448763552,2462,261,2201,1231,1231,130,131,2462,0,clinical_subtypeHR+/HER2+,clinical_subtype,HR+/HER2+ vs HR+/HER2-,HR+/HER2-,HR+/HER2+,-0.14152968602636293,0.8680294068585523,0.5880343921136207,1.2813452091856947,0.47628718947690407,NA,converged,NA,0.5443282165450332,NA,FALSE,FALSE,NA,0.05,FALSE,#E41A1C,Clinical_Subtype,harmonized receptor subtype
SCANB,OS,OS,Dys-CIM,M2,M2: Prespecified adjusted,Primary adjusted,continuous,cim_z,common,"survival::Surv(time, event) ~ cim_z + age_5y + tumor_size + grade + clinical_subtype",age_5y; tumor_size; grade; clinical_subtype,0.3886774662091883,-0.05189421448763552,2462,261,2201,1231,1231,130,131,2462,0,clinical_subtypeHR-/HER2+,clinical_subtype,HR-/HER2+ vs HR+/HER2-,HR+/HER2-,HR-/HER2+,0.20912848421330646,1.2326033584294902,0.7782722308702632,1.9521588705699628,0.3727006329654641,NA,converged,NA,0.4969341772872854,NA,FALSE,FALSE,NA,0.05,FALSE,#E41A1C,Clinical_Subtype,harmonized receptor subtype
SCANB,OS,OS,Dys-CIM,M2,M2: Prespecified adjusted,Primary adjusted,continuous,cim_z,common,"survival::Surv(time, event) ~ cim_z + age_5y + tumor_size + grade + clinical_subtype",age_5y; tumor_size; grade; clinical_subtype,0.3886774662091883,-0.05189421448763552,2462,261,2201,1231,1231,130,131,2462,0,clinical_subtypeHR-/HER2-,clinical_subtype,HR-/HER2- vs HR+/HER2-,HR+/HER2-,HR-/HER2-,0.8164624366345606,2.2624819906680966,1.6758255470533365,3.0545093235379333,9.748986833130024e-8,NA,converged,NA,2.599729822168006e-7,NA,FALSE,FALSE,NA,0.05,FALSE,#E41A1C,Clinical_Subtype,harmonized receptor subtype
SCANB,OS,OS,Dys-CIM,M0,M0: Unadjusted,Primary univariable,median_split,median_group,common,"survival::Surv(time, event) ~ median_group",,0.3886774662091883,-0.05189421448763552,2462,261,2201,1231,1231,130,131,2462,0,median_groupHigh,median_group,CIM score: High vs Low,Low,High,0.13100351292627524,1.1399717859417962,0.8938620031229785,1.4538437344948165,0.29109002380011373,NA,converged,NA,0.29109002380011373,0.29109002380011373,TRUE,FALSE,0.29109002380011373,0.05,FALSE,#4DAF4A,ssGSEA score,fixed raw-score median within cohort and signature
SCANB,OS,OS,Dys-CIM,M2,M2: Prespecified adjusted,Primary adjusted,median_split,median_group,common,"survival::Surv(time, event) ~ median_group + age_5y + tumor_size + grade + clinical_subtype",age_5y; tumor_size; grade; clinical_subtype,0.3886774662091883,-0.05189421448763552,2462,261,2201,1231,1231,130,131,2462,0,median_groupHigh,median_group,CIM score: High vs Low,Low,High,0.22197803562087245,1.2485439540703467,0.9757812825272262,1.5975526823062633,0.07755998403331738,NA,converged,NA,0.1240959744533078,0.13265839870906362,TRUE,FALSE,0.13265839870906362,0.05,FALSE,#E41A1C,ssGSEA score,fixed raw-score median within cohort and signature
SCANB,OS,OS,Dys-CIM,M2,M2: Prespecified adjusted,Primary adjusted,median_split,median_group,common,"survival::Surv(time, event) ~ median_group + age_5y + tumor_size + grade + clinical_subtype",age_5y; tumor_size; grade; clinical_subtype,0.3886774662091883,-0.05189421448763552,2462,261,2201,1231,1231,130,131,2462,0,age_5y,age_5y,Age (per 5 years),per 5-year increase,+5 years,0.23611444616597094,1.2663192272545738,1.1946079963157064,1.3423352181302801,2.0491763991984855e-15,0.16963638131996425,converged,NA,1.6393411193587884e-14,NA,FALSE,FALSE,NA,0.05,FALSE,#E41A1C,Age (5-year range),numeric age divided by 5
SCANB,OS,OS,Dys-CIM,M2,M2: Prespecified adjusted,Primary adjusted,median_split,median_group,common,"survival::Surv(time, event) ~ median_group + age_5y + tumor_size + grade + clinical_subtype",age_5y; tumor_size; grade; clinical_subtype,0.3886774662091883,-0.05189421448763552,2462,261,2201,1231,1231,130,131,2462,0,tumor_size21-50 mm,tumor_size,Tumor size: 21-50 vs ≤20 mm,≤20 mm,21-50 mm,0.5480542754461755,1.7298838636984606,1.3396683760718413,2.23376041066139,2.6456598177526408e-5,NA,converged,NA,5.2913196355052816e-5,NA,FALSE,FALSE,NA,0.05,FALSE,#E41A1C,Tumor_Size_Cat,harmonized or derived size category
SCANB,OS,OS,Dys-CIM,M2,M2: Prespecified adjusted,Primary adjusted,median_split,median_group,common,"survival::Surv(time, event) ~ median_group + age_5y + tumor_size + grade + clinical_subtype",age_5y; tumor_size; grade; clinical_subtype,0.3886774662091883,-0.05189421448763552,2462,261,2201,1231,1231,130,131,2462,0,tumor_size>50 mm,tumor_size,Tumor size: >50 vs ≤20 mm,≤20 mm,>50 mm,1.3366750543629622,3.806366480214231,2.352797989832401,6.1579556954358585,5.155797517842719e-8,NA,converged,NA,2.0623190071370877e-7,NA,FALSE,FALSE,NA,0.05,FALSE,#E41A1C,Tumor_Size_Cat,harmonized or derived size category
SCANB,OS,OS,Dys-CIM,M2,M2: Prespecified adjusted,Primary adjusted,median_split,median_group,common,"survival::Surv(time, event) ~ median_group + age_5y + tumor_size + grade + clinical_subtype",age_5y; tumor_size; grade; clinical_subtype,0.3886774662091883,-0.05189421448763552,2462,261,2201,1231,1231,130,131,2462,0,grade3,grade,Grade: 3 vs 1-2,1-2,3,0.0415163551960168,1.0423902102082725,0.7901022153361141,1.3752364304861617,0.7690325022611332,NA,converged,NA,0.7690325022611332,NA,FALSE,FALSE,NA,0.05,FALSE,#E41A1C,NHG_collapsed,grade 1/2 versus grade 3
SCANB,OS,OS,Dys-CIM,M2,M2: Prespecified adjusted,Primary adjusted,median_split,median_group,common,"survival::Surv(time, event) ~ median_group + age_5y + tumor_size + grade + clinical_subtype",age_5y; tumor_size; grade; clinical_subtype,0.3886774662091883,-0.05189421448763552,2462,261,2201,1231,1231,130,131,2462,0,clinical_subtypeHR+/HER2+,clinical_subtype,HR+/HER2+ vs HR+/HER2-,HR+/HER2-,HR+/HER2+,-0.15058166106756155,0.8602074816778972,0.5827493537642058,1.269768738060298,0.4485171448793718,NA,converged,NA,0.512591022719282,NA,FALSE,FALSE,NA,0.05,FALSE,#E41A1C,Clinical_Subtype,harmonized receptor subtype
SCANB,OS,OS,Dys-CIM,M2,M2: Prespecified adjusted,Primary adjusted,median_split,median_group,common,"survival::Surv(time, event) ~ median_group + age_5y + tumor_size + grade + clinical_subtype",age_5y; tumor_size; grade; clinical_subtype,0.3886774662091883,-0.05189421448763552,2462,261,2201,1231,1231,130,131,2462,0,clinical_subtypeHR-/HER2+,clinical_subtype,HR-/HER2+ vs HR+/HER2-,HR+/HER2-,HR-/HER2+,0.2102075646060569,1.2339341544344145,0.7790957116915894,1.9543086614786846,0.3702614451054925,NA,converged,NA,0.49368192680732337,NA,FALSE,FALSE,NA,0.05,FALSE,#E41A1C,Clinical_Subtype,harmonized receptor subtype
SCANB,OS,OS,Dys-CIM,M2,M2: Prespecified adjusted,Primary adjusted,median_split,median_group,common,"survival::Surv(time, event) ~ median_group + age_5y + tumor_size + grade + clinical_subtype",age_5y; tumor_size; grade; clinical_subtype,0.3886774662091883,-0.05189421448763552,2462,261,2201,1231,1231,130,131,2462,0,clinical_subtypeHR-/HER2-,clinical_subtype,HR-/HER2- vs HR+/HER2-,HR+/HER2-,HR-/HER2-,0.812434634219015,2.253387487966083,1.6697892968579684,3.040955634628197,1.0815355663343449e-7,NA,converged,NA,2.8840948435582526e-7,NA,FALSE,FALSE,NA,0.05,FALSE,#E41A1C,Clinical_Subtype,harmonized receptor subtype
SCANB,OS,OS,Fun-CIM,M0,M0: Unadjusted,Primary univariable,continuous,cim_z,common,"survival::Surv(time, event) ~ cim_z",,0.12885907966821492,-0.055289421812261076,2462,261,2201,1231,1231,126,135,2462,0,cim_z,cim_z,CIM score (per 1 SD),per 1-SD increase,+1 SD,-0.13142773725531287,0.8768426359039869,0.7720252267830493,0.9958910427613669,0.043036827962766505,0.21437559336991524,converged,NA,0.043036827962766505,0.08607365592553301,TRUE,FALSE,0.08607365592553301,0.05,FALSE,#4DAF4A,ssGSEA score,within-cohort z standardization
SCANB,OS,OS,Fun-CIM,M2,M2: Prespecified adjusted,Primary adjusted,continuous,cim_z,common,"survival::Surv(time, event) ~ cim_z + age_5y + tumor_size + grade + clinical_subtype",age_5y; tumor_size; grade; clinical_subtype,0.12885907966821492,-0.055289421812261076,2462,261,2201,1231,1231,126,135,2462,0,cim_z,cim_z,CIM score (per 1 SD),per 1-SD increase,+1 SD,-0.1476108181227691,0.8627668228238154,0.7582489780215895,0.9816915184082275,0.025063423754464506,0.17579474200353407,converged,NA,0.04010147800714321,0.05012684750892901,TRUE,FALSE,0.05012684750892901,0.05,FALSE,#E41A1C,ssGSEA score,within-cohort z standardization
SCANB,OS,OS,Fun-CIM,M2,M2: Prespecified adjusted,Primary adjusted,continuous,cim_z,common,"survival::Surv(time, event) ~ cim_z + age_5y + tumor_size + grade + clinical_subtype",age_5y; tumor_size; grade; clinical_subtype,0.12885907966821492,-0.055289421812261076,2462,261,2201,1231,1231,126,135,2462,0,age_5y,age_5y,Age (per 5 years),per 5-year increase,+5 years,0.23336052783521524,1.2628366850414536,1.1913368944466551,1.3386276380093227,4.249166485771309e-15,0.15473723313985993,converged,NA,3.399333188617047e-14,NA,FALSE,FALSE,NA,0.05,FALSE,#E41A1C,Age (5-year range),numeric age divided by 5
SCANB,OS,OS,Fun-CIM,M2,M2: Prespecified adjusted,Primary adjusted,continuous,cim_z,common,"survival::Surv(time, event) ~ cim_z + age_5y + tumor_size + grade + clinical_subtype",age_5y; tumor_size; grade; clinical_subtype,0.12885907966821492,-0.055289421812261076,2462,261,2201,1231,1231,126,135,2462,0,tumor_size21-50 mm,tumor_size,Tumor size: 21-50 vs ≤20 mm,≤20 mm,21-50 mm,0.5358102994310143,1.7088323472874252,1.323026633250105,2.20714225832507,4.0604430768463034e-5,NA,converged,NA,8.120886153692607e-5,NA,FALSE,FALSE,NA,0.05,FALSE,#E41A1C,Tumor_Size_Cat,harmonized or derived size category
SCANB,OS,OS,Fun-CIM,M2,M2: Prespecified adjusted,Primary adjusted,continuous,cim_z,common,"survival::Surv(time, event) ~ cim_z + age_5y + tumor_size + grade + clinical_subtype",age_5y; tumor_size; grade; clinical_subtype,0.12885907966821492,-0.055289421812261076,2462,261,2201,1231,1231,126,135,2462,0,tumor_size>50 mm,tumor_size,Tumor size: >50 vs ≤20 mm,≤20 mm,>50 mm,1.318579052263374,3.738105948495205,2.3102116234336267,6.048552409846664,7.86377376340059e-8,NA,converged,NA,2.097006336906824e-7,NA,FALSE,FALSE,NA,0.05,FALSE,#E41A1C,Tumor_Size_Cat,harmonized or derived size category
SCANB,OS,OS,Fun-CIM,M2,M2: Prespecified adjusted,Primary adjusted,continuous,cim_z,common,"survival::Surv(time, event) ~ cim_z + age_5y + tumor_size + grade + clinical_subtype",age_5y; tumor_size; grade; clinical_subtype,0.12885907966821492,-0.055289421812261076,2462,261,2201,1231,1231,126,135,2462,0,grade3,grade,Grade: 3 vs 1-2,1-2,3,0.0523961576907586,1.0537931280848134,0.8000041675475428,1.3880927148204913,0.7093639724094967,NA,converged,NA,0.7093639724094967,NA,FALSE,FALSE,NA,0.05,FALSE,#E41A1C,NHG_collapsed,grade 1/2 versus grade 3
SCANB,OS,OS,Fun-CIM,M2,M2: Prespecified adjusted,Primary adjusted,continuous,cim_z,common,"survival::Surv(time, event) ~ cim_z + age_5y + tumor_size + grade + clinical_subtype",age_5y; tumor_size; grade; clinical_subtype,0.12885907966821492,-0.055289421812261076,2462,261,2201,1231,1231,126,135,2462,0,clinical_subtypeHR+/HER2+,clinical_subtype,HR+/HER2+ vs HR+/HER2-,HR+/HER2-,HR+/HER2+,-0.10645928484246216,0.8990116508170763,0.6082653179550384,1.3287325850207143,0.5932872301114553,NA,converged,NA,0.6780425486988061,NA,FALSE,FALSE,NA,0.05,FALSE,#E41A1C,Clinical_Subtype,harmonized receptor subtype
SCANB,OS,OS,Fun-CIM,M2,M2: Prespecified adjusted,Primary adjusted,continuous,cim_z,common,"survival::Surv(time, event) ~ cim_z + age_5y + tumor_size + grade + clinical_subtype",age_5y; tumor_size; grade; clinical_subtype,0.12885907966821492,-0.055289421812261076,2462,261,2201,1231,1231,126,135,2462,0,clinical_subtypeHR-/HER2+,clinical_subtype,HR-/HER2+ vs HR+/HER2-,HR+/HER2-,HR-/HER2+,0.29710568482089567,1.345957539213138,0.8458718936335242,2.1416974733405274,0.20996553811948365,NA,converged,NA,0.2799540508259782,NA,FALSE,FALSE,NA,0.05,FALSE,#E41A1C,Clinical_Subtype,harmonized receptor subtype
SCANB,OS,OS,Fun-CIM,M2,M2: Prespecified adjusted,Primary adjusted,continuous,cim_z,common,"survival::Surv(time, event) ~ cim_z + age_5y + tumor_size + grade + clinical_subtype",age_5y; tumor_size; grade; clinical_subtype,0.12885907966821492,-0.055289421812261076,2462,261,2201,1231,1231,126,135,2462,0,clinical_subtypeHR-/HER2-,clinical_subtype,HR-/HER2- vs HR+/HER2-,HR+/HER2-,HR-/HER2-,0.8472823712359596,2.3332971922603285,1.7241005380172787,3.157748441788011,4.057428341881556e-8,NA,converged,NA,1.6229713367526223e-7,NA,FALSE,FALSE,NA,0.05,FALSE,#E41A1C,Clinical_Subtype,harmonized receptor subtype
SCANB,OS,OS,Fun-CIM,M0,M0: Unadjusted,Primary univariable,median_split,median_group,common,"survival::Surv(time, event) ~ median_group",,0.12885907966821492,-0.055289421812261076,2462,261,2201,1231,1231,126,135,2462,0,median_groupHigh,median_group,CIM score: High vs Low,Low,High,-0.17521219172051802,0.8392789138367459,0.6565048810259159,1.072938093179511,0.162060904759928,NA,converged,NA,0.162060904759928,0.29109002380011373,TRUE,FALSE,0.29109002380011373,0.05,FALSE,#4DAF4A,ssGSEA score,fixed raw-score median within cohort and signature
SCANB,OS,OS,Fun-CIM,M2,M2: Prespecified adjusted,Primary adjusted,median_split,median_group,common,"survival::Surv(time, event) ~ median_group + age_5y + tumor_size + grade + clinical_subtype",age_5y; tumor_size; grade; clinical_subtype,0.12885907966821492,-0.055289421812261076,2462,261,2201,1231,1231,126,135,2462,0,median_groupHigh,median_group,CIM score: High vs Low,Low,High,-0.1913851340568491,0.8258144776175562,0.6434946028663311,1.0597906313511354,0.13265839870906362,NA,converged,NA,0.2122534379345018,0.13265839870906362,TRUE,FALSE,0.13265839870906362,0.05,FALSE,#E41A1C,ssGSEA score,fixed raw-score median within cohort and signature
SCANB,OS,OS,Fun-CIM,M2,M2: Prespecified adjusted,Primary adjusted,median_split,median_group,common,"survival::Surv(time, event) ~ median_group + age_5y + tumor_size + grade + clinical_subtype",age_5y; tumor_size; grade; clinical_subtype,0.12885907966821492,-0.055289421812261076,2462,261,2201,1231,1231,126,135,2462,0,age_5y,age_5y,Age (per 5 years),per 5-year increase,+5 years,0.23345949344357306,1.2629616686266818,1.191422891974604,1.3387959784595884,4.258587920066209e-15,0.1776218233356861,converged,NA,3.406870336052967e-14,NA,FALSE,FALSE,NA,0.05,FALSE,#E41A1C,Age (5-year range),numeric age divided by 5
SCANB,OS,OS,Fun-CIM,M2,M2: Prespecified adjusted,Primary adjusted,median_split,median_group,common,"survival::Surv(time, event) ~ median_group + age_5y + tumor_size + grade + clinical_subtype",age_5y; tumor_size; grade; clinical_subtype,0.12885907966821492,-0.055289421812261076,2462,261,2201,1231,1231,126,135,2462,0,tumor_size21-50 mm,tumor_size,Tumor size: 21-50 vs ≤20 mm,≤20 mm,21-50 mm,0.545936432033836,1.7262241173064177,1.3368051914188765,2.2290829825455174,2.846539791506705e-5,NA,converged,NA,5.69307958301341e-5,NA,FALSE,FALSE,NA,0.05,FALSE,#E41A1C,Tumor_Size_Cat,harmonized or derived size category
SCANB,OS,OS,Fun-CIM,M2,M2: Prespecified adjusted,Primary adjusted,median_split,median_group,common,"survival::Surv(time, event) ~ median_group + age_5y + tumor_size + grade + clinical_subtype",age_5y; tumor_size; grade; clinical_subtype,0.12885907966821492,-0.055289421812261076,2462,261,2201,1231,1231,126,135,2462,0,tumor_size>50 mm,tumor_size,Tumor size: >50 vs ≤20 mm,≤20 mm,>50 mm,1.3308191619928555,3.78414194354159,2.3384415114604145,6.1236213002084865,5.992906568918819e-8,NA,converged,NA,2.3971626275675276e-7,NA,FALSE,FALSE,NA,0.05,FALSE,#E41A1C,Tumor_Size_Cat,harmonized or derived size category
SCANB,OS,OS,Fun-CIM,M2,M2: Prespecified adjusted,Primary adjusted,median_split,median_group,common,"survival::Surv(time, event) ~ median_group + age_5y + tumor_size + grade + clinical_subtype",age_5y; tumor_size; grade; clinical_subtype,0.12885907966821492,-0.055289421812261076,2462,261,2201,1231,1231,126,135,2462,0,grade3,grade,Grade: 3 vs 1-2,1-2,3,0.056659449802193784,1.058295346331399,0.8031457351482114,1.394502879181715,0.6872911043763958,NA,converged,NA,0.6872911043763958,NA,FALSE,FALSE,NA,0.05,FALSE,#E41A1C,NHG_collapsed,grade 1/2 versus grade 3
SCANB,OS,OS,Fun-CIM,M2,M2: Prespecified adjusted,Primary adjusted,median_split,median_group,common,"survival::Surv(time, event) ~ median_group + age_5y + tumor_size + grade + clinical_subtype",age_5y; tumor_size; grade; clinical_subtype,0.12885907966821492,-0.055289421812261076,2462,261,2201,1231,1231,126,135,2462,0,clinical_subtypeHR+/HER2+,clinical_subtype,HR+/HER2+ vs HR+/HER2-,HR+/HER2-,HR+/HER2+,-0.1303065564833591,0.8778262863293221,0.5942033662446281,1.2968270338836967,0.5128020653055746,NA,converged,NA,0.5860595032063709,NA,FALSE,FALSE,NA,0.05,FALSE,#E41A1C,Clinical_Subtype,harmonized receptor subtype
SCANB,OS,OS,Fun-CIM,M2,M2: Prespecified adjusted,Primary adjusted,median_split,median_group,common,"survival::Surv(time, event) ~ median_group + age_5y + tumor_size + grade + clinical_subtype",age_5y; tumor_size; grade; clinical_subtype,0.12885907966821492,-0.055289421812261076,2462,261,2201,1231,1231,126,135,2462,0,clinical_subtypeHR-/HER2+,clinical_subtype,HR-/HER2+ vs HR+/HER2-,HR+/HER2-,HR-/HER2+,0.2683653938189904,1.307824923863489,0.82235569598415,2.0798859177738422,0.25691222057897284,NA,converged,NA,0.34254962743863043,NA,FALSE,FALSE,NA,0.05,FALSE,#E41A1C,Clinical_Subtype,harmonized receptor subtype
SCANB,OS,OS,Fun-CIM,M2,M2: Prespecified adjusted,Primary adjusted,median_split,median_group,common,"survival::Surv(time, event) ~ median_group + age_5y + tumor_size + grade + clinical_subtype",age_5y; tumor_size; grade; clinical_subtype,0.12885907966821492,-0.055289421812261076,2462,261,2201,1231,1231,126,135,2462,0,clinical_subtypeHR-/HER2-,clinical_subtype,HR-/HER2- vs HR+/HER2-,HR+/HER2-,HR-/HER2-,0.820297214981659,2.2711747643941935,1.6798305417465451,3.070687597487022,9.7851027779075e-8,NA,converged,NA,2.609360740775333e-7,NA,FALSE,FALSE,NA,0.05,FALSE,#E41A1C,Clinical_Subtype,harmonized receptor subtype
SCANB,DRFi,DRFi,Dys-CIM,M0,M0: Unadjusted,Primary univariable,continuous,cim_z,common,"survival::Surv(time, event) ~ cim_z",,0.3886774662091883,-0.05189421448763552,1867,177,1690,982,885,95,82,1867,0,cim_z,cim_z,CIM score (per 1 SD),per 1-SD increase,+1 SD,0.0498785686634711,1.0511434468722187,0.9070394124158204,1.218141715539788,0.5073209515935524,0.530046761599777,converged,NA,0.5073209515935524,0.5073209515935524,TRUE,FALSE,0.5073209515935524,0.05,FALSE,#4DAF4A,ssGSEA score,within-cohort z standardization
SCANB,DRFi,DRFi,Dys-CIM,M2,M2: Prespecified adjusted,Primary adjusted,continuous,cim_z,common,"survival::Surv(time, event) ~ cim_z + age_5y + tumor_size + grade + clinical_subtype",age_5y; tumor_size; grade; clinical_subtype,0.3886774662091883,-0.05189421448763552,1867,177,1690,982,885,95,82,1867,0,cim_z,cim_z,CIM score (per 1 SD),per 1-SD increase,+1 SD,0.012614059497215571,1.0126939523165635,0.8707184353470843,1.1778193724010673,0.8699876127208849,0.5218737900969908,converged,NA,0.8699876127208849,0.8699876127208849,TRUE,FALSE,0.8699876127208849,0.05,FALSE,#E41A1C,ssGSEA score,within-cohort z standardization
SCANB,DRFi,DRFi,Dys-CIM,M2,M2: Prespecified adjusted,Primary adjusted,continuous,cim_z,common,"survival::Surv(time, event) ~ cim_z + age_5y + tumor_size + grade + clinical_subtype",age_5y; tumor_size; grade; clinical_subtype,0.3886774662091883,-0.05189421448763552,1867,177,1690,982,885,95,82,1867,0,age_5y,age_5y,Age (per 5 years),per 5-year increase,+5 years,0.041560421305951716,1.0424361453019535,0.9769338702883069,1.112330271353273,0.20941430472750155,0.3619637927491612,converged,NA,0.3350628875640025,NA,FALSE,FALSE,NA,0.05,FALSE,#E41A1C,Age (5-year range),numeric age divided by 5
SCANB,DRFi,DRFi,Dys-CIM,M2,M2: Prespecified adjusted,Primary adjusted,continuous,cim_z,common,"survival::Surv(time, event) ~ cim_z + age_5y + tumor_size + grade + clinical_subtype",age_5y; tumor_size; grade; clinical_subtype,0.3886774662091883,-0.05189421448763552,1867,177,1690,982,885,95,82,1867,0,tumor_size21-50 mm,tumor_size,Tumor size: 21-50 vs ≤20 mm,≤20 mm,21-50 mm,0.6787262643238277,1.9713651342750351,1.4392342819378994,2.7002417475787404,2.3548944873959445e-5,NA,converged,NA,9.419577949583778e-5,NA,FALSE,FALSE,NA,0.05,FALSE,#E41A1C,Tumor_Size_Cat,harmonized or derived size category
SCANB,DRFi,DRFi,Dys-CIM,M2,M2: Prespecified adjusted,Primary adjusted,continuous,cim_z,common,"survival::Surv(time, event) ~ cim_z + age_5y + tumor_size + grade + clinical_subtype",age_5y; tumor_size; grade; clinical_subtype,0.3886774662091883,-0.05189421448763552,1867,177,1690,982,885,95,82,1867,0,tumor_size>50 mm,tumor_size,Tumor size: >50 vs ≤20 mm,≤20 mm,>50 mm,1.7376797337956198,5.684139393628599,3.2825625809315517,9.842749330625546,5.53972179647244e-10,NA,converged,NA,4.431777437177952e-9,NA,FALSE,FALSE,NA,0.05,FALSE,#E41A1C,Tumor_Size_Cat,harmonized or derived size category
SCANB,DRFi,DRFi,Dys-CIM,M2,M2: Prespecified adjusted,Primary adjusted,continuous,cim_z,common,"survival::Surv(time, event) ~ cim_z + age_5y + tumor_size + grade + clinical_subtype",age_5y; tumor_size; grade; clinical_subtype,0.3886774662091883,-0.05189421448763552,1867,177,1690,982,885,95,82,1867,0,grade3,grade,Grade: 3 vs 1-2,1-2,3,0.4352300133282648,1.5453184619187168,1.0830029390177078,2.2049886133391023,0.01641353176470342,NA,converged,NA,0.04376941803920912,NA,FALSE,FALSE,NA,0.05,FALSE,#E41A1C,NHG_collapsed,grade 1/2 versus grade 3
SCANB,DRFi,DRFi,Dys-CIM,M2,M2: Prespecified adjusted,Primary adjusted,continuous,cim_z,common,"survival::Surv(time, event) ~ cim_z + age_5y + tumor_size + grade + clinical_subtype",age_5y; tumor_size; grade; clinical_subtype,0.3886774662091883,-0.05189421448763552,1867,177,1690,982,885,95,82,1867,0,clinical_subtypeHR+/HER2+,clinical_subtype,HR+/HER2+ vs HR+/HER2-,HR+/HER2-,HR+/HER2+,-0.17365377687837533,0.8405878782426267,0.5391007200348328,1.3106789785084807,0.4435441694151345,NA,converged,NA,0.583695752510463,NA,FALSE,FALSE,NA,0.05,FALSE,#E41A1C,Clinical_Subtype,harmonized receptor subtype
SCANB,DRFi,DRFi,Dys-CIM,M2,M2: Prespecified adjusted,Primary adjusted,continuous,cim_z,common,"survival::Surv(time, event) ~ cim_z + age_5y + tumor_size + grade + clinical_subtype",age_5y; tumor_size; grade; clinical_subtype,0.3886774662091883,-0.05189421448763552,1867,177,1690,982,885,95,82,1867,0,clinical_subtypeHR-/HER2+,clinical_subtype,HR-/HER2+ vs HR+/HER2-,HR+/HER2-,HR-/HER2+,0.1787946620407507,1.195775180921647,0.7018595780187471,2.0372711694617704,0.5107337834466552,NA,converged,NA,0.583695752510463,NA,FALSE,FALSE,NA,0.05,FALSE,#E41A1C,Clinical_Subtype,harmonized receptor subtype
SCANB,DRFi,DRFi,Dys-CIM,M2,M2: Prespecified adjusted,Primary adjusted,continuous,cim_z,common,"survival::Surv(time, event) ~ cim_z + age_5y + tumor_size + grade + clinical_subtype",age_5y; tumor_size; grade; clinical_subtype,0.3886774662091883,-0.05189421448763552,1867,177,1690,982,885,95,82,1867,0,clinical_subtypeHR-/HER2-,clinical_subtype,HR-/HER2- vs HR+/HER2-,HR+/HER2-,HR-/HER2-,0.35498284270605585,1.4261561850906903,0.9682135282496342,2.1006951513571765,0.072416986952768,NA,converged,NA,0.144833973905536,NA,FALSE,FALSE,NA,0.05,FALSE,#E41A1C,Clinical_Subtype,harmonized receptor subtype
SCANB,DRFi,DRFi,Dys-CIM,M0,M0: Unadjusted,Primary univariable,median_split,median_group,common,"survival::Surv(time, event) ~ median_group",,0.3886774662091883,-0.05189421448763552,1867,177,1690,982,885,95,82,1867,0,median_groupHigh,median_group,CIM score: High vs Low,Low,High,0.010476284805089718,1.010531353212853,0.7519286140562039,1.3580725573370331,0.9446195732003398,NA,converged,NA,0.9446195732003398,0.9446195732003398,TRUE,FALSE,0.9446195732003398,0.05,FALSE,#4DAF4A,ssGSEA score,fixed raw-score median within cohort and signature
SCANB,DRFi,DRFi,Dys-CIM,M2,M2: Prespecified adjusted,Primary adjusted,median_split,median_group,common,"survival::Surv(time, event) ~ median_group + age_5y + tumor_size + grade + clinical_subtype",age_5y; tumor_size; grade; clinical_subtype,0.3886774662091883,-0.05189421448763552,1867,177,1690,982,885,95,82,1867,0,median_groupHigh,median_group,CIM score: High vs Low,Low,High,-0.008767302307703683,0.9912710184156122,0.7335694168369404,1.3395027238017254,0.954484738456316,NA,converged,NA,0.954484738456316,0.954484738456316,TRUE,FALSE,0.954484738456316,0.05,FALSE,#E41A1C,ssGSEA score,fixed raw-score median within cohort and signature
SCANB,DRFi,DRFi,Dys-CIM,M2,M2: Prespecified adjusted,Primary adjusted,median_split,median_group,common,"survival::Surv(time, event) ~ median_group + age_5y + tumor_size + grade + clinical_subtype",age_5y; tumor_size; grade; clinical_subtype,0.3886774662091883,-0.05189421448763552,1867,177,1690,982,885,95,82,1867,0,age_5y,age_5y,Age (per 5 years),per 5-year increase,+5 years,0.04111797177718592,1.0419750219401258,0.9763887324826437,1.1119668941554746,0.21512162695214399,0.3623388530130416,converged,NA,0.3441946031234304,NA,FALSE,FALSE,NA,0.05,FALSE,#E41A1C,Age (5-year range),numeric age divided by 5
SCANB,DRFi,DRFi,Dys-CIM,M2,M2: Prespecified adjusted,Primary adjusted,median_split,median_group,common,"survival::Surv(time, event) ~ median_group + age_5y + tumor_size + grade + clinical_subtype",age_5y; tumor_size; grade; clinical_subtype,0.3886774662091883,-0.05189421448763552,1867,177,1690,982,885,95,82,1867,0,tumor_size21-50 mm,tumor_size,Tumor size: 21-50 vs ≤20 mm,≤20 mm,21-50 mm,0.680144368072731,1.9741627177253647,1.4417505206808974,2.7031850380162905,2.219902885170178e-5,NA,converged,NA,8.879611540680713e-5,NA,FALSE,FALSE,NA,0.05,FALSE,#E41A1C,Tumor_Size_Cat,harmonized or derived size category
SCANB,DRFi,DRFi,Dys-CIM,M2,M2: Prespecified adjusted,Primary adjusted,median_split,median_group,common,"survival::Surv(time, event) ~ median_group + age_5y + tumor_size + grade + clinical_subtype",age_5y; tumor_size; grade; clinical_subtype,0.3886774662091883,-0.05189421448763552,1867,177,1690,982,885,95,82,1867,0,tumor_size>50 mm,tumor_size,Tumor size: >50 vs ≤20 mm,≤20 mm,>50 mm,1.7402137638248263,5.6985614387726224,3.2921373841536052,9.863987641516706,5.089138325137219e-10,NA,converged,NA,4.071310660109775e-9,NA,FALSE,FALSE,NA,0.05,FALSE,#E41A1C,Tumor_Size_Cat,harmonized or derived size category
SCANB,DRFi,DRFi,Dys-CIM,M2,M2: Prespecified adjusted,Primary adjusted,median_split,median_group,common,"survival::Surv(time, event) ~ median_group + age_5y + tumor_size + grade + clinical_subtype",age_5y; tumor_size; grade; clinical_subtype,0.3886774662091883,-0.05189421448763552,1867,177,1690,982,885,95,82,1867,0,grade3,grade,Grade: 3 vs 1-2,1-2,3,0.4413974132070763,1.5548785088267534,1.0915980657877131,2.21477781335816,0.014463333537274853,NA,converged,NA,0.03856888943273294,NA,FALSE,FALSE,NA,0.05,FALSE,#E41A1C,NHG_collapsed,grade 1/2 versus grade 3
SCANB,DRFi,DRFi,Dys-CIM,M2,M2: Prespecified adjusted,Primary adjusted,median_split,median_group,common,"survival::Surv(time, event) ~ median_group + age_5y + tumor_size + grade + clinical_subtype",age_5y; tumor_size; grade; clinical_subtype,0.3886774662091883,-0.05189421448763552,1867,177,1690,982,885,95,82,1867,0,clinical_subtypeHR+/HER2+,clinical_subtype,HR+/HER2+ vs HR+/HER2-,HR+/HER2-,HR+/HER2+,-0.17394523251922245,0.84034291986287,0.5389467480562029,1.3102894219337824,0.4427735222654777,NA,converged,NA,0.5785633061634939,NA,FALSE,FALSE,NA,0.05,FALSE,#E41A1C,Clinical_Subtype,harmonized receptor subtype
SCANB,DRFi,DRFi,Dys-CIM,M2,M2: Prespecified adjusted,Primary adjusted,median_split,median_group,common,"survival::Surv(time, event) ~ median_group + age_5y + tumor_size + grade + clinical_subtype",age_5y; tumor_size; grade; clinical_subtype,0.3886774662091883,-0.05189421448763552,1867,177,1690,982,885,95,82,1867,0,clinical_subtypeHR-/HER2+,clinical_subtype,HR-/HER2+ vs HR+/HER2-,HR+/HER2-,HR-/HER2+,0.18065257672183052,1.1979988942807407,0.7032602396607267,2.0407827284395608,0.5062428928930572,NA,converged,NA,0.5785633061634939,NA,FALSE,FALSE,NA,0.05,FALSE,#E41A1C,Clinical_Subtype,harmonized receptor subtype
SCANB,DRFi,DRFi,Dys-CIM,M2,M2: Prespecified adjusted,Primary adjusted,median_split,median_group,common,"survival::Surv(time, event) ~ median_group + age_5y + tumor_size + grade + clinical_subtype",age_5y; tumor_size; grade; clinical_subtype,0.3886774662091883,-0.05189421448763552,1867,177,1690,982,885,95,82,1867,0,clinical_subtypeHR-/HER2-,clinical_subtype,HR-/HER2- vs HR+/HER2-,HR+/HER2-,HR-/HER2-,0.34999585833890556,1.4190616713085717,0.9628826847650149,2.091361760720119,0.07692551467490608,NA,converged,NA,0.15385102934981215,NA,FALSE,FALSE,NA,0.05,FALSE,#E41A1C,Clinical_Subtype,harmonized receptor subtype
SCANB,DRFi,DRFi,Fun-CIM,M0,M0: Unadjusted,Primary univariable,continuous,cim_z,common,"survival::Surv(time, event) ~ cim_z",,0.12885907966821492,-0.055289421812261076,1867,177,1690,808,1059,77,100,1867,0,cim_z,cim_z,CIM score (per 1 SD),per 1-SD increase,+1 SD,-0.15939330634833615,0.8526609360523465,0.7287079101596375,0.9976983393941663,0.046732737292018774,0.9395540584173535,converged,NA,0.046732737292018774,0.09346547458403755,TRUE,FALSE,0.09346547458403755,0.05,FALSE,#4DAF4A,ssGSEA score,within-cohort z standardization
SCANB,DRFi,DRFi,Fun-CIM,M2,M2: Prespecified adjusted,Primary adjusted,continuous,cim_z,common,"survival::Surv(time, event) ~ cim_z + age_5y + tumor_size + grade + clinical_subtype",age_5y; tumor_size; grade; clinical_subtype,0.12885907966821492,-0.055289421812261076,1867,177,1690,808,1059,77,100,1867,0,cim_z,cim_z,CIM score (per 1 SD),per 1-SD increase,+1 SD,-0.13509214019235757,0.873635411044595,0.743212038361034,1.0269462710994137,0.10149781714669202,0.9819719303145318,converged,NA,0.16239650743470724,0.20299563429338405,TRUE,FALSE,0.20299563429338405,0.05,FALSE,#E41A1C,ssGSEA score,within-cohort z standardization
SCANB,DRFi,DRFi,Fun-CIM,M2,M2: Prespecified adjusted,Primary adjusted,continuous,cim_z,common,"survival::Surv(time, event) ~ cim_z + age_5y + tumor_size + grade + clinical_subtype",age_5y; tumor_size; grade; clinical_subtype,0.12885907966821492,-0.055289421812261076,1867,177,1690,808,1059,77,100,1867,0,age_5y,age_5y,Age (per 5 years),per 5-year increase,+5 years,0.04159617812982121,1.0424734201740078,0.9771571928580698,1.1121555873632525,0.2076689941238736,0.36219710338968153,converged,NA,0.2768919921651648,NA,FALSE,FALSE,NA,0.05,FALSE,#E41A1C,Age (5-year range),numeric age divided by 5
SCANB,DRFi,DRFi,Fun-CIM,M2,M2: Prespecified adjusted,Primary adjusted,continuous,cim_z,common,"survival::Surv(time, event) ~ cim_z + age_5y + tumor_size + grade + clinical_subtype",age_5y; tumor_size; grade; clinical_subtype,0.12885907966821492,-0.055289421812261076,1867,177,1690,808,1059,77,100,1867,0,tumor_size21-50 mm,tumor_size,Tumor size: 21-50 vs ≤20 mm,≤20 mm,21-50 mm,0.6537752111342984,1.9227860676274762,1.4023962737919622,2.6362778702097285,4.902675560145109e-5,NA,converged,NA,1.9610702240580437e-4,NA,FALSE,FALSE,NA,0.05,FALSE,#E41A1C,Tumor_Size_Cat,harmonized or derived size category
SCANB,DRFi,DRFi,Fun-CIM,M2,M2: Prespecified adjusted,Primary adjusted,continuous,cim_z,common,"survival::Surv(time, event) ~ cim_z + age_5y + tumor_size + grade + clinical_subtype",age_5y; tumor_size; grade; clinical_subtype,0.12885907966821492,-0.055289421812261076,1867,177,1690,808,1059,77,100,1867,0,tumor_size>50 mm,tumor_size,Tumor size: >50 vs ≤20 mm,≤20 mm,>50 mm,1.6999885987387242,5.473884982178551,3.156999006232822,9.491107453300902,1.412983470006035e-9,NA,converged,NA,1.130386776004828e-8,NA,FALSE,FALSE,NA,0.05,FALSE,#E41A1C,Tumor_Size_Cat,harmonized or derived size category
SCANB,DRFi,DRFi,Fun-CIM,M2,M2: Prespecified adjusted,Primary adjusted,continuous,cim_z,common,"survival::Surv(time, event) ~ cim_z + age_5y + tumor_size + grade + clinical_subtype",age_5y; tumor_size; grade; clinical_subtype,0.12885907966821492,-0.055289421812261076,1867,177,1690,808,1059,77,100,1867,0,grade3,grade,Grade: 3 vs 1-2,1-2,3,0.42344604222466514,1.527215346597235,1.0749438754315566,2.169775341941208,0.018112862356248448,NA,converged,NA,0.048300966283329194,NA,FALSE,FALSE,NA,0.05,FALSE,#E41A1C,NHG_collapsed,grade 1/2 versus grade 3
SCANB,DRFi,DRFi,Fun-CIM,M2,M2: Prespecified adjusted,Primary adjusted,continuous,cim_z,common,"survival::Surv(time, event) ~ cim_z + age_5y + tumor_size + grade + clinical_subtype",age_5y; tumor_size; grade; clinical_subtype,0.12885907966821492,-0.055289421812261076,1867,177,1690,808,1059,77,100,1867,0,clinical_subtypeHR+/HER2+,clinical_subtype,HR+/HER2+ vs HR+/HER2-,HR+/HER2-,HR+/HER2+,-0.14726784493870024,0.8630627794578417,0.5530535552493171,1.3468449017558592,0.5166092565096819,NA,converged,NA,0.5166092565096819,NA,FALSE,FALSE,NA,0.05,FALSE,#E41A1C,Clinical_Subtype,harmonized receptor subtype
SCANB,DRFi,DRFi,Fun-CIM,M2,M2: Prespecified adjusted,Primary adjusted,continuous,cim_z,common,"survival::Surv(time, event) ~ cim_z + age_5y + tumor_size + grade + clinical_subtype",age_5y; tumor_size; grade; clinical_subtype,0.12885907966821492,-0.055289421812261076,1867,177,1690,808,1059,77,100,1867,0,clinical_subtypeHR-/HER2+,clinical_subtype,HR-/HER2+ vs HR+/HER2-,HR+/HER2-,HR-/HER2+,0.24676400609695262,1.2798770339586274,0.7469715827788067,2.1929685945493373,0.36910375739030926,NA,converged,NA,0.42183286558892485,NA,FALSE,FALSE,NA,0.05,FALSE,#E41A1C,Clinical_Subtype,harmonized receptor subtype
SCANB,DRFi,DRFi,Fun-CIM,M2,M2: Prespecified adjusted,Primary adjusted,continuous,cim_z,common,"survival::Surv(time, event) ~ cim_z + age_5y + tumor_size + grade + clinical_subtype",age_5y; tumor_size; grade; clinical_subtype,0.12885907966821492,-0.055289421812261076,1867,177,1690,808,1059,77,100,1867,0,clinical_subtypeHR-/HER2-,clinical_subtype,HR-/HER2- vs HR+/HER2-,HR+/HER2-,HR-/HER2-,0.39767045489240616,1.4883534694765859,1.0093097882467945,2.194763268818448,0.04477887493623214,NA,converged,NA,0.08955774987246427,NA,FALSE,FALSE,NA,0.05,FALSE,#E41A1C,Clinical_Subtype,harmonized receptor subtype
SCANB,DRFi,DRFi,Fun-CIM,M0,M0: Unadjusted,Primary univariable,median_split,median_group,common,"survival::Surv(time, event) ~ median_group",,0.12885907966821492,-0.055289421812261076,1867,177,1690,808,1059,77,100,1867,0,median_groupHigh,median_group,CIM score: High vs Low,Low,High,-0.1313141589852168,0.8769422318295788,0.6511099834294073,1.181102574891819,0.3873957154299034,NA,converged,NA,0.3873957154299034,0.7747914308598068,TRUE,FALSE,0.7747914308598068,0.05,FALSE,#4DAF4A,ssGSEA score,fixed raw-score median within cohort and signature
SCANB,DRFi,DRFi,Fun-CIM,M2,M2: Prespecified adjusted,Primary adjusted,median_split,median_group,common,"survival::Surv(time, event) ~ median_group + age_5y + tumor_size + grade + clinical_subtype",age_5y; tumor_size; grade; clinical_subtype,0.12885907966821492,-0.055289421812261076,1867,177,1690,808,1059,77,100,1867,0,median_groupHigh,median_group,CIM score: High vs Low,Low,High,-0.08518063973461104,0.9183463795711195,0.6786481103407085,1.2427059915454302,0.580978930026219,NA,converged,NA,0.580978930026219,0.954484738456316,TRUE,FALSE,0.954484738456316,0.05,FALSE,#E41A1C,ssGSEA score,fixed raw-score median within cohort and signature
SCANB,DRFi,DRFi,Fun-CIM,M2,M2: Prespecified adjusted,Primary adjusted,median_split,median_group,common,"survival::Surv(time, event) ~ median_group + age_5y + tumor_size + grade + clinical_subtype",age_5y; tumor_size; grade; clinical_subtype,0.12885907966821492,-0.055289421812261076,1867,177,1690,808,1059,77,100,1867,0,age_5y,age_5y,Age (per 5 years),per 5-year increase,+5 years,0.04098804709287721,1.0418396524584517,0.9764693648226126,1.1115861905528688,0.21507153294554027,0.3660643821546092,converged,NA,0.34411445271286445,NA,FALSE,FALSE,NA,0.05,FALSE,#E41A1C,Age (5-year range),numeric age divided by 5
SCANB,DRFi,DRFi,Fun-CIM,M2,M2: Prespecified adjusted,Primary adjusted,median_split,median_group,common,"survival::Surv(time, event) ~ median_group + age_5y + tumor_size + grade + clinical_subtype",age_5y; tumor_size; grade; clinical_subtype,0.12885907966821492,-0.055289421812261076,1867,177,1690,808,1059,77,100,1867,0,tumor_size21-50 mm,tumor_size,Tumor size: 21-50 vs ≤20 mm,≤20 mm,21-50 mm,0.6739388168852086,1.9619498828059831,1.4318747541371215,2.6882570081781,2.7416307597587246e-5,NA,converged,NA,1.0966523039034898e-4,NA,FALSE,FALSE,NA,0.05,FALSE,#E41A1C,Tumor_Size_Cat,harmonized or derived size category
SCANB,DRFi,DRFi,Fun-CIM,M2,M2: Prespecified adjusted,Primary adjusted,median_split,median_group,common,"survival::Surv(time, event) ~ median_group + age_5y + tumor_size + grade + clinical_subtype",age_5y; tumor_size; grade; clinical_subtype,0.12885907966821492,-0.055289421812261076,1867,177,1690,808,1059,77,100,1867,0,tumor_size>50 mm,tumor_size,Tumor size: >50 vs ≤20 mm,≤20 mm,>50 mm,1.7317245891205673,5.650390111853809,3.262320191059511,9.786564943450976,6.444938006971404e-10,NA,converged,NA,5.155950405577123e-9,NA,FALSE,FALSE,NA,0.05,FALSE,#E41A1C,Tumor_Size_Cat,harmonized or derived size category
SCANB,DRFi,DRFi,Fun-CIM,M2,M2: Prespecified adjusted,Primary adjusted,median_split,median_group,common,"survival::Surv(time, event) ~ median_group + age_5y + tumor_size + grade + clinical_subtype",age_5y; tumor_size; grade; clinical_subtype,0.12885907966821492,-0.055289421812261076,1867,177,1690,808,1059,77,100,1867,0,grade3,grade,Grade: 3 vs 1-2,1-2,3,0.43396108361491814,1.5433588050022,1.0860248402371462,2.193279852105124,0.015511937280620414,NA,converged,NA,0.041365166081654435,NA,FALSE,FALSE,NA,0.05,FALSE,#E41A1C,NHG_collapsed,grade 1/2 versus grade 3
SCANB,DRFi,DRFi,Fun-CIM,M2,M2: Prespecified adjusted,Primary adjusted,median_split,median_group,common,"survival::Surv(time, event) ~ median_group + age_5y + tumor_size + grade + clinical_subtype",age_5y; tumor_size; grade; clinical_subtype,0.12885907966821492,-0.055289421812261076,1867,177,1690,808,1059,77,100,1867,0,clinical_subtypeHR+/HER2+,clinical_subtype,HR+/HER2+ vs HR+/HER2-,HR+/HER2-,HR+/HER2+,-0.16835792789335993,0.8450513131111508,0.5417272550113947,1.3182126525567917,0.4580103076274046,NA,converged,NA,0.531918131781895,NA,FALSE,FALSE,NA,0.05,FALSE,#E41A1C,Clinical_Subtype,harmonized receptor subtype
SCANB,DRFi,DRFi,Fun-CIM,M2,M2: Prespecified adjusted,Primary adjusted,median_split,median_group,common,"survival::Surv(time, event) ~ median_group + age_5y + tumor_size + grade + clinical_subtype",age_5y; tumor_size; grade; clinical_subtype,0.12885907966821492,-0.055289421812261076,1867,177,1690,808,1059,77,100,1867,0,clinical_subtypeHR-/HER2+,clinical_subtype,HR-/HER2+ vs HR+/HER2-,HR+/HER2-,HR-/HER2+,0.20006037965511944,1.22147650826395,0.7138202277904396,2.0901689279092666,0.46542836530915815,NA,converged,NA,0.531918131781895,NA,FALSE,FALSE,NA,0.05,FALSE,#E41A1C,Clinical_Subtype,harmonized receptor subtype
SCANB,DRFi,DRFi,Fun-CIM,M2,M2: Prespecified adjusted,Primary adjusted,median_split,median_group,common,"survival::Surv(time, event) ~ median_group + age_5y + tumor_size + grade + clinical_subtype",age_5y; tumor_size; grade; clinical_subtype,0.12885907966821492,-0.055289421812261076,1867,177,1690,808,1059,77,100,1867,0,clinical_subtypeHR-/HER2-,clinical_subtype,HR-/HER2- vs HR+/HER2-,HR+/HER2-,HR-/HER2-,0.36490382436069446,1.4403754724555409,0.9772921838096748,2.122887644065679,0.06519826789892591,NA,converged,NA,0.13039653579785182,NA,FALSE,FALSE,NA,0.05,FALSE,#E41A1C,Clinical_Subtype,harmonized receptor subtype
SCANB,RFi,RFI,Dys-CIM,M0,M0: Unadjusted,Primary univariable,continuous,cim_z,common,"survival::Surv(time, event) ~ cim_z",,0.3886774662091883,-0.05189421448763552,1866,214,1652,981,885,110,104,1866,0,cim_z,cim_z,CIM score (per 1 SD),per 1-SD increase,+1 SD,0.09283092559081994,1.097276198258816,0.96001729133052,1.2541597595566591,0.1733525599738437,0.24395544520614731,converged,NA,0.1733525599738437,0.1733525599738437,TRUE,FALSE,0.1733525599738437,0.05,FALSE,#4DAF4A,ssGSEA score,within-cohort z standardization
SCANB,RFi,RFI,Dys-CIM,M2,M2: Prespecified adjusted,Primary adjusted,continuous,cim_z,common,"survival::Surv(time, event) ~ cim_z + age_5y + tumor_size + grade + clinical_subtype",age_5y; tumor_size; grade; clinical_subtype,0.3886774662091883,-0.05189421448763552,1866,214,1652,981,885,110,104,1866,0,cim_z,cim_z,CIM score (per 1 SD),per 1-SD increase,+1 SD,0.07114080482212277,1.0737324019248091,0.9364632096127665,1.231122866449769,0.3080341926177921,0.2455500807621296,converged,NA,0.4928547081884673,0.3080341926177921,TRUE,FALSE,0.3080341926177921,0.05,FALSE,#E41A1C,ssGSEA score,within-cohort z standardization
SCANB,RFi,RFI,Dys-CIM,M2,M2: Prespecified adjusted,Primary adjusted,continuous,cim_z,common,"survival::Surv(time, event) ~ cim_z + age_5y + tumor_size + grade + clinical_subtype",age_5y; tumor_size; grade; clinical_subtype,0.3886774662091883,-0.05189421448763552,1866,214,1652,981,885,110,104,1866,0,age_5y,age_5y,Age (per 5 years),per 5-year increase,+5 years,0.015040484978796658,1.0151541622785296,0.9573322144604364,1.0764685003024226,0.6152013371518469,0.5963056108485836,converged,NA,0.6152013371518469,NA,FALSE,FALSE,NA,0.05,FALSE,#E41A1C,Age (5-year range),numeric age divided by 5
SCANB,RFi,RFI,Dys-CIM,M2,M2: Prespecified adjusted,Primary adjusted,continuous,cim_z,common,"survival::Surv(time, event) ~ cim_z + age_5y + tumor_size + grade + clinical_subtype",age_5y; tumor_size; grade; clinical_subtype,0.3886774662091883,-0.05189421448763552,1866,214,1652,981,885,110,104,1866,0,tumor_size21-50 mm,tumor_size,Tumor size: 21-50 vs ≤20 mm,≤20 mm,21-50 mm,0.5202612988834161,1.68246721907262,1.270536461645726,2.2279533320809657,2.822143779466996e-4,NA,converged,NA,0.0011288575117867983,NA,FALSE,FALSE,NA,0.05,FALSE,#E41A1C,Tumor_Size_Cat,harmonized or derived size category
SCANB,RFi,RFI,Dys-CIM,M2,M2: Prespecified adjusted,Primary adjusted,continuous,cim_z,common,"survival::Surv(time, event) ~ cim_z + age_5y + tumor_size + grade + clinical_subtype",age_5y; tumor_size; grade; clinical_subtype,0.3886774662091883,-0.05189421448763552,1866,214,1652,981,885,110,104,1866,0,tumor_size>50 mm,tumor_size,Tumor size: >50 vs ≤20 mm,≤20 mm,>50 mm,1.4143540480620018,4.113828272187963,2.4097954141021862,7.0228298029018354,2.1801376423147158e-7,NA,converged,NA,1.7441101138517726e-6,NA,FALSE,FALSE,NA,0.05,FALSE,#E41A1C,Tumor_Size_Cat,harmonized or derived size category
SCANB,RFi,RFI,Dys-CIM,M2,M2: Prespecified adjusted,Primary adjusted,continuous,cim_z,common,"survival::Surv(time, event) ~ cim_z + age_5y + tumor_size + grade + clinical_subtype",age_5y; tumor_size; grade; clinical_subtype,0.3886774662091883,-0.05189421448763552,1866,214,1652,981,885,110,104,1866,0,grade3,grade,Grade: 3 vs 1-2,1-2,3,0.3084025746973132,1.3612488830026495,0.9891323425627934,1.873357529362484,0.05837170292388098,NA,converged,NA,0.11674340584776197,NA,FALSE,FALSE,NA,0.05,FALSE,#E41A1C,NHG_collapsed,grade 1/2 versus grade 3
SCANB,RFi,RFI,Dys-CIM,M2,M2: Prespecified adjusted,Primary adjusted,continuous,cim_z,common,"survival::Surv(time, event) ~ cim_z + age_5y + tumor_size + grade + clinical_subtype",age_5y; tumor_size; grade; clinical_subtype,0.3886774662091883,-0.05189421448763552,1866,214,1652,981,885,110,104,1866,0,clinical_subtypeHR+/HER2+,clinical_subtype,HR+/HER2+ vs HR+/HER2-,HR+/HER2-,HR+/HER2+,-0.1702110209201372,0.8434868044533018,0.5618328256552391,1.2663375239015073,0.41164290389759595,NA,converged,NA,0.5488572051967946,NA,FALSE,FALSE,NA,0.05,FALSE,#E41A1C,Clinical_Subtype,harmonized receptor subtype
SCANB,RFi,RFI,Dys-CIM,M2,M2: Prespecified adjusted,Primary adjusted,continuous,cim_z,common,"survival::Surv(time, event) ~ cim_z + age_5y + tumor_size + grade + clinical_subtype",age_5y; tumor_size; grade; clinical_subtype,0.3886774662091883,-0.05189421448763552,1866,214,1652,981,885,110,104,1866,0,clinical_subtypeHR-/HER2+,clinical_subtype,HR-/HER2+ vs HR+/HER2-,HR+/HER2-,HR-/HER2+,0.15822136126283767,1.1714254742316854,0.7096693957553447,1.9336294475801261,0.5360749629664535,NA,converged,NA,0.6126571005330897,NA,FALSE,FALSE,NA,0.05,FALSE,#E41A1C,Clinical_Subtype,harmonized receptor subtype
SCANB,RFi,RFI,Dys-CIM,M2,M2: Prespecified adjusted,Primary adjusted,continuous,cim_z,common,"survival::Surv(time, event) ~ cim_z + age_5y + tumor_size + grade + clinical_subtype",age_5y; tumor_size; grade; clinical_subtype,0.3886774662091883,-0.05189421448763552,1866,214,1652,981,885,110,104,1866,0,clinical_subtypeHR-/HER2-,clinical_subtype,HR-/HER2- vs HR+/HER2-,HR+/HER2-,HR-/HER2-,0.46479723542015555,1.591691417523391,1.1234640324926695,2.2550624633674263,0.008924920510807764,NA,converged,NA,0.0237997880288207,NA,FALSE,FALSE,NA,0.05,FALSE,#E41A1C,Clinical_Subtype,harmonized receptor subtype
SCANB,RFi,RFI,Dys-CIM,M0,M0: Unadjusted,Primary univariable,median_split,median_group,common,"survival::Surv(time, event) ~ median_group",,0.3886774662091883,-0.05189421448763552,1866,214,1652,981,885,110,104,1866,0,median_groupHigh,median_group,CIM score: High vs Low,Low,High,0.1055370243417925,1.1113072491806006,0.8498528586244846,1.453197208844186,0.44060937754384877,NA,converged,NA,0.44060937754384877,0.44060937754384877,TRUE,FALSE,0.44060937754384877,0.05,FALSE,#4DAF4A,ssGSEA score,fixed raw-score median within cohort and signature
SCANB,RFi,RFI,Dys-CIM,M2,M2: Prespecified adjusted,Primary adjusted,median_split,median_group,common,"survival::Surv(time, event) ~ median_group + age_5y + tumor_size + grade + clinical_subtype",age_5y; tumor_size; grade; clinical_subtype,0.3886774662091883,-0.05189421448763552,1866,214,1652,981,885,110,104,1866,0,median_groupHigh,median_group,CIM score: High vs Low,Low,High,0.10738581252320112,1.1133637212937137,0.8471408483392204,1.4632499168504525,0.44118864768433347,NA,converged,NA,0.5882515302457779,0.44118864768433347,TRUE,FALSE,0.44118864768433347,0.05,FALSE,#E41A1C,ssGSEA score,fixed raw-score median within cohort and signature
SCANB,RFi,RFI,Dys-CIM,M2,M2: Prespecified adjusted,Primary adjusted,median_split,median_group,common,"survival::Surv(time, event) ~ median_group + age_5y + tumor_size + grade + clinical_subtype",age_5y; tumor_size; grade; clinical_subtype,0.3886774662091883,-0.05189421448763552,1866,214,1652,981,885,110,104,1866,0,age_5y,age_5y,Age (per 5 years),per 5-year increase,+5 years,0.015171853112461864,1.0152875299461495,0.9573594815169979,1.0767206972565524,0.6127406502428363,0.59884010008214,converged,NA,0.6127406502428363,NA,FALSE,FALSE,NA,0.05,FALSE,#E41A1C,Age (5-year range),numeric age divided by 5
SCANB,RFi,RFI,Dys-CIM,M2,M2: Prespecified adjusted,Primary adjusted,median_split,median_group,common,"survival::Surv(time, event) ~ median_group + age_5y + tumor_size + grade + clinical_subtype",age_5y; tumor_size; grade; clinical_subtype,0.3886774662091883,-0.05189421448763552,1866,214,1652,981,885,110,104,1866,0,tumor_size21-50 mm,tumor_size,Tumor size: 21-50 vs ≤20 mm,≤20 mm,21-50 mm,0.5256213079061358,1.6915094701726028,1.2777593478376654,2.239235653040282,2.4014277990148835e-4,NA,converged,NA,9.605711196059534e-4,NA,FALSE,FALSE,NA,0.05,FALSE,#E41A1C,Tumor_Size_Cat,harmonized or derived size category
SCANB,RFi,RFI,Dys-CIM,M2,M2: Prespecified adjusted,Primary adjusted,median_split,median_group,common,"survival::Surv(time, event) ~ median_group + age_5y + tumor_size + grade + clinical_subtype",age_5y; tumor_size; grade; clinical_subtype,0.3886774662091883,-0.05189421448763552,1866,214,1652,981,885,110,104,1866,0,tumor_size>50 mm,tumor_size,Tumor size: >50 vs ≤20 mm,≤20 mm,>50 mm,1.422784985720773,4.148658320561111,2.43149928169986,7.0784992577618535,1.7949949547988456e-7,NA,converged,NA,1.4359959638390765e-6,NA,FALSE,FALSE,NA,0.05,FALSE,#E41A1C,Tumor_Size_Cat,harmonized or derived size category
SCANB,RFi,RFI,Dys-CIM,M2,M2: Prespecified adjusted,Primary adjusted,median_split,median_group,common,"survival::Surv(time, event) ~ median_group + age_5y + tumor_size + grade + clinical_subtype",age_5y; tumor_size; grade; clinical_subtype,0.3886774662091883,-0.05189421448763552,1866,214,1652,981,885,110,104,1866,0,grade3,grade,Grade: 3 vs 1-2,1-2,3,0.31931219494041124,1.3761808945601863,1.0016871092837834,1.8906840639155416,0.048796464052225236,NA,converged,NA,0.09759292810445047,NA,FALSE,FALSE,NA,0.05,FALSE,#E41A1C,NHG_collapsed,grade 1/2 versus grade 3
SCANB,RFi,RFI,Dys-CIM,M2,M2: Prespecified adjusted,Primary adjusted,median_split,median_group,common,"survival::Surv(time, event) ~ median_group + age_5y + tumor_size + grade + clinical_subtype",age_5y; tumor_size; grade; clinical_subtype,0.3886774662091883,-0.05189421448763552,1866,214,1652,981,885,110,104,1866,0,clinical_subtypeHR+/HER2+,clinical_subtype,HR+/HER2+ vs HR+/HER2-,HR+/HER2-,HR+/HER2+,-0.17348354396325552,0.8407309861480466,0.5599638007775319,1.2622755079667785,0.40277926387452107,NA,converged,NA,0.5882515302457779,NA,FALSE,FALSE,NA,0.05,FALSE,#E41A1C,Clinical_Subtype,harmonized receptor subtype
SCANB,RFi,RFI,Dys-CIM,M2,M2: Prespecified adjusted,Primary adjusted,median_split,median_group,common,"survival::Surv(time, event) ~ median_group + age_5y + tumor_size + grade + clinical_subtype",age_5y; tumor_size; grade; clinical_subtype,0.3886774662091883,-0.05189421448763552,1866,214,1652,981,885,110,104,1866,0,clinical_subtypeHR-/HER2+,clinical_subtype,HR-/HER2+ vs HR+/HER2-,HR+/HER2-,HR-/HER2+,0.1628417142965729,1.176850396352255,0.7130255762825589,1.9423943564762378,0.5241558800993046,NA,converged,NA,0.5990352915420624,NA,FALSE,FALSE,NA,0.05,FALSE,#E41A1C,Clinical_Subtype,harmonized receptor subtype
SCANB,RFi,RFI,Dys-CIM,M2,M2: Prespecified adjusted,Primary adjusted,median_split,median_group,common,"survival::Surv(time, event) ~ median_group + age_5y + tumor_size + grade + clinical_subtype",age_5y; tumor_size; grade; clinical_subtype,0.3886774662091883,-0.05189421448763552,1866,214,1652,981,885,110,104,1866,0,clinical_subtypeHR-/HER2-,clinical_subtype,HR-/HER2- vs HR+/HER2-,HR+/HER2-,HR-/HER2-,0.4610326458247043,1.585710617266414,1.1188281212784794,2.2474213097523412,0.009570228801033469,NA,converged,NA,0.02552061013608925,NA,FALSE,FALSE,NA,0.05,FALSE,#E41A1C,Clinical_Subtype,harmonized receptor subtype
SCANB,RFi,RFI,Fun-CIM,M0,M0: Unadjusted,Primary univariable,continuous,cim_z,common,"survival::Surv(time, event) ~ cim_z",,0.12885907966821492,-0.055289421812261076,1866,214,1652,807,1059,96,118,1866,0,cim_z,cim_z,CIM score (per 1 SD),per 1-SD increase,+1 SD,-0.14944116997661752,0.8611891003043624,0.7464611625030664,0.9935502390989974,0.04049446527808786,0.6832217925462876,converged,NA,0.04049446527808786,0.08098893055617572,TRUE,FALSE,0.08098893055617572,0.05,FALSE,#4DAF4A,ssGSEA score,within-cohort z standardization
SCANB,RFi,RFI,Fun-CIM,M2,M2: Prespecified adjusted,Primary adjusted,continuous,cim_z,common,"survival::Surv(time, event) ~ cim_z + age_5y + tumor_size + grade + clinical_subtype",age_5y; tumor_size; grade; clinical_subtype,0.12885907966821492,-0.055289421812261076,1866,214,1652,807,1059,96,118,1866,0,cim_z,cim_z,CIM score (per 1 SD),per 1-SD increase,+1 SD,-0.13843577182220873,0.8707191741791092,0.7520633492461386,1.0080957688512735,0.06401300360510795,0.6466907740356432,converged,NA,0.10242080576817272,0.1280260072102159,TRUE,FALSE,0.1280260072102159,0.05,FALSE,#E41A1C,ssGSEA score,within-cohort z standardization
SCANB,RFi,RFI,Fun-CIM,M2,M2: Prespecified adjusted,Primary adjusted,continuous,cim_z,common,"survival::Surv(time, event) ~ cim_z + age_5y + tumor_size + grade + clinical_subtype",age_5y; tumor_size; grade; clinical_subtype,0.12885907966821492,-0.055289421812261076,1866,214,1652,807,1059,96,118,1866,0,age_5y,age_5y,Age (per 5 years),per 5-year increase,+5 years,0.013336730707573697,1.0134260615860902,0.9557724387614409,1.0745574371581552,0.6553958841320247,0.5953910648382518,converged,NA,0.6553958841320247,NA,FALSE,FALSE,NA,0.05,FALSE,#E41A1C,Age (5-year range),numeric age divided by 5
SCANB,RFi,RFI,Fun-CIM,M2,M2: Prespecified adjusted,Primary adjusted,continuous,cim_z,common,"survival::Surv(time, event) ~ cim_z + age_5y + tumor_size + grade + clinical_subtype",age_5y; tumor_size; grade; clinical_subtype,0.12885907966821492,-0.055289421812261076,1866,214,1652,807,1059,96,118,1866,0,tumor_size21-50 mm,tumor_size,Tumor size: 21-50 vs ≤20 mm,≤20 mm,21-50 mm,0.5000153510444825,1.6487465804879593,1.2438444507780435,2.1854543668787203,5.059566168890666e-4,NA,converged,NA,0.0020238264675562665,NA,FALSE,FALSE,NA,0.05,FALSE,#E41A1C,Tumor_Size_Cat,harmonized or derived size category
SCANB,RFi,RFI,Fun-CIM,M2,M2: Prespecified adjusted,Primary adjusted,continuous,cim_z,common,"survival::Surv(time, event) ~ cim_z + age_5y + tumor_size + grade + clinical_subtype",age_5y; tumor_size; grade; clinical_subtype,0.12885907966821492,-0.055289421812261076,1866,214,1652,807,1059,96,118,1866,0,tumor_size>50 mm,tumor_size,Tumor size: >50 vs ≤20 mm,≤20 mm,>50 mm,1.3849769569438042,3.9947338528793987,2.3373756889457273,6.827271555364935,4.0869030711360686e-7,NA,converged,NA,3.269522456908855e-6,NA,FALSE,FALSE,NA,0.05,FALSE,#E41A1C,Tumor_Size_Cat,harmonized or derived size category
SCANB,RFi,RFI,Fun-CIM,M2,M2: Prespecified adjusted,Primary adjusted,continuous,cim_z,common,"survival::Surv(time, event) ~ cim_z + age_5y + tumor_size + grade + clinical_subtype",age_5y; tumor_size; grade; clinical_subtype,0.12885907966821492,-0.055289421812261076,1866,214,1652,807,1059,96,118,1866,0,grade3,grade,Grade: 3 vs 1-2,1-2,3,0.3184219578789975,1.374956312489687,1.0029853200836896,1.8848778974127887,0.047873978301742795,NA,converged,NA,0.09574795660348559,NA,FALSE,FALSE,NA,0.05,FALSE,#E41A1C,NHG_collapsed,grade 1/2 versus grade 3
SCANB,RFi,RFI,Fun-CIM,M2,M2: Prespecified adjusted,Primary adjusted,continuous,cim_z,common,"survival::Surv(time, event) ~ cim_z + age_5y + tumor_size + grade + clinical_subtype",age_5y; tumor_size; grade; clinical_subtype,0.12885907966821492,-0.055289421812261076,1866,214,1652,807,1059,96,118,1866,0,clinical_subtypeHR+/HER2+,clinical_subtype,HR+/HER2+ vs HR+/HER2-,HR+/HER2-,HR+/HER2+,-0.14525039813830132,0.8648057202548087,0.5756045460170117,1.2993103319988981,0.48434660590751666,NA,converged,NA,0.553538978180019,NA,FALSE,FALSE,NA,0.05,FALSE,#E41A1C,Clinical_Subtype,harmonized receptor subtype
SCANB,RFi,RFI,Fun-CIM,M2,M2: Prespecified adjusted,Primary adjusted,continuous,cim_z,common,"survival::Surv(time, event) ~ cim_z + age_5y + tumor_size + grade + clinical_subtype",age_5y; tumor_size; grade; clinical_subtype,0.12885907966821492,-0.055289421812261076,1866,214,1652,807,1059,96,118,1866,0,clinical_subtypeHR-/HER2+,clinical_subtype,HR-/HER2+ vs HR+/HER2-,HR+/HER2-,HR-/HER2+,0.23424564583860055,1.263954939347222,0.7619132758616972,2.0968030605496804,0.36438748659576276,NA,converged,NA,0.48584998212768365,NA,FALSE,FALSE,NA,0.05,FALSE,#E41A1C,Clinical_Subtype,harmonized receptor subtype
SCANB,RFi,RFI,Fun-CIM,M2,M2: Prespecified adjusted,Primary adjusted,continuous,cim_z,common,"survival::Surv(time, event) ~ cim_z + age_5y + tumor_size + grade + clinical_subtype",age_5y; tumor_size; grade; clinical_subtype,0.12885907966821492,-0.055289421812261076,1866,214,1652,807,1059,96,118,1866,0,clinical_subtypeHR-/HER2-,clinical_subtype,HR-/HER2- vs HR+/HER2-,HR+/HER2-,HR-/HER2-,0.49132785752120756,1.6344851430167477,1.1527967094006604,2.3174438831729613,0.005812297896198867,NA,converged,NA,0.01549946105653031,NA,FALSE,FALSE,NA,0.05,FALSE,#E41A1C,Clinical_Subtype,harmonized receptor subtype
SCANB,RFi,RFI,Fun-CIM,M0,M0: Unadjusted,Primary univariable,median_split,median_group,common,"survival::Surv(time, event) ~ median_group",,0.12885907966821492,-0.055289421812261076,1866,214,1652,807,1059,96,118,1866,0,median_groupHigh,median_group,CIM score: High vs Low,Low,High,-0.19129961657330088,0.8258851022133356,0.6304848100615784,1.0818439892173033,0.16488146843790372,NA,converged,NA,0.16488146843790372,0.32976293687580743,TRUE,FALSE,0.32976293687580743,0.05,FALSE,#4DAF4A,ssGSEA score,fixed raw-score median within cohort and signature
SCANB,RFi,RFI,Fun-CIM,M2,M2: Prespecified adjusted,Primary adjusted,median_split,median_group,common,"survival::Surv(time, event) ~ median_group + age_5y + tumor_size + grade + clinical_subtype",age_5y; tumor_size; grade; clinical_subtype,0.12885907966821492,-0.055289421812261076,1866,214,1652,807,1059,96,118,1866,0,median_groupHigh,median_group,CIM score: High vs Low,Low,High,-0.1685716185063371,0.8448707528707562,0.6422863863375295,1.1113525122752392,0.22814091515340928,NA,converged,NA,0.3650254642454549,0.44118864768433347,TRUE,FALSE,0.44118864768433347,0.05,FALSE,#E41A1C,ssGSEA score,fixed raw-score median within cohort and signature
SCANB,RFi,RFI,Fun-CIM,M2,M2: Prespecified adjusted,Primary adjusted,median_split,median_group,common,"survival::Surv(time, event) ~ median_group + age_5y + tumor_size + grade + clinical_subtype",age_5y; tumor_size; grade; clinical_subtype,0.12885907966821492,-0.055289421812261076,1866,214,1652,807,1059,96,118,1866,0,age_5y,age_5y,Age (per 5 years),per 5-year increase,+5 years,0.012667687151582271,1.0127482621740596,0.9550615491965103,1.0739193127390176,0.6720408191762055,0.606675678644459,converged,NA,0.6720408191762055,NA,FALSE,FALSE,NA,0.05,FALSE,#E41A1C,Age (5-year range),numeric age divided by 5
SCANB,RFi,RFI,Fun-CIM,M2,M2: Prespecified adjusted,Primary adjusted,median_split,median_group,common,"survival::Surv(time, event) ~ median_group + age_5y + tumor_size + grade + clinical_subtype",age_5y; tumor_size; grade; clinical_subtype,0.12885907966821492,-0.055289421812261076,1866,214,1652,807,1059,96,118,1866,0,tumor_size21-50 mm,tumor_size,Tumor size: 21-50 vs ≤20 mm,≤20 mm,21-50 mm,0.5148865766635171,1.6734486828997392,1.2632459844702562,2.2168528764199764,3.3228764907511637e-4,NA,converged,NA,0.0013291505963004655,NA,FALSE,FALSE,NA,0.05,FALSE,#E41A1C,Tumor_Size_Cat,harmonized or derived size category
SCANB,RFi,RFI,Fun-CIM,M2,M2: Prespecified adjusted,Primary adjusted,median_split,median_group,common,"survival::Surv(time, event) ~ median_group + age_5y + tumor_size + grade + clinical_subtype",age_5y; tumor_size; grade; clinical_subtype,0.12885907966821492,-0.055289421812261076,1866,214,1652,807,1059,96,118,1866,0,tumor_size>50 mm,tumor_size,Tumor size: >50 vs ≤20 mm,≤20 mm,>50 mm,1.4105187690085563,4.098080810044946,2.400052417150716,6.997458141183596,2.3770222196253913e-7,NA,converged,NA,1.901617775700313e-6,NA,FALSE,FALSE,NA,0.05,FALSE,#E41A1C,Tumor_Size_Cat,harmonized or derived size category
SCANB,RFi,RFI,Fun-CIM,M2,M2: Prespecified adjusted,Primary adjusted,median_split,median_group,common,"survival::Surv(time, event) ~ median_group + age_5y + tumor_size + grade + clinical_subtype",age_5y; tumor_size; grade; clinical_subtype,0.12885907966821492,-0.055289421812261076,1866,214,1652,807,1059,96,118,1866,0,grade3,grade,Grade: 3 vs 1-2,1-2,3,0.3226843854119048,1.3808294721993113,1.0069415533566684,1.8935458815243278,0.04518787943059412,NA,converged,NA,0.09037575886118825,NA,FALSE,FALSE,NA,0.05,FALSE,#E41A1C,NHG_collapsed,grade 1/2 versus grade 3
SCANB,RFi,RFI,Fun-CIM,M2,M2: Prespecified adjusted,Primary adjusted,median_split,median_group,common,"survival::Surv(time, event) ~ median_group + age_5y + tumor_size + grade + clinical_subtype",age_5y; tumor_size; grade; clinical_subtype,0.12885907966821492,-0.055289421812261076,1866,214,1652,807,1059,96,118,1866,0,clinical_subtypeHR+/HER2+,clinical_subtype,HR+/HER2+ vs HR+/HER2-,HR+/HER2-,HR+/HER2+,-0.16082778866900133,0.8514386858717846,0.5668930069053555,1.278808923321405,0.43836860939723304,NA,converged,NA,0.5009926964539806,NA,FALSE,FALSE,NA,0.05,FALSE,#E41A1C,Clinical_Subtype,harmonized receptor subtype
SCANB,RFi,RFI,Fun-CIM,M2,M2: Prespecified adjusted,Primary adjusted,median_split,median_group,common,"survival::Surv(time, event) ~ median_group + age_5y + tumor_size + grade + clinical_subtype",age_5y; tumor_size; grade; clinical_subtype,0.12885907966821492,-0.055289421812261076,1866,214,1652,807,1059,96,118,1866,0,clinical_subtypeHR-/HER2+,clinical_subtype,HR-/HER2+ vs HR+/HER2-,HR+/HER2-,HR-/HER2+,0.20432102059890503,1.2266918836182341,0.740405424973184,2.0323635221734784,0.4276701904033852,NA,converged,NA,0.5009926964539806,NA,FALSE,FALSE,NA,0.05,FALSE,#E41A1C,Clinical_Subtype,harmonized receptor subtype
SCANB,RFi,RFI,Fun-CIM,M2,M2: Prespecified adjusted,Primary adjusted,median_split,median_group,common,"survival::Surv(time, event) ~ median_group + age_5y + tumor_size + grade + clinical_subtype",age_5y; tumor_size; grade; clinical_subtype,0.12885907966821492,-0.055289421812261076,1866,214,1652,807,1059,96,118,1866,0,clinical_subtypeHR-/HER2-,clinical_subtype,HR-/HER2- vs HR+/HER2-,HR+/HER2-,HR-/HER2-,0.4695042697381536,1.599201224242602,1.1286196484586768,2.2659932946512713,0.00828022873192982,NA,converged,NA,0.022080609951812852,NA,FALSE,FALSE,NA,0.05,FALSE,#E41A1C,Clinical_Subtype,harmonized receptor subtype
