rowname,ID,Description,GeneRatio,BgRatio,RichFactor,FoldEnrichment,zScore,pvalue,p.adjust,qvalue,geneID,Count
GO:0050867,GO:0050867,positive regulation of cell activation,113/1487,381/16754,0.296587926509186,3.34165038381635,14.4293024476207,4.44816331644702e-32,2.47050990595468e-28,1.85277707822956e-28,AGER/AIF1/AXL/BCL6/BST1/BTK/BTN2A2/CAPN3/CARD11/CCL2/CCL3/CCR2/CD1D/CD209/CD226/CD274/CD28/CD38/CD4/CD40/CD40LG/CD70/CD74/CD80/CD86/CR1/CTSC/CYLD/DOCK8/DPP4/FLT3LG/GAS6/GLI2/GP1BA/GPR183/HAVCR2/HLA-DMA/HLA-DMB/HLA-DOA/HLA-DPA1/HLA-DQA1/HLA-DQA2/HLA-DQB2/HLA-DRA/HLA-DRB1/HLA-DRB5/HLA-E/HLX/IGF1/IGF2/IL10/IL12RB1/IL15/IL15RA/IL16/IL18/IL2RA/IL2RG/IL33/IL4R/IL7/IL7R/INPP5D/ITPKB/JAK2/KLRK1/LGALS9/LILRB1/LILRB2/LILRB4/LRRK2/MAP3K8/MEF2C/NCKAP1L/NFATC2/NLRP3/NR5A2/PDCD1LG2/PEAR1/PIK3CD/PIK3R6/PLA2G4A/PLEK/PRKAA1/PTPRC/PTPRJ/RUNX3/SASH3/SELP/SIRPA/SIRPB1/SIRPG/SLAMF1/SPI1/SPN/STAT5A/STAT5B/STAT6/SVEP1/SYK/TACR1/TESPA1/TGFBR2/TLR4/TLR6/TNFRSF14/TNFSF13/TOX/TYROBP/VAV1/VCAM1/WNT5A/ZAP70,113
GO:0030098,GO:0030098,lymphocyte differentiation,121/1487,433/16754,0.279445727482679,3.14850956169792,14.1362032981504,1.46131645911517e-31,4.05807580696282e-28,3.0433838045888e-28,ATM/ATP7A/AXL/BCL3/BCL6/BLNK/BTK/BTN2A2/CAMK4/CARD11/CCR2/CCR6/CD1D/CD28/CD4/CD40LG/CD69/CD74/CD80/CD86/CD8A/CLEC4E/CR1/CTSL/CYLD/CYP26B1/DLL1/DOCK10/DOCK11/DOCK2/DTX1/FCER1G/FCGR2B/FGL2/FLT3LG/GAS6/GLI2/GPR183/HDAC4/HDAC9/HLA-DOA/HLA-DRA/HLA-DRB1/HLX/IKZF1/IKZF3/IL10/IL12RB1/IL15/IL15RA/IL18/IL18R1/IL2RA/IL2RG/IL4R/IL6R/IL7/IL7R/INPP5D/IRF8/ITGA4/ITK/ITM2A/ITPKB/ITPRIPL1/JAK1/JAK2/JAK3/LAG3/LAPTM5/LEPR/LGALS9/LILRB2/LILRB4/LMBR1L/LY9/LYL1/MAFB/MERTK/MFNG/MR1/NCKAP1L/NFAM1/NLRP3/PIK3CD/PIK3R6/PLA2G2D/PLCL2/POU2AF1/PRDM1/PTCRA/PTGER4/PTK2B/PTPN22/PTPRC/PTPRJ/RBPJ/RIPK3/RUNX2/RUNX3/SASH3/SLAMF1/SLAMF6/SLAMF8/SOCS3/SPI1/SPN/STAT4/STAT5A/STAT5B/STAT6/SYK/TESPA1/TGFBR2/THEMIS/TNFSF8/TOX/VAV1/VCAM1/ZAP70/ZEB1,121
GO:0002443,GO:0002443,leukocyte mediated immunity,115/1487,403/16754,0.285359801488834,3.2151433181869,14.0477613143698,6.20215386939651e-31,1.14822541968761e-27,8.61120100393052e-28,ADGRE2/AGER/ARID5A/BCL3/BCL6/BTK/BTN3A2/BTN3A3/C1QA/C1QB/C1QC/C1R/C1S/C2/C3/C4BPB/C7/CBL/CCL3/CCR2/CCR6/CD1C/CD1D/CD226/CD274/CD28/CD40/CD40LG/CD7/CD70/CD74/CD80/CD84/CD8A/CD96/CR1/CSF2RB/CTSC/CTSH/DNASE1L3/FCER1G/FCGR1BP/FCGR2A/FCGR2B/FES/FGR/GZMB/HAVCR2/HCST/HFE/HLA-DRA/HLA-DRB1/HLA-E/IGLL5/IL10/IL12RB1/IL18/IL18R1/IL18RAP/IL1R1/IL4R/IL6R/IL7R/INPP5D/ITGAM/ITGB2/JAK3/KLRB1/KLRD1/KLRK1/LAG3/LGALS9/LILRB1/LILRB4/LYST/MILR1/MR1/MYO1G/NCF1/NCKAP1L/NLRP3/P2RX7/PIK3CD/PIK3CG/PIK3R6/PRAM1/PRF1/PRKAA1/PTGDR/PTGDS/PTPRC/RAB27A/RAC2/RASGRP4/RFTN1/RIPK3/SASH3/SCIMP/SERPINB9/SLAMF1/SLAMF6/SLAMF7/SPI1/SPN/STAT5A/STAT5B/STAT6/SYK/TLR4/TLR8/TNFRSF1B/TNFSF13/TYROBP/VAV1/WAS,115
GO:0007159,GO:0007159,leukocyte cell-cell adhesion,115/1487,420/16754,0.273809523809524,3.08500656483172,13.5055017029112,3.7131311614409e-29,4.12454609412855e-26,3.09323368543614e-26,ADTRP/AGER/AIF1/ALOX5/BCL6/BTN2A2/CARD11/CBLB/CCL2/CCR2/CD1D/CD209/CD274/CD28/CD4/CD40LG/CD69/CD70/CD74/CD80/CD86/CR1/CXCL12/CYLD/DOCK8/DPP4/DTX1/FERMT3/FGL2/GLI2/GPNMB/HAS2/HAVCR2/HFE/HLA-DMA/HLA-DMB/HLA-DOA/HLA-DPA1/HLA-DQA1/HLA-DQA2/HLA-DQB2/HLA-DRA/HLA-DRB1/HLA-DRB5/HLA-E/HLX/IGF1/IGF2/IL10/IL12RB1/IL15/IL18/IL2RA/IL2RG/IL4R/IL7/IL7R/ITGA4/ITGA5/ITGAL/ITGB2/ITPKB/JAK2/JAK3/JAM2/KLRK1/LAG3/LAPTM5/LAX1/LGALS9/LILRB1/LILRB2/LILRB4/LRRC32/MAP3K8/NCKAP1L/NFAT5/NLRP3/NR5A2/PAG1/PDCD1LG2/PECAM1/PIK3CD/PIK3R6/PLA2G2D/PPARA/PRKAA1/PTPN22/PTPRC/RAC2/RIPOR2/RUNX3/SASH3/SELE/SELL/SELP/SELPLG/SIRPA/SIRPB1/SIRPG/SLAMF1/SPN/STAT5A/STAT5B/STK10/SYK/TESPA1/TGFBR2/TNFAIP8L2/TNFRSF14/TSPAN32/VAV1/VCAM1/VSIG4/ZAP70,115
GO:0070663,GO:0070663,regulation of leukocyte proliferation,88/1487,275/16754,0.32,3.60543375924681,13.595834891912,8.14056824720342e-28,6.69267601016941e-25,5.01922160836957e-25,AGER/AIF1/ATM/BCL6/BST1/BTK/BTN2A2/CARD11/CBLB/CCL8/CCR2/CD1D/CD209/CD274/CD28/CD38/CD4/CD40/CD40LG/CD70/CD74/CD80/CD86/CR1/CSF1/CSF1R/CSF2RA/CSF2RB/FCGR2B/FLT3LG/GPNMB/GPR183/HAVCR2/HLA-DMB/HLA-DPA1/HLA-DRB1/HLA-E/IGF1/IGF2/IKZF3/IL10/IL12RB1/IL15/IL18/IL2RA/IL33/IL7/INPP5D/JAK2/LAPTM5/LGALS9/LILRB1/LILRB2/LILRB4/LRRC32/MEF2C/MNDA/NCKAP1L/NFATC2/NR5A2/PDCD1LG2/PLA2G2D/PTPN22/PTPRC/RAC2/RASSF5/RIPK3/RIPOR2/SASH3/SLAMF1/SPN/STAT5A/STAT5B/STAT6/SYK/TACR1/TGFBR2/TLR4/TNFAIP3/TNFRSF14/TNFRSF1B/TNFSF13/TNFSF8/TSPAN32/TYROBP/VCAM1/VSIG4/ZAP70,88
GO:0002460,GO:0002460,adaptive immune response based on somatic recombination of immune receptors built from immunoglobulin superfamily domains,96/1487,320/16754,0.3,3.38009414929388,13.4159802517509,8.43513361022431e-28,6.69267601016941e-25,5.01922160836957e-25,AGER/ARID5A/BCL3/BCL6/BTK/BTN3A2/BTN3A3/C1QA/C1QB/C1QC/C1R/C1S/C2/C3/C4BPB/C7/CCR2/CCR6/CD1C/CD1D/CD226/CD274/CD28/CD4/CD40/CD40LG/CD69/CD7/CD70/CD74/CD80/CD8A/CR1/CSF2RB/CTSC/CTSH/FCER1G/FCGR1BP/FCGR2A/FCGR2B/HAVCR2/HFE/HLA-DRA/HLA-DRB1/HLA-E/HLX/IGLL5/IL10/IL12RB1/IL17RA/IL18/IL18BP/IL18R1/IL1R1/IL33/IL4R/IL6R/IL7R/INPP5D/JAK1/JAK2/JAK3/KLRD1/LGALS9/LILRB1/LILRB4/LY9/MEF2C/MR1/MYO1G/NCKAP1L/NLRP3/NOTCH1/P2RX7/PLA2G4A/PRF1/PRKAA1/PTPRC/RAB27A/RFTN1/RIPK3/SASH3/SLAMF1/SLAMF6/SLC11A1/SOCS3/SPN/STAT4/STAT5A/STAT6/TLR4/TLR8/TNFAIP3/TNFRSF1B/TNFSF13/WAS,96
GO:1903037,GO:1903037,regulation of leukocyte cell-cell adhesion,106/1487,382/16754,0.277486910994764,3.12643961453012,13.1207540161389,1.85293985091719e-27,1.28640349149926e-24,9.64747761852543e-25,ADTRP/AGER/AIF1/ALOX5/BCL6/BTN2A2/CARD11/CBLB/CCL2/CCR2/CD1D/CD209/CD274/CD28/CD4/CD40LG/CD69/CD70/CD74/CD80/CD86/CR1/CXCL12/CYLD/DOCK8/DPP4/DTX1/FGL2/GLI2/GPNMB/HAS2/HAVCR2/HFE/HLA-DMA/HLA-DMB/HLA-DOA/HLA-DPA1/HLA-DQA1/HLA-DQA2/HLA-DQB2/HLA-DRA/HLA-DRB1/HLA-DRB5/HLA-E/HLX/IGF1/IGF2/IL10/IL12RB1/IL15/IL18/IL2RA/IL2RG/IL4R/IL7/IL7R/ITGA4/ITGB2/ITPKB/JAK2/JAK3/KLRK1/LAG3/LAPTM5/LAX1/LGALS9/LILRB1/LILRB2/LILRB4/LRRC32/MAP3K8/NCKAP1L/NFAT5/NLRP3/NR5A2/PAG1/PDCD1LG2/PIK3CD/PIK3R6/PLA2G2D/PPARA/PRKAA1/PTPN22/PTPRC/RIPOR2/RUNX3/SASH3/SELE/SELP/SIRPA/SIRPB1/SIRPG/SLAMF1/SPN/STAT5A/STAT5B/SYK/TESPA1/TGFBR2/TNFAIP8L2/TNFRSF14/TSPAN32/VAV1/VCAM1/VSIG4/ZAP70,106
GO:0070661,GO:0070661,leukocyte proliferation,99/1487,345/16754,0.28695652173913,3.23313353410719,13.0800109928837,5.97564137048926e-27,3.31887121716973e-24,2.48901188452905e-24,AGER/AIF1/ATM/BCL6/BST1/BTK/BTN2A2/BTN3A1/CARD11/CBLB/CCL8/CCR2/CD180/CD1D/CD209/CD274/CD28/CD38/CD4/CD40/CD40LG/CD70/CD74/CD80/CD86/CR1/CSF1/CSF1R/CSF2RA/CSF2RB/DOCK2/DOCK8/FCGR2B/FLT3LG/GPNMB/GPR183/HAVCR2/HLA-DMB/HLA-DPA1/HLA-DRB1/HLA-E/IGF1/IGF2/IKZF3/IL10/IL12RB1/IL15/IL18/IL2RA/IL33/IL7/IL7R/INPP5D/JAK2/LAPTM5/LGALS9/LILRB1/LILRB2/LILRB4/LMBR1L/LRRC32/MEF2C/MNDA/NCKAP1L/NFATC2/NR5A2/P2RX7/PDCD1LG2/PIK3CG/PLA2G2D/PLCL2/PTPN22/PTPRC/RAC2/RASSF5/RIPK3/RIPOR2/SASH3/SLAMF1/SLC11A1/SPN/STAT5A/STAT5B/STAT6/SYK/TACR1/TGFBR2/TLR4/TNFAIP3/TNFRSF14/TNFRSF1B/TNFSF13/TNFSF8/TSPAN32/TYROBP/VAV1/VCAM1/VSIG4/ZAP70,99
GO:0046651,GO:0046651,lymphocyte proliferation,91/1487,303/16754,0.3003300330033,3.38381262470565,13.0683935389351,1.9261329392349e-26,8.91478528709219e-24,6.68570880750219e-24,AGER/AIF1/ATM/BCL6/BST1/BTK/BTN2A2/BTN3A1/CARD11/CBLB/CCR2/CD180/CD1D/CD209/CD274/CD28/CD38/CD4/CD40/CD40LG/CD70/CD74/CD80/CD86/CR1/DOCK2/DOCK8/FCGR2B/FLT3LG/GPNMB/GPR183/HAVCR2/HLA-DMB/HLA-DPA1/HLA-DRB1/HLA-E/IGF1/IGF2/IKZF3/IL10/IL12RB1/IL15/IL18/IL2RA/IL7/IL7R/INPP5D/JAK2/LAPTM5/LGALS9/LILRB1/LILRB2/LILRB4/LMBR1L/LRRC32/MEF2C/MNDA/NCKAP1L/NFATC2/NR5A2/P2RX7/PDCD1LG2/PIK3CG/PLA2G2D/PLCL2/PTPN22/PTPRC/RAC2/RASSF5/RIPK3/RIPOR2/SASH3/SLAMF1/SLC11A1/SPN/STAT5A/STAT5B/SYK/TACR1/TGFBR2/TLR4/TNFRSF14/TNFRSF1B/TNFSF13/TNFSF8/TSPAN32/TYROBP/VAV1/VCAM1/VSIG4/ZAP70,91
GO:0050670,GO:0050670,regulation of lymphocyte proliferation,80/1487,246/16754,0.32520325203252,3.66405869842155,13.1367833840637,6.60309840971108e-26,2.44490723783569e-23,1.83357616892819e-23,AGER/AIF1/ATM/BCL6/BST1/BTK/BTN2A2/CARD11/CBLB/CCR2/CD1D/CD209/CD274/CD28/CD38/CD4/CD40/CD40LG/CD70/CD74/CD80/CD86/CR1/FCGR2B/FLT3LG/GPNMB/GPR183/HAVCR2/HLA-DMB/HLA-DPA1/HLA-DRB1/HLA-E/IGF1/IGF2/IKZF3/IL10/IL12RB1/IL15/IL18/IL2RA/IL7/INPP5D/JAK2/LAPTM5/LGALS9/LILRB1/LILRB2/LILRB4/LRRC32/MEF2C/MNDA/NCKAP1L/NFATC2/NR5A2/PDCD1LG2/PLA2G2D/PTPN22/PTPRC/RAC2/RASSF5/RIPK3/RIPOR2/SASH3/SLAMF1/SPN/STAT5A/STAT5B/SYK/TACR1/TGFBR2/TLR4/TNFRSF14/TNFRSF1B/TNFSF13/TNFSF8/TSPAN32/TYROBP/VCAM1/VSIG4/ZAP70,80
GO:0050863,GO:0050863,regulation of T cell activation,105/1487,393/16754,0.267175572519084,3.01026196502,12.5854553805884,9.54177940587796e-26,3.31219017626539e-23,2.48400138875389e-23,AGER/AIF1/BCL6/BTN2A2/CAMK4/CARD11/CBLB/CCL2/CCR2/CD1D/CD209/CD274/CD28/CD4/CD40LG/CD69/CD70/CD74/CD80/CD86/CR1/CYLD/CYP26B1/DOCK8/DPP4/DTX1/FGL2/GLI2/GPNMB/HAVCR2/HFE/HLA-DMA/HLA-DMB/HLA-DOA/HLA-DPA1/HLA-DQA1/HLA-DQA2/HLA-DQB2/HLA-DRA/HLA-DRB1/HLA-DRB5/HLA-E/HLX/IGF1/IGF2/IL10/IL12RB1/IL15/IL18/IL2RA/IL2RG/IL4R/IL7/IL7R/ITPKB/JAK2/JAK3/KLRK1/LAG3/LAPTM5/LAX1/LGALS9/LILRB1/LILRB2/LILRB4/LRRC32/MAP3K8/NCKAP1L/NLRP3/NR5A2/PAG1/PDCD1LG2/PIK3CD/PIK3R6/PLA2G2D/PRDM1/PRKAA1/PTPN22/PTPRC/RAC2/RIPK3/RIPOR2/RUNX3/SASH3/SIRPA/SIRPB1/SIRPG/SLAMF1/SPN/STAT5A/STAT5B/SYK/TESPA1/TGFBR2/TNFAIP8L2/TNFRSF14/TNFRSF1B/TNFSF8/TOX/TSPAN32/VAV1/VCAM1/VSIG4/ZAP70/ZEB1,105
GO:0050900,GO:0050900,leukocyte migration,102/1487,383/16754,0.266318537859008,3.00060577221911,12.3608468607001,6.43450875161732e-25,2.10219185920486e-22,1.57655424954488e-22,ADGRE2/ADTRP/AGER/AIF1/ALOX5/BST1/C3/C3AR1/C5AR1/CCL2/CCL23/CCL24/CCL3/CCL4/CCL8/CCR1/CCR2/CCR5/CCR6/CD200R1/CD34/CD69/CD74/CD99L2/CH25H/CMKLR1/CSF1/CSF1R/CXCL12/CXCL3/CXCR4/DOCK8/DPP4/EDNRB/EMILIN1/FCER1G/GAS6/GCSAM/GPR183/GPSM3/HCK/HMOX1/IL10/IL16/IL17RA/IL1R1/IL33/IL6R/ITGA1/ITGA4/ITGAL/ITGB2/JAM2/JAM3/JAML/KLRK1/LGALS9/LGMN/LYST/LYVE1/MMP2/MPP1/MTUS1/MYO1G/NCKAP1L/P2RY12/PDE4B/PDGFD/PECAM1/PIK3CD/PIK3CG/PIKFYVE/PLA2G7/PLVAP/PTGER4/PTK2B/PTPRJ/RAC2/RIN3/RIPK3/RIPOR2/S1PR1/SELE/SELL/SELP/SELPLG/SIRPA/SLAMF1/SLAMF8/SLIT2/SPI1/SPN/STAT5B/STK10/SYK/TACR1/TNFRSF14/VAV1/VCAM1/VEGFD/WNT5A/ZAP70,102
GO:0002768,GO:0002768,immune response-regulating cell surface receptor signaling pathway,94/1487,343/16754,0.274052478134111,3.08774392646866,12.1921891562815,5.06706187961544e-24,1.40712308396921e-21,1.05528230829675e-21,BLNK/BTK/BTN2A2/BTN2A3P/BTN3A1/BTN3A2/BTN3A3/C3/C3AR1/C5AR1/CACNB4/CARD11/CBLB/CD14/CD200R1/CD226/CD28/CD33/CD38/CD40/CD53/CD72/CD8A/CD8B/CLEC4E/CMKLR1/CR1/CYLD/FCER1G/FCGR1BP/FCGR2A/FCGR2B/FCN1/FGR/FPR3/FYB1/GCSAM/HCK/HLA-DRB1/INPP5D/IRAK2/ITGAM/ITK/ITPRIPL1/KLRD1/KLRK1/LAPTM5/LAX1/LCP2/LILRA4/LILRB1/LILRB2/LILRB4/LPXN/LTF/LY96/MEF2C/MNDA/MYO1G/NCKAP1L/NFAM1/NFATC2/NFKBIA/PDE4B/PDE4D/PIGR/PIK3AP1/PIK3CD/PLCL2/PRAM1/PRKCB/PRKCH/PTPN22/PTPRC/PTPRJ/RAB29/RFTN1/SCIMP/SYK/TESPA1/THEMIS/THEMIS2/TLR1/TLR2/TLR4/TLR5/TLR6/TNFAIP3/TXK/TYROBP/UBASH3A/VAV1/WDFY1/ZAP70,94
GO:0002697,GO:0002697,regulation of immune effector process,103/1487,401/16754,0.256857855361596,2.89401244702635,11.9806732123733,8.06641644265267e-24,2.13337509154728e-21,1.59994034403893e-21,ADGRE2/AGER/ARID5A/AXL/BCL6/BTK/C3/C4BPB/CCR2/CD1C/CD1D/CD226/CD244/CD274/CD28/CD36/CD40/CD40LG/CD69/CD7/CD74/CD80/CD84/CD86/CD96/CFH/CFP/CR1/DNASE1L3/FCER1G/FCGR2B/FCN1/FES/FGL2/FGR/HAVCR2/HFE/HLA-DMB/HLA-DRA/HLA-DRB1/HLA-E/HLX/IL10/IL12RB1/IL18/IL18R1/IL18RAP/IL1R1/IL2RG/IL33/IL4R/IL7R/INPP5D/IRAK3/IRF5/ITGAM/ITGB2/JAK3/KLRB1/KLRD1/KLRK1/LACC1/LAG3/LAPTM5/LGALS9/LILRB1/LILRB4/MR1/NCF1/NCKAP1L/NLRP3/NOD1/P2RX7/PIK3R6/PRAM1/PRKAA1/PTPRC/RAC2/RASGRP4/RIPK3/SASH3/SCIMP/SERPINB9/SERPING1/SLAMF1/SLAMF6/SLAMF8/SPI1/SPN/STAT5A/STAT5B/STAT6/SYK/TLR4/TLR7/TNFRSF14/TNFRSF1B/TNFSF13/TYROBP/VAV1/VSIG4/WAS/WNT5A,103
GO:0002263,GO:0002263,cell activation involved in immune response,89/1487,316/16754,0.281645569620253,3.17329514015987,12.1720208558007,1.05853997534373e-23,2.67233228320867e-21,2.00413525475365e-21,ADGRE2/APBB1IP/ATP7A/BCL3/BCL6/BTK/CBL/CCL3/CCR2/CCR6/CD180/CD1C/CD244/CD28/CD40/CD40LG/CD69/CD74/CD80/CD84/CD86/CLEC12A/CLEC4E/CR1/DLL1/DNASE1L3/DOCK10/DOCK11/DOCK2/FCER1G/FCGR2B/FES/FGL2/FGR/GPR183/HAVCR2/HLA-DMB/HLA-DRA/HLA-DRB1/HLX/IL10/IL12RB1/IL18/IL18R1/IL33/IL4R/IL6R/IRF8/ITGAL/ITGAM/ITGB2/ITM2A/JAK1/JAK2/JAK3/LGALS9/LILRB1/LRP1/LY9/MFNG/MILR1/NCKAP1L/NLRP3/PIK3CD/PIK3CG/PLCL2/POU2AF1/PRAM1/PTGDR/PTGDS/PTGER4/PTK2B/PTPRC/RAB27A/RAC2/SEMA6D/SLAMF1/SLAMF6/SLC11A1/SOCS3/SPI1/SPN/STAT4/STAT5A/STAT6/SYK/TLR4/TNFSF13/TYROBP,89
GO:0050870,GO:0050870,positive regulation of T cell activation,77/1487,260/16754,0.296153846153846,3.33675960891832,11.8512085819462,3.99180885305759e-22,8.2112986555118e-20,6.15812383296253e-20,AGER/AIF1/BCL6/BTN2A2/CARD11/CCL2/CCR2/CD1D/CD209/CD274/CD28/CD4/CD40LG/CD70/CD74/CD80/CD86/CR1/CYLD/DOCK8/DPP4/GLI2/HAVCR2/HLA-DMA/HLA-DMB/HLA-DOA/HLA-DPA1/HLA-DQA1/HLA-DQA2/HLA-DQB2/HLA-DRA/HLA-DRB1/HLA-DRB5/HLA-E/HLX/IGF1/IGF2/IL12RB1/IL15/IL18/IL2RA/IL2RG/IL4R/IL7/IL7R/ITPKB/JAK2/KLRK1/LGALS9/LILRB1/LILRB2/LILRB4/MAP3K8/NCKAP1L/NLRP3/NR5A2/PDCD1LG2/PIK3CD/PIK3R6/PRKAA1/PTPRC/RUNX3/SASH3/SIRPA/SIRPB1/SIRPG/SLAMF1/SPN/STAT5A/STAT5B/SYK/TESPA1/TGFBR2/TNFRSF14/VAV1/VCAM1/ZAP70,77
GO:0060326,GO:0060326,cell chemotaxis,84/1487,305/16754,0.275409836065574,3.10303725181078,11.5678343418222,9.8489713258618e-22,1.95361381227987e-19,1.46512705024192e-19,ADGRE2/AIF1/ALOX5/BIN2/BST1/C3/C3AR1/C5AR1/CCL14/CCL18/CCL2/CCL23/CCL24/CCL3/CCL3L3/CCL4/CCL8/CCR1/CCR2/CCR5/CCR6/CCRL2/CD74/CH25H/CMKLR1/CSF1/CSF1R/CXCL12/CXCL2/CXCL3/CXCR4/CXCR6/DOCK4/DPP4/EDNRB/ENG/FCER1G/GAS6/GPR183/GPSM3/HGF/IL10/IL16/IL17RA/IL6R/ITGA1/ITGB2/JAM3/JAML/KDR/KLRK1/LGALS9/LGMN/LYST/MMP2/MPP1/MTUS1/NCKAP1L/NOTCH1/PDE4B/PDGFD/PDGFRA/PDGFRB/PIK3CD/PIK3CG/PIKFYVE/PLA2G7/PRKD1/PTK2B/PTPRJ/RAC2/RIN3/RIPOR2/S1PR1/SEMA5A/SLAMF1/SLAMF8/SLIT2/SPI1/SYK/VAV1/VCAM1/VEGFD/WNT5A,84
GO:0050866,GO:0050866,negative regulation of cell activation,70/1487,226/16754,0.309734513274336,3.48977272050991,11.7605788336985,1.90104116093341e-21,3.64082158890489e-19,2.73046093423358e-19,ADGRF5/ATM/AXL/BCL6/BTK/BTN2A2/C1QTNF1/CBLB/CD274/CD300LF/CD33/CD69/CD74/CD80/CD84/CD86/CLEC12A/CR1/CST7/CYGB/DTX1/EMILIN1/FCGR2B/FGL2/FGR/GPNMB/HAVCR2/HFE/HLA-DRB1/HLA-E/HLX/IL10/IL2RA/IL4R/INPP5D/JAK3/LAG3/LAPTM5/LAX1/LGALS9/LILRB1/LILRB2/LILRB4/LRFN5/LRRC32/MERTK/MILR1/MNDA/PAG1/PDCD1LG2/PDGFRA/PLA2G2D/PRKAA1/PRKG1/PTPN22/PTPRC/RASSF5/RIPOR2/RUNX3/SAMSN1/SH2B3/SPN/STAT5A/THBD/TNFAIP3/TNFAIP8L2/TNFRSF14/TSPAN32/TYROBP/VSIG4,70
GO:0002274,GO:0002274,myeloid leukocyte activation,71/1487,243/16754,0.292181069958848,3.29199841700776,11.2319635950324,3.96893422612799e-20,6.8885814662234e-18,5.166142346312e-18,ADGRE2/ADGRF5/AGER/AIF1/BTK/C1QA/C5AR1/CAMK4/CBL/CCL3/CCR2/CD226/CD300LF/CD33/CD74/CD84/CD93/CLEC12A/CSF1/CST7/CTSC/DCSTAMP/DNASE1L3/DOCK2/FCER1G/FCGR2B/FES/FGR/HAVCR2/IFNGR1/IL10/IL15/IL16/IL18/IL18RAP/IL33/IL4R/ITGAM/ITGB2/JAK2/KCNJ8/LCP2/LGALS9/LILRB4/LRFN5/LRRK2/MILR1/PIK3CD/PIK3CG/PLA2G4A/PRAM1/PTGDR/PTGDS/PTPRC/PTPRE/RAC2/RBPJ/SLAMF1/SLC11A1/SNCA/SPI1/SYK/TGFBR2/TLR1/TLR4/TLR6/TMEM106A/TSPAN32/TYROBP/VSIG4/WNT5A,71
GO:0006935,GO:0006935,chemotaxis,103/1487,446/16754,0.230941704035874,2.60201567546539,10.7018476702365,4.42752790850806e-20,7.45166363753145e-18,5.58842996298769e-18,ADGRA2/ADGRE2/AGER/AIF1/ALOX5/BIN2/BST1/C3/C3AR1/C5AR1/CCL14/CCL18/CCL2/CCL23/CCL24/CCL3/CCL3L3/CCL4/CCL8/CCR1/CCR2/CCR5/CCR6/CCRL2/CD74/CH25H/CMKLR1/CSF1/CSF1R/CXCL12/CXCL2/CXCL3/CXCR4/CXCR6/CYSLTR1/DOCK2/DOCK4/DPP4/ECSCR/EDNRB/ENG/FCER1G/FES/FGF7/FLRT2/FPR3/GAS6/GPNMB/GPR183/GPSM3/HGF/IL10/IL16/IL17RA/IL6R/ITGA1/ITGB2/JAM3/JAML/KDR/KLRK1/LGALS9/LGMN/LSP1/LYST/MMP2/MPP1/MTUS1/MYCBP2/NCKAP1L/NOTCH1/P2RY12/PDE4B/PDGFD/PDGFRA/PDGFRB/PIK3CD/PIK3CG/PIKFYVE/PLA2G7/PRKD1/PTAFR/PTK2B/PTPRJ/RAC2/RIN3/RIPOR2/ROBO1/ROBO3/S1PR1/SEMA5A/SEMA6B/SEMA6D/SLAMF1/SLAMF8/SLIT2/SPI1/SPN/SYK/VAV1/VCAM1/VEGFD/WNT5A,103
GO:0046631,GO:0046631,alpha-beta T cell activation,62/1487,199/16754,0.311557788944724,3.51031553192999,11.1177059824162,2.76400344922876e-19,3.86555394536503e-17,2.89900061820015e-17,AGER/ATP7A/BCL3/BCL6/CARD11/CBLB/CCR2/CD274/CD28/CD69/CD80/CD86/CLEC2B/CLEC4A/CTSL/DOCK2/GPR183/HFE/HLA-DRA/HLA-DRB1/HLA-E/HLX/IL12RB1/IL15/IL18/IL18R1/IL2RA/IL2RG/IL4R/IL6R/ITK/ITPKB/JAK1/JAK2/JAK3/LGALS9/LILRB1/LILRB4/LY9/NCKAP1L/NLRP3/PLA2G2D/PRDM1/PTCRA/PTGER4/PTPRC/RUNX3/SASH3/SLAMF6/SOCS3/SPN/STAT4/STAT5A/STAT6/SYK/TGFBR2/TLR4/TNFRSF14/TNFSF8/TOX/WDFY4/ZAP70,62
GO:0006909,GO:0006909,phagocytosis,69/1487,239/16754,0.288702928870293,3.25281026919495,10.9473550691243,2.78397835460211e-19,3.86555394536503e-17,2.89900061820015e-17,ABCA1/ABCA7/AGER/AIF1/ARAP1/ARHGAP25/AXL/BIN2/BLTP1/BTK/C1R/C1S/C2/C3/C4BPB/CCL2/CCR2/CD14/CD300LF/CD302/CD36/CD93/CFP/DOCK2/ELMO1/FCER1G/FCGR1BP/FCGR2A/FCGR2B/FCN1/FGR/GAS6/HCK/IL15/IL15RA/IL2RG/IRF8/ITGAL/ITGAM/ITGB2/LEPR/LRP1/LYST/MERTK/MSR1/MYO1G/MYO7A/NCF2/NCF4/NCKAP1L/P2RX7/PEAR1/PECAM1/PIKFYVE/PTPRC/PTPRJ/RAB27A/RUBCN/SIRPA/SIRPB1/SIRPG/SLAMF1/SLC11A1/SPG11/SYK/TLR2/TLR4/TYROBP/VAV1,69
GO:0002685,GO:0002685,regulation of leukocyte migration,65/1487,224/16754,0.290178571428571,3.26943630512057,10.6716237835796,2.30662608260697e-18,2.97930261925561e-16,2.23434991649346e-16,ADTRP/AGER/AIF1/BST1/C3AR1/C5AR1/CCL2/CCL24/CCL3/CCL4/CCL8/CCR1/CCR2/CCR6/CD200R1/CD69/CD74/CD99L2/CMKLR1/CSF1/CSF1R/CXCL12/DOCK8/DPP4/EMILIN1/GAS6/GCSAM/GPSM3/HMOX1/IL1R1/IL33/IL6R/ITGA4/JAM2/JAM3/KLRK1/LGALS9/LGMN/LYVE1/MPP1/MTUS1/NCKAP1L/P2RY12/PDGFD/PLA2G7/PLVAP/PTGER4/PTK2B/PTPRJ/RAC2/RIN3/RIPK3/RIPOR2/SELE/SELP/SLAMF1/SLAMF8/SLIT2/SPI1/SPN/STK10/TACR1/TNFRSF14/VEGFD/WNT5A,65
GO:0050727,GO:0050727,regulation of inflammatory response,93/1487,406/16754,0.229064039408867,2.58086006473178,10.0635001300425,5.51709827635859e-18,6.80932529486569e-16,5.10670359755578e-16,AGER/AKNA/ALOX5/AOAH/BCL6/BIRC3/BST1/BTK/C2CD4B/C3/CARD8/CASP1/CASP4/CCL24/CCL3/CCR1/CCR2/CD200R1/CD28/CDH5/CLEC12A/CST7/CTSC/CYLD/DNASE1L3/EDNRB/FCER1G/FCGR2B/FGR/GBP2/GPSM3/HCK/HGF/HLA-DRB1/HLA-E/IFI16/IGF1/IL10/IL10RA/IL15/IL16/IL17RA/IL18/IL1R1/IL2RA/IL33/JAK2/LACC1/LRFN5/LRRK2/MAP3K8/MGLL/NAIP/NCF1/NEAT1/NFKBIA/NLRC4/NLRP1/NLRP3/NR5A2/OSM/OSMR/PDE2A/PIK3AP1/PIK3CG/PLA2G2D/PLA2G7/PPARA/PPARG/PTGER4/PTGS2/PTPRC/RICTOR/SELE/SIRPA/SLAMF8/SNCA/SOCS3/SPN/STAT5A/STAT5B/STING1/SYK/TEK/TLR2/TLR4/TLR6/TLR7/TNFAIP3/TNFAIP8L2/TNFRSF1B/UACA/WNT5A,93
GO:0071706,GO:0071706,tumor necrosis factor superfamily cytokine production,55/1487,173/16754,0.317919075144509,3.58198801948292,10.6536111291836,1.06493105069968e-17,1.23221396991376e-15,9.24107931495317e-16,AGER/ARID5A/AXL/BCL3/BTK/CCL3/CCR2/CD14/CD274/CD33/CD36/CD86/CLEC4A/CYBB/FCER1G/FCGR1BP/FCGR2A/FCGR2B/GAS6/GPNMB/HAVCR2/HLA-E/IFNGR1/IGF1/IL10/IL33/IRAK3/JAK2/LGALS9/LILRA4/LILRB1/LILRB4/LRRK2/LTF/LY96/NOD1/PTPN22/PTPRC/PTPRJ/SASH3/SIRPA/SLAMF1/SPN/SYK/TLR1/TLR2/TLR4/TLR6/TMEM106A/TNFAIP3/TNFRSF8/TYROBP/WNT5A/ZBTB20/ZFP36,55
GO:1903555,GO:1903555,regulation of tumor necrosis factor superfamily cytokine production,55/1487,173/16754,0.317919075144509,3.58198801948292,10.6536111291836,1.06493105069968e-17,1.23221396991376e-15,9.24107931495317e-16,AGER/ARID5A/AXL/BCL3/BTK/CCL3/CCR2/CD14/CD274/CD33/CD36/CD86/CLEC4A/CYBB/FCER1G/FCGR1BP/FCGR2A/FCGR2B/GAS6/GPNMB/HAVCR2/HLA-E/IFNGR1/IGF1/IL10/IL33/IRAK3/JAK2/LGALS9/LILRA4/LILRB1/LILRB4/LRRK2/LTF/LY96/NOD1/PTPN22/PTPRC/PTPRJ/SASH3/SIRPA/SLAMF1/SPN/SYK/TLR1/TLR2/TLR4/TLR6/TMEM106A/TNFAIP3/TNFRSF8/TYROBP/WNT5A/ZBTB20/ZFP36,55
GO:0002819,GO:0002819,regulation of adaptive immune response,62/1487,214/16754,0.289719626168224,3.26426537782275,10.4037854083571,1.5410236330847e-17,1.69553247471488e-15,1.27157705256463e-15,ADCY7/AGER/ARID5A/BCL6/BTK/C3/C4BPB/CCR2/CD1C/CD1D/CD226/CD274/CD28/CD4/CD40/CD69/CD7/CD80/CR1/FCER1G/FCGR2B/HAVCR2/HFE/HLA-DRA/HLA-DRB1/HLA-E/HLX/IL10/IL12RB1/IL18/IL18R1/IL1R1/IL33/IL4R/IL7R/JAK2/JAK3/KLRD1/LGALS9/LILRB1/LILRB4/MEF2C/MR1/NCKAP1L/NLRP3/P2RX7/PLA2G4A/PRKAA1/PTPRC/RIPK3/SAMSN1/SASH3/SLAMF1/SLC11A1/SPN/STAT5A/STAT6/TNFAIP3/TNFRSF14/TNFRSF1B/TNFSF13/WAS,62
GO:0002237,GO:0002237,response to molecule of bacterial origin,84/1487,352/16754,0.238636363636364,2.68871125512013,9.99316944938624,1.71032428269707e-17,1.82675789732684e-15,1.36999052360978e-15,ABCA1/ABCB1/ALPL/ARID5A/AXL/BMP6/BTK/C2/C5AR1/CARD16/CARD8/CASP1/CCL2/CCR5/CD14/CD180/CD274/CD36/CD40/CD68/CD80/CD86/CD96/COL6A1/CSF2RB/CXCL2/EDNRB/F2R/FCGR2B/FMO1/GBP2/HAVCR2/HCK/IL10/IL10RA/IL18/IL18BP/IRAK2/IRAK3/IRF5/IRF8/JAK2/KCNJ8/KLRK1/KMO/LGALS9/LILRB1/LILRB2/LTF/LY96/MEF2C/MRC1/NFKBIA/NLRP3/NOTCH1/P2RX7/PDCD1LG2/PDE4B/PLSCR4/PTAFR/PTGFR/PTGIR/PTPN22/RPS6KA3/SCIMP/SELE/SELP/SIRPA/SLC11A1/SNCA/SOD2/SPI1/THBD/TIFAB/TLR1/TLR2/TLR4/TLR5/TLR6/TNFAIP3/TNFRSF1B/VCAM1/WNT5A/ZFP36,84
GO:0045088,GO:0045088,regulation of innate immune response,103/1487,489/16754,0.210633946830266,2.37320857107887,9.61808978580873,4.55920010344427e-17,4.60396315900536e-15,3.45277604006296e-15,ALPK1/BIRC3/BTK/CARD8/CASP1/CASP4/CD14/CD1D/CD226/CD274/CD300C/CD300E/CD300LF/CD36/CD96/CFH/CFP/CLEC4E/CR1/CTSS/CYLD/EPG5/ERAP1/FCGR2B/FCN1/FGR/GBP2/HAVCR2/HCFC2/HCK/HLA-E/IFI16/IL18RAP/INPP5D/IRAK2/IRAK3/IRF5/KCNJ8/KLRB1/KLRD1/KLRK1/LACC1/LAG3/LGALS9/LILRA4/LILRB1/LRCH4/LTF/LY96/MNDA/NAIP/NCF1/NEK9/NFKBIA/NLRC4/NLRC5/NLRP1/NLRP3/NOD1/OGT/P2RX7/PIK3AP1/PIK3R6/PPARG/PRKD1/PTPN22/PYHIN1/RASGRP4/RFTN1/RICTOR/RNF125/RPS6KA3/SAMHD1/SCIMP/SEC14L1/SERPINB9/SERPING1/SLAMF6/SLAMF8/SLC15A3/SMPDL3A/SPI1/STAT2/STAT5A/STAT5B/STING1/SYK/TIFAB/TLR1/TLR2/TLR4/TLR5/TLR6/TLR7/TLR8/TNFAIP3/TRIM56/TXK/TYROBP/VAV1/VSIG4/WDFY1/WNT5A,103
GO:1903706,GO:1903706,regulation of hemopoiesis,92/1487,413/16754,0.222760290556901,2.50983584935462,9.69595005076713,5.65052763927065e-17,5.60411259080521e-15,4.20284546402142e-15,AGER/AXL/BCL6/BTK/BTN2A2/C1QC/CAMK4/CARD11/CCL3/CCR1/CCR2/CD28/CD4/CD69/CD74/CD80/CD86/CLEC12A/CR1/CSF1/CYLD/CYP26B1/DCSTAMP/DLL1/DTX1/EVI2B/FCGR2B/FES/FGL2/GAS6/GLI2/GPR171/HCLS1/HIF1A/HLA-DOA/HLA-DRA/HLA-DRB1/HLX/IKZF3/IL10/IL12RB1/IL15/IL15RA/IL18/IL2RA/IL2RG/IL4R/IL7/IL7R/INPP5D/ITPKB/JAK3/L3MBTL1/LAG3/LGALS9/LILRB1/LILRB2/LILRB3/LILRB4/LTF/MAFB/MEF2C/MEIS1/MYSM1/NCKAP1L/NFAM1/NFKBIA/NLRP3/PIK3R6/PPARGC1B/PRDM1/PTK2B/PTPRC/RASSF2/RUNX3/SASH3/SLAMF8/SNAI2/SPI1/STAT5A/STAT5B/SYK/TESPA1/TGFBR2/TLR4/TMEM178A/TOX/TYROBP/YPEL4/ZAP70/ZEB1/ZFP36,92
GO:0042113,GO:0042113,B cell activation,72/1487,281/16754,0.256227758007117,2.88691315242182,9.95505464114485,6.28270500689802e-17,5.91426162852739e-15,4.43544401646663e-15,ATM/BCL3/BCL6/BLNK/BST1/BTK/C3/CARD11/CCR6/CD180/CD28/CD38/CD40/CD40LG/CD70/CD74/CD86/CR1/CYLD/DLL1/DOCK10/DOCK11/FCGR2B/FCRL5/FLT3LG/GPR183/HDAC4/HDAC9/IKZF3/IL10/IL2RG/IL7/IL7R/INPP5D/IRF8/ITGA4/ITM2A/JAK3/LAPTM5/LAX1/LYL1/MEF2C/MFNG/MNDA/NCKAP1L/NFAM1/NFATC2/PIK3CD/PLCL2/POU2AF1/PRKCB/PTK2B/PTPRC/PTPRJ/RBPJ/SAMSN1/SASH3/SKAP2/SLAMF8/SPI1/STAT5A/STAT5B/STAT6/SYK/THEMIS2/TLR4/TNFAIP3/TNFSF13/TYROBP/VAV1/VCAM1/ZAP70,72
GO:0007162,GO:0007162,negative regulation of cell adhesion,74/1487,298/16754,0.248322147651007,2.79784079471753,9.77287061653623,1.47786857139213e-16,1.34558722057572e-14,1.0091330348574e-14,ACVRL1/ADAM22/ADTRP/AKNA/ARHGAP6/BCL6/BMP6/BTN2A2/C1QTNF1/CBLB/CD274/CD69/CD74/CD80/CD86/COL1A1/CORO2B/CR1/CXCL12/CYP1B1/DTX1/EPHA4/FGL2/FZD4/GPNMB/HAVCR2/HFE/HLA-DRB1/HLA-E/HLX/HSPG2/IL10/IL2RA/IL4R/JAK2/JAK3/JAM3/LAG3/LAPTM5/LAX1/LGALS9/LILRB1/LILRB2/LILRB4/LPXN/LRRC32/MMP2/NOTCH1/NOTCH4/PAG1/PDCD1LG2/PDE3B/PLA2G2D/PLXNC1/PLXND1/POSTN/PPARA/PRKAA1/PRKG1/PTEN/PTPN22/PTPRC/RIPOR2/RUNX3/SEMA5A/SH2B3/SNAI2/SPI1/SPN/STAT5A/TNFAIP8L2/TNFRSF14/TSPAN32/VSIG4,74
GO:0019882,GO:0019882,antigen processing and presentation,42/1487,114/16754,0.368421052631579,4.15099281492231,10.5353290207861,2.01382441212248e-16,1.80399690079488e-14,1.35292074681981e-14,CD1C/CD1D/CD209/CD68/CD74/CD8A/CLEC4A/CST7/CTSH/CTSL/CTSS/ERAP1/ERAP2/FCER1G/FCGR2B/FGL2/HFE/HLA-DMA/HLA-DMB/HLA-DOA/HLA-DPA1/HLA-DQA1/HLA-DQA2/HLA-DQB2/HLA-DRA/HLA-DRB1/HLA-DRB5/HLA-E/LGMN/LILRB2/MARCHF1/MPEG1/MR1/NOD1/PIKFYVE/RAB27A/RAB3C/RAB8B/RFTN1/SLC11A1/WAS/WDFY4,42
GO:0002833,GO:0002833,positive regulation of response to biotic stimulus,92/1487,436/16754,0.211009174311927,2.37743625179692,9.09507353287331,2.05458221615526e-15,1.63016423264662e-13,1.22255365854532e-13,ALPK1/BIRC3/BMP6/BTK/CARD8/CASP1/CASP4/CD14/CD180/CD1D/CD226/CD274/CD300LF/CD36/CFP/CLEC4E/CTSS/CYLD/EMILIN1/EMILIN2/EPG5/FCN1/GBP2/GSDME/GZMB/HAVCR2/HCFC2/HCK/HLA-DRB1/HLA-E/IFI16/IL18RAP/IRAK2/IRAK3/IRF5/KCNJ8/KLRD1/KLRK1/LACC1/LAG3/LILRA4/LRCH4/LTF/LY96/MNDA/MR1/NAIP/NEK9/NFKBIA/NLRC4/NLRC5/NLRP1/NLRP3/NOD1/OGT/P2RX7/PIK3AP1/PRF1/PRKAA1/PRKD1/PTPN22/PYHIN1/RASGRP4/RFTN1/RICTOR/RNF125/RPS6KA3/SCIMP/SEC14L1/SLAMF6/SLC15A3/SMPDL3A/SPI1/STAT5A/STAT5B/STING1/SYK/TIFAB/TLR1/TLR2/TLR4/TLR5/TLR6/TLR7/TLR8/TNFAIP3/TRIM56/TXK/TYROBP/VAV1/WDFY1/WNT5A,92
GO:0002456,GO:0002456,T cell mediated immunity,44/1487,135/16754,0.325925925925926,3.67220105108471,9.72878255075456,7.12543844975176e-15,5.49648404860017e-13,4.12212864702744e-13,AGER/ARID5A/BTN3A2/BTN3A3/CCR2/CD1C/CD1D/CD274/CD7/CD70/CD80/CD8A/CR1/CTSC/CTSH/FCGR2B/HFE/HLA-DRA/HLA-DRB1/HLA-E/IL12RB1/IL18/IL18R1/IL1R1/IL7R/KLRD1/LILRB1/LILRB4/MR1/MYO1G/NCKAP1L/NLRP3/P2RX7/PRF1/PRKAA1/PTPRC/RAB27A/RFTN1/RIPK3/SASH3/SLAMF1/SPN/TNFRSF1B/WAS,44
GO:0001909,GO:0001909,leukocyte mediated cytotoxicity,46/1487,149/16754,0.308724832214765,3.47839666370288,9.48351718984008,1.72080320197171e-14,1.29153256537174e-12,9.68594348535143e-13,AGER/CD1C/CD1D/CD226/CTSC/CTSH/DNASE1L3/FCGR1BP/FCGR2A/FCGR2B/GZMB/HAVCR2/HCST/HLA-DRA/HLA-DRB1/HLA-E/IL12RB1/IL18/IL18RAP/IL7R/INPP5D/ITGAM/KLRB1/KLRD1/KLRK1/LAG3/LGALS9/LILRB1/LYST/MR1/NCF1/NCKAP1L/P2RX7/PIK3R6/PRF1/PTPRC/RAB27A/RIPK3/SERPINB9/SLAMF6/SLAMF7/SPI1/STAT5A/STAT5B/TYROBP/VAV1,46
GO:0071216,GO:0071216,cellular response to biotic stimulus,62/1487,252/16754,0.246031746031746,2.77203488434154,8.84563819571932,6.93038993211504e-14,4.63751634734542e-12,3.47793950049198e-12,ABCA1/ABCB1/ARID5A/AXL/BMP6/BTK/CARD16/CARD8/CASP1/CCL2/CCR5/CD14/CD180/CD274/CD36/CD40/CD68/CD80/CD86/EDNRB/FCGR2B/GBP2/HAVCR2/HCK/IL10/IL18/IRAK2/IRAK3/IRF5/IRF8/JAK2/KLRK1/KMO/LILRB1/LILRB2/LTF/LY96/MEF2C/MRC1/NFKBIA/NLRP3/NOTCH1/PDCD1LG2/PDE4B/PLSCR4/PTAFR/PTPN22/SCIMP/SIRPA/SPI1/SYK/TIFAB/TLR1/TLR2/TLR4/TLR5/TLR6/TNFAIP3/TNFRSF1B/TXNIP/WNT5A/ZFP36,62
GO:0050920,GO:0050920,regulation of chemotaxis,54/1487,202/16754,0.267326732673267,3.0119650835292,8.97833511057728,7.66301391834386e-14,5.06671182172402e-12,3.79981780387051e-12,ADGRA2/AGER/AIF1/BST1/C3AR1/C5AR1/CCL2/CCL3/CCL4/CCR1/CCR2/CCR6/CD74/CMKLR1/CSF1/CSF1R/CXCL12/DPP4/GAS6/GPR183/GPSM3/IL16/IL6R/JAM3/KDR/KLRK1/LGALS9/LGMN/MPP1/MTUS1/MYCBP2/NCKAP1L/NOTCH1/P2RY12/PDGFD/PDGFRA/PDGFRB/PLA2G7/PRKD1/PTK2B/PTPRJ/RAC2/RIN3/RIPOR2/ROBO1/ROBO3/S1PR1/SEMA5A/SLAMF1/SLAMF8/SLIT2/SPI1/VEGFD/WNT5A,54
GO:0001906,GO:0001906,cell killing,64/1487,268/16754,0.238805970149254,2.69062220839314,8.70725462465168,1.20500377418136e-13,7.60521700204919e-12,5.70358843832016e-12,AGER/APOL1/C1R/C1S/C2/C3/C7/CCL18/CCL8/CD1C/CD1D/CD226/CFH/CR1/CTSC/CTSH/CXCL12/CXCL2/CXCL3/DNASE1L3/FCGR1BP/FCGR2A/FCGR2B/FCN1/GBP2/GZMB/GZMH/HAVCR2/HCST/HLA-DRA/HLA-DRB1/HLA-E/IL12RB1/IL18/IL18RAP/IL7R/INPP5D/ITGAM/KLRB1/KLRD1/KLRK1/LAG3/LGALS9/LILRB1/LTF/LYST/LYZ/MR1/NCF1/NCKAP1L/P2RX7/PIK3R6/PRF1/PTPRC/RAB27A/RIPK3/SERPINB9/SLAMF6/SLAMF7/SPI1/STAT5A/STAT5B/TYROBP/VAV1,64
GO:0031341,GO:0031341,regulation of cell killing,37/1487,109/16754,0.339449541284404,3.82457136158635,9.23312736496292,2.40102368004087e-13,1.41864739563266e-11,1.06392505060714e-11,AGER/CD1C/CD1D/CD226/CFH/CR1/DNASE1L3/FCGR2B/HAVCR2/HLA-DRA/HLA-DRB1/HLA-E/IL12RB1/IL18RAP/IL7R/INPP5D/ITGAM/KLRB1/KLRD1/KLRK1/LAG3/LGALS9/LILRB1/MR1/NCKAP1L/P2RX7/PIK3R6/PRF1/PTPRC/RIPK3/SERPINB9/SLAMF6/SPI1/STAT5A/STAT5B/TYROBP/VAV1,37
GO:0050868,GO:0050868,negative regulation of T cell activation,42/1487,141/16754,0.297872340425532,3.35612185036272,8.76815455366837,9.10912594802661e-13,5.16245770564692e-11,3.87162313387125e-11,BCL6/BTN2A2/CBLB/CD274/CD69/CD74/CD80/CD86/CR1/DTX1/FGL2/GPNMB/HAVCR2/HFE/HLA-DRB1/HLA-E/HLX/IL10/IL2RA/IL4R/JAK3/LAG3/LAPTM5/LAX1/LGALS9/LILRB1/LILRB2/LILRB4/LRRC32/PAG1/PDCD1LG2/PLA2G2D/PRKAA1/PTPN22/RIPOR2/RUNX3/SPN/STAT5A/TNFAIP8L2/TNFRSF14/TSPAN32/VSIG4,42
GO:0001910,GO:0001910,regulation of leukocyte mediated cytotoxicity,34/1487,98/16754,0.346938775510204,3.90895241755075,9.01341204036447,1.09522239055815e-12,6.14430823955555e-11,4.60796916474069e-11,AGER/CD1C/CD1D/CD226/DNASE1L3/FCGR2B/HAVCR2/HLA-DRA/HLA-DRB1/HLA-E/IL12RB1/IL18RAP/IL7R/INPP5D/ITGAM/KLRB1/KLRD1/KLRK1/LAG3/LGALS9/LILRB1/MR1/NCKAP1L/P2RX7/PIK3R6/PTPRC/RIPK3/SERPINB9/SLAMF6/SPI1/STAT5A/STAT5B/TYROBP/VAV1,34
GO:0050766,GO:0050766,positive regulation of phagocytosis,28/1487,72/16754,0.388888888888889,4.38160352686244,8.9740772416005,4.44099002658661e-12,2.34907224834877e-10,1.76170401355421e-10,ABCA7/ARAP1/BTK/C2/C3/CCL2/CD300LF/CD36/CFP/DOCK2/FCER1G/FCGR1BP/FCGR2A/FCGR2B/FCN1/GAS6/IL15/IL15RA/IL2RG/MERTK/NCKAP1L/PTPRC/PTPRJ/RAB27A/SIRPA/SIRPB1/SIRPG/SLC11A1,28
GO:0002700,GO:0002700,regulation of production of molecular mediator of immune response,49/1487,193/16754,0.253886010362694,2.8605287273817,8.11328406184473,8.60351722743156e-12,4.15512475488304e-10,3.11616637702029e-10,ARID5A/AXL/BCL6/BTK/CCR2/CD226/CD244/CD28/CD36/CD40/CD40LG/CD7/CD74/CD86/CD96/CR1/FCER1G/FCGR2B/HFE/HLA-E/IL10/IL18/IL18R1/IL1R1/IL2RG/IL33/IL4R/IRAK3/IRF5/JAK3/LACC1/LAPTM5/LILRB1/LILRB4/NLRP3/NOD1/P2RX7/PTPRC/SASH3/SCIMP/SLAMF1/STAT6/SYK/TLR4/TLR7/TNFRSF14/TNFRSF1B/TNFSF13/WNT5A,49
GO:0010720,GO:0010720,positive regulation of cell development,84/1487,439/16754,0.191343963553531,2.15586870569997,7.65900146256723,9.19651860834954e-12,4.40322968541149e-10,3.30223449484929e-10,ABCB1/AGER/ATXN1/AXL/BCL6/BTK/BTN2A2/CCR1/CD4/CD74/CD80/CD86/CDH5/CDKL5/CLDN5/CR1/CSF1/CXCL12/CXCR4/CYLD/DCSTAMP/DISC1/EGR2/EPHA4/EVI2B/FES/FZD4/GAS6/GLI2/HCLS1/HIF1A/HLA-DRA/HLA-DRB1/HLX/IL10/IL12RB1/IL15/IL15RA/IL18/IL2RA/IL2RG/IL4R/IL7/IL7R/INPP5D/ITPKB/LGALS9/LILRB2/LILRB4/MAN2A1/MAP1B/MAPRE3/MME/NCKAP1L/NLRP3/NOTCH1/PIK3R6/PLXNC1/PLXND1/PPARGC1B/PRKCH/PTPRC/RELN/ROBO1/ROBO3/RUNX3/SASH3/SEMA5A/SHANK3/SHOX2/SLIT2/SPI1/STAT5A/STAT5B/SYK/TENM4/TESPA1/TGFBR2/TNFRSF1B/TOX/TRPV2/TYROBP/ZAP70/ZEB2,84
GO:0032102,GO:0032102,negative regulation of response to external stimulus,78/1487,396/16754,0.196969696969697,2.21925373438487,7.66304738735174,1.17135473388028e-11,5.56043093330859e-10,4.17008608363855e-10,ADTRP/AIF1/ALOX5/AOAH/C1QTNF1/CARD16/CARD8/CCL2/CD200R1/CD96/CDH5/CLEC12A/CR1/CST7/CYLD/DPP4/EPHA4/FCGR2B/FGL2/FGR/GP1BA/HAVCR2/HCK/HGF/HLA-DRB1/HLA-E/IFI16/IGF1/IL10/IL10RA/IL2RA/IL33/INPP5D/IRAK3/KLRD1/KLRK1/LGALS9/LILRB1/LRFN5/LTF/MMRN1/NLRC5/NLRP3/NOTCH1/NR5A2/PDGFRA/PPARA/PPARG/PRKG1/PROS1/PTEN/PTGER4/PTPRC/RIN3/ROBO1/ROBO3/SAMHD1/SEMA5A/SERPINB9/SERPING1/SH2B3/SIRPA/SLAMF8/SLIT2/SOCS3/SPN/STAT2/SYK/TEK/TFPI/THBD/TNFAIP3/TNFAIP8L2/TNFRSF1B/TRIM38/UACA/VSIG4/WNT5A,78
GO:0007264,GO:0007264,small GTPase-mediated signal transduction,90/1487,489/16754,0.184049079754601,2.07367739220483,7.52014353588388,1.51332864662776e-11,7.06304815409294e-10,5.29698492234061e-10,ABCA1/ADCYAP1R1/AIF1/AKAP13/ARAP1/ARHGAP15/ARHGAP18/ARHGAP25/ARHGAP26/ARHGAP28/ARHGAP30/ARHGAP31/ARHGAP4/ARHGAP6/ARHGEF15/ARHGEF25/BCL6/CBL/CCDC88A/CDKL5/COL1A2/COL3A1/CSF1/CYTH4/DENND3/DENND4C/DIRAS3/DOCK10/DOCK11/DOCK2/DOCK4/DOCK8/DOK2/DOK3/ELMO1/F2R/FGD5/GIT2/GRAP2/HEG1/IGF1/IQSEC1/ITPKB/KALRN/KSR1/LRRK2/MAPRE2/MYO9B/NISCH/NOTCH1/OGT/P2RY8/PDPN/PECAM1/PIK3CG/PREX2/PSD/RAC2/RALGDS/RAPGEF1/RAPGEF2/RAPGEF3/RAPGEF4/RASA2/RASA4/RASGRP2/RASGRP3/RASGRP4/RASIP1/RELN/RGL1/RHOJ/RHOQ/RHOU/RIN2/RIPOR2/ROBO1/SH2D3C/SLIT2/SPATA13/SPRY1/SRGAP3/STARD13/STARD8/TAGAP/TEK/TNS3/VAV1/WAS/WNT5A,90
GO:0031589,GO:0031589,cell-substrate adhesion,71/1487,351/16754,0.202279202279202,2.27907582715922,7.55810868801593,2.79827623031872e-11,1.2635468441618e-09,9.47606251037329e-10,ABI3BP/ACVRL1/ADAMTS9/ARHGAP6/AXL/BCL6/BST1/CASS4/CCDC80/CD34/CD36/CD96/COL17A1/COL1A1/COL3A1/COL5A3/CORO2B/CSF1/DAB2/DISC1/ECM2/EGFL6/EGFLAM/EMILIN1/FERMT3/FREM1/FZD4/GAS6/HAS2/HOXD3/ITGA1/ITGA4/ITGA5/ITGAL/ITGAM/ITGAX/ITGB2/JAK2/JAM3/KDR/LPXN/LYVE1/MERTK/MYO1G/NDNF/NID1/NID2/NOTCH1/PARVG/PDPN/PEAK1/PECAM1/PKD1/PLPP3/POSTN/PPFIA2/PTEN/PTK2B/PTPRJ/RAC2/RIN2/SIGLEC1/SNED1/SVEP1/TEK/TESK2/TLN1/TNXB/UTRN/VCAM1/VWF,71
GO:0030168,GO:0030168,platelet activation,39/1487,139/16754,0.280575539568345,3.16123913243313,7.98518487552415,4.50081186654786e-11,1.98392929419102e-09,1.48786236891645e-09,AXL/C1QTNF1/CD40/CD40LG/COL3A1/DGKA/EMILIN1/EMILIN2/ENTPD1/F2R/F2RL2/FCER1G/FERMT3/GP1BA/IL6R/JAK2/MERTK/MMRN1/P2RX1/P2RY1/P2RY12/PDGFRA/PDPN/PEAR1/PIK3CG/PLA2G4A/PLEK/PRKG1/PTPRJ/SELP/SH2B3/SVEP1/SYK/THBD/TLN1/TLR4/TSPAN32/VAV1/VWF,39
GO:0050878,GO:0050878,regulation of body fluid levels,74/1487,377/16754,0.196286472148541,2.2115558536494,7.42543441499754,4.72133365884639e-11,2.06474701899471e-09,1.54847221616702e-09,ABCB1/ADTRP/ANGPTL1/APLNR/AVPR2/AXL/C1QTNF1/C4BPB/CD36/CD40/CD40LG/CDO1/CEL/COL3A1/CORO2B/DGKA/EDNRB/EMILIN1/EMILIN2/ENTPD1/F10/F2R/F2RL2/FCER1G/FERMT3/FLI1/GAS6/GP1BA/HAS2/HEG1/HIF1A/IL6R/JAK2/MERTK/MLLT6/MMRN1/NCOA1/NCOR2/NEGR1/NPR1/P2RX1/P2RY1/P2RY12/PDGFRA/PDPN/PEAR1/PIK3CG/PLA2G4A/PLEK/PPARA/PRKACB/PRKG1/PROS1/PRRG3/PTPRJ/RAB27A/SELP/SERPING1/SH2B3/STAT5A/STAT5B/SVEP1/SYK/TFPI/THBD/TIFAB/TLN1/TLR4/TPH1/TSPAN18/TSPAN32/VAV1/VWF/WAS,74
GO:0002709,GO:0002709,regulation of T cell mediated immunity,33/1487,105/16754,0.314285714285714,3.54105101354597,8.1515253321531,5.04932475068045e-11,2.15722689732917e-09,1.61782818125041e-09,AGER/ARID5A/CCR2/CD1C/CD1D/CD274/CD7/CD80/FCGR2B/HFE/HLA-DRA/HLA-DRB1/HLA-E/IL12RB1/IL18/IL18R1/IL1R1/IL7R/KLRD1/LILRB1/LILRB4/MR1/NCKAP1L/NLRP3/P2RX7/PRKAA1/PTPRC/RIPK3/SASH3/SLAMF1/SPN/TNFRSF1B/WAS,33
GO:1901342,GO:1901342,regulation of vasculature development,63/1487,298/16754,0.211409395973154,2.38194554144871,7.51210842214717,5.39663556754778e-11,2.28800869787484e-09,1.71590895466344e-09,ACVRL1/ADAM12/ADAMTS9/ADGRA2/ALOX5/APLNR/C3/C3AR1/C5AR1/CCL24/CCR2/CD34/CD36/CD40/CDH5/CLDN5/CXCL12/CXCR4/CYBB/CYP1B1/DLL1/ECSCR/EMILIN1/EMILIN2/ENG/ERAP1/GPNMB/HIF1A/HMOX1/HSPG2/IL10/ITGA5/ITGAX/ITGB2/JAK1/JCAD/KDR/KLF2/NPR1/PDE3B/PIK3CD/PIK3CG/PIK3R6/PLXND1/PPARG/PPP1R16B/PRKCB/PRKD1/PTK2B/PTPRM/RAPGEF3/RHOJ/SEMA5A/SPRED1/STAB1/STARD13/TEK/TGFBR2/TIE1/TNFAIP3/TNFSF12/TSPAN18/WNT5A,63
GO:0003018,GO:0003018,vascular process in circulatory system,59/1487,275/16754,0.214545454545455,2.41727945222229,7.3957349173537,1.19404692007143e-10,4.91239747709385e-09,3.68408862590459e-09,ABCB1/ABCC9/ABCG2/ADD3/ADRB2/AGER/ATP2A3/ATP2B1/ATP8A1/AVPR1A/AVPR2/BMP6/C2CD4B/CD36/CD38/CDH5/CLDN5/DOCK4/EDNRB/F2R/FLVCR2/GUCY1A1/HRH2/IRAG1/ITGA1/ITGA4/KAT2B/KCNJ8/KCNMA1/KLF2/LEPR/LRP1/MMP2/NPR1/P2RX1/P2RY1/PDE2A/PECAM1/PLVAP/PRKAA1/PRKG1/PTPRJ/RGS2/SCPEP1/SLC16A7/SLC27A1/SLC2A13/SLC2A3/SLC2A4/SLC6A6/SLC8A1/SLCO2B1/SLIT2/SOD2/SVEP1/TACR1/TBXAS1/TEK/ZEB2,59
GO:0045807,GO:0045807,positive regulation of endocytosis,41/1487,156/16754,0.262820512820513,2.96119359233011,7.6803287563865,1.35621972396939e-10,5.49813455980001e-09,4.12336646004372e-09,ABCA7/APLNR/ARAP1/AXL/BTK/C2/C3/CBL/CCL2/CD14/CD300LF/CD36/CFP/DAB2/DLL1/DOCK2/FCER1G/FCGR1BP/FCGR2A/FCGR2B/FCN1/GAS6/HFE/IL15/IL15RA/IL2RG/LRP1/LRRK2/MERTK/NCKAP1L/PTPRC/PTPRJ/RAB27A/SELE/SIRPA/SIRPB1/SIRPG/SLC11A1/SNCA/SYK/WNT5A,41
GO:0071887,GO:0071887,leukocyte apoptotic process,35/1487,121/16754,0.289256198347107,3.25904394560016,7.78317860426663,1.76025402290975e-10,6.93365308031257e-09,5.19994413486664e-09,AXL/BCL3/BCL6/BTK/CCR5/CD274/CD74/CTSL/CXCL12/DOCK8/FAS/FCER1G/GAS6/GIMAP8/HCLS1/HIF1A/IL10/IL2RA/IL7R/ITPKB/JAK3/LGALS9/LILRB1/LMBR1L/MEF2C/MERTK/P2RX7/PIK3CD/PLEKHO2/PTCRA/RAPGEF2/RIPK3/STAT5A/TSC22D3/WNT5A,35
GO:0002367,GO:0002367,cytokine production involved in immune response,36/1487,127/16754,0.283464566929134,3.1937897473643,7.74488262396772,1.81898266600255e-10,7.06477603285185e-09,5.29828075772696e-09,ARID5A/AXL/BCL6/BTK/CCR2/CD226/CD36/CD7/CD74/CD96/FCER1G/HFE/HLA-E/IL10/IL18/IL18R1/IL1R1/IRAK3/IRF5/JAK3/LACC1/LAPTM5/LILRB1/LILRB4/NLRP3/NOD1/P2RX7/SASH3/SCIMP/SLAMF1/SYK/TLR4/TLR7/TNFRSF14/TNFRSF1B/WNT5A,36
GO:2000106,GO:2000106,regulation of leukocyte apoptotic process,30/1487,94/16754,0.319148936170213,3.59584483967434,7.87644208441899,2.48007780491422e-10,9.43448775924216e-09,7.07546349967236e-09,AXL/BCL3/BCL6/BTK/CCR5/CD274/CD74/CXCL12/DOCK8/FCER1G/GAS6/GIMAP8/HCLS1/HIF1A/IL10/IL7R/ITPKB/JAK3/LGALS9/LILRB1/MEF2C/MERTK/P2RX7/PIK3CD/PTCRA/RAPGEF2/RIPK3/STAT5A/TSC22D3/WNT5A,30
GO:0150076,GO:0150076,neuroinflammatory response,28/1487,84/16754,0.333333333333333,3.75566016588209,7.90173439096229,3.1387013818494e-10,1.17786131586429e-08,8.83345758746661e-09,AGER/AIF1/C1QA/C5AR1/CCL3/CCR1/CD200R1/CST7/CTSC/IFNGR1/IGF1/IL18/IL33/ITGAM/ITGB2/JAK2/KCNJ8/LRP1/LRRK2/NR3C1/PTGS2/PTPRC/SNCA/TLR1/TLR6/TNFRSF1B/TYROBP/ZEB2,28
GO:0002440,GO:0002440,production of molecular mediator of immune response,51/1487,226/16754,0.225663716814159,2.5425486963715,7.2863138868276,3.3309596082113e-10,1.24162078281916e-08,9.31162640034765e-09,ARID5A/AXL/BCL6/BTK/CCR2/CCR6/CD226/CD244/CD28/CD36/CD40/CD40LG/CD7/CD74/CD86/CD96/CR1/FCER1G/FCGR2B/HFE/HLA-E/IL10/IL18/IL18R1/IL1R1/IL2RG/IL33/IL4R/IRAK3/IRF5/JAK3/LACC1/LAPTM5/LILRB1/LILRB4/NLRP3/NOD1/P2RX7/PTPRC/SAMHD1/SASH3/SCIMP/SLAMF1/STAT6/SYK/TLR4/TLR7/TNFRSF14/TNFRSF1B/TNFSF13/WNT5A,51
GO:1990868,GO:1990868,response to chemokine,29/1487,90/16754,0.322222222222222,3.63047149368602,7.80890522079111,3.80838063509107e-10,1.38246706191476e-08,1.03679134317546e-08,ACKR1/CCL14/CCL18/CCL2/CCL23/CCL24/CCL3/CCL3L3/CCL4/CCL8/CCR1/CCR2/CCR5/CCR6/CCRL2/CMKLR1/CXCL12/CXCR4/CXCR6/DOCK8/GPR35/HIF1A/JAK2/PTK2B/RIPOR2/ROBO1/SH2B3/SLIT2/STAT5A,29
GO:1990869,GO:1990869,cellular response to chemokine,29/1487,90/16754,0.322222222222222,3.63047149368602,7.80890522079111,3.80838063509107e-10,1.38246706191476e-08,1.03679134317546e-08,ACKR1/CCL14/CCL18/CCL2/CCL23/CCL24/CCL3/CCL3L3/CCL4/CCL8/CCR1/CCR2/CCR5/CCR6/CCRL2/CMKLR1/CXCL12/CXCR4/CXCR6/DOCK8/GPR35/HIF1A/JAK2/PTK2B/RIPOR2/ROBO1/SH2B3/SLIT2/STAT5A,29
GO:0001776,GO:0001776,leukocyte homeostasis,33/1487,113/16754,0.292035398230089,3.29035713648077,7.62390795823384,4.41253692811034e-10,1.59137857783927e-08,1.19346607139662e-08,AXL/BTK/CCR2/CD74/CSF1/DOCK10/DOCK11/F2R/FAS/FCER1G/GPR183/HIF1A/IL2RA/IL7R/ITPKB/JAK3/JAM3/LGALS9/MEF2C/MERTK/NCKAP1L/P2RX7/PDE4B/PIK3CD/RIPK3/SASH3/SH2B3/STAT5A/STAT5B/TNFAIP3/TNFRSF17/TNFSF13/TSC22D3,33
GO:0042060,GO:0042060,wound healing,78/1487,435/16754,0.179310344827586,2.02028615819864,6.72891090139482,1.24419760744657e-09,4.18804455258076e-08,3.14085482147756e-08,ACVRL1/ADTRP/AGER/AHNAK/ALOX5/ANGPTL1/AXL/C1QTNF1/C4BPB/CASP1/CD34/CD36/CD40/CD40LG/COL3A1/COL5A1/DGKA/DST/ELK3/EMILIN1/EMILIN2/ENG/ENTPD1/F10/F2R/F2RL2/FCER1G/FERMT3/GAS6/GP1BA/GZMB/HIF1A/HMOX1/IGF1/IL6R/ITGA5/JAK2/JAML/KDR/MERTK/MMRN1/NDNF/NPR2/P2RX1/P2RY1/P2RY12/PDGFRA/PDPN/PEAR1/PECAM1/PIK3CG/PLA2G4A/PLEK/PPARA/PPARG/PRF1/PRKG1/PROS1/PRRG3/PTEN/PTPRJ/RAB27A/SELP/SERPING1/SH2B3/SLC11A1/SVEP1/SYK/TFPI/THBD/TLN1/TLR4/TNFAIP3/TSPAN32/VAV1/VWF/WAS/WNT5A,78
GO:0043299,GO:0043299,leukocyte degranulation,26/1487,78/16754,0.333333333333333,3.75566016588209,7.61293185259509,1.34318721034816e-09,4.49401311221306e-08,3.37031819362566e-08,ADGRE2/BTK/CBL/CCL3/CCR2/CD84/FCER1G/FCGR2B/FES/FGR/HCK/IL4R/ITGAM/ITGB2/LGALS9/MILR1/NCKAP1L/PIK3CD/PIK3CG/PRAM1/PTGDR/PTGDS/RAB27A/RAC2/SPI1/SYK,26
GO:0002399,GO:0002399,MHC class II protein complex assembly,10/1487,12/16754,0.833333333333333,9.38915041470522,9.07256025360281,1.64772466194012e-09,5.38321339553848e-08,4.03718048749044e-08,HLA-DMA/HLA-DMB/HLA-DOA/HLA-DPA1/HLA-DQA1/HLA-DQA2/HLA-DQB2/HLA-DRA/HLA-DRB1/HLA-DRB5,10
GO:0002503,GO:0002503,peptide antigen assembly with MHC class II protein complex,10/1487,12/16754,0.833333333333333,9.38915041470522,9.07256025360281,1.64772466194012e-09,5.38321339553848e-08,4.03718048749044e-08,HLA-DMA/HLA-DMB/HLA-DOA/HLA-DPA1/HLA-DQA1/HLA-DQA2/HLA-DQB2/HLA-DRA/HLA-DRB1/HLA-DRB5,10
GO:0050817,GO:0050817,coagulation,51/1487,241/16754,0.211618257261411,2.38429877751021,6.75538790452061,3.54753838885075e-09,1.07081675063462e-07,8.03066899581375e-08,ADTRP/ANGPTL1/AXL/C1QTNF1/C4BPB/CD36/CD40/CD40LG/COL3A1/DGKA/EMILIN1/EMILIN2/ENTPD1/F10/F2R/F2RL2/FCER1G/FERMT3/GAS6/GP1BA/IL6R/JAK2/MERTK/MMRN1/P2RX1/P2RY1/P2RY12/PDGFRA/PDPN/PEAR1/PIK3CG/PLA2G4A/PLEK/PRKG1/PROS1/PRRG3/PTPRJ/RAB27A/SELP/SERPING1/SH2B3/SVEP1/SYK/TFPI/THBD/TLN1/TLR4/TSPAN32/VAV1/VWF/WAS,51
GO:0043542,GO:0043542,endothelial cell migration,48/1487,225/16754,0.213333333333333,2.40362250616454,6.61520364407945,7.74935717672213e-09,2.18476800809719e-07,1.63848283987654e-07,ACVRL1/ADAMTS9/ADGRA2/ADTRP/CD40/CDH5/CLEC14A/CYP1B1/DPP4/FSTL1/HDAC9/HIF1A/HMOX1/HSPA12B/ITGB2/JCAD/KDR/LGMN/LPXN/MEF2C/MEOX2/MMRN1/NOTCH1/PECAM1/PIK3CD/PIK3CG/PLPP3/PLXND1/PPARG/PRKD1/PROX1/PTGS2/PTK2B/PTPRM/RHOJ/RIN2/ROBO1/SEMA5A/SLIT2/SNAI2/SPRED1/STARD13/STAT5A/TEK/TGFBR3/TNFSF12/WNT5A/ZEB2,48
GO:0048771,GO:0048771,tissue remodeling,41/1487,177/16754,0.231638418079096,2.60986553900281,6.71967384498168,7.99299404507443e-09,2.24207519830017e-07,1.68146078874851e-07,ACVRL1/ADRB2/AGER/ARAP1/ATP7A/AXL/CCR2/CD38/COL6A1/CSF1R/CTSK/DCSTAMP/F2R/GPNMB/HERC1/HIF1A/IGF1/IL15/IL18/IL7/INPP5D/LEPR/LRRK1/MEF2C/MMP2/NPR2/P2RX7/PDK4/PPARG/PTK2B/RAC2/RASSF2/RBPJ/RSPO3/S1PR1/SYK/TIE1/TNFAIP3/TPH1/TPP1/YPEL4,41
GO:0002269,GO:0002269,leukocyte activation involved in inflammatory response,19/1487,48/16754,0.395833333333333,4.45984644698498,7.49145422965231,8.69687928581989e-09,2.42725967605245e-07,1.8203412501449e-07,AGER/AIF1/C1QA/C5AR1/CCL3/CST7/CTSC/IFNGR1/IL33/ITGAM/ITGB2/JAK2/KCNJ8/LRRK2/PTPRC/SNCA/TLR1/TLR6/TYROBP,19
GO:0030198,GO:0030198,extracellular matrix organization,58/1487,307/16754,0.188925081433225,2.12861520802438,6.22868926277988,2.50756734034449e-08,6.44769861494135e-07,4.83549900864676e-07,ABI3BP/ADAMTS10/ADAMTS14/ADAMTS2/ADAMTS4/ADAMTS6/ADAMTS9/ADAMTSL4/ADTRP/ANTXR2/ATP7A/BCL3/CCDC80/CFLAR/COL14A1/COL1A1/COL1A2/COL3A1/COL5A1/COL5A2/COL5A3/COL6A1/COL6A6/CSGALNACT1/CTSK/CTSS/CYP1B1/DPP4/DPT/ECM2/EGFL6/EGFLAM/EMILIN1/ENG/FLRT2/GAS6/HAS2/HMCN1/HPSE2/LRP1/MMP19/MMP2/MYH11/NDNF/NID1/NID2/NOTCH1/NPHP3/OLFML2B/PAPLN/PDGFRA/PDPN/POSTN/PPARG/TGFBR3/TIE1/TNFRSF1B/TNXB,58
GO:0002228,GO:0002228,natural killer cell mediated immunity,26/1487,90/16754,0.288888888888889,3.25490547709781,6.69398744474717,3.92719018840333e-08,9.78099296250766e-07,7.33532762592021e-07,CD226/CD96/GZMB/HAVCR2/HCST/HLA-E/IL18/IL18RAP/INPP5D/KLRB1/KLRD1/KLRK1/LAG3/LGALS9/LILRB1/LYST/PIK3R6/RAB27A/RASGRP4/SERPINB9/SLAMF6/SLAMF7/STAT5A/STAT5B/TYROBP/VAV1,26
GO:0001936,GO:0001936,regulation of endothelial cell proliferation,32/1487,128/16754,0.25,2.81674512441157,6.4391719984865,5.14868232588255e-08,1.25420094903297e-06,9.40597228232561e-07,ACVRL1/ALDH1A2/ALOX5/APLNR/BMP6/CCL2/CCL24/CXCL12/ENG/FGF7/HIF1A/HMOX1/HSPG2/IGF2/IL10/ITGA4/JCAD/KDR/MEF2C/PIK3CD/PPARG/PPP1R16B/PRKD1/PROX1/PTPRM/RICTOR/SEMA5A/STAT5A/TEK/TIE1/TNFSF12/WNT5A,32
GO:0001935,GO:0001935,endothelial cell proliferation,35/1487,150/16754,0.233333333333333,2.62896211611746,6.25424913499534,8.0466203470492e-08,1.8621220586463e-06,1.39651213654709e-06,ACVRL1/ALDH1A2/ALOX5/APLNR/BMP6/CCL2/CCL24/CD34/CXCL12/ENG/ERN1/FGF7/HIF1A/HMOX1/HSPG2/IGF2/IL10/ITGA4/JCAD/KDR/MEF2C/PIK3CD/PPARG/PPP1R16B/PRKD1/PROX1/PTPRM/RICTOR/SEMA5A/STAT5A/TEK/TIE1/TNFSF12/WNT5A/ZEB2,35
GO:0035904,GO:0035904,aorta development,21/1487,65/16754,0.323076923076923,3.64010139154726,6.65559754258737,9.46621870685486e-08,2.17253630982942e-06,1.62930958777837e-06,ACVRL1/ADAMTS6/ADAMTS9/APLNR/CNTRL/COL3A1/EGR2/ENG/LRP1/NOTCH1/PCDHA10/PDE2A/PDGFRB/PKD2/PLXND1/PRDM1/PROX1/RBPJ/ROBO1/TFAP2B/TGFBR2,21
GO:0030099,GO:0030099,myeloid cell differentiation,74/1487,447/16754,0.165548098434004,1.86522719647835,5.78657802898333,1.04529048334335e-07,2.38911248744402e-06,1.79173248541895e-06,ADGRF5/BCL6/C1QC/CAMK4/CCL3/CCR1/CD4/CD74/CFLAR/CSF1/CSF1R/DCSTAMP/DLL1/EVI2B/FCER1G/FES/FLI1/GAB3/GP1BA/GPR171/GPR183/HCLS1/HIF1A/HLA-DRB1/IFI16/IKZF1/IL15/IL33/INPP5D/IRF8/ITPKB/JAK2/KLF2/L3MBTL1/L3MBTL3/LILRB1/LILRB3/LILRB4/LRRK1/LTF/MAF/MAFB/MEF2C/MEIS1/NCKAP1L/NFKBIA/NR3C1/NRROS/OSCAR/PDE1B/PDE2A/PIK3CD/PIP4K2A/PPARG/PPARGC1B/PTK2B/PTPRJ/RAC2/RASGRP4/RASSF2/RBPJ/SH2B3/SPI1/STAT5A/STAT5B/TGFBR2/TGFBR3/TIFAB/TLR2/TLR4/TMEM178A/TYROBP/YPEL4/ZFP36,74
GO:0002577,GO:0002577,regulation of antigen processing and presentation,12/1487,23/16754,0.521739130434783,5.87842460746762,7.30646808789604,1.22324778892102e-07,2.75057417800297e-06,2.06281333933964e-06,CD68/CD74/CST7/CTSS/FCGR2B/FGL2/HFE/HLA-DOA/LILRB2/NOD1/SLC11A1/WAS,12
GO:0002532,GO:0002532,production of molecular mediator involved in inflammatory response,27/1487,102/16754,0.264705882352941,2.98243601408284,6.26745160581543,1.59830273844172e-07,3.51877498639043e-06,2.63893118684437e-06,ABCD2/ADCY7/ALOX5/BTK/CCR1/CD36/FCER1G/GPSM3/HIF1A/HMOX1/IL17RA/IL33/IL4R/JAK2/LILRB4/NCF1/NFKBIA/P2RX1/PLD3/PPARA/SIRPA/SLAMF8/STING1/SYK/TLR4/TLR6/ZFP36,27
GO:0040013,GO:0040013,negative regulation of locomotion,57/1487,322/16754,0.177018633540373,1.99446549181937,5.62337914642993,3.29624461089503e-07,6.83109797347426e-06,5.12303217804857e-06,ACVRL1/ADAMTS9/ADTRP/AIF1/ARHGAP4/ARRDC3/CCL2/CD200R1/CD69/CD74/CLDN5/COL3A1/CXCL12/CYGB/CYP1B1/DPP4/DPYSL3/EMILIN1/EMILIN2/ENG/EPHA4/GCSAM/HMOX1/IL33/KLRK1/LRP1/MCTP1/MEF2C/MEOX2/MMRN1/NAV3/NISCH/NOTCH1/OGT/PODN/PPARG/PRKG1/PTEN/PTGER4/PTPRJ/PTPRM/RIN3/RIPOR2/ROBO1/ROBO3/SEMA5A/SEMA6D/SLAMF8/SLIT2/SPRED1/SRGAP3/STARD13/TGFBR3/TIE1/WAS/WNT5A/ZEB2,57
GO:0007204,GO:0007204,positive regulation of cytosolic calcium ion concentration,35/1487,159/16754,0.220125786163522,2.48015293973346,5.85250039324891,3.65860380018514e-07,7.55386078298448e-06,5.66507346403154e-06,ADCYAP1R1/AVPR1A/C1QTNF1/C3AR1/C5AR1/CACNA1C/CCR1/CCR2/CCR5/CCR6/CCRL2/CD36/CD38/CD4/CMKLR1/CXCR4/CXCR6/CYSLTR1/EDNRB/F2R/FPR3/GPR35/JAK2/P2RX7/P2RY1/PIK3CG/PKD1/PRKG1/PTGDR/PTGER4/PTGFR/PTGIR/SLC8A1/TACR1/TRPC6,35
GO:0070672,GO:0070672,response to interleukin-15,8/1487,11/16754,0.727272727272727,8.19416763465183,7.44878060735691,4.88818875739959e-07,9.94468877604298e-06,7.45809250550615e-06,CD4/IL15/IL15RA/IL2RG/JAK1/JAK3/STAT5A/STAT5B,8
GO:0006968,GO:0006968,cellular defense response,17/1487,49/16754,0.346938775510204,3.90895241755075,6.36409044602657,4.98025991855273e-07,1.00950232071686e-05,7.57083691806114e-06,C5AR1/CCR2/CCR5/CCR6/CD300C/IL33/ITK/LILRB2/LSP1/LY96/MNDA/NCF1/NCF2/PRF1/PTK2B/SPN/TYROBP,17
GO:0006959,GO:0006959,humoral immune response,51/1487,281/16754,0.181494661921708,2.04489681629879,5.51270994495001,6.2509174000393e-07,1.25788388550066e-05,9.43359273529959e-06,ALOX5/BCL3/BLNK/BST1/C1QA/C1QB/C1QC/C1R/C1S/C2/C3/C4BPB/C7/CCL14/CCL18/CCL2/CCL23/CCL24/CCL3/CCL3L3/CCL4/CCL8/CCR2/CCR6/CD28/CFD/CFH/CFP/CR1/CXCL12/CXCL2/CXCL3/FCGR2B/FCN1/GPR183/HLA-DRB1/HLA-E/IL7/JCHAIN/LTF/LYZ/MEF2C/NOTCH1/POU2AF1/POU2F2/PTPRC/RBPJ/RNASE6/SERPING1/SLC11A1/VSIG4,51
GO:0043300,GO:0043300,regulation of leukocyte degranulation,16/1487,45/16754,0.355555555555556,4.00603751027423,6.3015929797078,7.35933832221438e-07,1.43416719444136e-05,1.07556423789482e-05,ADGRE2/CCR2/CD84/FCER1G/FCGR2B/FES/FGR/IL4R/ITGAM/ITGB2/LGALS9/NCKAP1L/PRAM1/RAC2/SPI1/SYK,16
GO:0072593,GO:0072593,reactive oxygen species metabolic process,43/1487,222/16754,0.193693693693694,2.18234306936392,5.53454884441905,7.8448279586058e-07,1.52343267419918e-05,1.142509541119e-05,ABCC9/ABCD2/ALOX5/ATP7A/BCO2/BST1/CD36/CFLAR/COL6A1/CYBB/CYGB/CYP1B1/FAS/FOXO1/GPX3/HVCN1/ITGAM/ITGB2/LRRK2/NCF1/NCF1B/NCF1C/NCF2/NCF4/P2RX7/PDGFRB/PDK4/PIKFYVE/PPARA/RAB27A/RAC2/RIPK3/SESN1/SIRPA/SNCA/SOD2/SOD3/SYK/TGFBR2/TLR4/TLR6/TYROBP/VAV1,43
GO:0009615,GO:0009615,response to virus,68/1487,423/16754,0.160756501182033,1.81124036368782,5.27397748068376,1.02762426723961e-06,1.9569564370991e-05,1.46763387631506e-05,ABCC9/APOBEC3C/APOBEC3D/APOBEC3G/APOBEC3H/BCL3/CARD8/CASP1/CCL4/CCL8/CD40/CXCL12/CXCR4/DCLK1/DDX17/EPG5/FGL2/FGR/GBP2/GLI2/GSDME/HCFC2/HIF1A/IFI16/IFNGR1/IL12RB1/IL15/IL17RA/IL33/IRAK3/IRF5/ITGAX/JAK1/JAK2/KCNJ8/LGALS9/LILRB1/LYST/MAP3K14/MLKL/NLRC5/NLRP1/NLRP3/PIM2/POU2AF1/POU2F2/PRF1/PTPRC/RIPK3/RNASE6/RNASEL/SAMHD1/SENP7/SLFN11/SLFN13/SPN/STAT2/STING1/TLR2/TLR7/TLR8/TNFAIP3/TRIM22/TRIM38/TRIM52/TRIM56/TSPAN32/WDFY4,68
GO:0034341,GO:0034341,response to type II interferon,29/1487,127/16754,0.228346456692913,2.57277507426568,5.55247300190208,1.63311176621187e-06,2.97386975394777e-05,2.23027549918908e-05,AIF1/CASP1/CCL2/CCL3/CD40/CD74/CIITA/DAPK1/GBP2/GBP4/HCK/HLA-DPA1/IFNGR1/IL12RB1/IRF8/JAK1/JAK2/LGALS9/MRC1/NLRC5/PPARG/SIRPA/SLC11A1/SNCA/TLR2/TLR4/TXK/WAS/WNT5A,29
GO:0060760,GO:0060760,positive regulation of response to cytokine stimulus,20/1487,70/16754,0.285714285714286,3.21913728504179,5.80641436709552,1.72893679019538e-06,3.1380767754069e-05,2.35342376291817e-05,AXL/CASP1/CASP4/CD300LF/CD40/CD74/CSF1/CXCR4/GAS6/HIF1A/IL1R1/IL7/LAPTM5/NLRC5/STING1/TLR2/TLR4/TRIM56/TXK/WNT5A,20
GO:0002347,GO:0002347,response to tumor cell,16/1487,48/16754,0.333333333333333,3.75566016588209,5.96671046576981,1.98557584020394e-06,3.59214599885756e-05,2.69395631739654e-05,ABI3/CD226/CD274/DAPK1/GSDME/GZMB/HAVCR2/HLA-DRB1/LAPTM5/MR1/NOTCH1/PRF1/PRKAA1/SPI1/TNFRSF10B/TXNIP,16
GO:0002437,GO:0002437,inflammatory response to antigenic stimulus,20/1487,72/16754,0.277777777777778,3.12971680490174,5.65182847666823,2.8045323145989e-06,4.9292317959754e-05,3.69671364719115e-05,BTK/C3/CD28/CD68/CYSLTR1/FCER1G/FCGR1BP/FCGR2A/FCGR2B/FGR/HCK/HLA-DRB1/HLA-E/IL10/IL2RA/NOTCH1/PLA2G2D/RBPJ/SPN/SYK,20
GO:1904646,GO:1904646,cellular response to amyloid-beta,15/1487,44/16754,0.340909090909091,3.84101607874305,5.88893459149249,3.00600865491444e-06,5.25011700295434e-05,3.93736386875089e-05,ADRB2/AGER/CASP4/CD36/EPHA4/FCGR2B/IGF1/ITGA4/LGMN/LRP1/SYK/TLR4/TLR6/TYROBP/VCAM1,15
GO:0034612,GO:0034612,response to tumor necrosis factor,42/1487,227/16754,0.185022026431718,2.08463956344116,5.13483251416252,3.60729499840049e-06,6.22202373326594e-05,4.66625247096134e-05,ABCB1/ASAH1/BIRC3/CARD16/CARD8/CASP1/CASP4/CCL2/CCL3/CD40/CD70/COL1A1/CYLD/DCSTAMP/EDA2R/FAS/GAS6/GBP2/GSDME/HAS2/IL18BP/JAK2/KLF2/LAPTM5/NAIP/NFKBIA/NR2C2/PLVAP/POSTN/PTK2B/SELE/SLC2A4/SYK/TMC8/TNFAIP3/TNFRSF14/TNFRSF17/TNFRSF1B/TNFRSF25/TRAF1/VCAM1/ZFP36,42
GO:0045730,GO:0045730,respiratory burst,13/1487,35/16754,0.371428571428571,4.18487847055433,5.88635789585093,4.61113308396099e-06,7.73723055840464e-05,5.80259297606413e-05,CYBB/HCK/JCHAIN/NCF1/NCF1B/NCF1C/NCF2/NCF4/PIK3CD/PIK3CG/RAC2/SLAMF8/SLC11A1,13
GO:0042742,GO:0042742,defense response to bacterium,54/1487,325/16754,0.166153846153846,1.8720521442243,4.95454178744296,4.87929424045578e-06,8.11813657060008e-05,6.08825624203789e-05,ADAMTS4/BCL3/C5AR1/CASP1/CASP4/CD36/CD4/CFP/CLEC4E/CYLD/EMILIN1/EMILIN2/FCER1G/FGR/GBP2/GBP4/HAVCR2/HCK/HLA-E/IL10/IL18/IL33/IL6R/IL7R/IRF8/JCHAIN/KLRK1/LTF/LYST/LYZ/MPEG1/MR1/NAIP/NCF1/NLRC4/NLRP1/NOD1/P2RX7/PRKD1/RASGRP4/RBPJ/RNASE6/SELP/SLAMF8/SLC11A1/SLC9A9/SPN/STAB1/SYK/TLR2/TLR4/TLR6/TNFRSF14/TNFSF8,54
GO:0043303,GO:0043303,mast cell degranulation,16/1487,51/16754,0.313725490196078,3.53473897965373,5.65777948698294,4.88960385850646e-06,8.11813657060008e-05,6.08825624203789e-05,ADGRE2/BTK/CBL/CD84/FCER1G/FES/FGR/IL4R/LGALS9/MILR1/PIK3CD/PIK3CG/PTGDR/PTGDS/RAC2/SYK,16
GO:0035296,GO:0035296,regulation of tube diameter,32/1487,155/16754,0.206451612903226,2.32608629628826,5.17632575523374,4.91122414065831e-06,8.11813657060008e-05,6.08825624203789e-05,ABCC9/ADD3/ADRB2/ATP2B1/AVPR1A/AVPR2/CD38/DOCK4/EDNRB/F2R/GUCY1A1/HRH2/IRAG1/ITGA1/ITGA4/KAT2B/KCNJ8/KCNMA1/KLF2/MMP2/NPR1/P2RX1/P2RY1/PECAM1/PRKG1/RGS2/SCPEP1/SLC8A1/SOD2/SVEP1/TACR1/TBXAS1,32
GO:0097746,GO:0097746,blood vessel diameter maintenance,32/1487,155/16754,0.206451612903226,2.32608629628826,5.17632575523374,4.91122414065831e-06,8.11813657060008e-05,6.08825624203789e-05,ABCC9/ADD3/ADRB2/ATP2B1/AVPR1A/AVPR2/CD38/DOCK4/EDNRB/F2R/GUCY1A1/HRH2/IRAG1/ITGA1/ITGA4/KAT2B/KCNJ8/KCNMA1/KLF2/MMP2/NPR1/P2RX1/P2RY1/PECAM1/PRKG1/RGS2/SCPEP1/SLC8A1/SOD2/SVEP1/TACR1/TBXAS1,32
GO:0001961,GO:0001961,positive regulation of cytokine-mediated signaling pathway,18/1487,63/16754,0.285714285714286,3.21913728504179,5.5072931227697,5.6484144777917e-06,9.27557509294786e-05,6.95628577654695e-05,AXL/CASP1/CASP4/CD300LF/CD40/CD74/CSF1/CXCR4/GAS6/HIF1A/IL1R1/IL7/LAPTM5/NLRC5/STING1/TRIM56/TXK/WNT5A,18
GO:0008360,GO:0008360,regulation of cell shape,29/1487,135/16754,0.214814814814815,2.42031432912401,5.17099162735504,5.96861978801881e-06,9.69289891890539e-05,7.26926084985855e-05,ARAP1/ARHGAP15/ARHGAP18/CCL2/CCL24/CCL3/CSF1R/EPB41L3/FES/FGD5/FGR/FMNL1/FMNL2/FMNL3/HCK/ITGB2/KDR/P2RY1/PARVG/PDPN/PLXNC1/PLXND1/PTK2B/RAC2/RHOJ/RHOQ/RHOU/SYNE3/YPEL4,29
GO:0071404,GO:0071404,cellular response to low-density lipoprotein particle stimulus,12/1487,31/16754,0.387096774193548,4.36141180554049,5.84615598362558,6.511690794664e-06,0.000104224584073671,7.81639935522082e-05,ABCA1/ADTRP/CD36/CD68/CES1/FCER1G/ITGB2/PPARG/SYK/TLR4/TLR6/TXNIP,12
GO:0032963,GO:0032963,collagen metabolic process,24/1487,102/16754,0.235294117647059,2.6510542347403,5.21979142898029,7.294419699272e-06,0.000115422242193039,8.65617596341859e-05,ADAMTS14/ADAMTS2/CIITA/COL1A1/COL1A2/COL5A1/COL6A1/CTSB/CTSK/CTSL/CTSS/CYGB/EMILIN1/F2R/HIF1A/IL6R/MMP19/MMP2/NOTCH1/P2RX7/PCOLCE/TNS2/TNXB/TRAM2,24
GO:0010594,GO:0010594,regulation of endothelial cell migration,33/1487,166/16754,0.198795180722892,2.23982142423088,5.01003884456347,8.22285405835835e-06,0.000128285762472254,9.62088512978238e-05,ACVRL1/ADAMTS9/ADGRA2/CD40/HDAC9/HIF1A/HMOX1/JCAD/KDR/LGMN/MEF2C/MEOX2/MMRN1/NOTCH1/PIK3CD/PIK3CG/PLPP3/PPARG/PRKD1/PROX1/PTGS2/PTK2B/PTPRM/RHOJ/RIN2/SEMA5A/SLIT2/SPRED1/STARD13/STAT5A/TEK/TGFBR3/WNT5A,33
GO:0097028,GO:0097028,dendritic cell differentiation,15/1487,48/16754,0.3125,3.52093140551446,5.45846254447564,1.01710197685678e-05,0.000156481561757966,0.000117354498394002,AGER/AXL/CAMK4/CLEC12A/DCSTAMP/FCGR2B/FLT3LG/GAS6/IRF8/LGALS9/LILRB1/LILRB2/RBPJ/SPI1/TGFBR2,15
GO:0036006,GO:0036006,cellular response to macrophage colony-stimulating factor stimulus,7/1487,11/16754,0.636363636363636,7.16989668032035,6.38825908370569,1.02502836662216e-05,0.000157265401884516,0.000117942345063213,CSF1/CSF1R/DCSTAMP/PDE1B/PDE2A/TLR2/TLR4,7
GO:0045446,GO:0045446,endothelial cell differentiation,25/1487,111/16754,0.225225225225225,2.5376082201906,5.0724327818599,1.07989285903476e-05,0.000165226582343775,0.000123912890914906,ACVRL1/BMP6/CDH5/CLDN5/DLL1/EDNRB/FSTL1/FZD4/HEG1/KDR/NOTCH1/NOTCH4/PDE2A/PDE4D/PDPN/PECAM1/PPP1R16B/PROX1/RAPGEF1/RAPGEF2/RAPGEF3/RBPJ/S1PR1/TIE1/ZEB1,25
GO:1904645,GO:1904645,response to amyloid-beta,16/1487,54/16754,0.296296296296296,3.33836459189519,5.37125531270082,1.11302062597731e-05,0.000169362097443232,0.000127014350886582,ADRB2/AGER/CASP4/CD36/EPHA4/FCGR2B/IGF1/ITGA4/LGMN/LRP1/MMP2/SYK/TLR4/TLR6/TYROBP/VCAM1,16
GO:0098543,GO:0098543,detection of other organism,9/1487,19/16754,0.473684210526316,5.33699076204297,5.90306227560538,1.35412325804335e-05,0.000202716996635384,0.000152029102910414,CD1D/HLA-DRB1/NAIP/NLRC4/NOD1/TLR1/TLR2/TLR4/TLR6,9
GO:0036005,GO:0036005,response to macrophage colony-stimulating factor,8/1487,15/16754,0.533333333333333,6.00905626541134,6.0570576969846,1.37681096001433e-05,0.000205008259300793,0.000153747452201967,ALPL/CSF1/CSF1R/DCSTAMP/PDE1B/PDE2A/TLR2/TLR4,8
GO:0045453,GO:0045453,bone resorption,17/1487,61/16754,0.278688524590164,3.13997817147519,5.2255497877112,1.4716928302741e-05,0.000216811193086004,0.000162599149222242,ADRB2/ARAP1/CD38/CSF1R/CTSK/DCSTAMP/IL7/INPP5D/LRRK1/P2RX7/PDK4/PTK2B/RAC2/S1PR1/SYK/TNFAIP3/TPP1,17
GO:0003158,GO:0003158,endothelium development,28/1487,134/16754,0.208955223880597,2.354294432344,4.91218718981695,1.48550545859042e-05,0.000218267124788655,0.00016369103591318,ACVRL1/BMP6/CD34/CDH5/CLDN5/DLL1/EDNRB/FSTL1/FZD4/HEG1/ITGAX/KDR/NOTCH1/NOTCH4/PDE2A/PDE4D/PDPN/PECAM1/PPP1R16B/PROX1/RAPGEF1/RAPGEF2/RAPGEF3/RBPJ/S1PR1/STARD13/TIE1/ZEB1,28
GO:0033627,GO:0033627,cell adhesion mediated by integrin,19/1487,74/16754,0.256756756756757,2.89287337101728,5.09289032800654,1.71619561901945e-05,0.000250177177638689,0.000187622214793755,CYP1B1/DPP4/EMILIN1/EMILIN2/FERMT3/ITGA4/ITGA5/ITGB2/JAM3/LPXN/MMRN1/NCKAP1L/P2RY12/PDE3B/PIK3CG/PLPP3/SNAI2/SYK/VCAM1,19
GO:0035924,GO:0035924,cellular response to vascular endothelial growth factor stimulus,18/1487,68/16754,0.264705882352941,2.98243601408284,5.11213649666019,1.81013487149936e-05,0.000262493187370952,0.000196858696894956,ADGRA2/DLL1/EMILIN1/ERN1/ITGA5/JCAD/KDR/NOTCH1/PDGFRA/PDGFRB/PIK3CD/PRKD1/PROX1/ROBO1/TNXB/TSPAN32/VCAM1/VEGFD,18
GO:0097305,GO:0097305,response to alcohol,45/1487,266/16754,0.169172932330827,1.90606812930106,4.64881869710665,1.84923958019691e-05,0.000267465537198272,0.000200587747226952,ABCA1/ABCB1/ADCY2/ADCY7/ADCYAP1R1/AVPR1A/BTG2/CBL/CCL3/CCR5/CD4/CD68/CDO1/CES1/CLDN5/CYBB/FOSB/GABBR1/GNG2/GRAMD1B/H6PD/KLF9/NR3C1/OSBPL7/PPARA/PRKAA1/PRKD1/PTCH1/PTGDR/PTGER4/PTGFR/PTPRC/RGS2/SGK1/SLC23A2/SLC2A4/SLIT2/SOD2/SPI1/TACR1/TBXAS1/TGFBR2/TGFBR3/VCAM1/XRN1,45
GO:0008217,GO:0008217,regulation of blood pressure,36/1487,196/16754,0.183673469387755,2.06944539752687,4.70010584298007,2.05931297228087e-05,0.000294021188895834,0.000220503353573681,ABCC9/ACVRL1/ADM5/ADRB2/ATP2B1/AVPR1A/AVPR2/COL1A2/CORO2B/DLL1/EDNRB/EMILIN1/EMILIN2/ENG/ENPEP/ERAP1/ERAP2/F2R/GAS6/GNB3/GUCY1A1/KCNJ8/KLK1/MME/NPR1/NPR2/P2RX1/POSTN/PPARA/PPARG/PTGS2/RPS6KA2/SCPEP1/SGK1/SOD2/TACR1,36
GO:0006816,GO:0006816,calcium ion transport,63/1487,419/16754,0.15035799522673,1.69408059988476,4.49037150710874,2.25872258694289e-05,0.000320024113466347,0.000240004438145355,ADCYAP1R1/AKAP5/ANK2/APLNR/ATP2A3/ATP2B1/CACHD1/CACNA1C/CACNA1G/CACNB4/CALCRL/CAPN3/CCL2/CCL3/CCL4/CCL8/CCR1/CCR5/CD4/CD84/CDH23/CLIC2/CXCL12/CYSLTR1/EDNRB/F2R/FAIM2/GAS6/GP1BA/GPM6A/GPR35/GSTM2/IL16/ITPR1/ITPRIPL1/KCNJ8/LILRB1/LILRB2/MICU3/P2RX1/P2RX7/PDE4B/PDE4D/PDGFRB/PIK3CG/PKD1/PKD2/PLCB2/PLCL2/PRKCB/PRKD1/PTK2B/PTPRC/SARAF/SLC8A1/SNCA/SPG11/STIM2/TMEM37/TPCN1/TRPC1/TRPC6/TRPV2,63
GO:1904407,GO:1904407,positive regulation of nitric oxide metabolic process,13/1487,40/16754,0.325,3.66176866173504,5.25999135120133,2.46566228136969e-05,0.000345815361382002,0.000259346774252522,CD36/HIF1A/ITGB2/JAK2/KLF2/KLRK1/PKD2/PTGS2/SOD2/TLR4/TLR5/TLR6/TMEM106A,13
GO:0006898,GO:0006898,receptor-mediated endocytosis,44/1487,261/16754,0.168582375478927,1.89941433676795,4.57040994316297,2.49012545808952e-05,0.000348366669879828,0.000261260146829119,AAK1/ACHE/ADRB2/APLNR/ARAP1/BMP2K/C3/CALCRL/CBL/CBLB/CD14/CD36/CTSL/DAB2/DLL1/DNM1/DPP4/FCER1G/FCGR2B/FCHO2/FCHSD2/GRK3/HFE/HSPG2/ITGA4/ITGAM/ITGB2/ITSN2/LILRB1/LILRB4/LMBR1L/LRP1/LYVE1/MRC1/MSR1/PIKFYVE/RIN3/SCARF1/SELE/SIGLEC1/SNCA/STAB1/SYK/TAMALIN,44
GO:0061448,GO:0061448,connective tissue development,48/1487,294/16754,0.163265306122449,1.83950702002388,4.53218894975185,2.57599836136467e-05,0.000356785408953101,0.000267573842129413,ACVRL1/ARID5A/ARID5B/ARRDC3/ATP7A/BMP6/CD34/CFLAR/CHST11/COL1A1/COL3A1/COL5A1/COL6A1/CREB3L2/CSF1/CSGALNACT1/CTSK/CYTL1/EBF2/GLG1/HIF1A/HOXD3/IGF1/IL6R/MAF/MEF2C/NCOA1/NFATC2/NOTCH1/NPR2/NR5A2/PDGFD/PDGFRB/PKD1/PKDCC/PPARG/PRKAA1/PRRX1/RARB/RUNX2/RUNX3/SHOX2/SNAI2/SPART/SPI1/TGFBR2/WNT5A/ZEB1,48
GO:0006911,GO:0006911,"phagocytosis, engulfment",14/1487,46/16754,0.304347826086957,3.42908102102278,5.14853428369133,2.79836800917262e-05,0.000383756442541846,0.000287800967181185,ABCA1/ABCA7/AIF1/ARHGAP25/BIN2/C3/CD36/ELMO1/FCER1G/FCGR2B/ITGAM/ITGB2/MSR1/NCKAP1L,14
GO:0038084,GO:0038084,vascular endothelial growth factor signaling pathway,14/1487,46/16754,0.304347826086957,3.42908102102278,5.14853428369133,2.79836800917262e-05,0.000383756442541846,0.000287800967181185,ADGRA2/DLL1/EMILIN1/ITGA5/JCAD/KDR/PDGFRA/PDGFRB/PIK3CD/PROX1/ROBO1/TNXB/TSPAN32/VEGFD,14
GO:0006956,GO:0006956,complement activation,16/1487,58/16754,0.275862068965517,3.10813255107483,5.01915512658287,3.00058328969111e-05,0.000407463070683237,0.000305579927353178,C1QA/C1QB/C1QC/C1R/C1S/C2/C3/C4BPB/C7/CFD/CFH/CFP/CR1/FCN1/SERPING1/VSIG4,16
GO:0046718,GO:0046718,symbiont entry into host cell,27/1487,132/16754,0.204545454545455,2.30460964724583,4.69624599843833,3.12884560573399e-05,0.00042384410961577,0.00031786500800743,AXL/CBL/CCR5/CD209/CD4/CD74/CD80/CD86/CH25H/CR1/CTSB/CTSL/CXCR4/DPP4/GAS6/GBP2/HLA-DRB1/ITGA5/LGALS9/MRC1/PIKFYVE/SELPLG/SIGLEC1/SLAMF1/TNFRSF14/TPCN1/TRIM38,27
GO:0000302,GO:0000302,response to reactive oxygen species,35/1487,192/16754,0.182291666666667,2.05387665321677,4.5836234591891,3.14496079409219e-05,0.000423966376882142,0.000317956703243302,ABCC9/ADCYAP1R1/ATM/ATP7A/BTK/CD36/COL1A1/COL6A1/CYGB/CYP1B1/ERN1/FCHSD1/HGF/HIF1A/HMOX1/IL18BP/IL18RAP/KLF2/LRRK2/MMP2/PDGFD/PDGFRA/PKD2/PRKAA1/RIPK3/SESN1/SESN3/SIRPA/SLC8A1/SOD2/SOD3/TACR1/TNFAIP3/TRPC6/TXNIP,35
GO:0002520,GO:0002520,immune system development,36/1487,201/16754,0.17910447761194,2.01796665629485,4.53125131264935,3.60668425222155e-05,0.000482687333417795,0.000361994916576808,ATM/BCL3/BCL6/CACNA1C/CACNB4/CBLB/CCR6/CD248/CD28/CD40/CD40LG/CTC1/HAVCR2/HLA-E/IL10/IL15/IL2RA/IL7R/IRAK3/LGALS9/LILRB2/LILRB4/MAFB/NR5A2/PDPN/PTPRC/RCBTB2/RIPK3/SAMHD1/STAT5A/STAT5B/STAT6/TGFBR2/TNFAIP3/TNFSF13/TOX,36
GO:0009612,GO:0009612,response to mechanical stimulus,39/1487,225/16754,0.173333333333333,1.95294328625869,4.49117470842302,3.74270450169678e-05,0.000498488748259567,0.000373845303880201,BMP6/BTG2/CASP1/CD40/CLCN6/COL1A1/COL6A1/CXCL12/FAS/FOSB/FOXP2/ITGAM/MAP1B/MAP3K14/MMP2/NFKBIA/NRXN2/P2RX7/P2RY1/PDE2A/PECAM1/PKD1/PKD2/POSTN/PTCH1/PTGER4/SHANK3/SLC8A1/TACR1/TEK/TIFAB/TLR4/TLR5/TLR7/TLR8/TNFRSF10B/TNFRSF8/TXNIP/XPC,39
GO:0035265,GO:0035265,organ growth,31/1487,163/16754,0.190184049079755,2.142799971945,4.57564863287329,3.77818556677207e-05,0.000502010589422298,0.000376486534568549,ACACB/COL14A1/DLL1/DUSP6/FES/FGF7/GLI1/HEG1/HLX/IGF1/IGF2/IL7/LEPR/MEF2C/MEIS1/NOTCH1/NPR2/PPARA/PRKG1/PROX1/PSAP/PTEN/RARB/RBPJ/RGS2/S1PR1/SASH3/TENM4/TGFBR2/TGFBR3/ZFPM2,31
GO:0001570,GO:0001570,vasculogenesis,19/1487,78/16754,0.243589743589744,2.7445208904523,4.81950525644391,3.81607766688487e-05,0.000503432193868849,0.000377552677281246,APLNR/CD34/ENG/FZD4/HAS2/HEG1/KDR/NOTCH1/NPR2/PDGFRB/PTPRJ/RAPGEF2/RASIP1/RIN2/SPRED1/TGFBR2/TGFBR3/TIE1/ZFPM2,19
GO:0051092,GO:0051092,positive regulation of NF-kappaB transcription factor activity,19/1487,78/16754,0.243589743589744,2.7445208904523,4.81950525644391,3.81607766688487e-05,0.000503432193868849,0.000377552677281246,AGER/BTK/CARD11/CARD16/CD40LG/IL18/IL18R1/IL18RAP/LGALS9/LTF/NLRC4/NLRP3/NOD1/PRKCH/PRKD1/RIPK3/TLR2/TLR4/TRAF1,19
GO:0010876,GO:0010876,lipid localization,64/1487,439/16754,0.145785876993166,1.64256663291426,4.25776626447113,5.0868606427935e-05,0.000654542879137988,0.000490879247341701,ABCA1/ABCA10/ABCA6/ABCA7/ABCA9/ABCB1/ABCD2/ABCD4/ABCG2/ACACB/ACSL4/APOBR/APOL1/APOL2/APOL4/APOL6/ATP10D/ATP11C/ATP8A1/ATP8B2/ATP8B4/BLTP1/BMP6/C1QTNF1/C3/CD36/CERT1/CES1/CETP/DAB2/EEPD1/FZD4/GM2A/GRAMD1B/KCNJ8/LCAT/LRP1/MSR1/NFKBIA/OSBPL3/OSBPL7/P2RX7/PIP4K2A/PLA2G2D/PLA2G4A/PLIN2/PLPPR4/PLSCR4/PLTP/PPARA/PPARG/PSAP/PTCH1/PTGS2/SGPP1/SLC27A1/SLCO2A1/SLCO2B1/SPART/SPG11/STARD5/SYK/TMEM30A/VPS13C,64
GO:0006869,GO:0006869,lipid transport,62/1487,422/16754,0.146919431279621,1.65533836695277,4.25526939791762,5.2698382477272e-05,0.000671300037336625,0.000503446401406483,ABCA1/ABCA10/ABCA6/ABCA7/ABCA9/ABCB1/ABCD2/ABCD4/ABCG2/ACSL4/APOBR/APOL1/APOL2/APOL4/APOL6/ATP10D/ATP11C/ATP8A1/ATP8B2/ATP8B4/BLTP1/BMP6/C1QTNF1/CD36/CERT1/CES1/CETP/DAB2/EEPD1/FZD4/GM2A/GRAMD1B/KCNJ8/LCAT/LRP1/MSR1/NFKBIA/OSBPL3/OSBPL7/P2RX7/PIP4K2A/PLA2G2D/PLA2G4A/PLIN2/PLPPR4/PLSCR4/PLTP/PPARA/PPARG/PSAP/PTCH1/PTGS2/SGPP1/SLC27A1/SLCO2A1/SLCO2B1/SPART/SPG11/STARD5/SYK/TMEM30A/VPS13C,62
GO:0052652,GO:0052652,cyclic purine nucleotide metabolic process,13/1487,43/16754,0.302325581395349,3.40629642952096,4.93068275560562,5.82328563620178e-05,0.000730079648385207,0.000547528603123451,ADCY2/ADCY4/ADCY7/CACNB4/GUCY1A1/GUCY1A2/GUCY1B1/NPR1/NPR2/PDE1A/PDE2A/PDE4B/PDE4D,13
GO:1903426,GO:1903426,regulation of reactive oxygen species biosynthetic process,13/1487,43/16754,0.302325581395349,3.40629642952096,4.93068275560562,5.82328563620178e-05,0.000730079648385207,0.000547528603123451,ABCD2/ALOX5/CD36/CFLAR/FAS/HVCN1/PIKFYVE/PPARA/RAB27A/SNCA/SOD2/TLR4/TLR6,13
GO:0030282,GO:0030282,bone mineralization,25/1487,122/16754,0.204918032786885,2.30880747902587,4.52802035978956,5.87227299970648e-05,0.000734563158566888,0.000550891044567059,ADRB2/ALOX5/ALPL/ATP2B1/BMP2K/BMP6/CCL3/CCR1/COL1A2/COL6A1/FGR/HERC1/HIF1A/IGF1/LTF/MEF2C/NELL1/P2RX7/PKDCC/PTK2B/RUNX2/S1PR1/SLC8A1/SRGN/ZBTB40,25
GO:0002832,GO:0002832,negative regulation of response to biotic stimulus,27/1487,137/16754,0.197080291970803,2.22049980610547,4.47658272158604,6.18735986582202e-05,0.000768782923820481,0.00057655440925604,CARD16/CARD8/CD274/CD96/CR1/FGL2/HAVCR2/HLA-E/IFI16/INPP5D/IRAK3/KLRD1/LGALS9/LILRB1/LTF/NLRC5/PPARG/PRKAA1/SAMHD1/SERPINB9/SERPING1/SIRPA/SLAMF8/STAT2/TNFAIP3/TRIM38/VSIG4,27
GO:0033674,GO:0033674,positive regulation of kinase activity,26/1487,130/16754,0.2,2.25339609952925,4.47731010852949,6.49160124830062e-05,0.000804784672612983,0.000603554185609153,AGAP2/CAMK1/CASS4/CCDC88A/CD4/CD74/CSF1R/GAS6/HLA-DRB1/IGF1/JAK2/LCP2/LTF/PDGFRB/PIK3CG/PIK3R5/PIK3R6/PILRB/PTK2B/PTPRC/RAPGEF2/RASSF2/RIPK3/TLR6/TNFRSF10B/WNT5A,26
GO:0051924,GO:0051924,regulation of calcium ion transport,38/1487,224/16754,0.169642857142857,1.91136276299356,4.28552258333339,7.54657709737642e-05,0.000917148560149423,0.000687822309669896,ADCYAP1R1/AKAP5/ANK2/APLNR/ATP2B1/CACNA1C/CAPN3/CCL2/CCL3/CCL4/CCR1/CD4/CD84/CLIC2/CXCL12/F2R/GPR35/GSTM2/IL16/LILRB1/LILRB2/P2RX1/P2RX7/PDE4B/PDE4D/PDGFRB/PIK3CG/PKD2/PRKD1/PTK2B/SARAF/SLC8A1/SNCA/SPG11/STIM2/TRPC1/TRPC6/TRPV2,38
GO:0009187,GO:0009187,cyclic nucleotide metabolic process,13/1487,44/16754,0.295454545454545,3.32888060157731,4.82736639074292,7.59928530743785e-05,0.000917531099945865,0.000688109198204383,ADCY2/ADCY4/ADCY7/CACNB4/GUCY1A1/GUCY1A2/GUCY1B1/NPR1/NPR2/PDE1A/PDE2A/PDE4B/PDE4D,13
GO:0046622,GO:0046622,positive regulation of organ growth,13/1487,44/16754,0.295454545454545,3.32888060157731,4.82736639074292,7.59928530743785e-05,0.000917531099945865,0.000688109198204383,ACACB/GLI1/HLX/IGF1/IGF2/IL7/MEF2C/NOTCH1/PROX1/RBPJ/SASH3/TGFBR3/ZFPM2,13
GO:0060419,GO:0060419,heart growth,19/1487,82/16754,0.231707317073171,2.61064182262535,4.56285820702195,7.95343525826182e-05,0.000952012487594529,0.000713968768533167,ACACB/COL14A1/DUSP6/FES/GLI1/HEG1/IGF1/MEF2C/MEIS1/NOTCH1/PPARA/PRKG1/PROX1/RBPJ/RGS2/S1PR1/TENM4/TGFBR3/ZFPM2,19
GO:1905954,GO:1905954,positive regulation of lipid localization,21/1487,96/16754,0.21875,2.46465198386012,4.49141885198112,8.39018863651638e-05,0.00099358438565484,0.00074514591930637,ABCA1/ABCA7/ACACB/ATP8A1/BMP6/C1QTNF1/C3/CD36/CES1/CETP/DAB2/EEPD1/LRP1/MSR1/P2RX7/PLA2G4A/PLIN2/PLTP/PPARG/PTCH1/TMEM30A,21
GO:0045744,GO:0045744,negative regulation of G protein-coupled receptor signaling pathway,16/1487,63/16754,0.253968253968254,2.86145536448159,4.61962420993669,8.9877337529469e-05,0.00105311968911112,0.000789794858103728,ADRB2/APLNR/ARRDC3/GPRASP1/GRK3/MRAP/PDE2A/PDE3B/PDE4B/PDE4D/PLEK/RGS2/ROBO1/SH2B3/SLIT2/SNCA,16
GO:0070670,GO:0070670,response to interleukin-4,12/1487,39/16754,0.307692307692308,3.46676323004501,4.81317336669137,9.23443631267997e-05,0.00107073192652661,0.000803003285117562,CD300LF/CD40/DCSTAMP/IL2RG/IL4R/JAK1/JAK3/MRC1/PTPRC/STAT5A/STAT5B/STAT6,12
GO:0071402,GO:0071402,cellular response to lipoprotein particle stimulus,12/1487,39/16754,0.307692307692308,3.46676323004501,4.81317336669137,9.23443631267997e-05,0.00107073192652661,0.000803003285117562,ABCA1/ADTRP/CD36/CD68/CES1/FCER1G/ITGB2/PPARG/SYK/TLR4/TLR6/TXNIP,12
GO:0048010,GO:0048010,vascular endothelial growth factor receptor signaling pathway,15/1487,57/16754,0.263157894736842,2.96499486780165,4.63772027335541,9.56484935612006e-05,0.00110214052539193,0.000826558394893363,AXL/CLEC14A/DLL1/EMILIN1/FZD4/HIF1A/ITGA5/KDR/MMRN1/PRKCB/PRKD1/PTK2B/ROBO1/VAV1/VEGFD,15
GO:0014074,GO:0014074,response to purine-containing compound,28/1487,148/16754,0.189189189189189,2.1315909049601,4.31531710576699,9.6710292849222e-05,0.00111206825359126,0.000834003767689597,ABCC9/AQP9/CDO1/COL1A1/CRTC1/FOSB/GSTM2/KCNE1/KCNJ8/MMP19/NPR2/P2RX1/P2RX7/P2RY1/P2RY12/PDE2A/PDE4D/PIK3CG/PKD2/PRKAA1/RAPGEF1/RAPGEF2/RAPGEF3/SLC8A1/THBD/TIFAB/TLR7/XRN1,28
GO:0034103,GO:0034103,regulation of tissue remodeling,17/1487,70/16754,0.242857142857143,2.73626669228552,4.54297439601905,0.000100209381051105,0.0011428396352317,0.000857080991719924,AGER/ARAP1/CD38/CSF1R/DCSTAMP/GPNMB/IL15/IL18/INPP5D/LEPR/P2RX7/PDK4/PPARG/S1PR1/SYK/TNFAIP3/YPEL4,17
GO:0044093,GO:0044093,positive regulation of molecular function,68/1487,486/16754,0.139917695473251,1.57644994617273,4.02473769661743,0.000108337641259869,0.00122700509197001,0.000920201495162389,AGAP2/AGER/ARAP1/ARID5B/ARRDC3/ARRDC4/AVPR2/BTK/CACNA1C/CAMK1/CARD11/CARD16/CASS4/CCDC88A/CD4/CD40LG/CD74/CR1/CRTC1/CSF1R/CTSS/DOCK10/DOCK11/DOCK8/GAS6/HLA-DRB1/IGF1/IL18/IL18R1/IL18RAP/JAK2/LCP2/LGALS9/LTF/NLRC4/NLRP3/NOD1/PDGFRB/PIK3CG/PIK3R5/PIK3R6/PILRB/PRKCH/PRKD1/PSAP/PTK2B/PTPRC/PYHIN1/RAPGEF1/RAPGEF2/RAPGEF3/RASGRP2/RASSF2/RGS1/RGS16/RIPK3/RIPOR2/SGK1/STAC3/STIM2/TLR2/TLR4/TLR6/TNFRSF10B/TNNT3/TRAF1/TRPC6/WNT5A,68
GO:2001057,GO:2001057,reactive nitrogen species metabolic process,19/1487,84/16754,0.226190476190476,2.54848368399142,4.4402088948157,0.00011232197113058,0.00126538788571855,0.000948986953696395,CD36/CYGB/CYP1B1/HIF1A/IGF1/IL10/ITGB2/JAK2/KLF2/KLRK1/PKD2/PPARA/PTGS2/SIRPA/SOD2/TLR4/TLR5/TLR6/TMEM106A,19
GO:0061298,GO:0061298,retina vasculature development in camera-type eye,8/1487,19/16754,0.421052631578947,4.74399178848264,5.09593353995463,0.000116965638635746,0.00130973217133656,0.000982243276913512,ACVRL1/ARHGEF15/CYP1B1/FZD4/HIF1A/PDGFRA/PDGFRB/RHOJ,8
GO:0098742,GO:0098742,cell-cell adhesion via plasma-membrane adhesion molecules,43/1487,270/16754,0.159259259259259,1.79437096814367,4.10675569902369,0.000118983816249354,0.00132965013168796,0.000997180897805137,CADM3/CD209/CD84/CDH23/CDH5/CLDN15/CLDN5/DSG1/EMB/FAT1/FAT4/HMCN1/IL10/ITGA5/ITGAL/ITGAM/ITGB2/JAML/LRFN5/PCDH18/PCDHA10/PCDHB16/PCDHB4/PCDHGA12/PCDHGA2/PCDHGA3/PCDHGA6/PCDHGA9/PCDHGB6/PECAM1/PKD1/PTPRM/ROBO1/ROBO3/SCARF1/SELE/SELL/SELP/SPARCL1/TENM4/TGFBR2/TRO/VCAM1,43
GO:0097242,GO:0097242,amyloid-beta clearance,12/1487,40/16754,0.3,3.38009414929388,4.70336690799048,0.000121353394689558,0.0013450064419292,0.00100869747563896,ABCA7/C3/C5AR1/CD36/IFNGR1/ITGAM/ITGB2/LRP1/MME/MSR1/SYK/TYROBP,12
GO:0055074,GO:0055074,calcium ion homeostasis,49/1487,321/16754,0.152647975077882,1.71988175820769,4.06424783424548,0.000122019310755659,0.0013450064419292,0.00100869747563896,ALPL/ANK2/APLNR/ATP2A3/ATP2B1/CACNA1C/CACNB4/CAPN3/CCL14/CCL23/CCL3/CCL8/CCR1/CCR2/CCR5/CD40/CDH23/CDH5/CLIC2/CNR1/CXCL12/DISC1/F2R/FAM20A/GP1BA/GSTM2/HERPUD1/ITPR1/KDR/MICU3/P2RX1/P2RX7/P2RY1/PDE4D/PKD2/PLCB2/PLCL2/PRKCB/PRKD1/PTK2B/PTPRC/SLC25A27/SLC8A1/SNCA/STIM2/TMEM178A/TRPC1/TRPC6/WNT5A,49
GO:0060142,GO:0060142,regulation of syncytium formation by plasma membrane fusion,10/1487,29/16754,0.344827586206897,3.88516568884354,4.85301485007112,0.00012205315929642,0.0013450064419292,0.00100869747563896,CAMK1/CCL8/CD53/CFLAR/DCSTAMP/IL4R/NFATC2/RAPGEF3/RIPOR2/TYROBP,10
GO:0061440,GO:0061440,kidney vasculature development,10/1487,29/16754,0.344827586206897,3.88516568884354,4.85301485007112,0.00012205315929642,0.0013450064419292,0.00100869747563896,CD34/CFLAR/IL6R/NOTCH1/PDGFD/PDGFRA/PDGFRB/PECAM1/PKD2/TEK,10
GO:0032970,GO:0032970,regulation of actin filament-based process,56/1487,382/16754,0.146596858638743,1.65170394729893,4.02120385898918,0.000126395277569454,0.00138461414520858,0.00103840156408664,ADD3/AKAP13/ANK2/ARAP1/ARAP2/ARAP3/ARHGAP18/ARHGAP28/ARHGAP6/ARHGEF15/BST1/CACNA1C/CCDC88A/CCL24/CORO2B/CSF1R/CXCL12/CYRIA/FCHSD1/FCHSD2/GMFG/HCK/HCLS1/IQGAP2/JAM3/KANK3/KIRREL1/LMOD1/LRP1/NCKAP1L/PDE4B/PDE4D/PDGFRA/PDGFRB/PDPN/PLEK/PLEKHG2/PLEKHH2/PRKD1/PROX1/PTGER4/PTK2B/RAC2/RAPGEF3/RHOQ/RICTOR/S1PR1/SEMA5A/SHANK3/SLIT2/SYNPO/SYNPO2/TACR1/VILL/WAS/ZEB2,56
GO:0070669,GO:0070669,response to interleukin-2,7/1487,15/16754,0.466666666666667,5.25792423223493,5.14877281817035,0.000145218239013782,0.00157106640451705,0.00117823280758751,CD7/IL2RA/IL2RG/JAK1/JAK3/STAT5A/STAT5B,7
GO:0060249,GO:0060249,anatomical structure homeostasis,42/1487,264/16754,0.159090909090909,1.79247417008009,4.05043509221169,0.000145395774562795,0.00157106640451705,0.00117823280758751,ABCB1/ADRB2/ALDH1A1/ALPL/ARAP1/CCR2/CD34/CD38/CDH23/CDH5/CLDN5/COL14A1/COL3A1/CSF1/CSF1R/CTSK/CYTL1/DCSTAMP/EPG5/F2R/IL10RA/IL7/INPP5D/JAM2/JAM3/LDB2/LRRK1/NOTCH1/NPHP3/P2RX7/PDK4/PECAM1/PIWIL4/PTK2B/RAC2/S1PR1/SASH3/SYK/TLR4/TNFAIP3/TPP1/ZEB2,42
GO:0001794,GO:0001794,type IIa hypersensitivity,6/1487,11/16754,0.545454545454545,6.14562572598887,5.32773756005446,0.000151090885918734,0.00160451009635305,0.0012033141503078,C3/FCER1G/FCGR1BP/FCGR2A/FCGR2B/HLA-E,6
GO:0030278,GO:0030278,regulation of ossification,24/1487,122/16754,0.19672131147541,2.21645517986484,4.20851340588235,0.00015955369108162,0.00168471711077437,0.00126346599081443,ADRB2/ALOX5/ATP2B1/BMP2K/BMP6/CCL3/CCR1/CSF1/EGR2/HIF1A/LTF/MEF2C/NELL1/NOTCH1/P2RX7/PKDCC/PTK2B/RBPJ/RUNX2/S1PR1/SLC8A1/SRGN/TACR1/WNT5A,24
GO:0120161,GO:0120161,regulation of cold-induced thermogenesis,27/1487,145/16754,0.186206896551724,2.09798947197551,4.14414898498383,0.00016833107728496,0.00176690642402675,0.00132510447091217,ACHE/ADRB2/ALDH1A1/ALPL/ARRDC3/CCR2/CD36/CMKLR1/CXCR4/EBF2/GADD45G/IL15/IL18/IL18R1/IL4R/JAK2/LEPR/NOTCH1/OGT/PLCL2/PPARGC1B/RBPJ/STAT6/SYK/TLR4/TRPV2/ZNF423,27
GO:0045342,GO:0045342,MHC class II biosynthetic process,8/1487,20/16754,0.4,4.50679219905851,4.89722517065058,0.00017982163858714,0.00185637431359289,0.00139220157286111,CIITA/IL10/IL33/JAK2/SLC11A1/SPI1/TLR4/TMEM106A,8
GO:0045860,GO:0045860,positive regulation of protein kinase activity,24/1487,123/16754,0.195121951219512,2.19843521905293,4.16325356910396,0.000181847405260807,0.00187380424641656,0.00140527327920519,AGAP2/CAMK1/CASS4/CCDC88A/CD4/CSF1R/GAS6/IGF1/JAK2/LCP2/LTF/PDGFRB/PIK3CG/PIK3R5/PIK3R6/PILRB/PTK2B/PTPRC/RAPGEF2/RASSF2/RIPK3/TLR6/TNFRSF10B/WNT5A,24
GO:0051146,GO:0051146,striated muscle cell differentiation,46/1487,301/16754,0.152823920265781,1.7218641292084,3.94403795881027,0.000188909452968073,0.00193937726762418,0.00145445024884652,ADAM12/AKAP13/AVPR1A/BHLHE41/CAPN3/CCL8/CD53/CFLAR/CNTNAP1/COL14A1/COL6A1/CYP26B1/DLL1/DOCK2/FLNC/HDAC4/HDAC9/HOPX/IGF1/IGF2/IL4R/KCNJ8/LMOD1/MEF2C/MEIS1/MYH11/MYOM1/NFATC2/NOTCH1/PDGFRA/PDGFRB/PGM5/PLD3/PLPP7/PPARA/PRKD1/PRKG1/PROX1/RARB/RGS2/RIPOR2/SHOX2/SLC8A1/SPG11/STAC3/TNNT3,46
GO:0070269,GO:0070269,pyroptotic inflammatory response,13/1487,48/16754,0.270833333333333,3.0514738847792,4.4419667018873,0.000201906953701983,0.00204633434463652,0.00153466349557961,CARD8/CASP1/CASP4/GBP2/GSDME/GZMB/NAIP/NLRC4/NLRP1/NLRP3/OGT/PRF1/ZEB2,13
GO:0034109,GO:0034109,homotypic cell-cell adhesion,21/1487,102/16754,0.205882352941176,2.31967245539776,4.17213125214516,0.000207924714350586,0.00209966157000574,0.00157465664054597,C1QTNF1/EMILIN1/EMILIN2/ENTPD1/FERMT3/IL6R/JAK1/JAK2/MMRN1/P2RY12/PDGFRA/PDPN/PEAR1/PIK3CG/PLEK/PLPP3/PRKG1/SH2B3/SYK/TLN1/TSPAN32,21
GO:0150104,GO:0150104,transport across blood-brain barrier,19/1487,88/16754,0.215909090909091,2.43264351653726,4.2052199080936,0.000215209688971064,0.00216143691237847,0.00162098551300752,ABCB1/ABCC9/ABCG2/AGER/ATP2A3/ATP8A1/AVPR1A/CD36/FLVCR2/KCNJ8/LEPR/LRP1/SLC16A7/SLC27A1/SLC2A13/SLC2A3/SLC2A4/SLC6A6/SLCO2B1,19
GO:0033002,GO:0033002,muscle cell proliferation,34/1487,203/16754,0.167487684729064,1.88708047743829,3.96847681045981,0.000226040224937664,0.00226611445722705,0.00169948920782507,AIF1/CALCRL/CFLAR/ERN1/FES/GLI1/HGF/HMOX1/IGF1/IL10/IL18/IL6R/JAK2/MEF2C/MMP2/NOTCH1/NPR1/PDE1A/PDGFD/PDGFRB/PPARG/PRKG1/PTEN/PTGIR/RBPJ/RGS5/S1PR1/SOD2/TACR1/TENM4/TGFBR3/TLR4/TNFAIP3/ZFPM2,34
GO:0099024,GO:0099024,plasma membrane invagination,14/1487,55/16754,0.254545454545455,2.86795867212814,4.33040286590845,0.000237771016072224,0.00234600854674141,0.00175940636799571,ABCA1/ABCA7/AIF1/ARHGAP25/BIN2/C3/CD36/ELMO1/FCER1G/FCGR2B/ITGAM/ITGB2/MSR1/NCKAP1L,14
GO:0141201,GO:0141201,pyroptotic cell death,7/1487,16/16754,0.4375,4.92930396772024,4.90736953019757,0.000238417638108769,0.00234600854674141,0.00175940636799571,CARD8/CASP1/CASP4/GSDME/GZMB/NLRP1/PRF1,7
GO:0032956,GO:0032956,regulation of actin cytoskeleton organization,50/1487,339/16754,0.147492625368732,1.66179653357615,3.84174751760354,0.000245223525915868,0.00240631000518857,0.00180462989036469,ADD3/AKAP13/ARAP1/ARAP2/ARAP3/ARHGAP18/ARHGAP28/ARHGAP6/ARHGEF15/BST1/CCDC88A/CCL24/CORO2B/CSF1R/CXCL12/CYRIA/FCHSD1/FCHSD2/GMFG/HCK/HCLS1/IQGAP2/JAM3/KANK3/KIRREL1/LMOD1/LRP1/NCKAP1L/PDGFRA/PDGFRB/PLEK/PLEKHG2/PLEKHH2/PRKD1/PROX1/PTGER4/PTK2B/RAC2/RAPGEF3/RHOQ/RICTOR/S1PR1/SEMA5A/SHANK3/SLIT2/SYNPO/SYNPO2/TACR1/VILL/WAS,50
GO:0010742,GO:0010742,macrophage derived foam cell differentiation,11/1487,37/16754,0.297297297297297,3.34964285065159,4.46527767024314,0.000253313791031551,0.00246393134043649,0.00184784343462411,ABCA1/CD36/CETP/CSF1/IL18/MSR1/NFKBIA/PPARA/PPARG/PRKCH/WNT5A,11
GO:0033028,GO:0033028,myeloid cell apoptotic process,11/1487,37/16754,0.297297297297297,3.34964285065159,4.46527767024314,0.000253313791031551,0.00246393134043649,0.00184784343462411,CCR5/CTSL/FCER1G/GAS6/ITPKB/MEF2C/PIK3CD/PLEKHO2/SNAI2/STAT5A/STAT5B,11
GO:0014910,GO:0014910,regulation of smooth muscle cell migration,15/1487,62/16754,0.241935483870968,2.72588237846281,4.24891239684274,0.000264421834542968,0.00254965081432577,0.00191212938466105,AIF1/DOCK4/FAT1/HAS2/IGF1/LRP1/MEF2C/PDGFD/PDGFRB/POSTN/PRKG1/SEMA6D/SLIT2/TACR1/TLR4,15
GO:0098761,GO:0098761,cellular response to interleukin-7,8/1487,21/16754,0.380952380952381,4.29218304672239,4.71120108915276,0.000267976411390414,0.00257053711375192,0.00192779321856535,BTK/IL2RG/IL7/IL7R/JAK1/JAK3/LSP1/STAT5A,8
GO:0002357,GO:0002357,defense response to tumor cell,6/1487,12/16754,0.5,5.63349024882313,5.01095073861613,0.000279473450069593,0.00263530652238798,0.00197636751304687,ABI3/DAPK1/LAPTM5/PRF1/SPI1/TNFRSF10B,6
GO:0097011,GO:0097011,cellular response to granulocyte macrophage colony-stimulating factor stimulus,6/1487,12/16754,0.5,5.63349024882313,5.01095073861613,0.000279473450069593,0.00263530652238798,0.00197636751304687,CD4/NPR2/PDE1B/PDE2A/STAT5A/ZFP36,6
GO:0097012,GO:0097012,response to granulocyte macrophage colony-stimulating factor,6/1487,12/16754,0.5,5.63349024882313,5.01095073861613,0.000279473450069593,0.00263530652238798,0.00197636751304687,CD4/NPR2/PDE1B/PDE2A/STAT5A/ZFP36,6
GO:0141084,GO:0141084,inflammasome-mediated signaling pathway,16/1487,69/16754,0.231884057971015,2.6126331588745,4.18911180009871,0.00028214028986174,0.00264250787502885,0.00198176822043651,BTK/CARD8/CASP4/CD36/GBP2/IFI16/KCNJ8/NEK9/NLRP1/NLRP3/OGT/P2RX7/PRKD1/PTPN22/TLR4/TLR6,16
GO:0007584,GO:0007584,response to nutrient,28/1487,158/16754,0.177215189873418,1.99668008819048,3.92832615066193,0.00030475261326362,0.00282427676564738,0.00211808713713524,ABCA1/ABCB1/ACACB/ALDH1A2/ALPL/ARSB/C2/CD4/CD40/COL1A1/CYBB/CYP26B1/FES/GAS6/GPRIN3/KAT2B/MAF/MAFB/MAP1B/MLXIPL/NCOA1/OGT/POSTN/PPARA/PPARG/SNAI2/SOD2/VCAM1,28
GO:0010743,GO:0010743,regulation of macrophage derived foam cell differentiation,10/1487,32/16754,0.3125,3.52093140551446,4.45468330160715,0.000307141369544656,0.00282427676564738,0.00211808713713524,ABCA1/CD36/CETP/CSF1/IL18/MSR1/NFKBIA/PPARA/PPARG/PRKCH,10
GO:0141087,GO:0141087,positive regulation of inflammasome-mediated signaling pathway,10/1487,32/16754,0.3125,3.52093140551446,4.45468330160715,0.000307141369544656,0.00282427676564738,0.00211808713713524,BTK/CD36/GBP2/NEK9/NLRP3/P2RX7/PRKD1/PTPN22/TLR4/TLR6,10
GO:0051607,GO:0051607,defense response to virus,48/1487,325/16754,0.147692307692308,1.6640463504216,3.77276222959046,0.000313112636217665,0.00287442575463291,0.00215569674034502,ABCC9/APOBEC3C/APOBEC3D/APOBEC3G/APOBEC3H/CARD8/CASP1/CD40/DDX17/EPG5/FGL2/GBP2/HCFC2/IFI16/IFNGR1/IL12RB1/IL15/IL33/IRF5/ITGAX/KCNJ8/LILRB1/LYST/MAP3K14/MLKL/NLRC5/NLRP1/PRF1/PTPRC/RIPK3/RNASE6/RNASEL/SAMHD1/SENP7/SLFN11/SLFN13/SPN/STAT2/STING1/TLR2/TLR7/TLR8/TNFAIP3/TRIM22/TRIM38/TRIM52/TRIM56/TSPAN32,48
GO:0048660,GO:0048660,regulation of smooth muscle cell proliferation,25/1487,135/16754,0.185185185185185,2.08647786993449,3.9555807144485,0.000315040983009716,0.00288735580798014,0.00216539372897246,AIF1/CALCRL/ERN1/HMOX1/IGF1/IL10/IL18/IL6R/JAK2/MEF2C/MMP2/NPR1/PDE1A/PDGFD/PDGFRB/PPARG/PRKG1/PTEN/PTGIR/RGS5/S1PR1/SOD2/TACR1/TLR4/TNFAIP3,25
GO:0002526,GO:0002526,acute inflammatory response,21/1487,105/16754,0.2,2.25339609952925,4.02081264880902,0.000316262856329158,0.00289377908410567,0.00217021091215551,APOL2/BTK/C2CD4B/C3/CD163/DNASE1L3/EDNRB/FCER1G/FCGR1BP/FCGR2A/FCGR2B/HLA-E/IL6R/ITIH4/NLRP3/OSM/OSMR/PIK3CG/PLA2G2D/PTGS2/SPN,21
GO:0046683,GO:0046683,response to organophosphorus,24/1487,128/16754,0.1875,2.11255884330868,3.94329267999115,0.000339965204102034,0.00307519013612817,0.00230626146516672,ABCC9/AQP9/CDO1/COL1A1/CRTC1/FOSB/KCNE1/KCNJ8/MMP19/NPR2/P2RX1/P2RX7/P2RY1/P2RY12/PDE2A/PDE4D/PIK3CG/PKD2/RAPGEF1/RAPGEF2/RAPGEF3/THBD/TIFAB/TLR7,24
GO:0030500,GO:0030500,regulation of bone mineralization,17/1487,77/16754,0.220779220779221,2.48751517480502,4.08293746999605,0.000344081010737361,0.00310231482733004,0.00232660382687583,ADRB2/ALOX5/ATP2B1/BMP2K/BMP6/CCL3/CCR1/HIF1A/LTF/MEF2C/NELL1/P2RX7/PKDCC/PTK2B/S1PR1/SLC8A1/SRGN,17
GO:0033622,GO:0033622,integrin activation,9/1487,27/16754,0.333333333333333,3.75566016588209,4.47222286535133,0.00035728213036493,0.00321091416188806,0.00240804869673655,CXCL12/FERMT3/JAM3/P2RY12/PLEK/PTGER4/RASIP1/SELP/TLN1,9
GO:0141085,GO:0141085,regulation of inflammasome-mediated signaling pathway,13/1487,51/16754,0.254901960784314,2.87197542096866,4.17842792567918,0.000387752006621733,0.00345124141791203,0.00258828389035459,BTK/CARD8/CD36/GBP2/IFI16/NEK9/NLRP3/OGT/P2RX7/PRKD1/PTPN22/TLR4/TLR6,13
GO:0098760,GO:0098760,response to interleukin-7,8/1487,22/16754,0.363636363636364,4.09708381732592,4.53644131567961,0.000388520806090214,0.00345255129124007,0.00258926623949301,BTK/IL2RG/IL7/IL7R/JAK1/JAK3/LSP1/STAT5A,8
GO:0071496,GO:0071496,cellular response to external stimulus,17/1487,78/16754,0.217948717948718,2.45562395461521,4.02138337182929,0.000404167907297039,0.00357444037759196,0.00268067785647734,ABCB1/BMP6/CASP1/CD40/COL1A1/FAS/MAP3K14/PDE2A/PECAM1/PTGER4/TEK/TLR4/TLR5/TLR7/TLR8/TNFRSF10B/TNFRSF8,17
GO:0042092,GO:0042092,type 2 immune response,12/1487,45/16754,0.266666666666667,3.00452813270567,4.20211669532111,0.000411868169287937,0.00362522315725072,0.00271876277566497,BCL3/BCL6/CCR2/CD74/CD86/HLX/IL10/IL18/IL33/IL4R/NLRP3/STAT6,12
GO:0150146,GO:0150146,cell junction disassembly,11/1487,39/16754,0.282051282051282,3.17786629420792,4.2494747431861,0.000420857887904242,0.00369848846427241,0.00277370863164072,C1QA/C1QB/C1QC/C3/EPHA4/IQSEC1/ITGAM/MAPRE2/PLXNC1/RHOU/SNAI2,11
GO:0019058,GO:0019058,viral life cycle,43/1487,286/16754,0.15034965034965,1.69398657831745,3.6943546497921,0.00042924627797024,0.00376548337841208,0.00282395196034657,APOBEC3C/APOBEC3D/APOBEC3G/APOBEC3H/ATG16L2/AXL/CBL/CCL2/CCL8/CCR5/CD209/CD28/CD4/CD74/CD80/CD86/CH25H/CR1/CTSB/CTSL/CXCR4/CXCR6/DPP4/GAS6/GBP2/HLA-DRB1/IFI16/ITGA5/LGALS9/LTF/MRC1/NOTCH1/NR5A2/PCBP3/PIKFYVE/PROX1/RNASEL/SELPLG/SIGLEC1/SLAMF1/TNFRSF14/TPCN1/TRIM38,43
GO:0003279,GO:0003279,cardiac septum development,21/1487,108/16754,0.194444444444444,2.19080176343122,3.87455051479491,0.000471076867770295,0.00410087919058968,0.00307548451702204,ADAMTS6/ANK2/APLNR/CNTRL/ENG/HEG1/KCNJ8/NOTCH1/NPHP3/PDE2A/PLXND1/PRDM1/PROX1/RARB/RBPJ/ROBO1/SLIT2/TGFBR2/TGFBR3/WNT5A/ZFPM2,21
GO:0097306,GO:0097306,cellular response to alcohol,21/1487,108/16754,0.194444444444444,2.19080176343122,3.87455051479491,0.000471076867770295,0.00410087919058968,0.00307548451702204,ABCA1/ADCY2/ADCY7/BTG2/CES1/CYBB/GNG2/GRAMD1B/KLF9/OSBPL7/PRKAA1/PRKD1/PTCH1/PTGDR/PTGER4/PTGFR/SGK1/SLC23A2/SOD2/SPI1/XRN1,21
GO:0010919,GO:0010919,regulation of inositol phosphate biosynthetic process,6/1487,13/16754,0.461538461538462,5.20014484506751,4.72792056545868,0.000480089144883962,0.00410217709336235,0.00307645788875439,ADCYAP1R1/CD244/P2RY1/PLEK/PRKG1/SNCA,6
GO:0045986,GO:0045986,negative regulation of smooth muscle contraction,6/1487,13/16754,0.461538461538462,5.20014484506751,4.72792056545868,0.000480089144883962,0.00410217709336235,0.00307645788875439,ADRB2/DOCK4/GUCY1A1/IRAG1/PRKG1/RGS2,6
GO:0043304,GO:0043304,regulation of mast cell degranulation,9/1487,28/16754,0.321428571428571,3.62152944567202,4.33274006744467,0.000485388776039206,0.00412209367296904,0.00309139447414637,ADGRE2/CD84/FCER1G/FES/FGR/IL4R/LGALS9/RAC2/SYK,9
GO:0090594,GO:0090594,inflammatory response to wounding,9/1487,28/16754,0.321428571428571,3.62152944567202,4.33274006744467,0.000485388776039206,0.00412209367296904,0.00309139447414637,AGER/ALOX5/CCR2/F2R/HIF1A/HMOX1/IL33/PPARG/TLR4,9
GO:0140894,GO:0140894,endolysosomal toll-like receptor signaling pathway,12/1487,46/16754,0.260869565217391,2.93921230373381,4.11023796354298,0.000512782983895631,0.00433485036918772,0.00325095292361614,EPG5/HAVCR2/HCFC2/LILRA4/PIK3AP1/PTPN22/RFTN1/SCIMP/TLR7/TLR8/TNFAIP3/WDFY1,12
GO:0034113,GO:0034113,heterotypic cell-cell adhesion,14/1487,59/16754,0.23728813559322,2.67352079605166,4.01873004085614,0.000519009260203982,0.00438081676470048,0.00328542576008184,AGER/CD1D/CD200R1/IL10/ITGA4/ITGA5/ITGAM/ITGAX/ITGB2/JAM3/LILRB2/PTPRC/SIRPA/VCAM1,14
GO:0002828,GO:0002828,regulation of type 2 immune response,10/1487,34/16754,0.294117647058824,3.31381779342537,4.21478479053417,0.000529799475351952,0.00444487354396486,0.00333346561292363,BCL6/CCR2/CD74/CD86/HLX/IL18/IL33/IL4R/NLRP3/STAT6,10
GO:0090075,GO:0090075,relaxation of muscle,10/1487,34/16754,0.294117647058824,3.31381779342537,4.21478479053417,0.000529799475351952,0.00444487354396486,0.00333346561292363,GSTM2/GUCY1A1/IRAG1/P2RY1/PDE4B/PDE4D/PRKG1/RGS2/SLC8A1/TIFAB,10
GO:0039531,GO:0039531,regulation of cytoplasmic pattern recognition receptor signaling pathway,24/1487,132/16754,0.181818181818182,2.04854190866296,3.77447058830881,0.000543177153204968,0.00452294738965576,0.00339201766784827,BIRC3/BTK/CARD8/CD36/GBP2/HCFC2/IFI16/LILRA4/NEK9/NLRP3/OGT/P2RX7/PRKD1/PTPN22/RICTOR/RNF125/SEC14L1/SLC15A3/SMPDL3A/STING1/TLR4/TLR6/TNFAIP3/WDFY1,24
GO:0042698,GO:0042698,ovulation cycle,15/1487,66/16754,0.227272727272727,2.5606773858287,3.96467767626223,0.000544269684615311,0.00452526022208598,0.00339375219354363,AXL/FZD4/HAS2/MMP19/MMP2/NCOA1/NCOR2/NOTCH1/NOTCH4/NPR2/NR5A2/PDGFRA/SLIT2/STAT5A/STAT5B,15
GO:0010721,GO:0010721,negative regulation of cell development,41/1487,272/16754,0.150735294117647,1.6983316191305,3.62381592631744,0.000547128968798998,0.00454223362138959,0.00340648151921585,ARHGAP4/BCL6/BTG2/C1QC/CCL3/CD69/CD74/CLEC12A/CR1/DTX1/EDNRB/FCGR2B/FGL2/HLX/IGDCC4/IGF1/IL4R/INPP5D/JAK3/LAG3/LILRB1/LILRB3/LILRB4/LTF/MAFB/NEGR1/NOTCH1/NPR2/PROX1/PTEN/RAPGEF2/RUNX3/SEMA5A/SEMA6D/SNAI2/SPART/STAT5A/TLR4/TMEM178A/TRPC6/WNT5A,41
GO:0070673,GO:0070673,response to interleukin-18,7/1487,18/16754,0.388888888888889,4.38160352686244,4.47979388336373,0.000565854042271551,0.00466664366363373,0.00349978374561694,CASP1/CASP4/CYLD/IL18/IL18R1/IL18RAP/NLRP3,7
GO:0060537,GO:0060537,muscle tissue development,58/1487,423/16754,0.137115839243499,1.5448814866749,3.54234431494682,0.000566315777689797,0.00466664366363373,0.00349978374561694,ABCC9/ADAMTS9/AKAP13/ALDH1A2/BTG2/CACNA1G/CFLAR/CNTNAP1/COL14A1/COL3A1/COL6A1/CYP26B1/DDX17/DLL1/EGR2/ENG/FES/FOXP2/GLI1/GPCPD1/HDAC9/HEG1/HLX/HOPX/HOXD9/IGF1/IGF2/KCNJ8/MEF2C/MEIS1/MEOX2/MSC/MYH11/MYOM1/NOTCH1/NPR2/PDGFRA/PDGFRB/PGM5/PKD2/PPARA/PRKAA1/PRKG1/PROX1/PTCH1/RARB/RBPJ/RGS2/S1PR1/SHOX2/SLC8A1/SPG11/STAC3/TENM4/TFAP2B/TGFBR3/VAMP5/ZFPM2,58
GO:0031334,GO:0031334,positive regulation of protein-containing complex assembly,33/1487,205/16754,0.160975609756098,1.81370905571867,3.65834894507241,0.000577217628454838,0.00474943216064914,0.00356187158798564,ABCA1/ATM/BMF/BTK/CCL24/CD36/CDH5/FCHSD1/FCHSD2/FES/FNIP2/GBP2/HCK/KIRREL1/LMOD1/MAP1B/NAV3/NCKAP1L/NEK9/NLRP3/P2RX7/P2RY12/PDE4DIP/PLEK/PRKD1/PTK2B/PTPN22/RASIP1/RICTOR/SNCA/SYK/TLR4/TLR6,33
GO:0002837,GO:0002837,regulation of immune response to tumor cell,9/1487,29/16754,0.310344827586207,3.49664911995919,4.19950760589957,0.00064888980357346,0.00531529519006512,0.00398624472965671,CD226/CD274/GSDME/GZMB/HAVCR2/HLA-DRB1/MR1/PRF1/PRKAA1,9
GO:0062197,GO:0062197,cellular response to chemical stress,46/1487,318/16754,0.144654088050314,1.6298147889677,3.53877763352875,0.000653908463468983,0.00534089353839225,0.0040054423992984,ABCB1/ABCC9/AIF1/ALOX5/ATM/ATP7A/BTK/CAPN3/CASP1/CD36/CYGB/CYP1B1/DAPK1/ERN1/FAS/FOXO1/FXYD2/HGF/HIF1A/IL18BP/IL18RAP/KAT2B/KLF2/LRRC8C/LRRK2/MMP2/NFAT5/NLRP3/PDGFD/PDGFRA/PKD2/PRKAA1/PRKD1/PRR5L/PTGS2/RIPK3/SIRPA/SLC12A6/SLC2A4/SLC8A1/SNCA/SOD2/SOD3/TIFAB/TNFAIP3/TRPC6,46
GO:0030323,GO:0030323,respiratory tube development,32/1487,199/16754,0.160804020100503,1.81177575841548,3.59519912573602,0.000706741031125979,0.00574705664256762,0.00431004740720582,ADAMTS2/ALDH1A2/ATP7A/ATXN1/COL3A1/COL6A1/CTSH/FGF7/FOXP2/GLI1/GLI2/HECA/HEG1/HOPX/HSD11B1/IGF1/KDR/KLF2/MAN2A1/MME/NOTCH1/NPHP3/PDGFRA/PDPN/PKD1/PKDCC/PROX1/RBPJ/SPRY1/TGFBR2/WNT5A/ZFPM2,32
GO:0018108,GO:0018108,peptidyl-tyrosine phosphorylation,22/1487,119/16754,0.184873949579832,2.08297118443881,3.70001858006345,0.000719451160036626,0.0058418592731629,0.00438114533743449,BTK/CASS4/CD80/CSF1R/FES/FGF7/FGR/HCK/IL15/IL18/ITGB2/JAK2/JAK3/KDR/OSM/PDGFRA/PDGFRB/PKDCC/PTK2B/SAMSN1/SYK/ZAP70,22
GO:0008347,GO:0008347,glial cell migration,14/1487,61/16754,0.229508196721311,2.58586437650898,3.87247560113785,0.000742954247680953,0.00601511354463559,0.00451107865286717,CCL2/CCL3/CCR2/COL3A1/CSF1/DISC1/EPHA4/GPR183/NDN/P2RY1/P2RY12/PTPRB/RELN/VCAN,14
GO:0072577,GO:0072577,endothelial cell apoptotic process,14/1487,61/16754,0.229508196721311,2.58586437650898,3.87247560113785,0.000742954247680953,0.00601511354463559,0.00451107865286717,CCL2/CD248/CD40/CD40LG/CDH5/ECSCR/GAS6/IL10/ITGA4/KDR/NDNF/SEMA5A/TEK/TNFAIP3,14
GO:0010975,GO:0010975,regulation of neuron projection development,59/1487,437/16754,0.135011441647597,1.52117128000259,3.44529142016663,0.000753013793259982,0.00608136466391985,0.00456076416714949,ABI3/ALKAL2/ARHGAP4/ARSB/CAMK1/CBFA2T2/CCDC88A/CD38/CDKL5/CFLAR/CXCL12/DAB2/DISC1/DPYSL3/EPHA4/FES/FZD4/IL15RA/ITM2C/KAT2B/KIF13B/LRRK2/LZTS1/MAP1B/MAPRE3/MYCBP2/MYLIP/NDNF/NEGR1/NR2F1/PLXNC1/PLXND1/PPFIA2/PRKD1/PRRX1/PTEN/PTK2B/RAB29/RAPGEF1/RAPGEF2/RELN/RGS2/ROBO1/ROBO3/SCARF1/SEMA5A/SEMA6D/SHANK3/SHOX2/SLIT2/SPART/TMEM30A/TNIK/TOX/TRPC6/TRPV2/UST/WNT5A/ZEB2,59
GO:0051701,GO:0051701,biological process involved in interaction with host,29/1487,175/16754,0.165714285714286,1.86709962532424,3.59860171708271,0.000753327131576676,0.00608136466391985,0.00456076416714949,AXL/CBL/CCR5/CD209/CD4/CD74/CD80/CD86/CH25H/CR1/CTSB/CTSL/CXCR4/DPP4/GAS6/GBP2/HLA-DRB1/ITGA5/LGALS9/LTF/MRC1/PIKFYVE/PPARA/SELPLG/SIGLEC1/SLAMF1/TNFRSF14/TPCN1/TRIM38,29
GO:0140895,GO:0140895,cell surface toll-like receptor signaling pathway,15/1487,68/16754,0.220588235294118,2.48536334506903,3.8303279970636,0.000760325106103937,0.0061246429224894,0.0045932210155394,CD14/IRAK2/LTF/LY96/NFKBIA/PIK3AP1/PTPN22/SCIMP/TLR1/TLR2/TLR4/TLR5/TLR6/TNFAIP3/WDFY1,15
GO:0033033,GO:0033033,negative regulation of myeloid cell apoptotic process,7/1487,19/16754,0.368421052631579,4.15099281492231,4.28880480430389,0.000827705611059101,0.00654854268350747,0.00491112775972539,CCR5/FCER1G/GAS6/ITPKB/SNAI2/STAT5A/STAT5B,7
GO:0045346,GO:0045346,regulation of MHC class II biosynthetic process,7/1487,19/16754,0.368421052631579,4.15099281492231,4.28880480430389,0.000827705611059101,0.00654854268350747,0.00491112775972539,CIITA/IL10/IL33/JAK2/SPI1/TLR4/TMEM106A,7
GO:2000351,GO:2000351,regulation of endothelial cell apoptotic process,13/1487,55/16754,0.236363636363636,2.66310448126185,3.85549879631782,0.000846015844120588,0.00668388619949608,0.00501262962519303,CCL2/CD248/CD40/CD40LG/CDH5/ECSCR/GAS6/ITGA4/KDR/NDNF/SEMA5A/TEK/TNFAIP3,13
GO:1903522,GO:1903522,regulation of blood circulation,39/1487,261/16754,0.149425287356322,1.68357179849887,3.4735974478146,0.000874076966394002,0.00684714170853637,0.00513506429518383,ABCC9/ADD3/ADM5/AGER/ANK2/ATP2A3/ATP2B1/AVPR1A/AVPR2/CACNA1C/CACNA1G/CD38/CELF2/CLIC2/DOCK4/EDNRB/EHD3/F2R/GNAO1/GSTM2/HOPX/HRH2/ITGA4/KCNE1/KCNJ8/MMP2/P2RX1/PDE4B/PDE4D/PIK3CG/RGS2/RNF207/SCN4B/SHOX2/SLC8A1/SVEP1/TACR1/TBXAS1/TRPC1,39
GO:0071260,GO:0071260,cellular response to mechanical stimulus,16/1487,76/16754,0.210526315789474,2.37199589424132,3.74121398258734,0.000883745869959112,0.0069034100727889,0.00517726316889216,BMP6/CASP1/CD40/COL1A1/FAS/MAP3K14/PDE2A/PECAM1/PTGER4/TEK/TLR4/TLR5/TLR7/TLR8/TNFRSF10B/TNFRSF8,16
GO:0014909,GO:0014909,smooth muscle cell migration,15/1487,69/16754,0.217391304347826,2.44934358644484,3.76493704532959,0.000893154221726769,0.00694758900205949,0.00521039548190008,AIF1/DOCK4/FAT1/HAS2/IGF1/LRP1/MEF2C/PDGFD/PDGFRB/POSTN/PRKG1/SEMA6D/SLIT2/TACR1/TLR4,15
GO:1990845,GO:1990845,adaptive thermogenesis,27/1487,161/16754,0.167701863354037,1.88949362382888,3.53930709263478,0.000935842666980234,0.00718834247769949,0.00539095032205463,ACHE/ADRB2/ALDH1A1/ALPL/ARRDC3/CCR2/CD36/CMKLR1/CXCR4/EBF2/GADD45G/IL15/IL18/IL18R1/IL4R/JAK2/LEPR/NOTCH1/OGT/PLCL2/PPARGC1B/RBPJ/STAT6/SYK/TLR4/TRPV2/ZNF423,27
GO:0019530,GO:0019530,taurine metabolic process,5/1487,10/16754,0.5,5.63349024882313,4.57407805519584,0.000942224221059637,0.00718834247769949,0.00539095032205463,CDO1/CSAD/FMO1/STAT5A/STAT5B,5
GO:0019694,GO:0019694,alkanesulfonate metabolic process,5/1487,10/16754,0.5,5.63349024882313,4.57407805519584,0.000942224221059637,0.00718834247769949,0.00539095032205463,CDO1/CSAD/FMO1/STAT5A/STAT5B,5
GO:0071229,GO:0071229,cellular response to acid chemical,18/1487,91/16754,0.197802197802198,2.22863350502893,3.66767951083815,0.000944299500187654,0.00719429276274655,0.00539541278209884,ABCB1/AVPR1A/COL1A1/COL1A2/COL3A1/COL5A2/COL6A1/CPEB4/CYBB/KLF2/MMP2/PDGFD/PDGFRA/PKD2/SESN1/SESN3/STAMBPL1/ZEB1,18
GO:0070588,GO:0070588,calcium ion transmembrane transport,46/1487,324/16754,0.141975308641975,1.59963303361645,3.4014508436139,0.000976832155358893,0.00741164725527773,0.00555841938273676,ADCYAP1R1/AKAP5/ANK2/APLNR/ATP2A3/ATP2B1/CACHD1/CACNA1C/CACNA1G/CACNB4/CAPN3/CCL3/CCR5/CD4/CLIC2/EDNRB/F2R/FAIM2/GAS6/GP1BA/GPM6A/GPR35/GSTM2/ITPR1/KCNJ8/MICU3/P2RX1/P2RX7/PDE4B/PDE4D/PIK3CG/PKD1/PKD2/PLCB2/PLCL2/PRKD1/PTK2B/PTPRC/SLC8A1/SNCA/STIM2/TMEM37/TPCN1/TRPC1/TRPC6/TRPV2,46
GO:0070555,GO:0070555,response to interleukin-1,21/1487,114/16754,0.184210526315789,2.07549640746115,3.59591696293858,0.000986498624951293,0.00747477948564731,0.00560576586333348,CASP1/CCL2/CCL3/CD38/CD40/GBP2/HAS2/HDAC4/HIF1A/IL1R1/IRAK2/IRAK3/KLF2/KMO/LGALS9/MMP2/NFKBIA/NLRP3/SELE/SIRPA/SNCA,21
GO:0034405,GO:0034405,response to fluid shear stress,11/1487,43/16754,0.255813953488372,2.88225082497928,3.8568738126322,0.00103832211718179,0.00781414774908899,0.0058602775890577,ABCA1/HAS2/KLF2/MEF2C/MMP2/P2RX7/PKD1/PKD2/PRKACB/PTGS2/PTK2B,11
GO:0019934,GO:0019934,cGMP-mediated signaling,10/1487,37/16754,0.27027027027027,3.04512986422872,3.88657906581651,0.00110089439444909,0.00825150805232149,0.00618827916589961,CD36/EDNRB/GUCY1A1/GUCY1A2/GUCY1B1/IRAG1/KDR/NPR1/PDE2A/PRKG1,10
GO:0014047,GO:0014047,glutamate secretion,9/1487,31/16754,0.290322580645161,3.27105885415537,3.9498178377021,0.00111060128951964,0.00830185674561516,0.0062260385388244,APBA1/AVPR1A/F2R/GABBR1/KCNJ8/KMO/P2RX7/PRKG1/SNCA,9
GO:0001503,GO:0001503,ossification,56/1487,417/16754,0.134292565947242,1.51307172150645,3.31119591333047,0.00114814609169707,0.008559467641994,0.00641923572567334,ACHE/ADRB2/ALOX5/ALPL/ATP2B1/BMP2K/BMP6/CCL3/CCR1/CHRDL1/COL1A1/COL1A2/COL6A1/CSF1/CSGALNACT1/EGR2/FGR/GABBR1/GLI1/GLI2/HERC1/HGF/HIF1A/IGF1/IGF2/IGSF10/IL6R/LTF/MEF2C/MMP2/NELL1/NOTCH1/NPR2/P2RX7/PKDCC/PPARG/PRKD1/PTCH1/PTEN/PTK2B/PTPRB/RASSF2/RBPJ/RUNX2/RUNX3/S1PR1/SHOX2/SLC8A1/SMAD9/SNAI2/SRGN/TACR1/TMT1A/VCAN/WNT5A/ZBTB40,56
GO:0060397,GO:0060397,growth hormone receptor signaling pathway via JAK-STAT,6/1487,15/16754,0.4,4.50679219905851,4.2404879393561,0.00119860428995976,0.00882897642763464,0.00662135582210077,JAK1/JAK2/JAK3/STAT5A/STAT5B/STAT6,6
GO:0006979,GO:0006979,response to oxidative stress,53/1487,392/16754,0.135204081632653,1.52334175095728,3.27216464712762,0.00131872801748151,0.00967531758136369,0.00725607559643237,ABCC9/ADCYAP1R1/AIF1/ALOX5/ATM/ATP7A/BTK/CD36/CD38/COL1A1/COL6A1/CYGB/CYP1B1/DAPK1/ERN1/FCHSD1/FOXO1/GPX3/HGF/HIF1A/HMOX1/IL18BP/IL18RAP/JAK2/KAT2B/KLF2/LRRK2/MCTP1/MMP2/MSRB3/PDGFD/PDGFRA/PKD2/PRKAA1/PRKD1/PRR5L/PTGS2/RCAN2/RIPK3/SELENOP/SESN1/SESN3/SIRPA/SLC23A2/SLC8A1/SNCA/SOD2/SOD3/TACR1/TLDC2/TNFAIP3/TRPC6/TXNIP,53
GO:0031346,GO:0031346,positive regulation of cell projection organization,49/1487,356/16754,0.137640449438202,1.55079225950749,3.2782518274898,0.00134551571757218,0.009858831524269,0.00739370322793102,ALKAL2/ARAP1/ARSB/CAMK1/CBFA2T2/CCDC88A/CDKL5/CEP120/CFLAR/CXCL12/DISC1/DOCK11/DPYSL3/EPHA4/FES/FZD4/GPM6A/KAT2B/MAP1B/MAPRE3/NDNF/NEGR1/P2RX7/P2RY12/PLXNC1/PLXND1/PRKD1/PTK2B/RAB8B/RAC2/RAPGEF1/RAPGEF2/RELN/RGS2/RHOQ/RIPOR2/ROBO1/ROBO3/SCARF1/SEMA5A/SHOX2/SLIT2/TMEM30A/TNIK/TOX/TRPV2/TTBK2/WNT5A/ZEB2,49
GO:0010875,GO:0010875,positive regulation of cholesterol efflux,8/1487,26/16754,0.307692307692308,3.46676323004501,3.92841224364261,0.00137683882236601,0.00998310906032377,0.00748690608034061,ABCA1/ABCA7/CES1/EEPD1/LRP1/PLTP/PPARG/PTCH1,8
GO:0032958,GO:0032958,inositol phosphate biosynthetic process,8/1487,26/16754,0.307692307692308,3.46676323004501,3.92841224364261,0.00137683882236601,0.00998310906032377,0.00748690608034061,ADCYAP1R1/CD244/ITPKB/P2RY1/PLEK/PRKG1/PTAFR/SNCA,8
GO:0008154,GO:0008154,actin polymerization or depolymerization,29/1487,182/16754,0.159340659340659,1.79528810127331,3.36664746585386,0.00141762047184199,0.0102652726213955,0.00769851671869723,ADD3/AIF1/ARHGAP18/ARHGAP28/ARHGAP6/CCL24/CORO7/CXCL12/CYRIA/FCHSD1/FCHSD2/HCK/HCLS1/JAK2/KANK3/KIRREL1/LMOD1/MICAL1/NCKAP1L/PLEK/PLEKHG2/PLEKHH2/PTK2B/RICTOR/SEMA5A/SLIT2/VILL/WAS/WIPF1,29
GO:0046456,GO:0046456,icosanoid biosynthetic process,13/1487,58/16754,0.224137931034483,2.5253576977483,3.63165347673352,0.00143288656477408,0.010335392182799,0.00775110339960495,ALOX5/AVPR1A/CASP1/CD74/GGT5/GGTA1/NAIP/NLRC4/PLA2G4A/PTGDS/PTGS2/SYK/TBXAS1,13
GO:1903532,GO:1903532,positive regulation of secretion by cell,43/1487,304/16754,0.141447368421053,1.59368474144339,3.26012801245861,0.00151099131274537,0.0108564628085223,0.00814188414861227,ACHE/ACSL4/AVPR1A/BMP6/C1QTNF1/CD33/CD38/CXCL12/DAB2/DOC2B/F2RL2/FCER1G/FGR/FRMD4A/GABBR1/HFE/HIF1A/HLA-DRB1/IGF1/IL4R/ITGAM/ITGB2/ITPR1/JAK2/KMO/MICU3/MLXIPL/MYOM1/P2RX7/P2RY1/PLA2G4A/PPARG/PRKCB/PRKD1/RAB27A/RAB8B/RAPGEF4/SNCA/STXBP5/SYK/TACR1/TLR2/TLR4,43
GO:0034614,GO:0034614,cellular response to reactive oxygen species,24/1487,142/16754,0.169014084507042,1.90427839396838,3.37722729798695,0.00156788815079366,0.0112507116143514,0.00843755394082758,ATM/ATP7A/BTK/CD36/CYGB/CYP1B1/ERN1/HGF/IL18BP/IL18RAP/KLF2/LRRK2/MMP2/PDGFD/PDGFRA/PKD2/PRKAA1/RIPK3/SIRPA/SLC8A1/SOD2/SOD3/TNFAIP3/TRPC6,24
GO:0043312,GO:0043312,neutrophil degranulation,5/1487,11/16754,0.454545454545455,5.12135477165739,4.26721603640324,0.00160150200034372,0.0114035155255244,0.00855215035811081,ITGAM/ITGB2/PRAM1/SPI1/SYK,5
GO:0090713,GO:0090713,immunological memory process,7/1487,21/16754,0.333333333333333,3.75566016588209,3.94342264406093,0.00163086111173618,0.0115239219015048,0.0086424500055445,BCL6/CD70/FGL2/HLA-DRA/HLA-DRB1/IL12RB1/TNFRSF14,7
GO:0006809,GO:0006809,nitric oxide biosynthetic process,15/1487,73/16754,0.205479452054795,2.31513297896841,3.51434977070518,0.00163752260257994,0.0115416250440724,0.00865572660754588,CD36/CYP1B1/IGF1/IL10/ITGB2/JAK2/KLF2/KLRK1/PKD2/PTGS2/SIRPA/SOD2/TLR4/TLR5/TLR6,15
GO:0051209,GO:0051209,release of sequestered calcium ion into cytosol,22/1487,127/16754,0.173228346456693,1.95176040116707,3.36006337983643,0.00174409477379305,0.012199877044895,0.00914938753798105,ANK2/APLNR/CACNA1C/CAPN3/CCL3/CCR5/CLIC2/F2R/GP1BA/GSTM2/ITPR1/P2RX7/PDE4D/PKD2/PLCB2/PLCL2/PRKD1/PTK2B/PTPRC/SLC8A1/SNCA/TRPC1,22
GO:0010885,GO:0010885,regulation of cholesterol storage,6/1487,16/16754,0.375,4.22511768661735,4.02790020742272,0.00177471628107036,0.0123363882666643,0.00925176513298915,ABCA1/CD36/CES1/MSR1/PPARA/PPARG,6
GO:0060349,GO:0060349,bone morphogenesis,18/1487,96/16754,0.1875,2.11255884330868,3.41170996102793,0.0017894961381103,0.0123925954502053,0.00929391812377276,ALPL/BMP6/COL1A1/COL3A1/CSGALNACT1/CYP26B1/FOXN3/FREM1/GLG1/HAS2/LTF/MEF2C/NPR2/RARB/RUNX2/SHOX2/TGFBR2/TIFAB,18
GO:0032418,GO:0032418,lysosome localization,16/1487,81/16754,0.197530864197531,2.22557639459679,3.45065029139205,0.00179873640689898,0.0124218770339356,0.00931587806290076,ADGRE2/BTK/CBL/CD84/FCER1G/FES/FGR/IL4R/LGALS9/MILR1/PIK3CD/PIK3CG/PTGDR/PTGDS/RAC2/SYK,16
GO:0070723,GO:0070723,response to cholesterol,8/1487,27/16754,0.296296296296296,3.33836459189519,3.79498449223839,0.00180612585057699,0.0124218770339356,0.00931587806290076,ABCA1/CCL3/CCR5/CES1/GRAMD1B/OSBPL7/PTCH1/TGFBR2,8
GO:0002418,GO:0002418,immune response to tumor cell,9/1487,33/16754,0.272727272727273,3.07281286299444,3.71972528823551,0.0018071437960785,0.0124218770339356,0.00931587806290076,CD226/CD274/GSDME/GZMB/HAVCR2/HLA-DRB1/MR1/PRF1/PRKAA1,9
GO:1990849,GO:1990849,vacuolar localization,16/1487,82/16754,0.195121951219512,2.19843521905293,3.39509995209641,0.00205447265959806,0.0139039597929598,0.0104273769309444,ADGRE2/BTK/CBL/CD84/FCER1G/FES/FGR/IL4R/LGALS9/MILR1/PIK3CD/PIK3CG/PTGDR/PTGDS/RAC2/SYK,16
GO:0030193,GO:0030193,regulation of blood coagulation,14/1487,68/16754,0.205882352941176,2.31967245539776,3.40305849719807,0.00226500034254832,0.0151514440096913,0.0113629368963759,ADTRP/C1QTNF1/CD36/EMILIN1/EMILIN2/F2R/GP1BA/PDGFRA/PRKG1/PROS1/SERPING1/SH2B3/TFPI/THBD,14
GO:0021952,GO:0021952,central nervous system projection neuron axonogenesis,8/1487,28/16754,0.285714285714286,3.21913728504179,3.66768530711514,0.0023344206803921,0.0155646728198052,0.0116728408824307,EPHA4/GLI2/MYCBP2/PRDM8/SLIT2/SPG11/SZT2/ZEB2,8
GO:0015850,GO:0015850,organic hydroxy compound transport,38/1487,267/16754,0.142322097378277,1.60354029554516,3.10253013581303,0.00246509017212475,0.0163573605925697,0.0122673229090079,ABCA1/ABCA7/ACACB/AQP9/BMP6/C1QTNF1/CD36/CES1/CETP/CXCL12/DAB2/EEPD1/EMB/FCER1G/FLVCR2/GABBR1/GRAMD1B/LCAT/LILRB1/LRP1/MSR1/NFKBIA/OSBPL3/OSBPL7/P2RX1/P2RY1/PIP4K2A/PLTP/PPARG/PTCH1/SLC16A7/SLC18B1/SLC2A13/SLCO2B1/SNCA/SPG11/STARD5/SYK,38
GO:0007620,GO:0007620,copulation,6/1487,17/16754,0.352941176470588,3.97658135211045,3.8320250108386,0.00253855170386438,0.0166738422524387,0.0125046706580179,AVPR1A/DDO/EDNRB/P2RX1/P2RY1/TACR1,6
GO:0070206,GO:0070206,protein trimerization,6/1487,17/16754,0.352941176470588,3.97658135211045,3.8320250108386,0.00253855170386438,0.0166738422524387,0.0125046706580179,CD74/COL1A2/MLKL/P2RX7/SCARA5/STEAP4,6
GO:0001553,GO:0001553,luteinization,5/1487,12/16754,0.416666666666667,4.69457520735261,3.99554835986946,0.00254580810768239,0.0166738422524387,0.0125046706580179,FZD4/MMP2/PDGFRA/STAT5A/STAT5B,5
GO:0072017,GO:0072017,distal tubule development,5/1487,12/16754,0.416666666666667,4.69457520735261,3.99554835986946,0.00254580810768239,0.0166738422524387,0.0125046706580179,KLHL3/NOTCH1/PKD1/PKD2/TFAP2B,5
GO:0075509,GO:0075509,endocytosis involved in viral entry into host cell,5/1487,12/16754,0.416666666666667,4.69457520735261,3.99554835986946,0.00254580810768239,0.0166738422524387,0.0125046706580179,CTSL/DPP4/PIKFYVE/SIGLEC1/TPCN1,5
GO:1901136,GO:1901136,carbohydrate derivative catabolic process,36/1487,250/16754,0.144,1.62244519166106,3.09457803735084,0.00258388744773937,0.0168635850584541,0.0126469696712285,ADAMTS4/ALDH1A1/AMPD3/AOAH/BTK/CHIT1/COL6A1/CTBS/CTSL/DPYD/ENTPD1/ENTPD4/FUCA1/GALM/GM2A/GNS/HDAC4/HIF1A/HK3/IDUA/IGF1/KAT2B/LYVE1/MAN1A1/MLXIPL/NPL/OGT/P2RX7/PDE1A/PDE2A/PDE4B/PDE4D/PPARA/PRKAA1/SAMHD1/ZBTB20,36
GO:0070482,GO:0070482,response to oxygen levels,45/1487,331/16754,0.13595166163142,1.53176472022381,3.04952499237474,0.00263128058094425,0.0171527374959676,0.0128638216688861,ABCB1/ABCC9/AGER/CBL/CD38/CFLAR/COL1A1/COL6A1/CPEB4/CXCL12/CXCR4/CYBB/CYGB/DPP4/DRAM1/ENG/EPHA4/FAS/FOXO1/FZD4/GUCY1A1/GUCY1A2/GUCY1B1/HIF1A/HIF3A/HSPG2/ITPR1/KCNJ8/KCNMA1/MMP2/NDNF/NOTCH1/POSTN/PPARA/PPARG/PRKAA1/PTGS2/SLC2A4/SOD2/SOD3/TGFBR3/TRPC6/VCAM1/VEGFD/ZEB2,45
GO:0033628,GO:0033628,regulation of cell adhesion mediated by integrin,11/1487,48/16754,0.229166666666667,2.58201636404394,3.42547085929897,0.00270445750220304,0.0175569212984393,0.0131669422849202,CYP1B1/DPP4/FERMT3/JAM3/LPXN/NCKAP1L/P2RY12/PDE3B/PIK3CG/SNAI2/SYK,11
GO:0051216,GO:0051216,cartilage development,31/1487,207/16754,0.14975845410628,1.68732558177311,3.10536728448082,0.00270912649707223,0.0175571628526711,0.0131671234402933,ACVRL1/ARID5A/ATP7A/BMP6/CHST11/COL1A1/COL3A1/COL6A1/CREB3L2/CSGALNACT1/CTSK/CYTL1/GLG1/HIF1A/HOXD3/MAF/MEF2C/NFATC2/NPR2/NR5A2/PKD1/PKDCC/PRRX1/RARB/RUNX2/RUNX3/SHOX2/SNAI2/TGFBR2/WNT5A/ZEB1,31
GO:0035249,GO:0035249,"synaptic transmission, glutamatergic",19/1487,108/16754,0.175925925925926,1.98215397643777,3.1956664088654,0.00290486262460381,0.0186731562697333,0.0140040709132033,CACNB4/CCL2/CCR2/DISC1/GRIA3/GRIA4/GRID1/KCNJ8/KMO/LRRK2/MEF2C/NR3C1/P2RX1/PLPPR4/PTK2B/RELN/SHANK3/SLC17A7/TSHZ3,19
GO:1902903,GO:1902903,regulation of supramolecular fiber organization,50/1487,379/16754,0.131926121372032,1.4864090366288,2.98920369990398,0.00296399071924339,0.0189436184748881,0.0142069060336092,ADD3/AKAP13/ARAP1/ARHGAP18/ARHGAP28/ARHGAP6/ARHGEF15/ATXN7/CCDC88A/CCL24/CDH5/CORO2B/CXCL12/CYRIA/FCHSD1/FCHSD2/FES/GMFG/HCK/HCLS1/HSPG2/KANK3/KIRREL1/LMOD1/MAP1A/MAP1B/MAPRE3/NAV3/NCKAP1L/PDE4DIP/PLEK/PLEKHG2/PLEKHH2/PRKD1/PROX1/PTGER4/PTK2B/RAPGEF3/RICTOR/S1PR1/SEMA5A/SHANK3/SLIT2/SNCA/SYNPO/SYNPO2/TACR1/TTBK2/VILL/WAS,50
GO:0051338,GO:0051338,regulation of transferase activity,40/1487,288/16754,0.138888888888889,1.56485840245087,3.0176349945679,0.00301313436505303,0.019169471092216,0.0143762858654547,AGAP2/ARRDC3/ARRDC4/CAMK1/CASS4/CCDC88A/CD4/CD74/CSF1R/DIRAS3/FGR/GAS6/HEG1/HLA-DRB1/IGF1/JAK2/KSR1/LCP2/LDB2/LTF/NLRC5/PDGFRB/PIK3CG/PIK3R5/PIK3R6/PILRB/PTK2B/PTPN22/PTPRC/PTPRJ/RAPGEF2/RASIP1/RASSF2/RIPK3/SYNPO2/TLR6/TNFRSF10B/TSPYL2/WNT5A/ZFP36,40
GO:1900271,GO:1900271,regulation of long-term synaptic potentiation,10/1487,42/16754,0.238095238095238,2.68261440420149,3.40737521337208,0.00309352815434593,0.0196584157542761,0.0147429735116787,AGER/AKAP5/EPHA4/LGMN/LILRB2/MME/RELN/SHANK3/TYROBP/ZDHHC2,10
GO:0021954,GO:0021954,central nervous system neuron development,17/1487,93/16754,0.182795698924731,2.05955557483857,3.19771392878089,0.00312670149709869,0.0198465144170127,0.0148840394875423,ATP7A/BTG2/DISC1/EPHA4/GLI2/LHX6/MYCBP2/NDNF/PRDM8/PTEN/RAPGEF2/ROBO1/SLIT2/SPG11/SZT2/WNT5A/ZEB2,17
GO:0010565,GO:0010565,regulation of ketone metabolic process,22/1487,133/16754,0.165413533834586,1.86371105976104,3.12097760394893,0.00316471347334892,0.0200648614508903,0.0150477904518646,ABCD2/ACACB/AVPR1A/BMP6/CD74/CES1/DAB2/FMO1/FMO2/GPIHBP1/H6PD/KAT2B/MLXIPL/NCOR2/PDK4/PPARA/PPARG/PRKG1/PROX1/PTGS2/SNCA/TPK1,22
GO:0051402,GO:0051402,neuron apoptotic process,42/1487,308/16754,0.136363636363636,1.53640643149722,2.9652691369257,0.00338556744139417,0.0213918561655327,0.0160429799001218,AGAP2/ATM/ATP7A/AXL/BTG2/CASP10/CASP4/CCL2/CCL3/CFLAR/COL6A1/COL6A2/COL6A3/CPEB4/EPG5/EPHA4/F2R/FAIM2/FAS/FCGR2B/HIF1A/HSPG2/IL10/ITGA1/JAK2/KDR/LGMN/MAP3K12/MEF2C/MMP2/NAIP/NDNF/NLRP1/NPR2/NR3C1/PLXND1/PTK2B/SLC25A27/SNCA/SOD2/SPG11/TFAP2B,42
GO:0051147,GO:0051147,regulation of muscle cell differentiation,23/1487,142/16754,0.161971830985916,1.82493346088637,3.08089612857177,0.00339873873456138,0.021426327958858,0.0160688322751173,BHLHE41/CAMK1/CYP26B1/DLL1/ENG/HDAC4/HDAC9/HOPX/IGF1/IGF2/MEF2C/NFATC2/NID1/NOTCH1/NOTCH4/PLPP7/PPARA/PRKD1/PROX1/RGS2/SHOX2/SOD2/ZEB1,23
GO:0003007,GO:0003007,heart morphogenesis,37/1487,264/16754,0.140151515151515,1.5790843879277,2.95977309390062,0.00362281874651501,0.0225957176619241,0.0169458246855247,ABCC9/ACVRL1/ALDH1A2/APLNR/CERT1/CLDN5/COL5A1/DLL1/ENG/FLRT2/HAS2/HEG1/HIF1A/KCNJ8/MEF2C/NOTCH1/NPHP3/PKD2/PLXND1/PROX1/PTCH1/RARB/RBPJ/RNF207/ROBO1/S1PR1/SETDB2/SHOX2/SLIT2/SNAI2/SPRY1/TBX19/TEK/TGFBR2/TGFBR3/WNT5A/ZFPM2,37
GO:0140632,GO:0140632,canonical inflammasome complex assembly,13/1487,64/16754,0.203125,2.2886054135844,3.22334429221205,0.00362491617514844,0.0225957176619241,0.0169458246855247,BTK/CARD8/CASP4/CD36/KCNJ8/NEK9/NLRP1/NLRP3/P2RX7/PRKD1/PTPN22/TLR4/TLR6,13
GO:0033123,GO:0033123,positive regulation of purine nucleotide catabolic process,7/1487,24/16754,0.291666666666667,3.28620264514683,3.49781873011752,0.00383343361594249,0.0233662776093005,0.0175237117866691,HIF1A/IGF1/KAT2B/MLXIPL/P2RX7/PRKAA1/ZBTB20,7
GO:0045723,GO:0045723,positive regulation of fatty acid biosynthetic process,7/1487,24/16754,0.291666666666667,3.28620264514683,3.49781873011752,0.00383343361594249,0.0233662776093005,0.0175237117866691,ABCD2/AVPR1A/CD74/GPIHBP1/KAT2B/MLXIPL/PTGS2,7
GO:0045821,GO:0045821,positive regulation of glycolytic process,7/1487,24/16754,0.291666666666667,3.28620264514683,3.49781873011752,0.00383343361594249,0.0233662776093005,0.0175237117866691,HIF1A/IGF1/KAT2B/MLXIPL/P2RX7/PRKAA1/ZBTB20,7
GO:0032966,GO:0032966,negative regulation of collagen biosynthetic process,5/1487,13/16754,0.384615384615385,4.33345403755626,3.75232437916559,0.00383688245943141,0.0233662776093005,0.0175237117866691,CIITA/CYGB/EMILIN1/IL6R/NOTCH1,5
GO:0050655,GO:0050655,dermatan sulfate proteoglycan metabolic process,5/1487,13/16754,0.384615384615385,4.33345403755626,3.75232437916559,0.00383688245943141,0.0233662776093005,0.0175237117866691,CSGALNACT1/CSGALNACT2/DSE/IDUA/UST,5
GO:0072148,GO:0072148,epithelial cell fate commitment,5/1487,13/16754,0.384615384615385,4.33345403755626,3.75232437916559,0.00383688245943141,0.0233662776093005,0.0175237117866691,DLL1/NOTCH1/PDPN/PROX1/RBPJ,5
GO:0050818,GO:0050818,regulation of coagulation,14/1487,72/16754,0.194444444444444,2.19080176343122,3.16014190296903,0.00393586700766053,0.0239166360618671,0.0179364571568729,ADTRP/C1QTNF1/CD36/EMILIN1/EMILIN2/F2R/GP1BA/PDGFRA/PRKG1/PROS1/SERPING1/SH2B3/TFPI/THBD,14
GO:1903900,GO:1903900,regulation of viral life cycle,19/1487,112/16754,0.169642857142857,1.91136276299356,3.0201078916128,0.00440448770872435,0.0266186340960338,0.019962840459793,APOBEC3C/APOBEC3D/APOBEC3G/APOBEC3H/AXL/CD209/CD28/CD4/CD74/CH25H/HLA-DRB1/IFI16/LGALS9/LTF/NOTCH1/NR5A2/PROX1/RNASEL/TRIM38,19
GO:0060541,GO:0060541,respiratory system development,32/1487,223/16754,0.143497757847534,1.61678643912413,2.89376067786745,0.00456023473162558,0.0274107615794897,0.0205569022932814,ADAMTS2/ALDH1A2/ATP7A/ATXN1/COL3A1/COL6A1/CTSH/FGF7/FOXP2/GLI1/GLI2/HEG1/HOPX/HSD11B1/IGF1/KDR/KLF2/MAN2A1/MME/MSC/NOTCH1/NPHP3/PDGFRA/PDPN/PKD1/PKDCC/PROX1/RBPJ/SPRY1/TGFBR2/WNT5A/ZFPM2,32
GO:0030879,GO:0030879,mammary gland development,22/1487,137/16754,0.160583941605839,1.80929613830816,2.96835861117994,0.00457240421217023,0.0274541978317767,0.020589477630222,ABCB1/CDO1/CSF1/CSF1R/GLI2/HIF1A/HOXD9/IGF1/JAK2/NCOA1/NCOR2/NOTCH4/NR3C1/PPARA/PTCH1/ROBO1/STAT5A/STAT5B/STAT6/TGFBR2/TPH1/WNT5A,22
GO:0062012,GO:0062012,regulation of small molecule metabolic process,44/1487,332/16754,0.132530120481928,1.49321428282059,2.83280440029271,0.00468262500968943,0.0280251070084214,0.0210176351671292,ABCD2/ACACB/ADCYAP1R1/AVPR1A/BMP6/C1QTNF1/CD244/CD74/CES1/CH25H/DAB2/FMO1/FMO2/FMO5/FOXO1/GNB3/GPIHBP1/H6PD/HDAC4/HIF1A/IGF1/IGF2/KAT2B/LACC1/LEPR/MLXIPL/NR3C1/OGT/P2RX7/P2RY1/PDK4/PLEK/PPARA/PPARG/PRKAA1/PRKG1/PROX1/PTGS2/SLC35B4/SLC7A7/SNAI2/SNCA/TPK1/ZBTB20,44
GO:0045913,GO:0045913,positive regulation of carbohydrate metabolic process,15/1487,81/16754,0.185185185185185,2.08647786993449,3.05901386075071,0.00469540117677112,0.0280713219976177,0.0210522944382566,ADCYAP1R1/CD244/FOXO1/HAS2/HIF1A/IGF1/IGF2/KAT2B/MLXIPL/P2RX7/P2RY1/PPARA/PRKAA1/SNCA/ZBTB20,15
GO:0015812,GO:0015812,gamma-aminobutyric acid transport,6/1487,19/16754,0.315789473684211,3.55799384136198,3.48167606865315,0.00476975973016926,0.0283328829319359,0.0212484539851165,APBA1/CACNB4/GABBR1/P2RX7/SLC6A12/SLC6A6,6
GO:0043171,GO:0043171,peptide catabolic process,6/1487,19/16754,0.315789473684211,3.55799384136198,3.48167606865315,0.00476975973016926,0.0283328829319359,0.0212484539851165,CTSH/ENPEP/ERAP1/ERAP2/MME/TPP1,6
GO:0046660,GO:0046660,female sex differentiation,20/1487,121/16754,0.165289256198347,1.86231082605723,2.97095556050066,0.00479375136208497,0.028444973360064,0.0213325170262823,ADCYAP1R1/ARID5B/ATM/AXL/FZD4/KDR/LHFPL2/MERTK/MMP19/MMP2/NOTCH1/NOTCH4/NPR2/NR5A2/PDGFRA/SLIT2/STAT5A/STAT5B/WNT5A/ZFPM2,20
GO:0071347,GO:0071347,cellular response to interleukin-1,16/1487,89/16754,0.179775280898876,2.02552458384652,3.02735496287601,0.00482796859013173,0.028586927025151,0.0214389762216937,CASP1/CCL2/CCL3/CD40/GBP2/HAS2/HIF1A/IL1R1/IRAK2/IRAK3/KLF2/KMO/MMP2/NFKBIA/NLRP3/SIRPA,16
GO:0150115,GO:0150115,cell-substrate junction organization,18/1487,105/16754,0.171428571428571,1.93148237102507,2.98813447797299,0.00490155260367808,0.0288398297426348,0.0216286424751447,ACVRL1/ARHGAP6/COL17A1/CORO2B/DST/IQSEC1/ITGA5/KDR/MAPRE2/PEAK1/PTEN/PTPRJ/RAB8B/RHOU/TEK/TESK2/TLN1/TNS1,18
GO:0015800,GO:0015800,acidic amino acid transport,14/1487,74/16754,0.189189189189189,2.1315909049601,3.04461379370256,0.00508617750889904,0.0297667332817969,0.0223237806030875,APBA1/AVPR1A/F2R/GABBR1/KCNJ8/KMO/P2RX7/PRKG1/SLC17A7/SLC38A6/SLC6A6/SNCA/TTYH2/TTYH3,14
GO:0001763,GO:0001763,morphogenesis of a branching structure,30/1487,208/16754,0.144230769230769,1.6250452640836,2.8308805993173,0.00547371666500682,0.031767003508305,0.0238238979744068,CSF1/CTSH/ENG/FGF7/GLI2/HGF/HS3ST3B1/IGF1/IL10/KDR/LRRK2/NOTCH1/NOTCH4/PKD1/PKD2/PLXND1/PRDM1/PROX1/PTCH1/RASIP1/RSPO3/SHOX2/SLIT2/SNAI2/SOCS3/SPRY1/TGFBR2/TIE1/TMEM59L/WNT5A,30
GO:0002679,GO:0002679,respiratory burst involved in defense response,5/1487,14/16754,0.357142857142857,4.02392160630224,3.53249653743506,0.00553667834268142,0.0318990783353243,0.0239229484625359,HCK/NCF1/PIK3CD/PIK3CG/SLAMF8,5
GO:0010713,GO:0010713,negative regulation of collagen metabolic process,5/1487,14/16754,0.357142857142857,4.02392160630224,3.53249653743506,0.00553667834268142,0.0318990783353243,0.0239229484625359,CIITA/CYGB/EMILIN1/IL6R/NOTCH1,5
GO:0046942,GO:0046942,carboxylic acid transport,45/1487,345/16754,0.130434782608696,1.4696061518669,2.75059844605337,0.00572153882034083,0.0329250306710193,0.0246923689640891,ABCB1/ABCD2/ABCD4/ABCG2/ACACB/ACSL4/APBA1/AVPR1A/CACNB4/CD36/CES1/EMB/F2R/GABBR1/KCNJ8/KMO/LRRC8C/P2RX7/PLA2G2D/PLA2G4A/PLIN2/PPARA/PPARG/PRKG1/PSAP/PTGS2/RGS2/SLC11A1/SLC16A7/SLC17A7/SLC23A2/SLC26A10P/SLC27A1/SLC36A1/SLC38A6/SLC6A12/SLC6A6/SLC7A5P2/SLC7A7/SLCO2A1/SLCO2B1/SNCA/SYK/TTYH2/TTYH3,45
GO:0071498,GO:0071498,cellular response to fluid shear stress,8/1487,32/16754,0.25,2.81674512441157,3.21033097183413,0.00574564174681951,0.0329321922206766,0.0246977398209384,HAS2/KLF2/MEF2C/MMP2/PKD2/PRKACB/PTGS2/PTK2B,8
GO:0071230,GO:0071230,cellular response to amino acid stimulus,15/1487,83/16754,0.180722891566265,2.03620129475535,2.95343404473361,0.00593668462015367,0.0338525116841206,0.0253879401728608,ABCB1/COL1A1/COL1A2/COL3A1/COL5A2/COL6A1/CPEB4/CYBB/MMP2/PDGFD/PDGFRA/SESN1/SESN3/STAMBPL1/ZEB1,15
GO:0090257,GO:0090257,regulation of muscle system process,33/1487,236/16754,0.139830508474576,1.57546761195901,2.77858113211696,0.00597717924848567,0.0340484651754763,0.0255348969352311,ACACB/ADRB2/ANK2/APLNR/ATP2B1/CACNA1C/CLIC2/DOCK4/EHD3/F2R/FOXO1/GSTM2/GUCY1A1/HDAC4/IGF1/IRAG1/NOTCH1/P2RX1/PDE4B/PDE4D/PIK3CG/PPARA/PPARG/PPP1R12B/PRKD1/PRKG1/RGS2/RNF207/SLC8A1/TACR1/TIFAB/TNFRSF1B/TNNT3,33
GO:0007254,GO:0007254,JNK cascade,27/1487,183/16754,0.147540983606557,1.66234138489863,2.8116289327122,0.00600335199674838,0.0341625174077259,0.0256204312458298,AGER/CYLD/EDA2R/EPHA4/ERN1/FCGR2B/GADD45G/LRRK2/MAP3K12/MAPK8IP3/MDFIC/NAIP/NOD1/NR2C2/PTGER4/PTK2B/PTPN22/RASSF2/RGS2/SH2D3C/SIRPA/SLAMF1/TLR4/TLR7/TNIK/TNXB/WNT5A,27
GO:0030866,GO:0030866,cortical actin cytoskeleton organization,9/1487,39/16754,0.230769230769231,2.60007242253375,3.12207749617554,0.00612482144282365,0.0346761042746611,0.0260055994948797,EPB41L3/FMNL1/FMNL2/FMNL3/IQGAP2/NCKAP1L/PLEK/RHOQ/TLN1,9
GO:0008037,GO:0008037,cell recognition,25/1487,166/16754,0.150602409638554,1.69683441229612,2.8158631602917,0.00615379493960916,0.0348046609924534,0.0261020115511131,C1R/C1S/C2/C3/C4BPB/CD209/CD226/CD36/CFP/CNR1/DOCK2/DOCK8/EMB/EPHA4/FCN1/HAVCR2/NDN/PEAR1/PECAM1/PLXND1/PRF1/ROBO1/ROBO3/SEMA5A/VCAN,25
GO:0050650,GO:0050650,chondroitin sulfate proteoglycan biosynthetic process,7/1487,26/16754,0.269230769230769,3.03341782628938,3.2382935613527,0.00622894247636146,0.0350157353377647,0.0262603083091437,CHST11/CHST7/CHSY3/CSGALNACT1/CSGALNACT2/CYTL1/IGF1,7
GO:0061042,GO:0061042,vascular wound healing,6/1487,20/16754,0.3,3.38009414929388,3.32379460053821,0.00630969980954712,0.0353266862320814,0.0264935082198408,ALOX5/CD34/KDR/NDNF/NPR2/TNFAIP3,6
GO:1901655,GO:1901655,cellular response to ketone,19/1487,116/16754,0.163793103448276,1.84545370220068,2.8516301024515,0.00649227412538539,0.0363122764273821,0.027232658837282,ABCB1/ADCY2/BTG2/CFLAR/GAS6/GNG2/JAK2/KLF9/LRRK2/NCF1/NR3C1/POSTN/PRKAA1/PRKD1/PTGDR/PTGER4/PTGFR/SGK1/XRN1,19
GO:0014002,GO:0014002,astrocyte development,9/1487,40/16754,0.225,2.53507061197041,3.03349357835796,0.00729413261102569,0.0402300025041079,0.0301707863291994,AGER/C1QA/C5AR1/DLL1/IFNGR1/LAMC3/LRP1/TLR4/ZEB2,9
GO:0050803,GO:0050803,regulation of synapse structure or activity,42/1487,322/16754,0.130434782608696,1.4696061518669,2.6554701627829,0.00740563849018478,0.040764039816141,0.0305712915399939,ABI3/ARHGAP4/ARHGEF15/CAMK1/CDKL5/CNTNAP1/DISC1/DOCK10/DOCK4/ELMO1/EPHA4/FCGR2B/FGF7/FLRT2/GPM6A/GRID1/IL10/IL10RA/LILRB2/LRFN5/LRRK2/LZTS1/MAP1B/MAPRE3/MEF2C/MYCBP2/NEGR1/NRXN2/OGT/PLPPR4/PLXNC1/PPFIA2/PTK2B/RELN/SHANK3/SLC17A7/SNCA/SPARCL1/SRGAP3/TLR2/WNT5A/ZDHHC17,42
GO:0006970,GO:0006970,response to osmotic stress,15/1487,85/16754,0.176470588235294,1.98829067605522,2.85078400450686,0.00742948138312721,0.0408143814064179,0.030609045585959,ABCB1/CAPN3/CASP1/FXYD2/KCNMA1/KMO/LRRC8C/NFAT5/NLRP3/PKD2/PTGS2/SLC12A6/SLC2A4/TIFAB/TSC22D3,15
GO:0000768,GO:0000768,syncytium formation by plasma membrane fusion,12/1487,62/16754,0.193548387096774,2.18070590277025,2.90675425504613,0.00759719439732987,0.0416122462354735,0.0312074101839866,ADAM12/CAMK1/CCL8/CD53/CFLAR/DCSTAMP/DOCK2/IL4R/NFATC2/RAPGEF3/RIPOR2/TYROBP,12
GO:0140253,GO:0140253,cell-cell fusion,12/1487,62/16754,0.193548387096774,2.18070590277025,2.90675425504613,0.00759719439732987,0.0416122462354735,0.0312074101839866,ADAM12/CAMK1/CCL8/CD53/CFLAR/DCSTAMP/DOCK2/IL4R/NFATC2/RAPGEF3/RIPOR2/TYROBP,12
GO:0099175,GO:0099175,regulation of postsynapse organization,22/1487,143/16754,0.153846153846154,1.7333816150225,2.74868564191097,0.00762868810946573,0.0416723886656872,0.031252514441962,ABI3/ARHGEF15/CDKL5/DISC1/DOCK10/DOCK4/ELMO1/EPHA4/FCGR2B/GRID1/LILRB2/LRRK2/LZTS1/MAP1B/MAPRE3/NRXN2/PLPPR4/PPFIA2/PTK2B/RELN/SHANK3/WNT5A,22
GO:0045927,GO:0045927,positive regulation of growth,34/1487,249/16754,0.136546184738956,1.53846320048182,2.67160878654843,0.00764980147839142,0.0416723886656872,0.031252514441962,ACACB/ACSL4/AVPR1A/CAPN3/CD38/CDKL5/CPNE8/CSF1/CXCL12/DISC1/DLL1/GLI1/HLX/HOPX/IGF1/IGF2/IL7/ITSN2/MAP1B/MEF2C/NOTCH1/PROX1/RBPJ/RFTN1/RICTOR/RPS6KA3/SASH3/SEMA5A/SLC23A2/STAT5A/STAT5B/TGFBR3/TRPV2/ZFPM2,34
GO:0075294,GO:0075294,positive regulation by symbiont of entry into host,5/1487,15/16754,0.333333333333333,3.75566016588209,3.33220306054184,0.00770571536904227,0.0416723886656872,0.031252514441962,CD4/CD74/HLA-DRB1/LGALS9/TRIM38,5
GO:0035051,GO:0035051,cardiocyte differentiation,23/1487,152/16754,0.151315789473684,1.70487204898595,2.72443721702285,0.00790217353688015,0.0425690318368888,0.031924958584343,AKAP13/COL14A1/DLL1/IGF1/KCNJ8/MEF2C/MEIS1/MYH11/NOTCH1/PDGFRA/PDGFRB/PPARA/PRKG1/PROX1/RARB/RBPJ/RGS2/SHOX2/SLC8A1/SPRY1/TENM4/TGFBR3/VCAM1,23
GO:0061045,GO:0061045,negative regulation of wound healing,13/1487,70/16754,0.185714285714286,2.09243923527716,2.85838776791708,0.00797783562838297,0.04293497972872,0.0321994038979105,ADTRP/ALOX5/C1QTNF1/GP1BA/MMRN1/PDGFRA/PRKG1/PROS1/PTEN/SERPING1/SH2B3/TFPI/THBD,13
GO:0006837,GO:0006837,serotonin transport,6/1487,21/16754,0.285714285714286,3.21913728504179,3.17564419896911,0.0081812352886715,0.0436811342757763,0.032758987989547,FCER1G/LILRB1/P2RX1/SLC18B1/SNCA/SYK,6
GO:0031643,GO:0031643,positive regulation of myelination,6/1487,21/16754,0.285714285714286,3.21913728504179,3.17564419896911,0.0081812352886715,0.0436811342757763,0.032758987989547,CST7/EGR2/IGF1/ITGAX/TENM4/TNFRSF1B,6
GO:0006924,GO:0006924,activation-induced cell death of T cells,4/1487,10/16754,0.4,4.50679219905851,3.46182691242732,0.00838588378702913,0.0440219267988278,0.0330145678492431,FAS/IL2RA/RIPK3/TSC22D3,4
GO:0034351,GO:0034351,negative regulation of glial cell apoptotic process,4/1487,10/16754,0.4,4.50679219905851,3.46182691242732,0.00838588378702913,0.0440219267988278,0.0330145678492431,CCL2/DLL1/GAS6/PRKCH,4
GO:0098598,GO:0098598,learned vocalization behavior or vocal learning,4/1487,10/16754,0.4,4.50679219905851,3.46182691242732,0.00838588378702913,0.0440219267988278,0.0330145678492431,FOXP2/NRXN2/SHANK3/TIFAB,4
GO:1901031,GO:1901031,regulation of response to reactive oxygen species,4/1487,10/16754,0.4,4.50679219905851,3.46182691242732,0.00838588378702913,0.0440219267988278,0.0330145678492431,ADCYAP1R1/CD36/SESN1/SESN3,4
GO:0032964,GO:0032964,collagen biosynthetic process,10/1487,48/16754,0.208333333333333,2.34728760367631,2.9172229380048,0.00845580456377672,0.0442652060268849,0.0331970168960035,CIITA/COL1A1/COL5A1/CYGB/EMILIN1/F2R/IL6R/NOTCH1/PCOLCE/TRAM2,10
GO:0032535,GO:0032535,regulation of cellular component size,45/1487,353/16754,0.127478753541077,1.43630063001156,2.58560961566336,0.00859054940981214,0.0448420220132487,0.0336296042883129,ADD3/ARHGAP18/ARHGAP28/ARHGAP4/CCL24/CDKL5/CLCN6/COL6A1/CXCL12/CYRIA/DISC1/DNM1/FCHSD1/FCHSD2/GNB3/HCK/HCLS1/IL7R/KANK3/KCNMA1/KIRREL1/LMOD1/MAP1B/NCKAP1L/P2RX7/PLEK/PLEKHG2/PLEKHH2/PRKD1/PRR16/PTEN/PTK2B/RICTOR/RIN3/SEMA5A/SEMA6D/SHANK3/SLC12A6/SLIT2/SPART/TRPV2/VAV1/VILL/WAS/WNT5A,45
GO:0070050,GO:0070050,neuron cellular homeostasis,12/1487,63/16754,0.19047619047619,2.14609152336119,2.84428638427067,0.00864638174096652,0.0449223612622339,0.0336898552991035,ATP6V0A1/ATP6V1B2/ATP7A/CACNB4/CNR1/DISC1/HAAO/MAP1A/P2RX1/P2RY1/PRKAA1/SLC17A7,12
GO:0046328,GO:0046328,regulation of JNK cascade,22/1487,145/16754,0.151724137931034,1.70947290309116,2.6777683085875,0.00895784874652208,0.0464103469572609,0.0348057811174272,AGER/CYLD/EDA2R/EPHA4/ERN1/FCGR2B/GADD45G/MAPK8IP3/MDFIC/NAIP/NOD1/NR2C2/PTK2B/PTPN22/RASSF2/RGS2/SIRPA/SLAMF1/TLR4/TNIK/TNXB/WNT5A,22
GO:0019216,GO:0019216,regulation of lipid metabolic process,42/1487,326/16754,0.128834355828221,1.45157417454338,2.56962929850931,0.00910967570841463,0.0471529719333969,0.0353627181813869,ABCA7/ABCD2/ACACB/ADGRF5/ASAH1/AVPR1A/BMP6/C3/CD74/CES1/CH25H/DAB2/FMO1/FMO2/FMO5/GNB3/GPIHBP1/H6PD/KAT2B/MLXIPL/NR3C1/NR5A2/OGT/PDE3B/PDK4/PIK3CG/PLPP1/PPARA/PPARG/PRKAA1/PRKG1/PROX1/PSAP/PTGS2/SAMD8/SLC27A1/SNAI2/SNCA/STAT5A/STAT5B/TPK1/ZBTB20,42
GO:0045332,GO:0045332,phospholipid translocation,11/1487,56/16754,0.196428571428571,2.21315688346623,2.83794306005078,0.00927329375061792,0.0478660534302341,0.0358974988957103,ABCA1/ABCA7/ABCB1/ATP10D/ATP11C/ATP8A1/ATP8B2/ATP8B4/P2RX7/PLSCR4/TMEM30A,11
GO:0003094,GO:0003094,glomerular filtration,7/1487,28/16754,0.25,2.81674512441157,3.00263054678561,0.009591097500384,0.0493231069603081,0.0369902269093757,ADGRF5/CD34/CORO2B/F2R/GAS6/JCHAIN/KIRREL1,7
