analysis,sig_mode,group,group_members,cim,rho_threshold,gene
"overlap_BH","padj","ALL3_NKI.NEO.TNBCCL","nki_smc;neo;tnbc_cl","Fun",0.3,"CCDC159"
"overlap_BH","padj","ALL3_NKI.NEO.TNBCCL","nki_smc;neo;tnbc_cl","Fun",0.3,"STAT2"
"overlap_BH","padj","ALL3_NKI.NEO.TNBCCL","nki_smc;neo;tnbc_cl","Fun",0.3,"STING1"
"overlap_BH","padj","ALL3_NKI.NEO.TNBCCL","nki_smc;neo;tnbc_cl","Fun",0.3,"TMEM175"
"overlap_BH","padj","NKI.NEO","nki_smc;neo","Fun",0.3,"ABCA1"
"overlap_BH","padj","NKI.NEO","nki_smc;neo","Fun",0.3,"ABCC1"
"overlap_BH","padj","NKI.NEO","nki_smc;neo","Fun",0.3,"ABCD4"
"overlap_BH","padj","NKI.NEO","nki_smc;neo","Fun",0.3,"ABI3"
"overlap_BH","padj","NKI.NEO","nki_smc;neo","Fun",0.3,"ABR"
"overlap_BH","padj","NKI.NEO","nki_smc;neo","Fun",0.3,"ABTB1"
"overlap_BH","padj","NKI.NEO","nki_smc;neo","Fun",0.3,"ACAD11"
"overlap_BH","padj","NKI.NEO","nki_smc;neo","Fun",0.3,"ACAP1"
"overlap_BH","padj","NKI.NEO","nki_smc;neo","Fun",0.3,"ACAP2"
"overlap_BH","padj","NKI.NEO","nki_smc;neo","Fun",0.3,"ACBD4"
"overlap_BH","padj","NKI.NEO","nki_smc;neo","Fun",0.3,"ADAM19"
"overlap_BH","padj","NKI.NEO","nki_smc;neo","Fun",0.3,"ADAMTS10"
"overlap_BH","padj","NKI.NEO","nki_smc;neo","Fun",0.3,"ADAMTS2"
"overlap_BH","padj","NKI.NEO","nki_smc;neo","Fun",0.3,"ADAMTSL4"
"overlap_BH","padj","NKI.NEO","nki_smc;neo","Fun",0.3,"ADCY3"
"overlap_BH","padj","NKI.NEO","nki_smc;neo","Fun",0.3,"ADCY4"
"overlap_BH","padj","NKI.NEO","nki_smc;neo","Fun",0.3,"ADCY7"
"overlap_BH","padj","NKI.NEO","nki_smc;neo","Fun",0.3,"ADGRE1"
"overlap_BH","padj","NKI.NEO","nki_smc;neo","Fun",0.3,"ADGRE5"
"overlap_BH","padj","NKI.NEO","nki_smc;neo","Fun",0.3,"ADPRH"
"overlap_BH","padj","NKI.NEO","nki_smc;neo","Fun",0.3,"AFF1"
"overlap_BH","padj","NKI.NEO","nki_smc;neo","Fun",0.3,"AGAP5"
"overlap_BH","padj","NKI.NEO","nki_smc;neo","Fun",0.3,"AGAP6"
"overlap_BH","padj","NKI.NEO","nki_smc;neo","Fun",0.3,"AGER"
"overlap_BH","padj","NKI.NEO","nki_smc;neo","Fun",0.3,"AGFG2"
"overlap_BH","padj","NKI.NEO","nki_smc;neo","Fun",0.3,"AGO1"
"overlap_BH","padj","NKI.NEO","nki_smc;neo","Fun",0.3,"AGO4"
"overlap_BH","padj","NKI.NEO","nki_smc;neo","Fun",0.3,"AHSA2P"
"overlap_BH","padj","NKI.NEO","nki_smc;neo","Fun",0.3,"AKNA"
"overlap_BH","padj","NKI.NEO","nki_smc;neo","Fun",0.3,"ALPK1"
"overlap_BH","padj","NKI.NEO","nki_smc;neo","Fun",0.3,"AMPD2"
"overlap_BH","padj","NKI.NEO","nki_smc;neo","Fun",0.3,"AMPD3"
"overlap_BH","padj","NKI.NEO","nki_smc;neo","Fun",0.3,"AMT"
"overlap_BH","padj","NKI.NEO","nki_smc;neo","Fun",0.3,"ANKDD1A"
"overlap_BH","padj","NKI.NEO","nki_smc;neo","Fun",0.3,"ANKRD11"
"overlap_BH","padj","NKI.NEO","nki_smc;neo","Fun",0.3,"APH1B"
"overlap_BH","padj","NKI.NEO","nki_smc;neo","Fun",0.3,"APOBR"
"overlap_BH","padj","NKI.NEO","nki_smc;neo","Fun",0.3,"APOL1"
"overlap_BH","padj","NKI.NEO","nki_smc;neo","Fun",0.3,"ARAP1"
"overlap_BH","padj","NKI.NEO","nki_smc;neo","Fun",0.3,"ARAP3"
"overlap_BH","padj","NKI.NEO","nki_smc;neo","Fun",0.3,"ARHGAP27"
"overlap_BH","padj","NKI.NEO","nki_smc;neo","Fun",0.3,"ARHGAP31"
"overlap_BH","padj","NKI.NEO","nki_smc;neo","Fun",0.3,"ARHGAP4"
"overlap_BH","padj","NKI.NEO","nki_smc;neo","Fun",0.3,"ARHGAP45"
"overlap_BH","padj","NKI.NEO","nki_smc;neo","Fun",0.3,"ARHGEF1"
"overlap_BH","padj","NKI.NEO","nki_smc;neo","Fun",0.3,"ARHGEF17"
"overlap_BH","padj","NKI.NEO","nki_smc;neo","Fun",0.3,"ARHGEF40"
"overlap_BH","padj","NKI.NEO","nki_smc;neo","Fun",0.3,"ARHGEF7"
"overlap_BH","padj","NKI.NEO","nki_smc;neo","Fun",0.3,"ARID1B"
"overlap_BH","padj","NKI.NEO","nki_smc;neo","Fun",0.3,"ARRB1"
"overlap_BH","padj","NKI.NEO","nki_smc;neo","Fun",0.3,"ARRDC4"
"overlap_BH","padj","NKI.NEO","nki_smc;neo","Fun",0.3,"ARSA"
"overlap_BH","padj","NKI.NEO","nki_smc;neo","Fun",0.3,"ARSB"
"overlap_BH","padj","NKI.NEO","nki_smc;neo","Fun",0.3,"ASAP1"
"overlap_BH","padj","NKI.NEO","nki_smc;neo","Fun",0.3,"ASPHD2"
"overlap_BH","padj","NKI.NEO","nki_smc;neo","Fun",0.3,"ASXL1"
"overlap_BH","padj","NKI.NEO","nki_smc;neo","Fun",0.3,"ASXL2"
"overlap_BH","padj","NKI.NEO","nki_smc;neo","Fun",0.3,"ATG7"
"overlap_BH","padj","NKI.NEO","nki_smc;neo","Fun",0.3,"ATP2A3"
"overlap_BH","padj","NKI.NEO","nki_smc;neo","Fun",0.3,"ATP8B2"
"overlap_BH","padj","NKI.NEO","nki_smc;neo","Fun",0.3,"ATXN1L"
"overlap_BH","padj","NKI.NEO","nki_smc;neo","Fun",0.3,"B3GAT2"
"overlap_BH","padj","NKI.NEO","nki_smc;neo","Fun",0.3,"BACE1"
"overlap_BH","padj","NKI.NEO","nki_smc;neo","Fun",0.3,"BCL3"
"overlap_BH","padj","NKI.NEO","nki_smc;neo","Fun",0.3,"BCRP3"
"overlap_BH","padj","NKI.NEO","nki_smc;neo","Fun",0.3,"BEAN1"
"overlap_BH","padj","NKI.NEO","nki_smc;neo","Fun",0.3,"BHLHE41"
"overlap_BH","padj","NKI.NEO","nki_smc;neo","Fun",0.3,"BICRAL"
"overlap_BH","padj","NKI.NEO","nki_smc;neo","Fun",0.3,"BLNK"
"overlap_BH","padj","NKI.NEO","nki_smc;neo","Fun",0.3,"BMP1"
"overlap_BH","padj","NKI.NEO","nki_smc;neo","Fun",0.3,"BOD1L1"
"overlap_BH","padj","NKI.NEO","nki_smc;neo","Fun",0.3,"BTBD19"
"overlap_BH","padj","NKI.NEO","nki_smc;neo","Fun",0.3,"BTN2A1"
"overlap_BH","padj","NKI.NEO","nki_smc;neo","Fun",0.3,"BTN2A3P"
"overlap_BH","padj","NKI.NEO","nki_smc;neo","Fun",0.3,"C16ORF86"
"overlap_BH","padj","NKI.NEO","nki_smc;neo","Fun",0.3,"C1R"
"overlap_BH","padj","NKI.NEO","nki_smc;neo","Fun",0.3,"C1RL"
"overlap_BH","padj","NKI.NEO","nki_smc;neo","Fun",0.3,"C1RL-AS1"
"overlap_BH","padj","NKI.NEO","nki_smc;neo","Fun",0.3,"C3ORF80"
"overlap_BH","padj","NKI.NEO","nki_smc;neo","Fun",0.3,"CARD6"
"overlap_BH","padj","NKI.NEO","nki_smc;neo","Fun",0.3,"CBL"
"overlap_BH","padj","NKI.NEO","nki_smc;neo","Fun",0.3,"CBX6"
"overlap_BH","padj","NKI.NEO","nki_smc;neo","Fun",0.3,"CCDC142"
"overlap_BH","padj","NKI.NEO","nki_smc;neo","Fun",0.3,"CCDC159"
"overlap_BH","padj","NKI.NEO","nki_smc;neo","Fun",0.3,"CCDC17"
"overlap_BH","padj","NKI.NEO","nki_smc;neo","Fun",0.3,"CCDC88B"
"overlap_BH","padj","NKI.NEO","nki_smc;neo","Fun",0.3,"CD33"
"overlap_BH","padj","NKI.NEO","nki_smc;neo","Fun",0.3,"CD93"
"overlap_BH","padj","NKI.NEO","nki_smc;neo","Fun",0.3,"CD99L2"
"overlap_BH","padj","NKI.NEO","nki_smc;neo","Fun",0.3,"CDIP1"
"overlap_BH","padj","NKI.NEO","nki_smc;neo","Fun",0.3,"CDKN1A"
"overlap_BH","padj","NKI.NEO","nki_smc;neo","Fun",0.3,"CENPT"
"overlap_BH","padj","NKI.NEO","nki_smc;neo","Fun",0.3,"CEP164"
"overlap_BH","padj","NKI.NEO","nki_smc;neo","Fun",0.3,"CFLAR"
"overlap_BH","padj","NKI.NEO","nki_smc;neo","Fun",0.3,"CHD3"
"overlap_BH","padj","NKI.NEO","nki_smc;neo","Fun",0.3,"CHKB"
"overlap_BH","padj","NKI.NEO","nki_smc;neo","Fun",0.3,"CHKB-CPT1B"
"overlap_BH","padj","NKI.NEO","nki_smc;neo","Fun",0.3,"CHST11"
"overlap_BH","padj","NKI.NEO","nki_smc;neo","Fun",0.3,"CIC"
"overlap_BH","padj","NKI.NEO","nki_smc;neo","Fun",0.3,"CLCN6"
"overlap_BH","padj","NKI.NEO","nki_smc;neo","Fun",0.3,"CLN8"
"overlap_BH","padj","NKI.NEO","nki_smc;neo","Fun",0.3,"CNTNAP1"
"overlap_BH","padj","NKI.NEO","nki_smc;neo","Fun",0.3,"COL5A1"
"overlap_BH","padj","NKI.NEO","nki_smc;neo","Fun",0.3,"COL5A3"
"overlap_BH","padj","NKI.NEO","nki_smc;neo","Fun",0.3,"COL6A2"
"overlap_BH","padj","NKI.NEO","nki_smc;neo","Fun",0.3,"CPD"
"overlap_BH","padj","NKI.NEO","nki_smc;neo","Fun",0.3,"CPT1C"
"overlap_BH","padj","NKI.NEO","nki_smc;neo","Fun",0.3,"CREB3L2"
"overlap_BH","padj","NKI.NEO","nki_smc;neo","Fun",0.3,"CRTAP"
"overlap_BH","padj","NKI.NEO","nki_smc;neo","Fun",0.3,"CRTC3"
"overlap_BH","padj","NKI.NEO","nki_smc;neo","Fun",0.3,"CRY2"
"overlap_BH","padj","NKI.NEO","nki_smc;neo","Fun",0.3,"CSF1"
"overlap_BH","padj","NKI.NEO","nki_smc;neo","Fun",0.3,"CSGALNACT1"
"overlap_BH","padj","NKI.NEO","nki_smc;neo","Fun",0.3,"CTC1"
"overlap_BH","padj","NKI.NEO","nki_smc;neo","Fun",0.3,"CUL9"
"overlap_BH","padj","NKI.NEO","nki_smc;neo","Fun",0.3,"CYP1B1"
"overlap_BH","padj","NKI.NEO","nki_smc;neo","Fun",0.3,"DAPK1"
"overlap_BH","padj","NKI.NEO","nki_smc;neo","Fun",0.3,"DCHS1"
"overlap_BH","padj","NKI.NEO","nki_smc;neo","Fun",0.3,"DDB2"
"overlap_BH","padj","NKI.NEO","nki_smc;neo","Fun",0.3,"DENND1C"
"overlap_BH","padj","NKI.NEO","nki_smc;neo","Fun",0.3,"DENND3"
"overlap_BH","padj","NKI.NEO","nki_smc;neo","Fun",0.3,"DENND4B"
"overlap_BH","padj","NKI.NEO","nki_smc;neo","Fun",0.3,"DEPP1"
"overlap_BH","padj","NKI.NEO","nki_smc;neo","Fun",0.3,"DISC1"
"overlap_BH","padj","NKI.NEO","nki_smc;neo","Fun",0.3,"DMXL2"
"overlap_BH","padj","NKI.NEO","nki_smc;neo","Fun",0.3,"DNAH1"
"overlap_BH","padj","NKI.NEO","nki_smc;neo","Fun",0.3,"DNM1"
"overlap_BH","padj","NKI.NEO","nki_smc;neo","Fun",0.3,"DOCK4"
"overlap_BH","padj","NKI.NEO","nki_smc;neo","Fun",0.3,"DOK3"
"overlap_BH","padj","NKI.NEO","nki_smc;neo","Fun",0.3,"DPYD"
"overlap_BH","padj","NKI.NEO","nki_smc;neo","Fun",0.3,"DSE"
"overlap_BH","padj","NKI.NEO","nki_smc;neo","Fun",0.3,"DST"
"overlap_BH","padj","NKI.NEO","nki_smc;neo","Fun",0.3,"DTX2"
"overlap_BH","padj","NKI.NEO","nki_smc;neo","Fun",0.3,"DTX2P1-UPK3BP1-PMS2P11"
"overlap_BH","padj","NKI.NEO","nki_smc;neo","Fun",0.3,"DUSP18"
"overlap_BH","padj","NKI.NEO","nki_smc;neo","Fun",0.3,"DYSF"
"overlap_BH","padj","NKI.NEO","nki_smc;neo","Fun",0.3,"EDEM1"
"overlap_BH","padj","NKI.NEO","nki_smc;neo","Fun",0.3,"EEF1AKMT3"
"overlap_BH","padj","NKI.NEO","nki_smc;neo","Fun",0.3,"EEF2K"
"overlap_BH","padj","NKI.NEO","nki_smc;neo","Fun",0.3,"EHBP1L1"
"overlap_BH","padj","NKI.NEO","nki_smc;neo","Fun",0.3,"EHD3"
"overlap_BH","padj","NKI.NEO","nki_smc;neo","Fun",0.3,"EIF4G3"
"overlap_BH","padj","NKI.NEO","nki_smc;neo","Fun",0.3,"EMILIN1"
"overlap_BH","padj","NKI.NEO","nki_smc;neo","Fun",0.3,"EML4"
"overlap_BH","padj","NKI.NEO","nki_smc;neo","Fun",0.3,"ENG"
"overlap_BH","padj","NKI.NEO","nki_smc;neo","Fun",0.3,"ENGASE"
"overlap_BH","padj","NKI.NEO","nki_smc;neo","Fun",0.3,"ENTPD4"
"overlap_BH","padj","NKI.NEO","nki_smc;neo","Fun",0.3,"EP400"
"overlap_BH","padj","NKI.NEO","nki_smc;neo","Fun",0.3,"EP400P1"
"overlap_BH","padj","NKI.NEO","nki_smc;neo","Fun",0.3,"ERAP1"
"overlap_BH","padj","NKI.NEO","nki_smc;neo","Fun",0.3,"ERN1"
"overlap_BH","padj","NKI.NEO","nki_smc;neo","Fun",0.3,"ETV6"
"overlap_BH","padj","NKI.NEO","nki_smc;neo","Fun",0.3,"EVC"
"overlap_BH","padj","NKI.NEO","nki_smc;neo","Fun",0.3,"EXOC8"
"overlap_BH","padj","NKI.NEO","nki_smc;neo","Fun",0.3,"EXOG"
"overlap_BH","padj","NKI.NEO","nki_smc;neo","Fun",0.3,"EXTL3"
"overlap_BH","padj","NKI.NEO","nki_smc;neo","Fun",0.3,"FAM124A"
"overlap_BH","padj","NKI.NEO","nki_smc;neo","Fun",0.3,"FAM193B"
"overlap_BH","padj","NKI.NEO","nki_smc;neo","Fun",0.3,"FAM20A"
"overlap_BH","padj","NKI.NEO","nki_smc;neo","Fun",0.3,"FAM78A"
"overlap_BH","padj","NKI.NEO","nki_smc;neo","Fun",0.3,"FBLN7"
"overlap_BH","padj","NKI.NEO","nki_smc;neo","Fun",0.3,"FBXO10"
"overlap_BH","padj","NKI.NEO","nki_smc;neo","Fun",0.3,"FBXO11"
"overlap_BH","padj","NKI.NEO","nki_smc;neo","Fun",0.3,"FBXO31"
"overlap_BH","padj","NKI.NEO","nki_smc;neo","Fun",0.3,"FCGRT"
"overlap_BH","padj","NKI.NEO","nki_smc;neo","Fun",0.3,"FCHSD1"
"overlap_BH","padj","NKI.NEO","nki_smc;neo","Fun",0.3,"FERMT3"
"overlap_BH","padj","NKI.NEO","nki_smc;neo","Fun",0.3,"FES"
"overlap_BH","padj","NKI.NEO","nki_smc;neo","Fun",0.3,"FHIP1B"
"overlap_BH","padj","NKI.NEO","nki_smc;neo","Fun",0.3,"FHIP2B"
"overlap_BH","padj","NKI.NEO","nki_smc;neo","Fun",0.3,"FMNL1"
"overlap_BH","padj","NKI.NEO","nki_smc;neo","Fun",0.3,"FMNL3"
"overlap_BH","padj","NKI.NEO","nki_smc;neo","Fun",0.3,"FNBP1"
"overlap_BH","padj","NKI.NEO","nki_smc;neo","Fun",0.3,"FNBP4"
"overlap_BH","padj","NKI.NEO","nki_smc;neo","Fun",0.3,"FNDC3B"
"overlap_BH","padj","NKI.NEO","nki_smc;neo","Fun",0.3,"FOXN3"
"overlap_BH","padj","NKI.NEO","nki_smc;neo","Fun",0.3,"FOXO3B"
"overlap_BH","padj","NKI.NEO","nki_smc;neo","Fun",0.3,"FRMD4B"
"overlap_BH","padj","NKI.NEO","nki_smc;neo","Fun",0.3,"GABBR1"
"overlap_BH","padj","NKI.NEO","nki_smc;neo","Fun",0.3,"GADD45G"
"overlap_BH","padj","NKI.NEO","nki_smc;neo","Fun",0.3,"GAL3ST4"
"overlap_BH","padj","NKI.NEO","nki_smc;neo","Fun",0.3,"GAS6"
"overlap_BH","padj","NKI.NEO","nki_smc;neo","Fun",0.3,"GAS6-AS1"
"overlap_BH","padj","NKI.NEO","nki_smc;neo","Fun",0.3,"GIPC3"
"overlap_BH","padj","NKI.NEO","nki_smc;neo","Fun",0.3,"GIT2"
"overlap_BH","padj","NKI.NEO","nki_smc;neo","Fun",0.3,"GLG1"
"overlap_BH","padj","NKI.NEO","nki_smc;neo","Fun",0.3,"GLI2"
"overlap_BH","padj","NKI.NEO","nki_smc;neo","Fun",0.3,"GNB4"
"overlap_BH","padj","NKI.NEO","nki_smc;neo","Fun",0.3,"GNE"
"overlap_BH","padj","NKI.NEO","nki_smc;neo","Fun",0.3,"GNPTAB"
"overlap_BH","padj","NKI.NEO","nki_smc;neo","Fun",0.3,"GOLGA6L4"
"overlap_BH","padj","NKI.NEO","nki_smc;neo","Fun",0.3,"GOLGA6L5P"
"overlap_BH","padj","NKI.NEO","nki_smc;neo","Fun",0.3,"GPR132"
"overlap_BH","padj","NKI.NEO","nki_smc;neo","Fun",0.3,"GPR162"
"overlap_BH","padj","NKI.NEO","nki_smc;neo","Fun",0.3,"GPRIN3"
"overlap_BH","padj","NKI.NEO","nki_smc;neo","Fun",0.3,"GPSM3"
"overlap_BH","padj","NKI.NEO","nki_smc;neo","Fun",0.3,"GRASLND"
"overlap_BH","padj","NKI.NEO","nki_smc;neo","Fun",0.3,"GTPBP1"
"overlap_BH","padj","NKI.NEO","nki_smc;neo","Fun",0.3,"GUSBP11"
"overlap_BH","padj","NKI.NEO","nki_smc;neo","Fun",0.3,"H6PD"
"overlap_BH","padj","NKI.NEO","nki_smc;neo","Fun",0.3,"HDAC10"
"overlap_BH","padj","NKI.NEO","nki_smc;neo","Fun",0.3,"HDAC4"
"overlap_BH","padj","NKI.NEO","nki_smc;neo","Fun",0.3,"HDAC7"
"overlap_BH","padj","NKI.NEO","nki_smc;neo","Fun",0.3,"HECA"
"overlap_BH","padj","NKI.NEO","nki_smc;neo","Fun",0.3,"HECW2"
"overlap_BH","padj","NKI.NEO","nki_smc;neo","Fun",0.3,"HERC1"
"overlap_BH","padj","NKI.NEO","nki_smc;neo","Fun",0.3,"HERC2P2"
"overlap_BH","padj","NKI.NEO","nki_smc;neo","Fun",0.3,"HERC2P3"
"overlap_BH","padj","NKI.NEO","nki_smc;neo","Fun",0.3,"HIC2"
"overlap_BH","padj","NKI.NEO","nki_smc;neo","Fun",0.3,"HLA-F-AS1"
"overlap_BH","padj","NKI.NEO","nki_smc;neo","Fun",0.3,"HP1BP3"
"overlap_BH","padj","NKI.NEO","nki_smc;neo","Fun",0.3,"HPS4"
"overlap_BH","padj","NKI.NEO","nki_smc;neo","Fun",0.3,"HSPG2"
"overlap_BH","padj","NKI.NEO","nki_smc;neo","Fun",0.3,"ICAM1"
"overlap_BH","padj","NKI.NEO","nki_smc;neo","Fun",0.3,"IDUA"
"overlap_BH","padj","NKI.NEO","nki_smc;neo","Fun",0.3,"IFFO1"
"overlap_BH","padj","NKI.NEO","nki_smc;neo","Fun",0.3,"IGDCC4"
"overlap_BH","padj","NKI.NEO","nki_smc;neo","Fun",0.3,"IKZF4"
"overlap_BH","padj","NKI.NEO","nki_smc;neo","Fun",0.3,"IL17RA"
"overlap_BH","padj","NKI.NEO","nki_smc;neo","Fun",0.3,"IL4R"
"overlap_BH","padj","NKI.NEO","nki_smc;neo","Fun",0.3,"INO80D"
"overlap_BH","padj","NKI.NEO","nki_smc;neo","Fun",0.3,"INPP4A"
"overlap_BH","padj","NKI.NEO","nki_smc;neo","Fun",0.3,"INPP5B"
"overlap_BH","padj","NKI.NEO","nki_smc;neo","Fun",0.3,"INPP5D"
"overlap_BH","padj","NKI.NEO","nki_smc;neo","Fun",0.3,"INPP5E"
"overlap_BH","padj","NKI.NEO","nki_smc;neo","Fun",0.3,"IQSEC1"
"overlap_BH","padj","NKI.NEO","nki_smc;neo","Fun",0.3,"IRAK2"
"overlap_BH","padj","NKI.NEO","nki_smc;neo","Fun",0.3,"IRF2"
"overlap_BH","padj","NKI.NEO","nki_smc;neo","Fun",0.3,"IRF5"
"overlap_BH","padj","NKI.NEO","nki_smc;neo","Fun",0.3,"ITGA5"
"overlap_BH","padj","NKI.NEO","nki_smc;neo","Fun",0.3,"ITGB2"
"overlap_BH","padj","NKI.NEO","nki_smc;neo","Fun",0.3,"ITPRIP"
"overlap_BH","padj","NKI.NEO","nki_smc;neo","Fun",0.3,"JADE1"
"overlap_BH","padj","NKI.NEO","nki_smc;neo","Fun",0.3,"JAK3"
"overlap_BH","padj","NKI.NEO","nki_smc;neo","Fun",0.3,"JAZF1"
"overlap_BH","padj","NKI.NEO","nki_smc;neo","Fun",0.3,"JMY"
"overlap_BH","padj","NKI.NEO","nki_smc;neo","Fun",0.3,"KCNAB2"
"overlap_BH","padj","NKI.NEO","nki_smc;neo","Fun",0.3,"KCND1"
"overlap_BH","padj","NKI.NEO","nki_smc;neo","Fun",0.3,"KCNJ2"
"overlap_BH","padj","NKI.NEO","nki_smc;neo","Fun",0.3,"KDM8"
"overlap_BH","padj","NKI.NEO","nki_smc;neo","Fun",0.3,"KIAA0513"
"overlap_BH","padj","NKI.NEO","nki_smc;neo","Fun",0.3,"KIRREL1"
"overlap_BH","padj","NKI.NEO","nki_smc;neo","Fun",0.3,"KLF13"
"overlap_BH","padj","NKI.NEO","nki_smc;neo","Fun",0.3,"KLF3"
"overlap_BH","padj","NKI.NEO","nki_smc;neo","Fun",0.3,"KMT2E"
"overlap_BH","padj","NKI.NEO","nki_smc;neo","Fun",0.3,"LAT2"
"overlap_BH","padj","NKI.NEO","nki_smc;neo","Fun",0.3,"LCAT"
"overlap_BH","padj","NKI.NEO","nki_smc;neo","Fun",0.3,"LENG8"
"overlap_BH","padj","NKI.NEO","nki_smc;neo","Fun",0.3,"LINC00265"
"overlap_BH","padj","NKI.NEO","nki_smc;neo","Fun",0.3,"LINC00667"
"overlap_BH","padj","NKI.NEO","nki_smc;neo","Fun",0.3,"LINC00852"
"overlap_BH","padj","NKI.NEO","nki_smc;neo","Fun",0.3,"LINC02693"
"overlap_BH","padj","NKI.NEO","nki_smc;neo","Fun",0.3,"LIX1L"
"overlap_BH","padj","NKI.NEO","nki_smc;neo","Fun",0.3,"LMBR1L"
"overlap_BH","padj","NKI.NEO","nki_smc;neo","Fun",0.3,"LPCAT2"
"overlap_BH","padj","NKI.NEO","nki_smc;neo","Fun",0.3,"LPP"
"overlap_BH","padj","NKI.NEO","nki_smc;neo","Fun",0.3,"LRP1"
"overlap_BH","padj","NKI.NEO","nki_smc;neo","Fun",0.3,"LRRK1"
"overlap_BH","padj","NKI.NEO","nki_smc;neo","Fun",0.3,"LY6G5B"
"overlap_BH","padj","NKI.NEO","nki_smc;neo","Fun",0.3,"LYL1"
"overlap_BH","padj","NKI.NEO","nki_smc;neo","Fun",0.3,"LZTR1"
"overlap_BH","padj","NKI.NEO","nki_smc;neo","Fun",0.3,"LZTS1"
"overlap_BH","padj","NKI.NEO","nki_smc;neo","Fun",0.3,"MACF1"
"overlap_BH","padj","NKI.NEO","nki_smc;neo","Fun",0.3,"MAGEL2"
"overlap_BH","padj","NKI.NEO","nki_smc;neo","Fun",0.3,"MAMDC4"
"overlap_BH","padj","NKI.NEO","nki_smc;neo","Fun",0.3,"MAML3"
"overlap_BH","padj","NKI.NEO","nki_smc;neo","Fun",0.3,"MAN1C1"
"overlap_BH","padj","NKI.NEO","nki_smc;neo","Fun",0.3,"MAN2C1"
"overlap_BH","padj","NKI.NEO","nki_smc;neo","Fun",0.3,"MAP3K14"
"overlap_BH","padj","NKI.NEO","nki_smc;neo","Fun",0.3,"MAP3K2"
"overlap_BH","padj","NKI.NEO","nki_smc;neo","Fun",0.3,"MAP3K5"
"overlap_BH","padj","NKI.NEO","nki_smc;neo","Fun",0.3,"MAPKBP1"
"overlap_BH","padj","NKI.NEO","nki_smc;neo","Fun",0.3,"MARCKS"
"overlap_BH","padj","NKI.NEO","nki_smc;neo","Fun",0.3,"MARF1"
"overlap_BH","padj","NKI.NEO","nki_smc;neo","Fun",0.3,"MAST3"
"overlap_BH","padj","NKI.NEO","nki_smc;neo","Fun",0.3,"MCC"
"overlap_BH","padj","NKI.NEO","nki_smc;neo","Fun",0.3,"MCL1"
"overlap_BH","padj","NKI.NEO","nki_smc;neo","Fun",0.3,"MEF2B"
"overlap_BH","padj","NKI.NEO","nki_smc;neo","Fun",0.3,"MEGF8"
"overlap_BH","padj","NKI.NEO","nki_smc;neo","Fun",0.3,"MEIS2"
"overlap_BH","padj","NKI.NEO","nki_smc;neo","Fun",0.3,"MGA"
"overlap_BH","padj","NKI.NEO","nki_smc;neo","Fun",0.3,"MICAL1"
"overlap_BH","padj","NKI.NEO","nki_smc;neo","Fun",0.3,"MINAR1"
"overlap_BH","padj","NKI.NEO","nki_smc;neo","Fun",0.3,"MLKL"
"overlap_BH","padj","NKI.NEO","nki_smc;neo","Fun",0.3,"MLXIP"
"overlap_BH","padj","NKI.NEO","nki_smc;neo","Fun",0.3,"MOB3A"
"overlap_BH","padj","NKI.NEO","nki_smc;neo","Fun",0.3,"MOB3C"
"overlap_BH","padj","NKI.NEO","nki_smc;neo","Fun",0.3,"MPP1"
"overlap_BH","padj","NKI.NEO","nki_smc;neo","Fun",0.3,"MSC"
"overlap_BH","padj","NKI.NEO","nki_smc;neo","Fun",0.3,"MSL2"
"overlap_BH","padj","NKI.NEO","nki_smc;neo","Fun",0.3,"MSMP"
"overlap_BH","padj","NKI.NEO","nki_smc;neo","Fun",0.3,"MTMR3"
"overlap_BH","padj","NKI.NEO","nki_smc;neo","Fun",0.3,"MVP"
"overlap_BH","padj","NKI.NEO","nki_smc;neo","Fun",0.3,"MYLK"
"overlap_BH","padj","NKI.NEO","nki_smc;neo","Fun",0.3,"MYO18A"
"overlap_BH","padj","NKI.NEO","nki_smc;neo","Fun",0.3,"MYO1F"
"overlap_BH","padj","NKI.NEO","nki_smc;neo","Fun",0.3,"MYO9B"
"overlap_BH","padj","NKI.NEO","nki_smc;neo","Fun",0.3,"N4BP2"
"overlap_BH","padj","NKI.NEO","nki_smc;neo","Fun",0.3,"NATD1"
"overlap_BH","padj","NKI.NEO","nki_smc;neo","Fun",0.3,"NBEAL2"
"overlap_BH","padj","NKI.NEO","nki_smc;neo","Fun",0.3,"NBPF1"
"overlap_BH","padj","NKI.NEO","nki_smc;neo","Fun",0.3,"NBPF10"
"overlap_BH","padj","NKI.NEO","nki_smc;neo","Fun",0.3,"NBPF11"
"overlap_BH","padj","NKI.NEO","nki_smc;neo","Fun",0.3,"NBPF12"
"overlap_BH","padj","NKI.NEO","nki_smc;neo","Fun",0.3,"NBPF14"
"overlap_BH","padj","NKI.NEO","nki_smc;neo","Fun",0.3,"NBPF9"
"overlap_BH","padj","NKI.NEO","nki_smc;neo","Fun",0.3,"NCF4"
"overlap_BH","padj","NKI.NEO","nki_smc;neo","Fun",0.3,"NCOA1"
"overlap_BH","padj","NKI.NEO","nki_smc;neo","Fun",0.3,"NDST2"
"overlap_BH","padj","NKI.NEO","nki_smc;neo","Fun",0.3,"NEK9"
"overlap_BH","padj","NKI.NEO","nki_smc;neo","Fun",0.3,"NFAM1"
"overlap_BH","padj","NKI.NEO","nki_smc;neo","Fun",0.3,"NFKB1"
"overlap_BH","padj","NKI.NEO","nki_smc;neo","Fun",0.3,"NFKBIA"
"overlap_BH","padj","NKI.NEO","nki_smc;neo","Fun",0.3,"NFKBID"
"overlap_BH","padj","NKI.NEO","nki_smc;neo","Fun",0.3,"NFKBIZ"
"overlap_BH","padj","NKI.NEO","nki_smc;neo","Fun",0.3,"NHSL2"
"overlap_BH","padj","NKI.NEO","nki_smc;neo","Fun",0.3,"NISCH"
"overlap_BH","padj","NKI.NEO","nki_smc;neo","Fun",0.3,"NLGN2"
"overlap_BH","padj","NKI.NEO","nki_smc;neo","Fun",0.3,"NLRP3"
"overlap_BH","padj","NKI.NEO","nki_smc;neo","Fun",0.3,"NOD1"
"overlap_BH","padj","NKI.NEO","nki_smc;neo","Fun",0.3,"NOTCH1"
"overlap_BH","padj","NKI.NEO","nki_smc;neo","Fun",0.3,"NPC1"
"overlap_BH","padj","NKI.NEO","nki_smc;neo","Fun",0.3,"NPIPA1"
"overlap_BH","padj","NKI.NEO","nki_smc;neo","Fun",0.3,"NR2C2"
"overlap_BH","padj","NKI.NEO","nki_smc;neo","Fun",0.3,"NRP1"
"overlap_BH","padj","NKI.NEO","nki_smc;neo","Fun",0.3,"NXF1"
"overlap_BH","padj","NKI.NEO","nki_smc;neo","Fun",0.3,"OSBPL3"
"overlap_BH","padj","NKI.NEO","nki_smc;neo","Fun",0.3,"OSBPL7"
"overlap_BH","padj","NKI.NEO","nki_smc;neo","Fun",0.3,"OTUD1"
"overlap_BH","padj","NKI.NEO","nki_smc;neo","Fun",0.3,"P2RY1"
"overlap_BH","padj","NKI.NEO","nki_smc;neo","Fun",0.3,"PAG1"
"overlap_BH","padj","NKI.NEO","nki_smc;neo","Fun",0.3,"PALD1"
"overlap_BH","padj","NKI.NEO","nki_smc;neo","Fun",0.3,"PCDHGA11"
"overlap_BH","padj","NKI.NEO","nki_smc;neo","Fun",0.3,"PCDHGA12"
"overlap_BH","padj","NKI.NEO","nki_smc;neo","Fun",0.3,"PCDHGA2"
"overlap_BH","padj","NKI.NEO","nki_smc;neo","Fun",0.3,"PCDHGA3"
"overlap_BH","padj","NKI.NEO","nki_smc;neo","Fun",0.3,"PCDHGA6"
"overlap_BH","padj","NKI.NEO","nki_smc;neo","Fun",0.3,"PCDHGA7"
"overlap_BH","padj","NKI.NEO","nki_smc;neo","Fun",0.3,"PCDHGA9"
"overlap_BH","padj","NKI.NEO","nki_smc;neo","Fun",0.3,"PCDHGB6"
"overlap_BH","padj","NKI.NEO","nki_smc;neo","Fun",0.3,"PCDHGB7"
"overlap_BH","padj","NKI.NEO","nki_smc;neo","Fun",0.3,"PCDHGB8P"
"overlap_BH","padj","NKI.NEO","nki_smc;neo","Fun",0.3,"PCOLCE"
"overlap_BH","padj","NKI.NEO","nki_smc;neo","Fun",0.3,"PCOLCE-AS1"
"overlap_BH","padj","NKI.NEO","nki_smc;neo","Fun",0.3,"PCSK7"
"overlap_BH","padj","NKI.NEO","nki_smc;neo","Fun",0.3,"PDE4A"
"overlap_BH","padj","NKI.NEO","nki_smc;neo","Fun",0.3,"PDE4DIP"
"overlap_BH","padj","NKI.NEO","nki_smc;neo","Fun",0.3,"PDE8A"
"overlap_BH","padj","NKI.NEO","nki_smc;neo","Fun",0.3,"PDPN"
"overlap_BH","padj","NKI.NEO","nki_smc;neo","Fun",0.3,"PDPR"
"overlap_BH","padj","NKI.NEO","nki_smc;neo","Fun",0.3,"PEAK1"
"overlap_BH","padj","NKI.NEO","nki_smc;neo","Fun",0.3,"PECAM1"
"overlap_BH","padj","NKI.NEO","nki_smc;neo","Fun",0.3,"PGGHG"
"overlap_BH","padj","NKI.NEO","nki_smc;neo","Fun",0.3,"PHC3"
"overlap_BH","padj","NKI.NEO","nki_smc;neo","Fun",0.3,"PHF12"
"overlap_BH","padj","NKI.NEO","nki_smc;neo","Fun",0.3,"PHF21A"
"overlap_BH","padj","NKI.NEO","nki_smc;neo","Fun",0.3,"PHLDB1"
"overlap_BH","padj","NKI.NEO","nki_smc;neo","Fun",0.3,"PHYKPL"
"overlap_BH","padj","NKI.NEO","nki_smc;neo","Fun",0.3,"PI4KAP1"
"overlap_BH","padj","NKI.NEO","nki_smc;neo","Fun",0.3,"PI4KAP2"
"overlap_BH","padj","NKI.NEO","nki_smc;neo","Fun",0.3,"PIK3CD"
"overlap_BH","padj","NKI.NEO","nki_smc;neo","Fun",0.3,"PKD1"
"overlap_BH","padj","NKI.NEO","nki_smc;neo","Fun",0.3,"PKD1P1"
"overlap_BH","padj","NKI.NEO","nki_smc;neo","Fun",0.3,"PLAGL1"
"overlap_BH","padj","NKI.NEO","nki_smc;neo","Fun",0.3,"PLCB2"
"overlap_BH","padj","NKI.NEO","nki_smc;neo","Fun",0.3,"PLD3"
"overlap_BH","padj","NKI.NEO","nki_smc;neo","Fun",0.3,"PLEKHM1"
"overlap_BH","padj","NKI.NEO","nki_smc;neo","Fun",0.3,"PLEKHM3"
"overlap_BH","padj","NKI.NEO","nki_smc;neo","Fun",0.3,"PLEKHO2"
"overlap_BH","padj","NKI.NEO","nki_smc;neo","Fun",0.3,"PLPP7"
"overlap_BH","padj","NKI.NEO","nki_smc;neo","Fun",0.3,"PLTP"
"overlap_BH","padj","NKI.NEO","nki_smc;neo","Fun",0.3,"PML"
"overlap_BH","padj","NKI.NEO","nki_smc;neo","Fun",0.3,"PNPLA6"
"overlap_BH","padj","NKI.NEO","nki_smc;neo","Fun",0.3,"POU5F1P3"
"overlap_BH","padj","NKI.NEO","nki_smc;neo","Fun",0.3,"POU6F1"
"overlap_BH","padj","NKI.NEO","nki_smc;neo","Fun",0.3,"PPARGC1B"
"overlap_BH","padj","NKI.NEO","nki_smc;neo","Fun",0.3,"PPM1F"
"overlap_BH","padj","NKI.NEO","nki_smc;neo","Fun",0.3,"PPM1M"
"overlap_BH","padj","NKI.NEO","nki_smc;neo","Fun",0.3,"PPP1R12C"
"overlap_BH","padj","NKI.NEO","nki_smc;neo","Fun",0.3,"PPP1R18"
"overlap_BH","padj","NKI.NEO","nki_smc;neo","Fun",0.3,"PRDM1"
"overlap_BH","padj","NKI.NEO","nki_smc;neo","Fun",0.3,"PRDM15"
"overlap_BH","padj","NKI.NEO","nki_smc;neo","Fun",0.3,"PRDM2"
"overlap_BH","padj","NKI.NEO","nki_smc;neo","Fun",0.3,"PRDM8"
"overlap_BH","padj","NKI.NEO","nki_smc;neo","Fun",0.3,"PRKD2"
"overlap_BH","padj","NKI.NEO","nki_smc;neo","Fun",0.3,"PRKD3"
"overlap_BH","padj","NKI.NEO","nki_smc;neo","Fun",0.3,"PRR5L"
"overlap_BH","padj","NKI.NEO","nki_smc;neo","Fun",0.3,"PSTPIP1"
"overlap_BH","padj","NKI.NEO","nki_smc;neo","Fun",0.3,"PTCH1"
"overlap_BH","padj","NKI.NEO","nki_smc;neo","Fun",0.3,"PTGIR"
"overlap_BH","padj","NKI.NEO","nki_smc;neo","Fun",0.3,"PTPN21"
"overlap_BH","padj","NKI.NEO","nki_smc;neo","Fun",0.3,"PTPRJ"
"overlap_BH","padj","NKI.NEO","nki_smc;neo","Fun",0.3,"PXK"
"overlap_BH","padj","NKI.NEO","nki_smc;neo","Fun",0.3,"RAB27A"
"overlap_BH","padj","NKI.NEO","nki_smc;neo","Fun",0.3,"RALGDS"
"overlap_BH","padj","NKI.NEO","nki_smc;neo","Fun",0.3,"RANBP10"
"overlap_BH","padj","NKI.NEO","nki_smc;neo","Fun",0.3,"RAPGEF2"
"overlap_BH","padj","NKI.NEO","nki_smc;neo","Fun",0.3,"RASA3"
"overlap_BH","padj","NKI.NEO","nki_smc;neo","Fun",0.3,"RASA4"
"overlap_BH","padj","NKI.NEO","nki_smc;neo","Fun",0.3,"RASAL3"
"overlap_BH","padj","NKI.NEO","nki_smc;neo","Fun",0.3,"RASSF4"
"overlap_BH","padj","NKI.NEO","nki_smc;neo","Fun",0.3,"RCAN2"
"overlap_BH","padj","NKI.NEO","nki_smc;neo","Fun",0.3,"RFTN1"
"overlap_BH","padj","NKI.NEO","nki_smc;neo","Fun",0.3,"RIN3"
"overlap_BH","padj","NKI.NEO","nki_smc;neo","Fun",0.3,"RNF144A"
"overlap_BH","padj","NKI.NEO","nki_smc;neo","Fun",0.3,"ROBO1"
"overlap_BH","padj","NKI.NEO","nki_smc;neo","Fun",0.3,"ROR2"
"overlap_BH","padj","NKI.NEO","nki_smc;neo","Fun",0.3,"RPL23AP64"
"overlap_BH","padj","NKI.NEO","nki_smc;neo","Fun",0.3,"RPS6KA2"
"overlap_BH","padj","NKI.NEO","nki_smc;neo","Fun",0.3,"RSKR"
"overlap_BH","padj","NKI.NEO","nki_smc;neo","Fun",0.3,"RUBCN"
"overlap_BH","padj","NKI.NEO","nki_smc;neo","Fun",0.3,"RUNX2"
"overlap_BH","padj","NKI.NEO","nki_smc;neo","Fun",0.3,"RUNX3"
"overlap_BH","padj","NKI.NEO","nki_smc;neo","Fun",0.3,"S100PBP"
"overlap_BH","padj","NKI.NEO","nki_smc;neo","Fun",0.3,"SAP25"
"overlap_BH","padj","NKI.NEO","nki_smc;neo","Fun",0.3,"SARM1"
"overlap_BH","padj","NKI.NEO","nki_smc;neo","Fun",0.3,"SBF1"
"overlap_BH","padj","NKI.NEO","nki_smc;neo","Fun",0.3,"SCAND2P"
"overlap_BH","padj","NKI.NEO","nki_smc;neo","Fun",0.3,"SCARF1"
"overlap_BH","padj","NKI.NEO","nki_smc;neo","Fun",0.3,"SDC3"
"overlap_BH","padj","NKI.NEO","nki_smc;neo","Fun",0.3,"SEC14L1P1"
"overlap_BH","padj","NKI.NEO","nki_smc;neo","Fun",0.3,"SEC16B"
"overlap_BH","padj","NKI.NEO","nki_smc;neo","Fun",0.3,"SEMA4D"
"overlap_BH","padj","NKI.NEO","nki_smc;neo","Fun",0.3,"SEMA6B"
"overlap_BH","padj","NKI.NEO","nki_smc;neo","Fun",0.3,"SERPINB9"
"overlap_BH","padj","NKI.NEO","nki_smc;neo","Fun",0.3,"SGPP1"
"overlap_BH","padj","NKI.NEO","nki_smc;neo","Fun",0.3,"SGTB"
"overlap_BH","padj","NKI.NEO","nki_smc;neo","Fun",0.3,"SH2B3"
"overlap_BH","padj","NKI.NEO","nki_smc;neo","Fun",0.3,"SH3BP2"
"overlap_BH","padj","NKI.NEO","nki_smc;neo","Fun",0.3,"SH3TC1"
"overlap_BH","padj","NKI.NEO","nki_smc;neo","Fun",0.3,"SHFL"
"overlap_BH","padj","NKI.NEO","nki_smc;neo","Fun",0.3,"SHOX2"
"overlap_BH","padj","NKI.NEO","nki_smc;neo","Fun",0.3,"SIK3"
"overlap_BH","padj","NKI.NEO","nki_smc;neo","Fun",0.3,"SIRPA"
"overlap_BH","padj","NKI.NEO","nki_smc;neo","Fun",0.3,"SLC12A4"
"overlap_BH","padj","NKI.NEO","nki_smc;neo","Fun",0.3,"SLC12A6"
"overlap_BH","padj","NKI.NEO","nki_smc;neo","Fun",0.3,"SLC15A4"
"overlap_BH","padj","NKI.NEO","nki_smc;neo","Fun",0.3,"SLC16A2"
"overlap_BH","padj","NKI.NEO","nki_smc;neo","Fun",0.3,"SLC23A2"
"overlap_BH","padj","NKI.NEO","nki_smc;neo","Fun",0.3,"SLC25A37"
"overlap_BH","padj","NKI.NEO","nki_smc;neo","Fun",0.3,"SLC27A1"
"overlap_BH","padj","NKI.NEO","nki_smc;neo","Fun",0.3,"SLC36A1"
"overlap_BH","padj","NKI.NEO","nki_smc;neo","Fun",0.3,"SLC38A5"
"overlap_BH","padj","NKI.NEO","nki_smc;neo","Fun",0.3,"SLC51A"
"overlap_BH","padj","NKI.NEO","nki_smc;neo","Fun",0.3,"SLC6A6"
"overlap_BH","padj","NKI.NEO","nki_smc;neo","Fun",0.3,"SLFN5"
"overlap_BH","padj","NKI.NEO","nki_smc;neo","Fun",0.3,"SNX27"
"overlap_BH","padj","NKI.NEO","nki_smc;neo","Fun",0.3,"SNX29"
"overlap_BH","padj","NKI.NEO","nki_smc;neo","Fun",0.3,"SOS1"
"overlap_BH","padj","NKI.NEO","nki_smc;neo","Fun",0.3,"SPATA13"
"overlap_BH","padj","NKI.NEO","nki_smc;neo","Fun",0.3,"SPG11"
"overlap_BH","padj","NKI.NEO","nki_smc;neo","Fun",0.3,"SPG7"
"overlap_BH","padj","NKI.NEO","nki_smc;neo","Fun",0.3,"SPI1"
"overlap_BH","padj","NKI.NEO","nki_smc;neo","Fun",0.3,"SRGAP2"
"overlap_BH","padj","NKI.NEO","nki_smc;neo","Fun",0.3,"SRGAP3"
"overlap_BH","padj","NKI.NEO","nki_smc;neo","Fun",0.3,"ST3GAL2"
"overlap_BH","padj","NKI.NEO","nki_smc;neo","Fun",0.3,"ST6GALNAC6"
"overlap_BH","padj","NKI.NEO","nki_smc;neo","Fun",0.3,"STAB1"
"overlap_BH","padj","NKI.NEO","nki_smc;neo","Fun",0.3,"STAT2"
"overlap_BH","padj","NKI.NEO","nki_smc;neo","Fun",0.3,"STAT5A"
"overlap_BH","padj","NKI.NEO","nki_smc;neo","Fun",0.3,"STAT5B"
"overlap_BH","padj","NKI.NEO","nki_smc;neo","Fun",0.3,"STAT6"
"overlap_BH","padj","NKI.NEO","nki_smc;neo","Fun",0.3,"STIMATE-MUSTN1"
"overlap_BH","padj","NKI.NEO","nki_smc;neo","Fun",0.3,"STING1"
"overlap_BH","padj","NKI.NEO","nki_smc;neo","Fun",0.3,"STK10"
"overlap_BH","padj","NKI.NEO","nki_smc;neo","Fun",0.3,"SUFU"
"overlap_BH","padj","NKI.NEO","nki_smc;neo","Fun",0.3,"SULT1A4"
"overlap_BH","padj","NKI.NEO","nki_smc;neo","Fun",0.3,"SUSD6"
"overlap_BH","padj","NKI.NEO","nki_smc;neo","Fun",0.3,"SWAP70"
"overlap_BH","padj","NKI.NEO","nki_smc;neo","Fun",0.3,"SYNGAP1"
"overlap_BH","padj","NKI.NEO","nki_smc;neo","Fun",0.3,"SZT2"
"overlap_BH","padj","NKI.NEO","nki_smc;neo","Fun",0.3,"TAF1"
"overlap_BH","padj","NKI.NEO","nki_smc;neo","Fun",0.3,"TAF1C"
"overlap_BH","padj","NKI.NEO","nki_smc;neo","Fun",0.3,"TANGO6"
"overlap_BH","padj","NKI.NEO","nki_smc;neo","Fun",0.3,"TBC1D2B"
"overlap_BH","padj","NKI.NEO","nki_smc;neo","Fun",0.3,"TBKBP1"
"overlap_BH","padj","NKI.NEO","nki_smc;neo","Fun",0.3,"TCF4"
"overlap_BH","padj","NKI.NEO","nki_smc;neo","Fun",0.3,"TCF7L2"
"overlap_BH","padj","NKI.NEO","nki_smc;neo","Fun",0.3,"TECPR1"
"overlap_BH","padj","NKI.NEO","nki_smc;neo","Fun",0.3,"TGFBR2"
"overlap_BH","padj","NKI.NEO","nki_smc;neo","Fun",0.3,"THEMIS2"
"overlap_BH","padj","NKI.NEO","nki_smc;neo","Fun",0.3,"TLE4"
"overlap_BH","padj","NKI.NEO","nki_smc;neo","Fun",0.3,"TLN1"
"overlap_BH","padj","NKI.NEO","nki_smc;neo","Fun",0.3,"TMC8"
"overlap_BH","padj","NKI.NEO","nki_smc;neo","Fun",0.3,"TMEM106A"
"overlap_BH","padj","NKI.NEO","nki_smc;neo","Fun",0.3,"TMEM175"
"overlap_BH","padj","NKI.NEO","nki_smc;neo","Fun",0.3,"TMEM255B"
"overlap_BH","padj","NKI.NEO","nki_smc;neo","Fun",0.3,"TMEM259"
"overlap_BH","padj","NKI.NEO","nki_smc;neo","Fun",0.3,"TMEM59L"
"overlap_BH","padj","NKI.NEO","nki_smc;neo","Fun",0.3,"TMEM74B"
"overlap_BH","padj","NKI.NEO","nki_smc;neo","Fun",0.3,"TMEM91"
"overlap_BH","padj","NKI.NEO","nki_smc;neo","Fun",0.3,"TNFAIP2"
"overlap_BH","padj","NKI.NEO","nki_smc;neo","Fun",0.3,"TNFRSF10B"
"overlap_BH","padj","NKI.NEO","nki_smc;neo","Fun",0.3,"TNFRSF14"
"overlap_BH","padj","NKI.NEO","nki_smc;neo","Fun",0.3,"TNFRSF25"
"overlap_BH","padj","NKI.NEO","nki_smc;neo","Fun",0.3,"TNFSF13"
"overlap_BH","padj","NKI.NEO","nki_smc;neo","Fun",0.3,"TNIK"
"overlap_BH","padj","NKI.NEO","nki_smc;neo","Fun",0.3,"TNKS"
"overlap_BH","padj","NKI.NEO","nki_smc;neo","Fun",0.3,"TNRC6A"
"overlap_BH","padj","NKI.NEO","nki_smc;neo","Fun",0.3,"TNS3"
"overlap_BH","padj","NKI.NEO","nki_smc;neo","Fun",0.3,"TOX2"
"overlap_BH","padj","NKI.NEO","nki_smc;neo","Fun",0.3,"TPCN1"
"overlap_BH","padj","NKI.NEO","nki_smc;neo","Fun",0.3,"TRAM2"
"overlap_BH","padj","NKI.NEO","nki_smc;neo","Fun",0.3,"TRANK1"
"overlap_BH","padj","NKI.NEO","nki_smc;neo","Fun",0.3,"TRIM35"
"overlap_BH","padj","NKI.NEO","nki_smc;neo","Fun",0.3,"TRIM38"
"overlap_BH","padj","NKI.NEO","nki_smc;neo","Fun",0.3,"TRIM56"
"overlap_BH","padj","NKI.NEO","nki_smc;neo","Fun",0.3,"TRIO"
"overlap_BH","padj","NKI.NEO","nki_smc;neo","Fun",0.3,"TRMT10B"
"overlap_BH","padj","NKI.NEO","nki_smc;neo","Fun",0.3,"TSPAN11"
"overlap_BH","padj","NKI.NEO","nki_smc;neo","Fun",0.3,"TSPAN18"
"overlap_BH","padj","NKI.NEO","nki_smc;neo","Fun",0.3,"TTBK2"
"overlap_BH","padj","NKI.NEO","nki_smc;neo","Fun",0.3,"TTC28"
"overlap_BH","padj","NKI.NEO","nki_smc;neo","Fun",0.3,"TTC7A"
"overlap_BH","padj","NKI.NEO","nki_smc;neo","Fun",0.3,"TTLL3"
"overlap_BH","padj","NKI.NEO","nki_smc;neo","Fun",0.3,"TTYH3"
"overlap_BH","padj","NKI.NEO","nki_smc;neo","Fun",0.3,"TVP23A"
"overlap_BH","padj","NKI.NEO","nki_smc;neo","Fun",0.3,"TYK2"
"overlap_BH","padj","NKI.NEO","nki_smc;neo","Fun",0.3,"UBXN7"
"overlap_BH","padj","NKI.NEO","nki_smc;neo","Fun",0.3,"USP20"
"overlap_BH","padj","NKI.NEO","nki_smc;neo","Fun",0.3,"VAMP2"
"overlap_BH","padj","NKI.NEO","nki_smc;neo","Fun",0.3,"VASH1"
"overlap_BH","padj","NKI.NEO","nki_smc;neo","Fun",0.3,"VAV1"
"overlap_BH","padj","NKI.NEO","nki_smc;neo","Fun",0.3,"VENTX"
"overlap_BH","padj","NKI.NEO","nki_smc;neo","Fun",0.3,"VILL"
"overlap_BH","padj","NKI.NEO","nki_smc;neo","Fun",0.3,"VOPP1"
"overlap_BH","padj","NKI.NEO","nki_smc;neo","Fun",0.3,"VPS39"
"overlap_BH","padj","NKI.NEO","nki_smc;neo","Fun",0.3,"VPS9D1"
"overlap_BH","padj","NKI.NEO","nki_smc;neo","Fun",0.3,"VSIR"
"overlap_BH","padj","NKI.NEO","nki_smc;neo","Fun",0.3,"WASF2"
"overlap_BH","padj","NKI.NEO","nki_smc;neo","Fun",0.3,"WDFY1"
"overlap_BH","padj","NKI.NEO","nki_smc;neo","Fun",0.3,"WDR27"
"overlap_BH","padj","NKI.NEO","nki_smc;neo","Fun",0.3,"WDR44"
"overlap_BH","padj","NKI.NEO","nki_smc;neo","Fun",0.3,"WDR7"
"overlap_BH","padj","NKI.NEO","nki_smc;neo","Fun",0.3,"WDR81"
"overlap_BH","padj","NKI.NEO","nki_smc;neo","Fun",0.3,"WIPF1"
"overlap_BH","padj","NKI.NEO","nki_smc;neo","Fun",0.3,"WNT2B"
"overlap_BH","padj","NKI.NEO","nki_smc;neo","Fun",0.3,"WWP2"
"overlap_BH","padj","NKI.NEO","nki_smc;neo","Fun",0.3,"XPC"
"overlap_BH","padj","NKI.NEO","nki_smc;neo","Fun",0.3,"ZBTB38"
"overlap_BH","padj","NKI.NEO","nki_smc;neo","Fun",0.3,"ZFP36L1"
"overlap_BH","padj","NKI.NEO","nki_smc;neo","Fun",0.3,"ZFP36L2"
"overlap_BH","padj","NKI.NEO","nki_smc;neo","Fun",0.3,"ZFYVE26"
"overlap_BH","padj","NKI.NEO","nki_smc;neo","Fun",0.3,"ZFYVE28"
"overlap_BH","padj","NKI.NEO","nki_smc;neo","Fun",0.3,"ZHX2"
"overlap_BH","padj","NKI.NEO","nki_smc;neo","Fun",0.3,"ZKSCAN7"
"overlap_BH","padj","NKI.NEO","nki_smc;neo","Fun",0.3,"ZMAT3"
"overlap_BH","padj","NKI.NEO","nki_smc;neo","Fun",0.3,"ZMIZ2"
"overlap_BH","padj","NKI.NEO","nki_smc;neo","Fun",0.3,"ZNF132"
"overlap_BH","padj","NKI.NEO","nki_smc;neo","Fun",0.3,"ZNF234"
"overlap_BH","padj","NKI.NEO","nki_smc;neo","Fun",0.3,"ZNF276"
"overlap_BH","padj","NKI.NEO","nki_smc;neo","Fun",0.3,"ZNF333"
"overlap_BH","padj","NKI.NEO","nki_smc;neo","Fun",0.3,"ZNF37BP"
"overlap_BH","padj","NKI.NEO","nki_smc;neo","Fun",0.3,"ZNF438"
"overlap_BH","padj","NKI.NEO","nki_smc;neo","Fun",0.3,"ZNF445"
"overlap_BH","padj","NKI.NEO","nki_smc;neo","Fun",0.3,"ZNF550"
"overlap_BH","padj","NKI.NEO","nki_smc;neo","Fun",0.3,"ZNF608"
"overlap_BH","padj","NKI.NEO","nki_smc;neo","Fun",0.3,"ZNF621"
"overlap_BH","padj","NKI.NEO","nki_smc;neo","Fun",0.3,"ZNF641"
"overlap_BH","padj","NKI.NEO","nki_smc;neo","Fun",0.3,"ZNF75D"
"overlap_BH","padj","NKI.NEO","nki_smc;neo","Fun",0.3,"ZNF767P"
"overlap_BH","padj","NKI.NEO","nki_smc;neo","Fun",0.3,"ZNF79"
"overlap_BH","padj","NKI.NEO","nki_smc;neo","Fun",0.3,"ZNF862"
"overlap_BH","padj","NKI.NEO","nki_smc;neo","Fun",0.3,"ZSCAN30"
"overlap_BH","padj","NKI.NEO","nki_smc;neo","Fun",0.3,"ZZEF1"
"overlap_BH","padj","NKI.TNBCCL","nki_smc;tnbc_cl","Fun",0.3,"ALDH1A1"
"overlap_BH","padj","NKI.TNBCCL","nki_smc;tnbc_cl","Fun",0.3,"APOBEC3G"
"overlap_BH","padj","NKI.TNBCCL","nki_smc;tnbc_cl","Fun",0.3,"BTG2"
"overlap_BH","padj","NKI.TNBCCL","nki_smc;tnbc_cl","Fun",0.3,"C1QTNF2"
"overlap_BH","padj","NKI.TNBCCL","nki_smc;tnbc_cl","Fun",0.3,"CCDC159"
"overlap_BH","padj","NKI.TNBCCL","nki_smc;tnbc_cl","Fun",0.3,"CCR2"
"overlap_BH","padj","NKI.TNBCCL","nki_smc;tnbc_cl","Fun",0.3,"CNTRL"
"overlap_BH","padj","NKI.TNBCCL","nki_smc;tnbc_cl","Fun",0.3,"COL17A1"
"overlap_BH","padj","NKI.TNBCCL","nki_smc;tnbc_cl","Fun",0.3,"CSAD"
"overlap_BH","padj","NKI.TNBCCL","nki_smc;tnbc_cl","Fun",0.3,"DIRAS3"
"overlap_BH","padj","NKI.TNBCCL","nki_smc;tnbc_cl","Fun",0.3,"FZD4"
"overlap_BH","padj","NKI.TNBCCL","nki_smc;tnbc_cl","Fun",0.3,"GIPC2"
"overlap_BH","padj","NKI.TNBCCL","nki_smc;tnbc_cl","Fun",0.3,"GPX3"
"overlap_BH","padj","NKI.TNBCCL","nki_smc;tnbc_cl","Fun",0.3,"HAPLN3"
"overlap_BH","padj","NKI.TNBCCL","nki_smc;tnbc_cl","Fun",0.3,"LYZ"
"overlap_BH","padj","NKI.TNBCCL","nki_smc;tnbc_cl","Fun",0.3,"NFASC"
"overlap_BH","padj","NKI.TNBCCL","nki_smc;tnbc_cl","Fun",0.3,"NOTCH4"
"overlap_BH","padj","NKI.TNBCCL","nki_smc;tnbc_cl","Fun",0.3,"NR5A2"
"overlap_BH","padj","NKI.TNBCCL","nki_smc;tnbc_cl","Fun",0.3,"PLAAT4"
"overlap_BH","padj","NKI.TNBCCL","nki_smc;tnbc_cl","Fun",0.3,"RPH3A"
"overlap_BH","padj","NKI.TNBCCL","nki_smc;tnbc_cl","Fun",0.3,"STAT2"
"overlap_BH","padj","NKI.TNBCCL","nki_smc;tnbc_cl","Fun",0.3,"STAT4"
"overlap_BH","padj","NKI.TNBCCL","nki_smc;tnbc_cl","Fun",0.3,"STING1"
"overlap_BH","padj","NKI.TNBCCL","nki_smc;tnbc_cl","Fun",0.3,"SYK"
"overlap_BH","padj","NKI.TNBCCL","nki_smc;tnbc_cl","Fun",0.3,"SYT11"
"overlap_BH","padj","NKI.TNBCCL","nki_smc;tnbc_cl","Fun",0.3,"TMEM175"
"overlap_BH","padj","NKI.TNBCCL","nki_smc;tnbc_cl","Fun",0.3,"TMEM86B"
"overlap_BH","padj","NKI.TNBCCL","nki_smc;tnbc_cl","Fun",0.3,"TSPYL2"
"overlap_BH","padj","NEO.TNBCCL","neo;tnbc_cl","Fun",0.3,"ABHD4"
"overlap_BH","padj","NEO.TNBCCL","neo;tnbc_cl","Fun",0.3,"ABHD8"
"overlap_BH","padj","NEO.TNBCCL","neo;tnbc_cl","Fun",0.3,"ANKRD13C-DT"
"overlap_BH","padj","NEO.TNBCCL","neo;tnbc_cl","Fun",0.3,"ANKRD54"
"overlap_BH","padj","NEO.TNBCCL","neo;tnbc_cl","Fun",0.3,"BRPF3"
"overlap_BH","padj","NEO.TNBCCL","neo;tnbc_cl","Fun",0.3,"CA11"
"overlap_BH","padj","NEO.TNBCCL","neo;tnbc_cl","Fun",0.3,"CCDC159"
"overlap_BH","padj","NEO.TNBCCL","neo;tnbc_cl","Fun",0.3,"CDH24"
"overlap_BH","padj","NEO.TNBCCL","neo;tnbc_cl","Fun",0.3,"CDK2AP2"
"overlap_BH","padj","NEO.TNBCCL","neo;tnbc_cl","Fun",0.3,"COPS7B"
"overlap_BH","padj","NEO.TNBCCL","neo;tnbc_cl","Fun",0.3,"COQ9"
"overlap_BH","padj","NEO.TNBCCL","neo;tnbc_cl","Fun",0.3,"DMPK"
"overlap_BH","padj","NEO.TNBCCL","neo;tnbc_cl","Fun",0.3,"ERAL1"
"overlap_BH","padj","NEO.TNBCCL","neo;tnbc_cl","Fun",0.3,"FAM110A"
"overlap_BH","padj","NEO.TNBCCL","neo;tnbc_cl","Fun",0.3,"GPAA1"
"overlap_BH","padj","NEO.TNBCCL","neo;tnbc_cl","Fun",0.3,"GUCD1"
"overlap_BH","padj","NEO.TNBCCL","neo;tnbc_cl","Fun",0.3,"GUSB"
"overlap_BH","padj","NEO.TNBCCL","neo;tnbc_cl","Fun",0.3,"HCFC1R1"
"overlap_BH","padj","NEO.TNBCCL","neo;tnbc_cl","Fun",0.3,"HIRIP3"
"overlap_BH","padj","NEO.TNBCCL","neo;tnbc_cl","Fun",0.3,"HMGN2"
"overlap_BH","padj","NEO.TNBCCL","neo;tnbc_cl","Fun",0.3,"HOXC6"
"overlap_BH","padj","NEO.TNBCCL","neo;tnbc_cl","Fun",0.3,"HSPB1"
"overlap_BH","padj","NEO.TNBCCL","neo;tnbc_cl","Fun",0.3,"IRF2BP1"
"overlap_BH","padj","NEO.TNBCCL","neo;tnbc_cl","Fun",0.3,"JMJD1C-AS1"
"overlap_BH","padj","NEO.TNBCCL","neo;tnbc_cl","Fun",0.3,"KEAP1"
"overlap_BH","padj","NEO.TNBCCL","neo;tnbc_cl","Fun",0.3,"MBD3"
"overlap_BH","padj","NEO.TNBCCL","neo;tnbc_cl","Fun",0.3,"MDK"
"overlap_BH","padj","NEO.TNBCCL","neo;tnbc_cl","Fun",0.3,"MIB2"
"overlap_BH","padj","NEO.TNBCCL","neo;tnbc_cl","Fun",0.3,"MYPOP"
"overlap_BH","padj","NEO.TNBCCL","neo;tnbc_cl","Fun",0.3,"NELFA"
"overlap_BH","padj","NEO.TNBCCL","neo;tnbc_cl","Fun",0.3,"NGRN"
"overlap_BH","padj","NEO.TNBCCL","neo;tnbc_cl","Fun",0.3,"NMNAT1"
"overlap_BH","padj","NEO.TNBCCL","neo;tnbc_cl","Fun",0.3,"OTUD5"
"overlap_BH","padj","NEO.TNBCCL","neo;tnbc_cl","Fun",0.3,"PCED1A"
"overlap_BH","padj","NEO.TNBCCL","neo;tnbc_cl","Fun",0.3,"PHACTR4"
"overlap_BH","padj","NEO.TNBCCL","neo;tnbc_cl","Fun",0.3,"POLD1"
"overlap_BH","padj","NEO.TNBCCL","neo;tnbc_cl","Fun",0.3,"PPDPF"
"overlap_BH","padj","NEO.TNBCCL","neo;tnbc_cl","Fun",0.3,"PPP1R7"
"overlap_BH","padj","NEO.TNBCCL","neo;tnbc_cl","Fun",0.3,"PRKACA"
"overlap_BH","padj","NEO.TNBCCL","neo;tnbc_cl","Fun",0.3,"RNF167"
"overlap_BH","padj","NEO.TNBCCL","neo;tnbc_cl","Fun",0.3,"ROM1"
"overlap_BH","padj","NEO.TNBCCL","neo;tnbc_cl","Fun",0.3,"RUSC1"
"overlap_BH","padj","NEO.TNBCCL","neo;tnbc_cl","Fun",0.3,"SGF29"
"overlap_BH","padj","NEO.TNBCCL","neo;tnbc_cl","Fun",0.3,"SLC9A1"
"overlap_BH","padj","NEO.TNBCCL","neo;tnbc_cl","Fun",0.3,"STAT2"
"overlap_BH","padj","NEO.TNBCCL","neo;tnbc_cl","Fun",0.3,"STING1"
"overlap_BH","padj","NEO.TNBCCL","neo;tnbc_cl","Fun",0.3,"SULT1A3"
"overlap_BH","padj","NEO.TNBCCL","neo;tnbc_cl","Fun",0.3,"SUPT7L"
"overlap_BH","padj","NEO.TNBCCL","neo;tnbc_cl","Fun",0.3,"TERF2IP"
"overlap_BH","padj","NEO.TNBCCL","neo;tnbc_cl","Fun",0.3,"TMCO4"
"overlap_BH","padj","NEO.TNBCCL","neo;tnbc_cl","Fun",0.3,"TMEM175"
"overlap_BH","padj","NEO.TNBCCL","neo;tnbc_cl","Fun",0.3,"TMUB2"
"overlap_BH","padj","NEO.TNBCCL","neo;tnbc_cl","Fun",0.3,"UNK"
"overlap_BH","padj","NEO.TNBCCL","neo;tnbc_cl","Fun",0.3,"USP11"
"overlap_BH","padj","NEO.TNBCCL","neo;tnbc_cl","Fun",0.3,"WDR83"
"overlap_BH","padj","NEO.TNBCCL","neo;tnbc_cl","Fun",0.3,"YJU2B"
"overlap_BH","padj","NEO.TNBCCL","neo;tnbc_cl","Fun",0.3,"YY1AP1"
"overlap_BH","padj","NEO.TNBCCL","neo;tnbc_cl","Fun",0.3,"ZBTB17"
"overlap_BH","padj","NEO.TNBCCL","neo;tnbc_cl","Fun",0.3,"ZFYVE19"
"overlap_BH","padj","NEO.TNBCCL","neo;tnbc_cl","Fun",0.3,"ZNF408"
"overlap_BH","padj","NEO.TNBCCL","neo;tnbc_cl","Fun",0.3,"ZNF672"
"overlap_BH","padj","NEO.TNBCCL","neo;tnbc_cl","Fun",0.3,"ZNF768"
"overlap_BH","padj","NKI.TNBCCL","nki_smc;tnbc_cl","Dys",0.3,"ACBD6"
"overlap_BH","padj","NKI.TNBCCL","nki_smc;tnbc_cl","Dys",0.3,"ADK"
"overlap_BH","padj","NKI.TNBCCL","nki_smc;tnbc_cl","Dys",0.3,"APEH"
"overlap_BH","padj","NKI.TNBCCL","nki_smc;tnbc_cl","Dys",0.3,"ASB13"
"overlap_BH","padj","NKI.TNBCCL","nki_smc;tnbc_cl","Dys",0.3,"ATP5F1A"
"overlap_BH","padj","NKI.TNBCCL","nki_smc;tnbc_cl","Dys",0.3,"ATP5F1C"
"overlap_BH","padj","NKI.TNBCCL","nki_smc;tnbc_cl","Dys",0.3,"BZW2"
"overlap_BH","padj","NKI.TNBCCL","nki_smc;tnbc_cl","Dys",0.3,"CLNS1A"
"overlap_BH","padj","NKI.TNBCCL","nki_smc;tnbc_cl","Dys",0.3,"CMSS1"
"overlap_BH","padj","NKI.TNBCCL","nki_smc;tnbc_cl","Dys",0.3,"DAP3"
"overlap_BH","padj","NKI.TNBCCL","nki_smc;tnbc_cl","Dys",0.3,"DDX1"
"overlap_BH","padj","NKI.TNBCCL","nki_smc;tnbc_cl","Dys",0.3,"EIF3E"
"overlap_BH","padj","NKI.TNBCCL","nki_smc;tnbc_cl","Dys",0.3,"EIF3M"
"overlap_BH","padj","NKI.TNBCCL","nki_smc;tnbc_cl","Dys",0.3,"GTF2F2"
"overlap_BH","padj","NKI.TNBCCL","nki_smc;tnbc_cl","Dys",0.3,"HMGA1"
"overlap_BH","padj","NKI.TNBCCL","nki_smc;tnbc_cl","Dys",0.3,"MRPL3"
"overlap_BH","padj","NKI.TNBCCL","nki_smc;tnbc_cl","Dys",0.3,"NPM3"
"overlap_BH","padj","NKI.TNBCCL","nki_smc;tnbc_cl","Dys",0.3,"OLA1"
"overlap_BH","padj","NKI.TNBCCL","nki_smc;tnbc_cl","Dys",0.3,"PAIP1"
"overlap_BH","padj","NKI.TNBCCL","nki_smc;tnbc_cl","Dys",0.3,"PPA2"
"overlap_BH","padj","NKI.TNBCCL","nki_smc;tnbc_cl","Dys",0.3,"PRMT3"
"overlap_BH","padj","NKI.TNBCCL","nki_smc;tnbc_cl","Dys",0.3,"PSMD14"
"overlap_BH","padj","NKI.TNBCCL","nki_smc;tnbc_cl","Dys",0.3,"RAC3"
"overlap_BH","padj","NKI.TNBCCL","nki_smc;tnbc_cl","Dys",0.3,"SMS"
"overlap_BH","padj","NKI.TNBCCL","nki_smc;tnbc_cl","Dys",0.3,"SNHG16"
"overlap_BH","padj","NKI.TNBCCL","nki_smc;tnbc_cl","Dys",0.3,"SRSF9"
"overlap_BH","padj","NKI.TNBCCL","nki_smc;tnbc_cl","Dys",0.3,"STRAP"
"overlap_BH","padj","NKI.TNBCCL","nki_smc;tnbc_cl","Dys",0.3,"TCEA1"
"overlap_BH","padj","NKI.TNBCCL","nki_smc;tnbc_cl","Dys",0.3,"TMEM147"
"overlap_BH","padj","NKI.TNBCCL","nki_smc;tnbc_cl","Dys",0.3,"TRAP1"
"overlap_BH","padj","NKI.TNBCCL","nki_smc;tnbc_cl","Dys",0.3,"VDAC1"
"overlap_BH","padj","NKI.TNBCCL","nki_smc;tnbc_cl","Dys",0.3,"XPO5"
"overlap_BH","padj","NKI.TNBCCL","nki_smc;tnbc_cl","Dys",0.3,"YWHAE"
"overlap_BH","padj","NKI.TNBCCL","nki_smc;tnbc_cl","Dys",0.3,"YWHAQ"
"overlap_BH","padj","NKI.TNBCCL","nki_smc;tnbc_cl","Dys",0.3,"YWHAZ"
"overlap_rawp","rawp05","ALL3_NKI.NEO.TNBCCL","nki_smc;neo;tnbc_cl","Fun",0.3,"ABHD6"
"overlap_rawp","rawp05","ALL3_NKI.NEO.TNBCCL","nki_smc;neo;tnbc_cl","Fun",0.3,"ABO"
"overlap_rawp","rawp05","ALL3_NKI.NEO.TNBCCL","nki_smc;neo;tnbc_cl","Fun",0.3,"ADAP2"
"overlap_rawp","rawp05","ALL3_NKI.NEO.TNBCCL","nki_smc;neo;tnbc_cl","Fun",0.3,"AGAP5"
"overlap_rawp","rawp05","ALL3_NKI.NEO.TNBCCL","nki_smc;neo;tnbc_cl","Fun",0.3,"AKAP17A"
"overlap_rawp","rawp05","ALL3_NKI.NEO.TNBCCL","nki_smc;neo;tnbc_cl","Fun",0.3,"APOBEC3F"
"overlap_rawp","rawp05","ALL3_NKI.NEO.TNBCCL","nki_smc;neo;tnbc_cl","Fun",0.3,"APOL1"
"overlap_rawp","rawp05","ALL3_NKI.NEO.TNBCCL","nki_smc;neo;tnbc_cl","Fun",0.3,"APOL2"
"overlap_rawp","rawp05","ALL3_NKI.NEO.TNBCCL","nki_smc;neo;tnbc_cl","Fun",0.3,"APOL3"
"overlap_rawp","rawp05","ALL3_NKI.NEO.TNBCCL","nki_smc;neo;tnbc_cl","Fun",0.3,"ARMH1"
"overlap_rawp","rawp05","ALL3_NKI.NEO.TNBCCL","nki_smc;neo;tnbc_cl","Fun",0.3,"ARSA"
"overlap_rawp","rawp05","ALL3_NKI.NEO.TNBCCL","nki_smc;neo;tnbc_cl","Fun",0.3,"ASPHD2"
"overlap_rawp","rawp05","ALL3_NKI.NEO.TNBCCL","nki_smc;neo;tnbc_cl","Fun",0.3,"ATG14"
"overlap_rawp","rawp05","ALL3_NKI.NEO.TNBCCL","nki_smc;neo;tnbc_cl","Fun",0.3,"BCL6"
"overlap_rawp","rawp05","ALL3_NKI.NEO.TNBCCL","nki_smc;neo;tnbc_cl","Fun",0.3,"BLNK"
"overlap_rawp","rawp05","ALL3_NKI.NEO.TNBCCL","nki_smc;neo;tnbc_cl","Fun",0.3,"BOD1L1"
"overlap_rawp","rawp05","ALL3_NKI.NEO.TNBCCL","nki_smc;neo;tnbc_cl","Fun",0.3,"BST1"
"overlap_rawp","rawp05","ALL3_NKI.NEO.TNBCCL","nki_smc;neo;tnbc_cl","Fun",0.3,"C3"
"overlap_rawp","rawp05","ALL3_NKI.NEO.TNBCCL","nki_smc;neo;tnbc_cl","Fun",0.3,"CACNA1E"
"overlap_rawp","rawp05","ALL3_NKI.NEO.TNBCCL","nki_smc;neo;tnbc_cl","Fun",0.3,"CAPN3"
"overlap_rawp","rawp05","ALL3_NKI.NEO.TNBCCL","nki_smc;neo;tnbc_cl","Fun",0.3,"CASS4"
"overlap_rawp","rawp05","ALL3_NKI.NEO.TNBCCL","nki_smc;neo;tnbc_cl","Fun",0.3,"CCDC142"
"overlap_rawp","rawp05","ALL3_NKI.NEO.TNBCCL","nki_smc;neo;tnbc_cl","Fun",0.3,"CCDC159"
"overlap_rawp","rawp05","ALL3_NKI.NEO.TNBCCL","nki_smc;neo;tnbc_cl","Fun",0.3,"CCDC81"
"overlap_rawp","rawp05","ALL3_NKI.NEO.TNBCCL","nki_smc;neo;tnbc_cl","Fun",0.3,"CCDC88B"
"overlap_rawp","rawp05","ALL3_NKI.NEO.TNBCCL","nki_smc;neo;tnbc_cl","Fun",0.3,"CDIP1"
"overlap_rawp","rawp05","ALL3_NKI.NEO.TNBCCL","nki_smc;neo;tnbc_cl","Fun",0.3,"CDKN1A"
"overlap_rawp","rawp05","ALL3_NKI.NEO.TNBCCL","nki_smc;neo;tnbc_cl","Fun",0.3,"CENPT"
"overlap_rawp","rawp05","ALL3_NKI.NEO.TNBCCL","nki_smc;neo;tnbc_cl","Fun",0.3,"CGNL1"
"overlap_rawp","rawp05","ALL3_NKI.NEO.TNBCCL","nki_smc;neo;tnbc_cl","Fun",0.3,"CH25H"
"overlap_rawp","rawp05","ALL3_NKI.NEO.TNBCCL","nki_smc;neo;tnbc_cl","Fun",0.3,"CHD2"
"overlap_rawp","rawp05","ALL3_NKI.NEO.TNBCCL","nki_smc;neo;tnbc_cl","Fun",0.3,"CHD3"
"overlap_rawp","rawp05","ALL3_NKI.NEO.TNBCCL","nki_smc;neo;tnbc_cl","Fun",0.3,"CLDN15"
"overlap_rawp","rawp05","ALL3_NKI.NEO.TNBCCL","nki_smc;neo;tnbc_cl","Fun",0.3,"COL16A1"
"overlap_rawp","rawp05","ALL3_NKI.NEO.TNBCCL","nki_smc;neo;tnbc_cl","Fun",0.3,"COL24A1"
"overlap_rawp","rawp05","ALL3_NKI.NEO.TNBCCL","nki_smc;neo;tnbc_cl","Fun",0.3,"COL5A3"
"overlap_rawp","rawp05","ALL3_NKI.NEO.TNBCCL","nki_smc;neo;tnbc_cl","Fun",0.3,"CSMD2"
"overlap_rawp","rawp05","ALL3_NKI.NEO.TNBCCL","nki_smc;neo;tnbc_cl","Fun",0.3,"CUBN"
"overlap_rawp","rawp05","ALL3_NKI.NEO.TNBCCL","nki_smc;neo;tnbc_cl","Fun",0.3,"CYP20A1"
"overlap_rawp","rawp05","ALL3_NKI.NEO.TNBCCL","nki_smc;neo;tnbc_cl","Fun",0.3,"DDB2"
"overlap_rawp","rawp05","ALL3_NKI.NEO.TNBCCL","nki_smc;neo;tnbc_cl","Fun",0.3,"DLEC1"
"overlap_rawp","rawp05","ALL3_NKI.NEO.TNBCCL","nki_smc;neo;tnbc_cl","Fun",0.3,"DLL1"
"overlap_rawp","rawp05","ALL3_NKI.NEO.TNBCCL","nki_smc;neo;tnbc_cl","Fun",0.3,"DNM1"
"overlap_rawp","rawp05","ALL3_NKI.NEO.TNBCCL","nki_smc;neo;tnbc_cl","Fun",0.3,"DOCK2"
"overlap_rawp","rawp05","ALL3_NKI.NEO.TNBCCL","nki_smc;neo;tnbc_cl","Fun",0.3,"DOCK8"
"overlap_rawp","rawp05","ALL3_NKI.NEO.TNBCCL","nki_smc;neo;tnbc_cl","Fun",0.3,"DOK3"
"overlap_rawp","rawp05","ALL3_NKI.NEO.TNBCCL","nki_smc;neo;tnbc_cl","Fun",0.3,"DTX2"
"overlap_rawp","rawp05","ALL3_NKI.NEO.TNBCCL","nki_smc;neo;tnbc_cl","Fun",0.3,"DTX3"
"overlap_rawp","rawp05","ALL3_NKI.NEO.TNBCCL","nki_smc;neo;tnbc_cl","Fun",0.3,"EEPD1"
"overlap_rawp","rawp05","ALL3_NKI.NEO.TNBCCL","nki_smc;neo;tnbc_cl","Fun",0.3,"EGFLAM"
"overlap_rawp","rawp05","ALL3_NKI.NEO.TNBCCL","nki_smc;neo;tnbc_cl","Fun",0.3,"EGR1"
"overlap_rawp","rawp05","ALL3_NKI.NEO.TNBCCL","nki_smc;neo;tnbc_cl","Fun",0.3,"EGR2"
"overlap_rawp","rawp05","ALL3_NKI.NEO.TNBCCL","nki_smc;neo;tnbc_cl","Fun",0.3,"ELMO1"
"overlap_rawp","rawp05","ALL3_NKI.NEO.TNBCCL","nki_smc;neo;tnbc_cl","Fun",0.3,"EMP3"
"overlap_rawp","rawp05","ALL3_NKI.NEO.TNBCCL","nki_smc;neo;tnbc_cl","Fun",0.3,"FAM117A"
"overlap_rawp","rawp05","ALL3_NKI.NEO.TNBCCL","nki_smc;neo;tnbc_cl","Fun",0.3,"FAM161B"
"overlap_rawp","rawp05","ALL3_NKI.NEO.TNBCCL","nki_smc;neo;tnbc_cl","Fun",0.3,"FAM43A"
"overlap_rawp","rawp05","ALL3_NKI.NEO.TNBCCL","nki_smc;neo;tnbc_cl","Fun",0.3,"FBLN1"
"overlap_rawp","rawp05","ALL3_NKI.NEO.TNBCCL","nki_smc;neo;tnbc_cl","Fun",0.3,"FBLN7"
"overlap_rawp","rawp05","ALL3_NKI.NEO.TNBCCL","nki_smc;neo;tnbc_cl","Fun",0.3,"FFAR4"
"overlap_rawp","rawp05","ALL3_NKI.NEO.TNBCCL","nki_smc;neo;tnbc_cl","Fun",0.3,"FLCN"
"overlap_rawp","rawp05","ALL3_NKI.NEO.TNBCCL","nki_smc;neo;tnbc_cl","Fun",0.3,"FNBP4"
"overlap_rawp","rawp05","ALL3_NKI.NEO.TNBCCL","nki_smc;neo;tnbc_cl","Fun",0.3,"FYB1"
"overlap_rawp","rawp05","ALL3_NKI.NEO.TNBCCL","nki_smc;neo;tnbc_cl","Fun",0.3,"GABARAPL1"
"overlap_rawp","rawp05","ALL3_NKI.NEO.TNBCCL","nki_smc;neo;tnbc_cl","Fun",0.3,"GADD45G"
"overlap_rawp","rawp05","ALL3_NKI.NEO.TNBCCL","nki_smc;neo;tnbc_cl","Fun",0.3,"GAL3ST4"
"overlap_rawp","rawp05","ALL3_NKI.NEO.TNBCCL","nki_smc;neo;tnbc_cl","Fun",0.3,"GFI1"
"overlap_rawp","rawp05","ALL3_NKI.NEO.TNBCCL","nki_smc;neo;tnbc_cl","Fun",0.3,"GNB3"
"overlap_rawp","rawp05","ALL3_NKI.NEO.TNBCCL","nki_smc;neo;tnbc_cl","Fun",0.3,"GOLGA8B"
"overlap_rawp","rawp05","ALL3_NKI.NEO.TNBCCL","nki_smc;neo;tnbc_cl","Fun",0.3,"GPR162"
"overlap_rawp","rawp05","ALL3_NKI.NEO.TNBCCL","nki_smc;neo;tnbc_cl","Fun",0.3,"GTSF1"
"overlap_rawp","rawp05","ALL3_NKI.NEO.TNBCCL","nki_smc;neo;tnbc_cl","Fun",0.3,"GUSBP11"
"overlap_rawp","rawp05","ALL3_NKI.NEO.TNBCCL","nki_smc;neo;tnbc_cl","Fun",0.3,"HAAO"
"overlap_rawp","rawp05","ALL3_NKI.NEO.TNBCCL","nki_smc;neo;tnbc_cl","Fun",0.3,"HAPLN3"
"overlap_rawp","rawp05","ALL3_NKI.NEO.TNBCCL","nki_smc;neo;tnbc_cl","Fun",0.3,"HCK"
"overlap_rawp","rawp05","ALL3_NKI.NEO.TNBCCL","nki_smc;neo;tnbc_cl","Fun",0.3,"HEPH"
"overlap_rawp","rawp05","ALL3_NKI.NEO.TNBCCL","nki_smc;neo;tnbc_cl","Fun",0.3,"HLA-E"
"overlap_rawp","rawp05","ALL3_NKI.NEO.TNBCCL","nki_smc;neo;tnbc_cl","Fun",0.3,"HOXA4"
"overlap_rawp","rawp05","ALL3_NKI.NEO.TNBCCL","nki_smc;neo;tnbc_cl","Fun",0.3,"HOXC6"
"overlap_rawp","rawp05","ALL3_NKI.NEO.TNBCCL","nki_smc;neo;tnbc_cl","Fun",0.3,"HYAL1"
"overlap_rawp","rawp05","ALL3_NKI.NEO.TNBCCL","nki_smc;neo;tnbc_cl","Fun",0.3,"INKA2"
"overlap_rawp","rawp05","ALL3_NKI.NEO.TNBCCL","nki_smc;neo;tnbc_cl","Fun",0.3,"INPP5D"
"overlap_rawp","rawp05","ALL3_NKI.NEO.TNBCCL","nki_smc;neo;tnbc_cl","Fun",0.3,"ITIH4"
"overlap_rawp","rawp05","ALL3_NKI.NEO.TNBCCL","nki_smc;neo;tnbc_cl","Fun",0.3,"JAM2"
"overlap_rawp","rawp05","ALL3_NKI.NEO.TNBCCL","nki_smc;neo;tnbc_cl","Fun",0.3,"LCP2"
"overlap_rawp","rawp05","ALL3_NKI.NEO.TNBCCL","nki_smc;neo;tnbc_cl","Fun",0.3,"LENG8"
"overlap_rawp","rawp05","ALL3_NKI.NEO.TNBCCL","nki_smc;neo;tnbc_cl","Fun",0.3,"LGALS9"
"overlap_rawp","rawp05","ALL3_NKI.NEO.TNBCCL","nki_smc;neo;tnbc_cl","Fun",0.3,"LGMN"
"overlap_rawp","rawp05","ALL3_NKI.NEO.TNBCCL","nki_smc;neo;tnbc_cl","Fun",0.3,"LINC00589"
"overlap_rawp","rawp05","ALL3_NKI.NEO.TNBCCL","nki_smc;neo;tnbc_cl","Fun",0.3,"LINC00891"
"overlap_rawp","rawp05","ALL3_NKI.NEO.TNBCCL","nki_smc;neo;tnbc_cl","Fun",0.3,"LINC00924"
"overlap_rawp","rawp05","ALL3_NKI.NEO.TNBCCL","nki_smc;neo;tnbc_cl","Fun",0.3,"LRRC25"
"overlap_rawp","rawp05","ALL3_NKI.NEO.TNBCCL","nki_smc;neo;tnbc_cl","Fun",0.3,"LTB4R"
"overlap_rawp","rawp05","ALL3_NKI.NEO.TNBCCL","nki_smc;neo;tnbc_cl","Fun",0.3,"LZTS1"
"overlap_rawp","rawp05","ALL3_NKI.NEO.TNBCCL","nki_smc;neo;tnbc_cl","Fun",0.3,"MAB21L3"
"overlap_rawp","rawp05","ALL3_NKI.NEO.TNBCCL","nki_smc;neo;tnbc_cl","Fun",0.3,"MAP3K14"
"overlap_rawp","rawp05","ALL3_NKI.NEO.TNBCCL","nki_smc;neo;tnbc_cl","Fun",0.3,"MAP3K6"
"overlap_rawp","rawp05","ALL3_NKI.NEO.TNBCCL","nki_smc;neo;tnbc_cl","Fun",0.3,"MBD6"
"overlap_rawp","rawp05","ALL3_NKI.NEO.TNBCCL","nki_smc;neo;tnbc_cl","Fun",0.3,"MDGA1"
"overlap_rawp","rawp05","ALL3_NKI.NEO.TNBCCL","nki_smc;neo;tnbc_cl","Fun",0.3,"MEF2B"
"overlap_rawp","rawp05","ALL3_NKI.NEO.TNBCCL","nki_smc;neo;tnbc_cl","Fun",0.3,"MEP1A"
"overlap_rawp","rawp05","ALL3_NKI.NEO.TNBCCL","nki_smc;neo;tnbc_cl","Fun",0.3,"MOXD1"
"overlap_rawp","rawp05","ALL3_NKI.NEO.TNBCCL","nki_smc;neo;tnbc_cl","Fun",0.3,"MSC"
"overlap_rawp","rawp05","ALL3_NKI.NEO.TNBCCL","nki_smc;neo;tnbc_cl","Fun",0.3,"MYH3"
"overlap_rawp","rawp05","ALL3_NKI.NEO.TNBCCL","nki_smc;neo;tnbc_cl","Fun",0.3,"MZF1"
"overlap_rawp","rawp05","ALL3_NKI.NEO.TNBCCL","nki_smc;neo;tnbc_cl","Fun",0.3,"NAPB"
"overlap_rawp","rawp05","ALL3_NKI.NEO.TNBCCL","nki_smc;neo;tnbc_cl","Fun",0.3,"NBPF1"
"overlap_rawp","rawp05","ALL3_NKI.NEO.TNBCCL","nki_smc;neo;tnbc_cl","Fun",0.3,"NBPF11"
"overlap_rawp","rawp05","ALL3_NKI.NEO.TNBCCL","nki_smc;neo;tnbc_cl","Fun",0.3,"NBPF12"
"overlap_rawp","rawp05","ALL3_NKI.NEO.TNBCCL","nki_smc;neo;tnbc_cl","Fun",0.3,"NCKAP1L"
"overlap_rawp","rawp05","ALL3_NKI.NEO.TNBCCL","nki_smc;neo;tnbc_cl","Fun",0.3,"NCKAP5L"
"overlap_rawp","rawp05","ALL3_NKI.NEO.TNBCCL","nki_smc;neo;tnbc_cl","Fun",0.3,"NECAP2"
"overlap_rawp","rawp05","ALL3_NKI.NEO.TNBCCL","nki_smc;neo;tnbc_cl","Fun",0.3,"NFAM1"
"overlap_rawp","rawp05","ALL3_NKI.NEO.TNBCCL","nki_smc;neo;tnbc_cl","Fun",0.3,"NFASC"
"overlap_rawp","rawp05","ALL3_NKI.NEO.TNBCCL","nki_smc;neo;tnbc_cl","Fun",0.3,"NFYC"
"overlap_rawp","rawp05","ALL3_NKI.NEO.TNBCCL","nki_smc;neo;tnbc_cl","Fun",0.3,"NOTCH4"
"overlap_rawp","rawp05","ALL3_NKI.NEO.TNBCCL","nki_smc;neo;tnbc_cl","Fun",0.3,"NPIPA1"
"overlap_rawp","rawp05","ALL3_NKI.NEO.TNBCCL","nki_smc;neo;tnbc_cl","Fun",0.3,"NPIPB15"
"overlap_rawp","rawp05","ALL3_NKI.NEO.TNBCCL","nki_smc;neo;tnbc_cl","Fun",0.3,"NXF1"
"overlap_rawp","rawp05","ALL3_NKI.NEO.TNBCCL","nki_smc;neo;tnbc_cl","Fun",0.3,"OS9"
"overlap_rawp","rawp05","ALL3_NKI.NEO.TNBCCL","nki_smc;neo;tnbc_cl","Fun",0.3,"OXER1"
"overlap_rawp","rawp05","ALL3_NKI.NEO.TNBCCL","nki_smc;neo;tnbc_cl","Fun",0.3,"P2RY11"
"overlap_rawp","rawp05","ALL3_NKI.NEO.TNBCCL","nki_smc;neo;tnbc_cl","Fun",0.3,"PCED1A"
"overlap_rawp","rawp05","ALL3_NKI.NEO.TNBCCL","nki_smc;neo;tnbc_cl","Fun",0.3,"PDE1B"
"overlap_rawp","rawp05","ALL3_NKI.NEO.TNBCCL","nki_smc;neo;tnbc_cl","Fun",0.3,"PHACTR4"
"overlap_rawp","rawp05","ALL3_NKI.NEO.TNBCCL","nki_smc;neo;tnbc_cl","Fun",0.3,"PHF12"
"overlap_rawp","rawp05","ALL3_NKI.NEO.TNBCCL","nki_smc;neo;tnbc_cl","Fun",0.3,"PHLDB1"
"overlap_rawp","rawp05","ALL3_NKI.NEO.TNBCCL","nki_smc;neo;tnbc_cl","Fun",0.3,"PLEKHO2"
"overlap_rawp","rawp05","ALL3_NKI.NEO.TNBCCL","nki_smc;neo;tnbc_cl","Fun",0.3,"PML"
"overlap_rawp","rawp05","ALL3_NKI.NEO.TNBCCL","nki_smc;neo;tnbc_cl","Fun",0.3,"PNPLA1"
"overlap_rawp","rawp05","ALL3_NKI.NEO.TNBCCL","nki_smc;neo;tnbc_cl","Fun",0.3,"POLG"
"overlap_rawp","rawp05","ALL3_NKI.NEO.TNBCCL","nki_smc;neo;tnbc_cl","Fun",0.3,"POLR2A"
"overlap_rawp","rawp05","ALL3_NKI.NEO.TNBCCL","nki_smc;neo;tnbc_cl","Fun",0.3,"POU5F1"
"overlap_rawp","rawp05","ALL3_NKI.NEO.TNBCCL","nki_smc;neo;tnbc_cl","Fun",0.3,"PPP1R12C"
"overlap_rawp","rawp05","ALL3_NKI.NEO.TNBCCL","nki_smc;neo;tnbc_cl","Fun",0.3,"PPP1R3E"
"overlap_rawp","rawp05","ALL3_NKI.NEO.TNBCCL","nki_smc;neo;tnbc_cl","Fun",0.3,"PROCA1"
"overlap_rawp","rawp05","ALL3_NKI.NEO.TNBCCL","nki_smc;neo;tnbc_cl","Fun",0.3,"PRRT2"
"overlap_rawp","rawp05","ALL3_NKI.NEO.TNBCCL","nki_smc;neo;tnbc_cl","Fun",0.3,"PTAFR"
"overlap_rawp","rawp05","ALL3_NKI.NEO.TNBCCL","nki_smc;neo;tnbc_cl","Fun",0.3,"PTPN7"
"overlap_rawp","rawp05","ALL3_NKI.NEO.TNBCCL","nki_smc;neo;tnbc_cl","Fun",0.3,"RASSF5"
"overlap_rawp","rawp05","ALL3_NKI.NEO.TNBCCL","nki_smc;neo;tnbc_cl","Fun",0.3,"RCBTB2"
"overlap_rawp","rawp05","ALL3_NKI.NEO.TNBCCL","nki_smc;neo;tnbc_cl","Fun",0.3,"RFPL1"
"overlap_rawp","rawp05","ALL3_NKI.NEO.TNBCCL","nki_smc;neo;tnbc_cl","Fun",0.3,"RGMA"
"overlap_rawp","rawp05","ALL3_NKI.NEO.TNBCCL","nki_smc;neo;tnbc_cl","Fun",0.3,"ROR2"
"overlap_rawp","rawp05","ALL3_NKI.NEO.TNBCCL","nki_smc;neo;tnbc_cl","Fun",0.3,"SDHAP2"
"overlap_rawp","rawp05","ALL3_NKI.NEO.TNBCCL","nki_smc;neo;tnbc_cl","Fun",0.3,"SELPLG"
"overlap_rawp","rawp05","ALL3_NKI.NEO.TNBCCL","nki_smc;neo;tnbc_cl","Fun",0.3,"SEMA5B"
"overlap_rawp","rawp05","ALL3_NKI.NEO.TNBCCL","nki_smc;neo;tnbc_cl","Fun",0.3,"SEMA6D"
"overlap_rawp","rawp05","ALL3_NKI.NEO.TNBCCL","nki_smc;neo;tnbc_cl","Fun",0.3,"SERPING1"
"overlap_rawp","rawp05","ALL3_NKI.NEO.TNBCCL","nki_smc;neo;tnbc_cl","Fun",0.3,"SH2B1"
"overlap_rawp","rawp05","ALL3_NKI.NEO.TNBCCL","nki_smc;neo;tnbc_cl","Fun",0.3,"SHFL"
"overlap_rawp","rawp05","ALL3_NKI.NEO.TNBCCL","nki_smc;neo;tnbc_cl","Fun",0.3,"SHROOM1"
"overlap_rawp","rawp05","ALL3_NKI.NEO.TNBCCL","nki_smc;neo;tnbc_cl","Fun",0.3,"SIRPA"
"overlap_rawp","rawp05","ALL3_NKI.NEO.TNBCCL","nki_smc;neo;tnbc_cl","Fun",0.3,"SLC15A3"
"overlap_rawp","rawp05","ALL3_NKI.NEO.TNBCCL","nki_smc;neo;tnbc_cl","Fun",0.3,"SLC6A1"
"overlap_rawp","rawp05","ALL3_NKI.NEO.TNBCCL","nki_smc;neo;tnbc_cl","Fun",0.3,"SMAP2"
"overlap_rawp","rawp05","ALL3_NKI.NEO.TNBCCL","nki_smc;neo;tnbc_cl","Fun",0.3,"SNRNP70"
"overlap_rawp","rawp05","ALL3_NKI.NEO.TNBCCL","nki_smc;neo;tnbc_cl","Fun",0.3,"SOD3"
"overlap_rawp","rawp05","ALL3_NKI.NEO.TNBCCL","nki_smc;neo;tnbc_cl","Fun",0.3,"SOWAHD"
"overlap_rawp","rawp05","ALL3_NKI.NEO.TNBCCL","nki_smc;neo;tnbc_cl","Fun",0.3,"SOX7"
"overlap_rawp","rawp05","ALL3_NKI.NEO.TNBCCL","nki_smc;neo;tnbc_cl","Fun",0.3,"SSC5D"
"overlap_rawp","rawp05","ALL3_NKI.NEO.TNBCCL","nki_smc;neo;tnbc_cl","Fun",0.3,"STAT2"
"overlap_rawp","rawp05","ALL3_NKI.NEO.TNBCCL","nki_smc;neo;tnbc_cl","Fun",0.3,"STING1"
"overlap_rawp","rawp05","ALL3_NKI.NEO.TNBCCL","nki_smc;neo;tnbc_cl","Fun",0.3,"SYK"
"overlap_rawp","rawp05","ALL3_NKI.NEO.TNBCCL","nki_smc;neo;tnbc_cl","Fun",0.3,"SYT11"
"overlap_rawp","rawp05","ALL3_NKI.NEO.TNBCCL","nki_smc;neo;tnbc_cl","Fun",0.3,"SYVN1"
"overlap_rawp","rawp05","ALL3_NKI.NEO.TNBCCL","nki_smc;neo;tnbc_cl","Fun",0.3,"TBX19"
"overlap_rawp","rawp05","ALL3_NKI.NEO.TNBCCL","nki_smc;neo;tnbc_cl","Fun",0.3,"TEX11"
"overlap_rawp","rawp05","ALL3_NKI.NEO.TNBCCL","nki_smc;neo;tnbc_cl","Fun",0.3,"TJAP1"
"overlap_rawp","rawp05","ALL3_NKI.NEO.TNBCCL","nki_smc;neo;tnbc_cl","Fun",0.3,"TMEM140"
"overlap_rawp","rawp05","ALL3_NKI.NEO.TNBCCL","nki_smc;neo;tnbc_cl","Fun",0.3,"TMEM175"
"overlap_rawp","rawp05","ALL3_NKI.NEO.TNBCCL","nki_smc;neo;tnbc_cl","Fun",0.3,"TMEM259"
"overlap_rawp","rawp05","ALL3_NKI.NEO.TNBCCL","nki_smc;neo;tnbc_cl","Fun",0.3,"TMEM35A"
"overlap_rawp","rawp05","ALL3_NKI.NEO.TNBCCL","nki_smc;neo;tnbc_cl","Fun",0.3,"TMEM91"
"overlap_rawp","rawp05","ALL3_NKI.NEO.TNBCCL","nki_smc;neo;tnbc_cl","Fun",0.3,"TNFAIP2"
"overlap_rawp","rawp05","ALL3_NKI.NEO.TNBCCL","nki_smc;neo;tnbc_cl","Fun",0.3,"TNFRSF14"
"overlap_rawp","rawp05","ALL3_NKI.NEO.TNBCCL","nki_smc;neo;tnbc_cl","Fun",0.3,"TNFRSF1B"
"overlap_rawp","rawp05","ALL3_NKI.NEO.TNBCCL","nki_smc;neo;tnbc_cl","Fun",0.3,"TRANK1"
"overlap_rawp","rawp05","ALL3_NKI.NEO.TNBCCL","nki_smc;neo;tnbc_cl","Fun",0.3,"TRIM38"
"overlap_rawp","rawp05","ALL3_NKI.NEO.TNBCCL","nki_smc;neo;tnbc_cl","Fun",0.3,"TRIM56"
"overlap_rawp","rawp05","ALL3_NKI.NEO.TNBCCL","nki_smc;neo;tnbc_cl","Fun",0.3,"TSPYL2"
"overlap_rawp","rawp05","ALL3_NKI.NEO.TNBCCL","nki_smc;neo;tnbc_cl","Fun",0.3,"TYK2"
"overlap_rawp","rawp05","ALL3_NKI.NEO.TNBCCL","nki_smc;neo;tnbc_cl","Fun",0.3,"UCP2"
"overlap_rawp","rawp05","ALL3_NKI.NEO.TNBCCL","nki_smc;neo;tnbc_cl","Fun",0.3,"USF1"
"overlap_rawp","rawp05","ALL3_NKI.NEO.TNBCCL","nki_smc;neo;tnbc_cl","Fun",0.3,"VILL"
"overlap_rawp","rawp05","ALL3_NKI.NEO.TNBCCL","nki_smc;neo;tnbc_cl","Fun",0.3,"VSIR"
"overlap_rawp","rawp05","ALL3_NKI.NEO.TNBCCL","nki_smc;neo;tnbc_cl","Fun",0.3,"WAS"
"overlap_rawp","rawp05","ALL3_NKI.NEO.TNBCCL","nki_smc;neo;tnbc_cl","Fun",0.3,"WASH5P"
"overlap_rawp","rawp05","ALL3_NKI.NEO.TNBCCL","nki_smc;neo;tnbc_cl","Fun",0.3,"WHRN"
"overlap_rawp","rawp05","ALL3_NKI.NEO.TNBCCL","nki_smc;neo;tnbc_cl","Fun",0.3,"ZNF211"
"overlap_rawp","rawp05","ALL3_NKI.NEO.TNBCCL","nki_smc;neo;tnbc_cl","Fun",0.3,"ZNF276"
"overlap_rawp","rawp05","ALL3_NKI.NEO.TNBCCL","nki_smc;neo;tnbc_cl","Fun",0.3,"ZNF335"
"overlap_rawp","rawp05","ALL3_NKI.NEO.TNBCCL","nki_smc;neo;tnbc_cl","Fun",0.3,"ZNF557"
"overlap_rawp","rawp05","ALL3_NKI.NEO.TNBCCL","nki_smc;neo;tnbc_cl","Fun",0.3,"ZNF589"
"overlap_rawp","rawp05","NKI.NEO","nki_smc;neo","Fun",0.3,"AAK1"
"overlap_rawp","rawp05","NKI.NEO","nki_smc;neo","Fun",0.3,"AASS"
"overlap_rawp","rawp05","NKI.NEO","nki_smc;neo","Fun",0.3,"ABCA1"
"overlap_rawp","rawp05","NKI.NEO","nki_smc;neo","Fun",0.3,"ABCC1"
"overlap_rawp","rawp05","NKI.NEO","nki_smc;neo","Fun",0.3,"ABCD4"
"overlap_rawp","rawp05","NKI.NEO","nki_smc;neo","Fun",0.3,"ABCG1"
"overlap_rawp","rawp05","NKI.NEO","nki_smc;neo","Fun",0.3,"ABHD6"
"overlap_rawp","rawp05","NKI.NEO","nki_smc;neo","Fun",0.3,"ABI3"
"overlap_rawp","rawp05","NKI.NEO","nki_smc;neo","Fun",0.3,"ABL2"
"overlap_rawp","rawp05","NKI.NEO","nki_smc;neo","Fun",0.3,"ABO"
"overlap_rawp","rawp05","NKI.NEO","nki_smc;neo","Fun",0.3,"ABR"
"overlap_rawp","rawp05","NKI.NEO","nki_smc;neo","Fun",0.3,"ABTB1"
"overlap_rawp","rawp05","NKI.NEO","nki_smc;neo","Fun",0.3,"ABTB3"
"overlap_rawp","rawp05","NKI.NEO","nki_smc;neo","Fun",0.3,"ACAD11"
"overlap_rawp","rawp05","NKI.NEO","nki_smc;neo","Fun",0.3,"ACAP1"
"overlap_rawp","rawp05","NKI.NEO","nki_smc;neo","Fun",0.3,"ACAP2"
"overlap_rawp","rawp05","NKI.NEO","nki_smc;neo","Fun",0.3,"ACBD4"
"overlap_rawp","rawp05","NKI.NEO","nki_smc;neo","Fun",0.3,"ACCS"
"overlap_rawp","rawp05","NKI.NEO","nki_smc;neo","Fun",0.3,"ACO1"
"overlap_rawp","rawp05","NKI.NEO","nki_smc;neo","Fun",0.3,"ACP3"
"overlap_rawp","rawp05","NKI.NEO","nki_smc;neo","Fun",0.3,"ACVR1"
"overlap_rawp","rawp05","NKI.NEO","nki_smc;neo","Fun",0.3,"ACVR2A"
"overlap_rawp","rawp05","NKI.NEO","nki_smc;neo","Fun",0.3,"ACVRL1"
"overlap_rawp","rawp05","NKI.NEO","nki_smc;neo","Fun",0.3,"ADAM12"
"overlap_rawp","rawp05","NKI.NEO","nki_smc;neo","Fun",0.3,"ADAM19"
"overlap_rawp","rawp05","NKI.NEO","nki_smc;neo","Fun",0.3,"ADAMTS10"
"overlap_rawp","rawp05","NKI.NEO","nki_smc;neo","Fun",0.3,"ADAMTS14"
"overlap_rawp","rawp05","NKI.NEO","nki_smc;neo","Fun",0.3,"ADAMTS2"
"overlap_rawp","rawp05","NKI.NEO","nki_smc;neo","Fun",0.3,"ADAMTSL4"
"overlap_rawp","rawp05","NKI.NEO","nki_smc;neo","Fun",0.3,"ADAP2"
"overlap_rawp","rawp05","NKI.NEO","nki_smc;neo","Fun",0.3,"ADAT2"
"overlap_rawp","rawp05","NKI.NEO","nki_smc;neo","Fun",0.3,"ADCK1"
"overlap_rawp","rawp05","NKI.NEO","nki_smc;neo","Fun",0.3,"ADCY3"
"overlap_rawp","rawp05","NKI.NEO","nki_smc;neo","Fun",0.3,"ADCY4"
"overlap_rawp","rawp05","NKI.NEO","nki_smc;neo","Fun",0.3,"ADCY7"
"overlap_rawp","rawp05","NKI.NEO","nki_smc;neo","Fun",0.3,"ADGRA2"
"overlap_rawp","rawp05","NKI.NEO","nki_smc;neo","Fun",0.3,"ADGRE1"
"overlap_rawp","rawp05","NKI.NEO","nki_smc;neo","Fun",0.3,"ADGRE2"
"overlap_rawp","rawp05","NKI.NEO","nki_smc;neo","Fun",0.3,"ADGRE5"
"overlap_rawp","rawp05","NKI.NEO","nki_smc;neo","Fun",0.3,"ADGRF3"
"overlap_rawp","rawp05","NKI.NEO","nki_smc;neo","Fun",0.3,"ADPRH"
"overlap_rawp","rawp05","NKI.NEO","nki_smc;neo","Fun",0.3,"AEBP1"
"overlap_rawp","rawp05","NKI.NEO","nki_smc;neo","Fun",0.3,"AFF1"
"overlap_rawp","rawp05","NKI.NEO","nki_smc;neo","Fun",0.3,"AFG3L1P"
"overlap_rawp","rawp05","NKI.NEO","nki_smc;neo","Fun",0.3,"AGAP2"
"overlap_rawp","rawp05","NKI.NEO","nki_smc;neo","Fun",0.3,"AGAP5"
"overlap_rawp","rawp05","NKI.NEO","nki_smc;neo","Fun",0.3,"AGAP6"
"overlap_rawp","rawp05","NKI.NEO","nki_smc;neo","Fun",0.3,"AGAP9"
"overlap_rawp","rawp05","NKI.NEO","nki_smc;neo","Fun",0.3,"AGER"
"overlap_rawp","rawp05","NKI.NEO","nki_smc;neo","Fun",0.3,"AGFG2"
"overlap_rawp","rawp05","NKI.NEO","nki_smc;neo","Fun",0.3,"AGO1"
"overlap_rawp","rawp05","NKI.NEO","nki_smc;neo","Fun",0.3,"AGO4"
"overlap_rawp","rawp05","NKI.NEO","nki_smc;neo","Fun",0.3,"AGPAT4"
"overlap_rawp","rawp05","NKI.NEO","nki_smc;neo","Fun",0.3,"AHDC1"
"overlap_rawp","rawp05","NKI.NEO","nki_smc;neo","Fun",0.3,"AHNAK"
"overlap_rawp","rawp05","NKI.NEO","nki_smc;neo","Fun",0.3,"AHRR"
"overlap_rawp","rawp05","NKI.NEO","nki_smc;neo","Fun",0.3,"AHSA2P"
"overlap_rawp","rawp05","NKI.NEO","nki_smc;neo","Fun",0.3,"AKAP11"
"overlap_rawp","rawp05","NKI.NEO","nki_smc;neo","Fun",0.3,"AKAP13"
"overlap_rawp","rawp05","NKI.NEO","nki_smc;neo","Fun",0.3,"AKAP17A"
"overlap_rawp","rawp05","NKI.NEO","nki_smc;neo","Fun",0.3,"AKNA"
"overlap_rawp","rawp05","NKI.NEO","nki_smc;neo","Fun",0.3,"AKR1B1"
"overlap_rawp","rawp05","NKI.NEO","nki_smc;neo","Fun",0.3,"ALDH1L2"
"overlap_rawp","rawp05","NKI.NEO","nki_smc;neo","Fun",0.3,"ALOX5"
"overlap_rawp","rawp05","NKI.NEO","nki_smc;neo","Fun",0.3,"ALPK1"
"overlap_rawp","rawp05","NKI.NEO","nki_smc;neo","Fun",0.3,"ALPK3"
"overlap_rawp","rawp05","NKI.NEO","nki_smc;neo","Fun",0.3,"AMPD2"
"overlap_rawp","rawp05","NKI.NEO","nki_smc;neo","Fun",0.3,"AMPD3"
"overlap_rawp","rawp05","NKI.NEO","nki_smc;neo","Fun",0.3,"AMT"
"overlap_rawp","rawp05","NKI.NEO","nki_smc;neo","Fun",0.3,"ANGEL1"
"overlap_rawp","rawp05","NKI.NEO","nki_smc;neo","Fun",0.3,"ANGPTL2"
"overlap_rawp","rawp05","NKI.NEO","nki_smc;neo","Fun",0.3,"ANGPTL6"
"overlap_rawp","rawp05","NKI.NEO","nki_smc;neo","Fun",0.3,"ANKDD1A"
"overlap_rawp","rawp05","NKI.NEO","nki_smc;neo","Fun",0.3,"ANKFY1"
"overlap_rawp","rawp05","NKI.NEO","nki_smc;neo","Fun",0.3,"ANKMY2"
"overlap_rawp","rawp05","NKI.NEO","nki_smc;neo","Fun",0.3,"ANKRD10"
"overlap_rawp","rawp05","NKI.NEO","nki_smc;neo","Fun",0.3,"ANKRD11"
"overlap_rawp","rawp05","NKI.NEO","nki_smc;neo","Fun",0.3,"ANKRD33B"
"overlap_rawp","rawp05","NKI.NEO","nki_smc;neo","Fun",0.3,"ANKRD6"
"overlap_rawp","rawp05","NKI.NEO","nki_smc;neo","Fun",0.3,"ANO6"
"overlap_rawp","rawp05","NKI.NEO","nki_smc;neo","Fun",0.3,"ANTXR1"
"overlap_rawp","rawp05","NKI.NEO","nki_smc;neo","Fun",0.3,"ANXA2R"
"overlap_rawp","rawp05","NKI.NEO","nki_smc;neo","Fun",0.3,"AOAH"
"overlap_rawp","rawp05","NKI.NEO","nki_smc;neo","Fun",0.3,"AP4B1"
"overlap_rawp","rawp05","NKI.NEO","nki_smc;neo","Fun",0.3,"AP4B1-AS1"
"overlap_rawp","rawp05","NKI.NEO","nki_smc;neo","Fun",0.3,"APAF1"
"overlap_rawp","rawp05","NKI.NEO","nki_smc;neo","Fun",0.3,"APBB3"
"overlap_rawp","rawp05","NKI.NEO","nki_smc;neo","Fun",0.3,"APC"
"overlap_rawp","rawp05","NKI.NEO","nki_smc;neo","Fun",0.3,"APH1B"
"overlap_rawp","rawp05","NKI.NEO","nki_smc;neo","Fun",0.3,"APOBEC3C"
"overlap_rawp","rawp05","NKI.NEO","nki_smc;neo","Fun",0.3,"APOBEC3D"
"overlap_rawp","rawp05","NKI.NEO","nki_smc;neo","Fun",0.3,"APOBEC3F"
"overlap_rawp","rawp05","NKI.NEO","nki_smc;neo","Fun",0.3,"APOBR"
"overlap_rawp","rawp05","NKI.NEO","nki_smc;neo","Fun",0.3,"APOL1"
"overlap_rawp","rawp05","NKI.NEO","nki_smc;neo","Fun",0.3,"APOL2"
"overlap_rawp","rawp05","NKI.NEO","nki_smc;neo","Fun",0.3,"APOL3"
"overlap_rawp","rawp05","NKI.NEO","nki_smc;neo","Fun",0.3,"ARAP1"
"overlap_rawp","rawp05","NKI.NEO","nki_smc;neo","Fun",0.3,"ARAP3"
"overlap_rawp","rawp05","NKI.NEO","nki_smc;neo","Fun",0.3,"ARB2A"
"overlap_rawp","rawp05","NKI.NEO","nki_smc;neo","Fun",0.3,"ARHGAP17"
"overlap_rawp","rawp05","NKI.NEO","nki_smc;neo","Fun",0.3,"ARHGAP18"
"overlap_rawp","rawp05","NKI.NEO","nki_smc;neo","Fun",0.3,"ARHGAP22"
"overlap_rawp","rawp05","NKI.NEO","nki_smc;neo","Fun",0.3,"ARHGAP23"
"overlap_rawp","rawp05","NKI.NEO","nki_smc;neo","Fun",0.3,"ARHGAP25"
"overlap_rawp","rawp05","NKI.NEO","nki_smc;neo","Fun",0.3,"ARHGAP26"
"overlap_rawp","rawp05","NKI.NEO","nki_smc;neo","Fun",0.3,"ARHGAP27"
"overlap_rawp","rawp05","NKI.NEO","nki_smc;neo","Fun",0.3,"ARHGAP30"
"overlap_rawp","rawp05","NKI.NEO","nki_smc;neo","Fun",0.3,"ARHGAP31"
"overlap_rawp","rawp05","NKI.NEO","nki_smc;neo","Fun",0.3,"ARHGAP4"
"overlap_rawp","rawp05","NKI.NEO","nki_smc;neo","Fun",0.3,"ARHGAP45"
"overlap_rawp","rawp05","NKI.NEO","nki_smc;neo","Fun",0.3,"ARHGAP9"
"overlap_rawp","rawp05","NKI.NEO","nki_smc;neo","Fun",0.3,"ARHGDIB"
"overlap_rawp","rawp05","NKI.NEO","nki_smc;neo","Fun",0.3,"ARHGEF1"
"overlap_rawp","rawp05","NKI.NEO","nki_smc;neo","Fun",0.3,"ARHGEF10"
"overlap_rawp","rawp05","NKI.NEO","nki_smc;neo","Fun",0.3,"ARHGEF12"
"overlap_rawp","rawp05","NKI.NEO","nki_smc;neo","Fun",0.3,"ARHGEF17"
"overlap_rawp","rawp05","NKI.NEO","nki_smc;neo","Fun",0.3,"ARHGEF25"
"overlap_rawp","rawp05","NKI.NEO","nki_smc;neo","Fun",0.3,"ARHGEF3"
"overlap_rawp","rawp05","NKI.NEO","nki_smc;neo","Fun",0.3,"ARHGEF40"
"overlap_rawp","rawp05","NKI.NEO","nki_smc;neo","Fun",0.3,"ARHGEF7"
"overlap_rawp","rawp05","NKI.NEO","nki_smc;neo","Fun",0.3,"ARID1A"
"overlap_rawp","rawp05","NKI.NEO","nki_smc;neo","Fun",0.3,"ARID1B"
"overlap_rawp","rawp05","NKI.NEO","nki_smc;neo","Fun",0.3,"ARID4B"
"overlap_rawp","rawp05","NKI.NEO","nki_smc;neo","Fun",0.3,"ARID5A"
"overlap_rawp","rawp05","NKI.NEO","nki_smc;neo","Fun",0.3,"ARL11"
"overlap_rawp","rawp05","NKI.NEO","nki_smc;neo","Fun",0.3,"ARL4C"
"overlap_rawp","rawp05","NKI.NEO","nki_smc;neo","Fun",0.3,"ARMH1"
"overlap_rawp","rawp05","NKI.NEO","nki_smc;neo","Fun",0.3,"ARRB1"
"overlap_rawp","rawp05","NKI.NEO","nki_smc;neo","Fun",0.3,"ARRB2"
"overlap_rawp","rawp05","NKI.NEO","nki_smc;neo","Fun",0.3,"ARRDC2"
"overlap_rawp","rawp05","NKI.NEO","nki_smc;neo","Fun",0.3,"ARRDC4"
"overlap_rawp","rawp05","NKI.NEO","nki_smc;neo","Fun",0.3,"ARRDC5"
"overlap_rawp","rawp05","NKI.NEO","nki_smc;neo","Fun",0.3,"ARSA"
"overlap_rawp","rawp05","NKI.NEO","nki_smc;neo","Fun",0.3,"ARSB"
"overlap_rawp","rawp05","NKI.NEO","nki_smc;neo","Fun",0.3,"ASAP1"
"overlap_rawp","rawp05","NKI.NEO","nki_smc;neo","Fun",0.3,"ASAP3"
"overlap_rawp","rawp05","NKI.NEO","nki_smc;neo","Fun",0.3,"ASB1"
"overlap_rawp","rawp05","NKI.NEO","nki_smc;neo","Fun",0.3,"ASB9P1"
"overlap_rawp","rawp05","NKI.NEO","nki_smc;neo","Fun",0.3,"ASMTL-AS1"
"overlap_rawp","rawp05","NKI.NEO","nki_smc;neo","Fun",0.3,"ASPDH"
"overlap_rawp","rawp05","NKI.NEO","nki_smc;neo","Fun",0.3,"ASPHD2"
"overlap_rawp","rawp05","NKI.NEO","nki_smc;neo","Fun",0.3,"ASXL1"
"overlap_rawp","rawp05","NKI.NEO","nki_smc;neo","Fun",0.3,"ASXL2"
"overlap_rawp","rawp05","NKI.NEO","nki_smc;neo","Fun",0.3,"ATF7"
"overlap_rawp","rawp05","NKI.NEO","nki_smc;neo","Fun",0.3,"ATF7IP"
"overlap_rawp","rawp05","NKI.NEO","nki_smc;neo","Fun",0.3,"ATG14"
"overlap_rawp","rawp05","NKI.NEO","nki_smc;neo","Fun",0.3,"ATG16L2"
"overlap_rawp","rawp05","NKI.NEO","nki_smc;neo","Fun",0.3,"ATG2B"
"overlap_rawp","rawp05","NKI.NEO","nki_smc;neo","Fun",0.3,"ATG7"
"overlap_rawp","rawp05","NKI.NEO","nki_smc;neo","Fun",0.3,"ATOSB"
"overlap_rawp","rawp05","NKI.NEO","nki_smc;neo","Fun",0.3,"ATP10D"
"overlap_rawp","rawp05","NKI.NEO","nki_smc;neo","Fun",0.3,"ATP2A3"
"overlap_rawp","rawp05","NKI.NEO","nki_smc;neo","Fun",0.3,"ATP2B4"
"overlap_rawp","rawp05","NKI.NEO","nki_smc;neo","Fun",0.3,"ATP6V0A1"
"overlap_rawp","rawp05","NKI.NEO","nki_smc;neo","Fun",0.3,"ATP6V1B2"
"overlap_rawp","rawp05","NKI.NEO","nki_smc;neo","Fun",0.3,"ATP8B2"
"overlap_rawp","rawp05","NKI.NEO","nki_smc;neo","Fun",0.3,"ATXN1L"
"overlap_rawp","rawp05","NKI.NEO","nki_smc;neo","Fun",0.3,"ATXN7L1"
"overlap_rawp","rawp05","NKI.NEO","nki_smc;neo","Fun",0.3,"AVIL"
"overlap_rawp","rawp05","NKI.NEO","nki_smc;neo","Fun",0.3,"AXL"
"overlap_rawp","rawp05","NKI.NEO","nki_smc;neo","Fun",0.3,"B3GAT2"
"overlap_rawp","rawp05","NKI.NEO","nki_smc;neo","Fun",0.3,"BACE1"
"overlap_rawp","rawp05","NKI.NEO","nki_smc;neo","Fun",0.3,"BACE1-AS"
"overlap_rawp","rawp05","NKI.NEO","nki_smc;neo","Fun",0.3,"BACH1"
"overlap_rawp","rawp05","NKI.NEO","nki_smc;neo","Fun",0.3,"BAHCC1"
"overlap_rawp","rawp05","NKI.NEO","nki_smc;neo","Fun",0.3,"BASP1"
"overlap_rawp","rawp05","NKI.NEO","nki_smc;neo","Fun",0.3,"BATF3"
"overlap_rawp","rawp05","NKI.NEO","nki_smc;neo","Fun",0.3,"BAZ2A"
"overlap_rawp","rawp05","NKI.NEO","nki_smc;neo","Fun",0.3,"BAZ2B"
"overlap_rawp","rawp05","NKI.NEO","nki_smc;neo","Fun",0.3,"BCAT1"
"overlap_rawp","rawp05","NKI.NEO","nki_smc;neo","Fun",0.3,"BCL11B"
"overlap_rawp","rawp05","NKI.NEO","nki_smc;neo","Fun",0.3,"BCL3"
"overlap_rawp","rawp05","NKI.NEO","nki_smc;neo","Fun",0.3,"BCL6"
"overlap_rawp","rawp05","NKI.NEO","nki_smc;neo","Fun",0.3,"BCRP3"
"overlap_rawp","rawp05","NKI.NEO","nki_smc;neo","Fun",0.3,"BDKRB2"
"overlap_rawp","rawp05","NKI.NEO","nki_smc;neo","Fun",0.3,"BEAN1"
"overlap_rawp","rawp05","NKI.NEO","nki_smc;neo","Fun",0.3,"BEND6"
"overlap_rawp","rawp05","NKI.NEO","nki_smc;neo","Fun",0.3,"BGN"
"overlap_rawp","rawp05","NKI.NEO","nki_smc;neo","Fun",0.3,"BHLHE41"
"overlap_rawp","rawp05","NKI.NEO","nki_smc;neo","Fun",0.3,"BICC1"
"overlap_rawp","rawp05","NKI.NEO","nki_smc;neo","Fun",0.3,"BICRAL"
"overlap_rawp","rawp05","NKI.NEO","nki_smc;neo","Fun",0.3,"BIN2"
"overlap_rawp","rawp05","NKI.NEO","nki_smc;neo","Fun",0.3,"BIRC6"
"overlap_rawp","rawp05","NKI.NEO","nki_smc;neo","Fun",0.3,"BIVM"
"overlap_rawp","rawp05","NKI.NEO","nki_smc;neo","Fun",0.3,"BIVM-ERCC5"
"overlap_rawp","rawp05","NKI.NEO","nki_smc;neo","Fun",0.3,"BLNK"
"overlap_rawp","rawp05","NKI.NEO","nki_smc;neo","Fun",0.3,"BMAL1"
"overlap_rawp","rawp05","NKI.NEO","nki_smc;neo","Fun",0.3,"BMF"
"overlap_rawp","rawp05","NKI.NEO","nki_smc;neo","Fun",0.3,"BMP1"
"overlap_rawp","rawp05","NKI.NEO","nki_smc;neo","Fun",0.3,"BMP6"
"overlap_rawp","rawp05","NKI.NEO","nki_smc;neo","Fun",0.3,"BMS1P1"
"overlap_rawp","rawp05","NKI.NEO","nki_smc;neo","Fun",0.3,"BMS1P4"
"overlap_rawp","rawp05","NKI.NEO","nki_smc;neo","Fun",0.3,"BNC2"
"overlap_rawp","rawp05","NKI.NEO","nki_smc;neo","Fun",0.3,"BOC"
"overlap_rawp","rawp05","NKI.NEO","nki_smc;neo","Fun",0.3,"BOD1L1"
"overlap_rawp","rawp05","NKI.NEO","nki_smc;neo","Fun",0.3,"BRD10"
"overlap_rawp","rawp05","NKI.NEO","nki_smc;neo","Fun",0.3,"BST1"
"overlap_rawp","rawp05","NKI.NEO","nki_smc;neo","Fun",0.3,"BTBD19"
"overlap_rawp","rawp05","NKI.NEO","nki_smc;neo","Fun",0.3,"BTBD7"
"overlap_rawp","rawp05","NKI.NEO","nki_smc;neo","Fun",0.3,"BTG1"
"overlap_rawp","rawp05","NKI.NEO","nki_smc;neo","Fun",0.3,"BTK"
"overlap_rawp","rawp05","NKI.NEO","nki_smc;neo","Fun",0.3,"BTN2A1"
"overlap_rawp","rawp05","NKI.NEO","nki_smc;neo","Fun",0.3,"BTN2A3P"
"overlap_rawp","rawp05","NKI.NEO","nki_smc;neo","Fun",0.3,"BTN3A2"
"overlap_rawp","rawp05","NKI.NEO","nki_smc;neo","Fun",0.3,"BTN3A3"
"overlap_rawp","rawp05","NKI.NEO","nki_smc;neo","Fun",0.3,"C16ORF86"
"overlap_rawp","rawp05","NKI.NEO","nki_smc;neo","Fun",0.3,"C19ORF38"
"overlap_rawp","rawp05","NKI.NEO","nki_smc;neo","Fun",0.3,"C1ORF115"
"overlap_rawp","rawp05","NKI.NEO","nki_smc;neo","Fun",0.3,"C1QTNF1"
"overlap_rawp","rawp05","NKI.NEO","nki_smc;neo","Fun",0.3,"C1QTNF6"
"overlap_rawp","rawp05","NKI.NEO","nki_smc;neo","Fun",0.3,"C1R"
"overlap_rawp","rawp05","NKI.NEO","nki_smc;neo","Fun",0.3,"C1RL"
"overlap_rawp","rawp05","NKI.NEO","nki_smc;neo","Fun",0.3,"C1RL-AS1"
"overlap_rawp","rawp05","NKI.NEO","nki_smc;neo","Fun",0.3,"C1S"
"overlap_rawp","rawp05","NKI.NEO","nki_smc;neo","Fun",0.3,"C2"
"overlap_rawp","rawp05","NKI.NEO","nki_smc;neo","Fun",0.3,"C2CD2"
"overlap_rawp","rawp05","NKI.NEO","nki_smc;neo","Fun",0.3,"C3"
"overlap_rawp","rawp05","NKI.NEO","nki_smc;neo","Fun",0.3,"C3ORF62"
"overlap_rawp","rawp05","NKI.NEO","nki_smc;neo","Fun",0.3,"C3ORF80"
"overlap_rawp","rawp05","NKI.NEO","nki_smc;neo","Fun",0.3,"CAB39"
"overlap_rawp","rawp05","NKI.NEO","nki_smc;neo","Fun",0.3,"CABIN1"
"overlap_rawp","rawp05","NKI.NEO","nki_smc;neo","Fun",0.3,"CACNA1E"
"overlap_rawp","rawp05","NKI.NEO","nki_smc;neo","Fun",0.3,"CACNA2D1"
"overlap_rawp","rawp05","NKI.NEO","nki_smc;neo","Fun",0.3,"CACNB1"
"overlap_rawp","rawp05","NKI.NEO","nki_smc;neo","Fun",0.3,"CADPS2"
"overlap_rawp","rawp05","NKI.NEO","nki_smc;neo","Fun",0.3,"CALHM2"
"overlap_rawp","rawp05","NKI.NEO","nki_smc;neo","Fun",0.3,"CALML6"
"overlap_rawp","rawp05","NKI.NEO","nki_smc;neo","Fun",0.3,"CAMK1"
"overlap_rawp","rawp05","NKI.NEO","nki_smc;neo","Fun",0.3,"CAMK1D"
"overlap_rawp","rawp05","NKI.NEO","nki_smc;neo","Fun",0.3,"CAMTA2"
"overlap_rawp","rawp05","NKI.NEO","nki_smc;neo","Fun",0.3,"CAPN3"
"overlap_rawp","rawp05","NKI.NEO","nki_smc;neo","Fun",0.3,"CAPRIN2"
"overlap_rawp","rawp05","NKI.NEO","nki_smc;neo","Fun",0.3,"CARD11"
"overlap_rawp","rawp05","NKI.NEO","nki_smc;neo","Fun",0.3,"CARD6"
"overlap_rawp","rawp05","NKI.NEO","nki_smc;neo","Fun",0.3,"CARD8"
"overlap_rawp","rawp05","NKI.NEO","nki_smc;neo","Fun",0.3,"CARNS1"
"overlap_rawp","rawp05","NKI.NEO","nki_smc;neo","Fun",0.3,"CASP10"
"overlap_rawp","rawp05","NKI.NEO","nki_smc;neo","Fun",0.3,"CASP12"
"overlap_rawp","rawp05","NKI.NEO","nki_smc;neo","Fun",0.3,"CASS4"
"overlap_rawp","rawp05","NKI.NEO","nki_smc;neo","Fun",0.3,"CBL"
"overlap_rawp","rawp05","NKI.NEO","nki_smc;neo","Fun",0.3,"CBLN3"
"overlap_rawp","rawp05","NKI.NEO","nki_smc;neo","Fun",0.3,"CBX6"
"overlap_rawp","rawp05","NKI.NEO","nki_smc;neo","Fun",0.3,"CBX7"
"overlap_rawp","rawp05","NKI.NEO","nki_smc;neo","Fun",0.3,"CCDC142"
"overlap_rawp","rawp05","NKI.NEO","nki_smc;neo","Fun",0.3,"CCDC159"
"overlap_rawp","rawp05","NKI.NEO","nki_smc;neo","Fun",0.3,"CCDC17"
"overlap_rawp","rawp05","NKI.NEO","nki_smc;neo","Fun",0.3,"CCDC50"
"overlap_rawp","rawp05","NKI.NEO","nki_smc;neo","Fun",0.3,"CCDC8"
"overlap_rawp","rawp05","NKI.NEO","nki_smc;neo","Fun",0.3,"CCDC81"
"overlap_rawp","rawp05","NKI.NEO","nki_smc;neo","Fun",0.3,"CCDC88A"
"overlap_rawp","rawp05","NKI.NEO","nki_smc;neo","Fun",0.3,"CCDC88B"
"overlap_rawp","rawp05","NKI.NEO","nki_smc;neo","Fun",0.3,"CCDC89"
"overlap_rawp","rawp05","NKI.NEO","nki_smc;neo","Fun",0.3,"CCDC93"
"overlap_rawp","rawp05","NKI.NEO","nki_smc;neo","Fun",0.3,"CCL16"
"overlap_rawp","rawp05","NKI.NEO","nki_smc;neo","Fun",0.3,"CCL22"
"overlap_rawp","rawp05","NKI.NEO","nki_smc;neo","Fun",0.3,"CCL23"
"overlap_rawp","rawp05","NKI.NEO","nki_smc;neo","Fun",0.3,"CCND2"
"overlap_rawp","rawp05","NKI.NEO","nki_smc;neo","Fun",0.3,"CCNL2"
"overlap_rawp","rawp05","NKI.NEO","nki_smc;neo","Fun",0.3,"CD1D"
"overlap_rawp","rawp05","NKI.NEO","nki_smc;neo","Fun",0.3,"CD248"
"overlap_rawp","rawp05","NKI.NEO","nki_smc;neo","Fun",0.3,"CD300C"
"overlap_rawp","rawp05","NKI.NEO","nki_smc;neo","Fun",0.3,"CD33"
"overlap_rawp","rawp05","NKI.NEO","nki_smc;neo","Fun",0.3,"CD37"
"overlap_rawp","rawp05","NKI.NEO","nki_smc;neo","Fun",0.3,"CD40"
"overlap_rawp","rawp05","NKI.NEO","nki_smc;neo","Fun",0.3,"CD6"
"overlap_rawp","rawp05","NKI.NEO","nki_smc;neo","Fun",0.3,"CD74"
"overlap_rawp","rawp05","NKI.NEO","nki_smc;neo","Fun",0.3,"CD93"
"overlap_rawp","rawp05","NKI.NEO","nki_smc;neo","Fun",0.3,"CD99L2"
"overlap_rawp","rawp05","NKI.NEO","nki_smc;neo","Fun",0.3,"CDC42EP3"
"overlap_rawp","rawp05","NKI.NEO","nki_smc;neo","Fun",0.3,"CDC50A"
"overlap_rawp","rawp05","NKI.NEO","nki_smc;neo","Fun",0.3,"CDHR5"
"overlap_rawp","rawp05","NKI.NEO","nki_smc;neo","Fun",0.3,"CDIP1"
"overlap_rawp","rawp05","NKI.NEO","nki_smc;neo","Fun",0.3,"CDK10"
"overlap_rawp","rawp05","NKI.NEO","nki_smc;neo","Fun",0.3,"CDK14"
"overlap_rawp","rawp05","NKI.NEO","nki_smc;neo","Fun",0.3,"CDK3"
"overlap_rawp","rawp05","NKI.NEO","nki_smc;neo","Fun",0.3,"CDK5RAP3"
"overlap_rawp","rawp05","NKI.NEO","nki_smc;neo","Fun",0.3,"CDKN1A"
"overlap_rawp","rawp05","NKI.NEO","nki_smc;neo","Fun",0.3,"CEACAM4"
"overlap_rawp","rawp05","NKI.NEO","nki_smc;neo","Fun",0.3,"CELF6"
"overlap_rawp","rawp05","NKI.NEO","nki_smc;neo","Fun",0.3,"CEMIP2"
"overlap_rawp","rawp05","NKI.NEO","nki_smc;neo","Fun",0.3,"CENPT"
"overlap_rawp","rawp05","NKI.NEO","nki_smc;neo","Fun",0.3,"CEP112"
"overlap_rawp","rawp05","NKI.NEO","nki_smc;neo","Fun",0.3,"CEP128"
"overlap_rawp","rawp05","NKI.NEO","nki_smc;neo","Fun",0.3,"CEP135"
"overlap_rawp","rawp05","NKI.NEO","nki_smc;neo","Fun",0.3,"CEP164"
"overlap_rawp","rawp05","NKI.NEO","nki_smc;neo","Fun",0.3,"CEP68"
"overlap_rawp","rawp05","NKI.NEO","nki_smc;neo","Fun",0.3,"CERT1"
"overlap_rawp","rawp05","NKI.NEO","nki_smc;neo","Fun",0.3,"CES4A"
"overlap_rawp","rawp05","NKI.NEO","nki_smc;neo","Fun",0.3,"CFAP144P1"
"overlap_rawp","rawp05","NKI.NEO","nki_smc;neo","Fun",0.3,"CFI"
"overlap_rawp","rawp05","NKI.NEO","nki_smc;neo","Fun",0.3,"CFLAR"
"overlap_rawp","rawp05","NKI.NEO","nki_smc;neo","Fun",0.3,"CGNL1"
"overlap_rawp","rawp05","NKI.NEO","nki_smc;neo","Fun",0.3,"CH25H"
"overlap_rawp","rawp05","NKI.NEO","nki_smc;neo","Fun",0.3,"CHD2"
"overlap_rawp","rawp05","NKI.NEO","nki_smc;neo","Fun",0.3,"CHD3"
"overlap_rawp","rawp05","NKI.NEO","nki_smc;neo","Fun",0.3,"CHKB"
"overlap_rawp","rawp05","NKI.NEO","nki_smc;neo","Fun",0.3,"CHKB-CPT1B"
"overlap_rawp","rawp05","NKI.NEO","nki_smc;neo","Fun",0.3,"CHRNA10"
"overlap_rawp","rawp05","NKI.NEO","nki_smc;neo","Fun",0.3,"CHRNE"
"overlap_rawp","rawp05","NKI.NEO","nki_smc;neo","Fun",0.3,"CHST11"
"overlap_rawp","rawp05","NKI.NEO","nki_smc;neo","Fun",0.3,"CHST15"
"overlap_rawp","rawp05","NKI.NEO","nki_smc;neo","Fun",0.3,"CIC"
"overlap_rawp","rawp05","NKI.NEO","nki_smc;neo","Fun",0.3,"CIITA"
"overlap_rawp","rawp05","NKI.NEO","nki_smc;neo","Fun",0.3,"CIRBP"
"overlap_rawp","rawp05","NKI.NEO","nki_smc;neo","Fun",0.3,"CLASP1"
"overlap_rawp","rawp05","NKI.NEO","nki_smc;neo","Fun",0.3,"CLCN4"
"overlap_rawp","rawp05","NKI.NEO","nki_smc;neo","Fun",0.3,"CLCN5"
"overlap_rawp","rawp05","NKI.NEO","nki_smc;neo","Fun",0.3,"CLCN6"
"overlap_rawp","rawp05","NKI.NEO","nki_smc;neo","Fun",0.3,"CLDN15"
"overlap_rawp","rawp05","NKI.NEO","nki_smc;neo","Fun",0.3,"CLEC11A"
"overlap_rawp","rawp05","NKI.NEO","nki_smc;neo","Fun",0.3,"CLEC4D"
"overlap_rawp","rawp05","NKI.NEO","nki_smc;neo","Fun",0.3,"CLIP2"
"overlap_rawp","rawp05","NKI.NEO","nki_smc;neo","Fun",0.3,"CLIP3"
"overlap_rawp","rawp05","NKI.NEO","nki_smc;neo","Fun",0.3,"CLMP"
"overlap_rawp","rawp05","NKI.NEO","nki_smc;neo","Fun",0.3,"CLN8"
"overlap_rawp","rawp05","NKI.NEO","nki_smc;neo","Fun",0.3,"CLSTN3"
"overlap_rawp","rawp05","NKI.NEO","nki_smc;neo","Fun",0.3,"CMIP"
"overlap_rawp","rawp05","NKI.NEO","nki_smc;neo","Fun",0.3,"CNTNAP1"
"overlap_rawp","rawp05","NKI.NEO","nki_smc;neo","Fun",0.3,"COL15A1"
"overlap_rawp","rawp05","NKI.NEO","nki_smc;neo","Fun",0.3,"COL16A1"
"overlap_rawp","rawp05","NKI.NEO","nki_smc;neo","Fun",0.3,"COL1A1"
"overlap_rawp","rawp05","NKI.NEO","nki_smc;neo","Fun",0.3,"COL24A1"
"overlap_rawp","rawp05","NKI.NEO","nki_smc;neo","Fun",0.3,"COL27A1"
"overlap_rawp","rawp05","NKI.NEO","nki_smc;neo","Fun",0.3,"COL5A1"
"overlap_rawp","rawp05","NKI.NEO","nki_smc;neo","Fun",0.3,"COL5A3"
"overlap_rawp","rawp05","NKI.NEO","nki_smc;neo","Fun",0.3,"COL6A1"
"overlap_rawp","rawp05","NKI.NEO","nki_smc;neo","Fun",0.3,"COL6A2"
"overlap_rawp","rawp05","NKI.NEO","nki_smc;neo","Fun",0.3,"COL6A3"
"overlap_rawp","rawp05","NKI.NEO","nki_smc;neo","Fun",0.3,"COLEC12"
"overlap_rawp","rawp05","NKI.NEO","nki_smc;neo","Fun",0.3,"COLQ"
"overlap_rawp","rawp05","NKI.NEO","nki_smc;neo","Fun",0.3,"CORO2B"
"overlap_rawp","rawp05","NKI.NEO","nki_smc;neo","Fun",0.3,"CORO7"
"overlap_rawp","rawp05","NKI.NEO","nki_smc;neo","Fun",0.3,"CPD"
"overlap_rawp","rawp05","NKI.NEO","nki_smc;neo","Fun",0.3,"CPEB1"
"overlap_rawp","rawp05","NKI.NEO","nki_smc;neo","Fun",0.3,"CPEB3"
"overlap_rawp","rawp05","NKI.NEO","nki_smc;neo","Fun",0.3,"CPNE5"
"overlap_rawp","rawp05","NKI.NEO","nki_smc;neo","Fun",0.3,"CPT1C"
"overlap_rawp","rawp05","NKI.NEO","nki_smc;neo","Fun",0.3,"CPXM1"
"overlap_rawp","rawp05","NKI.NEO","nki_smc;neo","Fun",0.3,"CREB3L2"
"overlap_rawp","rawp05","NKI.NEO","nki_smc;neo","Fun",0.3,"CREBBP"
"overlap_rawp","rawp05","NKI.NEO","nki_smc;neo","Fun",0.3,"CRELD1"
"overlap_rawp","rawp05","NKI.NEO","nki_smc;neo","Fun",0.3,"CRIM1"
"overlap_rawp","rawp05","NKI.NEO","nki_smc;neo","Fun",0.3,"CROCCP2"
"overlap_rawp","rawp05","NKI.NEO","nki_smc;neo","Fun",0.3,"CROCCP3"
"overlap_rawp","rawp05","NKI.NEO","nki_smc;neo","Fun",0.3,"CRTAP"
"overlap_rawp","rawp05","NKI.NEO","nki_smc;neo","Fun",0.3,"CRTC3"
"overlap_rawp","rawp05","NKI.NEO","nki_smc;neo","Fun",0.3,"CRY2"
"overlap_rawp","rawp05","NKI.NEO","nki_smc;neo","Fun",0.3,"CSF1"
"overlap_rawp","rawp05","NKI.NEO","nki_smc;neo","Fun",0.3,"CSF1R"
"overlap_rawp","rawp05","NKI.NEO","nki_smc;neo","Fun",0.3,"CSF2RA"
"overlap_rawp","rawp05","NKI.NEO","nki_smc;neo","Fun",0.3,"CSF2RB"
"overlap_rawp","rawp05","NKI.NEO","nki_smc;neo","Fun",0.3,"CSF3R"
"overlap_rawp","rawp05","NKI.NEO","nki_smc;neo","Fun",0.3,"CSGALNACT1"
"overlap_rawp","rawp05","NKI.NEO","nki_smc;neo","Fun",0.3,"CSGALNACT2"
"overlap_rawp","rawp05","NKI.NEO","nki_smc;neo","Fun",0.3,"CSMD2"
"overlap_rawp","rawp05","NKI.NEO","nki_smc;neo","Fun",0.3,"CSPG4"
"overlap_rawp","rawp05","NKI.NEO","nki_smc;neo","Fun",0.3,"CST7"
"overlap_rawp","rawp05","NKI.NEO","nki_smc;neo","Fun",0.3,"CTC1"
"overlap_rawp","rawp05","NKI.NEO","nki_smc;neo","Fun",0.3,"CTDSP2"
"overlap_rawp","rawp05","NKI.NEO","nki_smc;neo","Fun",0.3,"CTSB"
"overlap_rawp","rawp05","NKI.NEO","nki_smc;neo","Fun",0.3,"CTSO"
"overlap_rawp","rawp05","NKI.NEO","nki_smc;neo","Fun",0.3,"CTSZ"
"overlap_rawp","rawp05","NKI.NEO","nki_smc;neo","Fun",0.3,"CUBN"
"overlap_rawp","rawp05","NKI.NEO","nki_smc;neo","Fun",0.3,"CUL9"
"overlap_rawp","rawp05","NKI.NEO","nki_smc;neo","Fun",0.3,"CXCL3"
"overlap_rawp","rawp05","NKI.NEO","nki_smc;neo","Fun",0.3,"CXORF38"
"overlap_rawp","rawp05","NKI.NEO","nki_smc;neo","Fun",0.3,"CYLD"
"overlap_rawp","rawp05","NKI.NEO","nki_smc;neo","Fun",0.3,"CYP1B1"
"overlap_rawp","rawp05","NKI.NEO","nki_smc;neo","Fun",0.3,"CYP20A1"
"overlap_rawp","rawp05","NKI.NEO","nki_smc;neo","Fun",0.3,"CYP2S1"
"overlap_rawp","rawp05","NKI.NEO","nki_smc;neo","Fun",0.3,"CYP4V2"
"overlap_rawp","rawp05","NKI.NEO","nki_smc;neo","Fun",0.3,"CYTH4"
"overlap_rawp","rawp05","NKI.NEO","nki_smc;neo","Fun",0.3,"CYYR1"
"overlap_rawp","rawp05","NKI.NEO","nki_smc;neo","Fun",0.3,"D2HGDH"
"overlap_rawp","rawp05","NKI.NEO","nki_smc;neo","Fun",0.3,"DAAM2"
"overlap_rawp","rawp05","NKI.NEO","nki_smc;neo","Fun",0.3,"DACT1"
"overlap_rawp","rawp05","NKI.NEO","nki_smc;neo","Fun",0.3,"DAPK1"
"overlap_rawp","rawp05","NKI.NEO","nki_smc;neo","Fun",0.3,"DCHS1"
"overlap_rawp","rawp05","NKI.NEO","nki_smc;neo","Fun",0.3,"DCUN1D3"
"overlap_rawp","rawp05","NKI.NEO","nki_smc;neo","Fun",0.3,"DDB2"
"overlap_rawp","rawp05","NKI.NEO","nki_smc;neo","Fun",0.3,"DDHD1"
"overlap_rawp","rawp05","NKI.NEO","nki_smc;neo","Fun",0.3,"DDR2"
"overlap_rawp","rawp05","NKI.NEO","nki_smc;neo","Fun",0.3,"DDX3X"
"overlap_rawp","rawp05","NKI.NEO","nki_smc;neo","Fun",0.3,"DENND1C"
"overlap_rawp","rawp05","NKI.NEO","nki_smc;neo","Fun",0.3,"DENND2B"
"overlap_rawp","rawp05","NKI.NEO","nki_smc;neo","Fun",0.3,"DENND3"
"overlap_rawp","rawp05","NKI.NEO","nki_smc;neo","Fun",0.3,"DENND4B"
"overlap_rawp","rawp05","NKI.NEO","nki_smc;neo","Fun",0.3,"DENND5A"
"overlap_rawp","rawp05","NKI.NEO","nki_smc;neo","Fun",0.3,"DEPP1"
"overlap_rawp","rawp05","NKI.NEO","nki_smc;neo","Fun",0.3,"DET1"
"overlap_rawp","rawp05","NKI.NEO","nki_smc;neo","Fun",0.3,"DGKA"
"overlap_rawp","rawp05","NKI.NEO","nki_smc;neo","Fun",0.3,"DGLUCY"
"overlap_rawp","rawp05","NKI.NEO","nki_smc;neo","Fun",0.3,"DHX38"
"overlap_rawp","rawp05","NKI.NEO","nki_smc;neo","Fun",0.3,"DICER1"
"overlap_rawp","rawp05","NKI.NEO","nki_smc;neo","Fun",0.3,"DIP2A"
"overlap_rawp","rawp05","NKI.NEO","nki_smc;neo","Fun",0.3,"DIP2C"
"overlap_rawp","rawp05","NKI.NEO","nki_smc;neo","Fun",0.3,"DISC1"
"overlap_rawp","rawp05","NKI.NEO","nki_smc;neo","Fun",0.3,"DLEC1"
"overlap_rawp","rawp05","NKI.NEO","nki_smc;neo","Fun",0.3,"DLG4"
"overlap_rawp","rawp05","NKI.NEO","nki_smc;neo","Fun",0.3,"DLL1"
"overlap_rawp","rawp05","NKI.NEO","nki_smc;neo","Fun",0.3,"DMTF1"
"overlap_rawp","rawp05","NKI.NEO","nki_smc;neo","Fun",0.3,"DMXL2"
"overlap_rawp","rawp05","NKI.NEO","nki_smc;neo","Fun",0.3,"DNAH1"
"overlap_rawp","rawp05","NKI.NEO","nki_smc;neo","Fun",0.3,"DNHD1"
"overlap_rawp","rawp05","NKI.NEO","nki_smc;neo","Fun",0.3,"DNM1"
"overlap_rawp","rawp05","NKI.NEO","nki_smc;neo","Fun",0.3,"DNM1P46"
"overlap_rawp","rawp05","NKI.NEO","nki_smc;neo","Fun",0.3,"DNMBP"
"overlap_rawp","rawp05","NKI.NEO","nki_smc;neo","Fun",0.3,"DOCK11"
"overlap_rawp","rawp05","NKI.NEO","nki_smc;neo","Fun",0.3,"DOCK2"
"overlap_rawp","rawp05","NKI.NEO","nki_smc;neo","Fun",0.3,"DOCK4"
"overlap_rawp","rawp05","NKI.NEO","nki_smc;neo","Fun",0.3,"DOCK8"
"overlap_rawp","rawp05","NKI.NEO","nki_smc;neo","Fun",0.3,"DOK2"
"overlap_rawp","rawp05","NKI.NEO","nki_smc;neo","Fun",0.3,"DOK3"
"overlap_rawp","rawp05","NKI.NEO","nki_smc;neo","Fun",0.3,"DPP8"
"overlap_rawp","rawp05","NKI.NEO","nki_smc;neo","Fun",0.3,"DPYD"
"overlap_rawp","rawp05","NKI.NEO","nki_smc;neo","Fun",0.3,"DPYSL2"
"overlap_rawp","rawp05","NKI.NEO","nki_smc;neo","Fun",0.3,"DPYSL3"
"overlap_rawp","rawp05","NKI.NEO","nki_smc;neo","Fun",0.3,"DRAM1"
"overlap_rawp","rawp05","NKI.NEO","nki_smc;neo","Fun",0.3,"DRICH1"
"overlap_rawp","rawp05","NKI.NEO","nki_smc;neo","Fun",0.3,"DSE"
"overlap_rawp","rawp05","NKI.NEO","nki_smc;neo","Fun",0.3,"DST"
"overlap_rawp","rawp05","NKI.NEO","nki_smc;neo","Fun",0.3,"DTX2"
"overlap_rawp","rawp05","NKI.NEO","nki_smc;neo","Fun",0.3,"DTX2P1-UPK3BP1-PMS2P11"
"overlap_rawp","rawp05","NKI.NEO","nki_smc;neo","Fun",0.3,"DTX3"
"overlap_rawp","rawp05","NKI.NEO","nki_smc;neo","Fun",0.3,"DUSP18"
"overlap_rawp","rawp05","NKI.NEO","nki_smc;neo","Fun",0.3,"DUSP4"
"overlap_rawp","rawp05","NKI.NEO","nki_smc;neo","Fun",0.3,"DUSP5"
"overlap_rawp","rawp05","NKI.NEO","nki_smc;neo","Fun",0.3,"DYNLT4"
"overlap_rawp","rawp05","NKI.NEO","nki_smc;neo","Fun",0.3,"DYRK2"
"overlap_rawp","rawp05","NKI.NEO","nki_smc;neo","Fun",0.3,"DYSF"
"overlap_rawp","rawp05","NKI.NEO","nki_smc;neo","Fun",0.3,"DZANK1"
"overlap_rawp","rawp05","NKI.NEO","nki_smc;neo","Fun",0.3,"DZIP1"
"overlap_rawp","rawp05","NKI.NEO","nki_smc;neo","Fun",0.3,"DZIP1L"
"overlap_rawp","rawp05","NKI.NEO","nki_smc;neo","Fun",0.3,"EBI3"
"overlap_rawp","rawp05","NKI.NEO","nki_smc;neo","Fun",0.3,"ECHDC2"
"overlap_rawp","rawp05","NKI.NEO","nki_smc;neo","Fun",0.3,"EDA2R"
"overlap_rawp","rawp05","NKI.NEO","nki_smc;neo","Fun",0.3,"EDEM1"
"overlap_rawp","rawp05","NKI.NEO","nki_smc;neo","Fun",0.3,"EEF1AKMT3"
"overlap_rawp","rawp05","NKI.NEO","nki_smc;neo","Fun",0.3,"EEF2K"
"overlap_rawp","rawp05","NKI.NEO","nki_smc;neo","Fun",0.3,"EEPD1"
"overlap_rawp","rawp05","NKI.NEO","nki_smc;neo","Fun",0.3,"EFCAB14"
"overlap_rawp","rawp05","NKI.NEO","nki_smc;neo","Fun",0.3,"EFEMP2"
"overlap_rawp","rawp05","NKI.NEO","nki_smc;neo","Fun",0.3,"EGFLAM"
"overlap_rawp","rawp05","NKI.NEO","nki_smc;neo","Fun",0.3,"EGFR"
"overlap_rawp","rawp05","NKI.NEO","nki_smc;neo","Fun",0.3,"EGR1"
"overlap_rawp","rawp05","NKI.NEO","nki_smc;neo","Fun",0.3,"EGR2"
"overlap_rawp","rawp05","NKI.NEO","nki_smc;neo","Fun",0.3,"EHBP1L1"
"overlap_rawp","rawp05","NKI.NEO","nki_smc;neo","Fun",0.3,"EHD2"
"overlap_rawp","rawp05","NKI.NEO","nki_smc;neo","Fun",0.3,"EHD3"
"overlap_rawp","rawp05","NKI.NEO","nki_smc;neo","Fun",0.3,"EHD4"
"overlap_rawp","rawp05","NKI.NEO","nki_smc;neo","Fun",0.3,"EIF4ENIF1"
"overlap_rawp","rawp05","NKI.NEO","nki_smc;neo","Fun",0.3,"EIF4G3"
"overlap_rawp","rawp05","NKI.NEO","nki_smc;neo","Fun",0.3,"ELF2"
"overlap_rawp","rawp05","NKI.NEO","nki_smc;neo","Fun",0.3,"ELFN1"
"overlap_rawp","rawp05","NKI.NEO","nki_smc;neo","Fun",0.3,"ELK3"
"overlap_rawp","rawp05","NKI.NEO","nki_smc;neo","Fun",0.3,"ELL"
"overlap_rawp","rawp05","NKI.NEO","nki_smc;neo","Fun",0.3,"ELMO1"
"overlap_rawp","rawp05","NKI.NEO","nki_smc;neo","Fun",0.3,"ELMOD3"
"overlap_rawp","rawp05","NKI.NEO","nki_smc;neo","Fun",0.3,"EMILIN1"
"overlap_rawp","rawp05","NKI.NEO","nki_smc;neo","Fun",0.3,"EML1"
"overlap_rawp","rawp05","NKI.NEO","nki_smc;neo","Fun",0.3,"EML4"
"overlap_rawp","rawp05","NKI.NEO","nki_smc;neo","Fun",0.3,"EMP3"
"overlap_rawp","rawp05","NKI.NEO","nki_smc;neo","Fun",0.3,"ENG"
"overlap_rawp","rawp05","NKI.NEO","nki_smc;neo","Fun",0.3,"ENGASE"
"overlap_rawp","rawp05","NKI.NEO","nki_smc;neo","Fun",0.3,"ENOX1"
"overlap_rawp","rawp05","NKI.NEO","nki_smc;neo","Fun",0.3,"ENTPD3"
"overlap_rawp","rawp05","NKI.NEO","nki_smc;neo","Fun",0.3,"ENTPD4"
"overlap_rawp","rawp05","NKI.NEO","nki_smc;neo","Fun",0.3,"EOGT"
"overlap_rawp","rawp05","NKI.NEO","nki_smc;neo","Fun",0.3,"EOLA1-DT"
"overlap_rawp","rawp05","NKI.NEO","nki_smc;neo","Fun",0.3,"EP300"
"overlap_rawp","rawp05","NKI.NEO","nki_smc;neo","Fun",0.3,"EP400"
"overlap_rawp","rawp05","NKI.NEO","nki_smc;neo","Fun",0.3,"EP400P1"
"overlap_rawp","rawp05","NKI.NEO","nki_smc;neo","Fun",0.3,"EPAS1"
"overlap_rawp","rawp05","NKI.NEO","nki_smc;neo","Fun",0.3,"EPG5"
"overlap_rawp","rawp05","NKI.NEO","nki_smc;neo","Fun",0.3,"EPHA1-AS1"
"overlap_rawp","rawp05","NKI.NEO","nki_smc;neo","Fun",0.3,"EPHA4"
"overlap_rawp","rawp05","NKI.NEO","nki_smc;neo","Fun",0.3,"EPHB2"
"overlap_rawp","rawp05","NKI.NEO","nki_smc;neo","Fun",0.3,"EPOR"
"overlap_rawp","rawp05","NKI.NEO","nki_smc;neo","Fun",0.3,"ERAP1"
"overlap_rawp","rawp05","NKI.NEO","nki_smc;neo","Fun",0.3,"ERMAP"
"overlap_rawp","rawp05","NKI.NEO","nki_smc;neo","Fun",0.3,"ERN1"
"overlap_rawp","rawp05","NKI.NEO","nki_smc;neo","Fun",0.3,"ETS2"
"overlap_rawp","rawp05","NKI.NEO","nki_smc;neo","Fun",0.3,"ETV1"
"overlap_rawp","rawp05","NKI.NEO","nki_smc;neo","Fun",0.3,"ETV6"
"overlap_rawp","rawp05","NKI.NEO","nki_smc;neo","Fun",0.3,"EVA1A"
"overlap_rawp","rawp05","NKI.NEO","nki_smc;neo","Fun",0.3,"EVC"
"overlap_rawp","rawp05","NKI.NEO","nki_smc;neo","Fun",0.3,"EXOC8"
"overlap_rawp","rawp05","NKI.NEO","nki_smc;neo","Fun",0.3,"EXOG"
"overlap_rawp","rawp05","NKI.NEO","nki_smc;neo","Fun",0.3,"EXTL3"
"overlap_rawp","rawp05","NKI.NEO","nki_smc;neo","Fun",0.3,"FAIM2"
"overlap_rawp","rawp05","NKI.NEO","nki_smc;neo","Fun",0.3,"FAM117A"
"overlap_rawp","rawp05","NKI.NEO","nki_smc;neo","Fun",0.3,"FAM120B"
"overlap_rawp","rawp05","NKI.NEO","nki_smc;neo","Fun",0.3,"FAM124A"
"overlap_rawp","rawp05","NKI.NEO","nki_smc;neo","Fun",0.3,"FAM131B"
"overlap_rawp","rawp05","NKI.NEO","nki_smc;neo","Fun",0.3,"FAM151B"
"overlap_rawp","rawp05","NKI.NEO","nki_smc;neo","Fun",0.3,"FAM156A"
"overlap_rawp","rawp05","NKI.NEO","nki_smc;neo","Fun",0.3,"FAM156B"
"overlap_rawp","rawp05","NKI.NEO","nki_smc;neo","Fun",0.3,"FAM161B"
"overlap_rawp","rawp05","NKI.NEO","nki_smc;neo","Fun",0.3,"FAM167B"
"overlap_rawp","rawp05","NKI.NEO","nki_smc;neo","Fun",0.3,"FAM193A"
"overlap_rawp","rawp05","NKI.NEO","nki_smc;neo","Fun",0.3,"FAM193B"
"overlap_rawp","rawp05","NKI.NEO","nki_smc;neo","Fun",0.3,"FAM20A"
"overlap_rawp","rawp05","NKI.NEO","nki_smc;neo","Fun",0.3,"FAM20C"
"overlap_rawp","rawp05","NKI.NEO","nki_smc;neo","Fun",0.3,"FAM219A"
"overlap_rawp","rawp05","NKI.NEO","nki_smc;neo","Fun",0.3,"FAM223B"
"overlap_rawp","rawp05","NKI.NEO","nki_smc;neo","Fun",0.3,"FAM225A"
"overlap_rawp","rawp05","NKI.NEO","nki_smc;neo","Fun",0.3,"FAM225B"
"overlap_rawp","rawp05","NKI.NEO","nki_smc;neo","Fun",0.3,"FAM43A"
"overlap_rawp","rawp05","NKI.NEO","nki_smc;neo","Fun",0.3,"FAM66B"
"overlap_rawp","rawp05","NKI.NEO","nki_smc;neo","Fun",0.3,"FAM66D"
"overlap_rawp","rawp05","NKI.NEO","nki_smc;neo","Fun",0.3,"FAM78A"
"overlap_rawp","rawp05","NKI.NEO","nki_smc;neo","Fun",0.3,"FAT1"
"overlap_rawp","rawp05","NKI.NEO","nki_smc;neo","Fun",0.3,"FBLN1"
"overlap_rawp","rawp05","NKI.NEO","nki_smc;neo","Fun",0.3,"FBLN7"
"overlap_rawp","rawp05","NKI.NEO","nki_smc;neo","Fun",0.3,"FBXL7"
"overlap_rawp","rawp05","NKI.NEO","nki_smc;neo","Fun",0.3,"FBXL8"
"overlap_rawp","rawp05","NKI.NEO","nki_smc;neo","Fun",0.3,"FBXO10"
"overlap_rawp","rawp05","NKI.NEO","nki_smc;neo","Fun",0.3,"FBXO11"
"overlap_rawp","rawp05","NKI.NEO","nki_smc;neo","Fun",0.3,"FBXO31"
"overlap_rawp","rawp05","NKI.NEO","nki_smc;neo","Fun",0.3,"FCAR"
"overlap_rawp","rawp05","NKI.NEO","nki_smc;neo","Fun",0.3,"FCGR1BP"
"overlap_rawp","rawp05","NKI.NEO","nki_smc;neo","Fun",0.3,"FCGR1CP"
"overlap_rawp","rawp05","NKI.NEO","nki_smc;neo","Fun",0.3,"FCGRT"
"overlap_rawp","rawp05","NKI.NEO","nki_smc;neo","Fun",0.3,"FCHSD1"
"overlap_rawp","rawp05","NKI.NEO","nki_smc;neo","Fun",0.3,"FCHSD2"
"overlap_rawp","rawp05","NKI.NEO","nki_smc;neo","Fun",0.3,"FCN1"
"overlap_rawp","rawp05","NKI.NEO","nki_smc;neo","Fun",0.3,"FEM1C"
"overlap_rawp","rawp05","NKI.NEO","nki_smc;neo","Fun",0.3,"FER1L4"
"overlap_rawp","rawp05","NKI.NEO","nki_smc;neo","Fun",0.3,"FERMT3"
"overlap_rawp","rawp05","NKI.NEO","nki_smc;neo","Fun",0.3,"FES"
"overlap_rawp","rawp05","NKI.NEO","nki_smc;neo","Fun",0.3,"FFAR4"
"overlap_rawp","rawp05","NKI.NEO","nki_smc;neo","Fun",0.3,"FGD2"
"overlap_rawp","rawp05","NKI.NEO","nki_smc;neo","Fun",0.3,"FGD5"
"overlap_rawp","rawp05","NKI.NEO","nki_smc;neo","Fun",0.3,"FGD6"
"overlap_rawp","rawp05","NKI.NEO","nki_smc;neo","Fun",0.3,"FGR"
"overlap_rawp","rawp05","NKI.NEO","nki_smc;neo","Fun",0.3,"FHAD1"
"overlap_rawp","rawp05","NKI.NEO","nki_smc;neo","Fun",0.3,"FHIP1B"
"overlap_rawp","rawp05","NKI.NEO","nki_smc;neo","Fun",0.3,"FHIP2A"
"overlap_rawp","rawp05","NKI.NEO","nki_smc;neo","Fun",0.3,"FHIP2B"
"overlap_rawp","rawp05","NKI.NEO","nki_smc;neo","Fun",0.3,"FICD"
"overlap_rawp","rawp05","NKI.NEO","nki_smc;neo","Fun",0.3,"FKBP14"
"overlap_rawp","rawp05","NKI.NEO","nki_smc;neo","Fun",0.3,"FKBP15"
"overlap_rawp","rawp05","NKI.NEO","nki_smc;neo","Fun",0.3,"FLCN"
"overlap_rawp","rawp05","NKI.NEO","nki_smc;neo","Fun",0.3,"FLI1"
"overlap_rawp","rawp05","NKI.NEO","nki_smc;neo","Fun",0.3,"FLNC"
"overlap_rawp","rawp05","NKI.NEO","nki_smc;neo","Fun",0.3,"FLRT2"
"overlap_rawp","rawp05","NKI.NEO","nki_smc;neo","Fun",0.3,"FLT3LG"
"overlap_rawp","rawp05","NKI.NEO","nki_smc;neo","Fun",0.3,"FLVCR2"
"overlap_rawp","rawp05","NKI.NEO","nki_smc;neo","Fun",0.3,"FMNL1"
"overlap_rawp","rawp05","NKI.NEO","nki_smc;neo","Fun",0.3,"FMNL3"
"overlap_rawp","rawp05","NKI.NEO","nki_smc;neo","Fun",0.3,"FNBP1"
"overlap_rawp","rawp05","NKI.NEO","nki_smc;neo","Fun",0.3,"FNBP4"
"overlap_rawp","rawp05","NKI.NEO","nki_smc;neo","Fun",0.3,"FNDC1"
"overlap_rawp","rawp05","NKI.NEO","nki_smc;neo","Fun",0.3,"FNDC3A"
"overlap_rawp","rawp05","NKI.NEO","nki_smc;neo","Fun",0.3,"FNDC3B"
"overlap_rawp","rawp05","NKI.NEO","nki_smc;neo","Fun",0.3,"FNIP2"
"overlap_rawp","rawp05","NKI.NEO","nki_smc;neo","Fun",0.3,"FOSL2"
"overlap_rawp","rawp05","NKI.NEO","nki_smc;neo","Fun",0.3,"FOXK1"
"overlap_rawp","rawp05","NKI.NEO","nki_smc;neo","Fun",0.3,"FOXN3"
"overlap_rawp","rawp05","NKI.NEO","nki_smc;neo","Fun",0.3,"FOXO3B"
"overlap_rawp","rawp05","NKI.NEO","nki_smc;neo","Fun",0.3,"FOXP1"
"overlap_rawp","rawp05","NKI.NEO","nki_smc;neo","Fun",0.3,"FOXP3"
"overlap_rawp","rawp05","NKI.NEO","nki_smc;neo","Fun",0.3,"FRG1BP"
"overlap_rawp","rawp05","NKI.NEO","nki_smc;neo","Fun",0.3,"FRMD4B"
"overlap_rawp","rawp05","NKI.NEO","nki_smc;neo","Fun",0.3,"FRMPD2"
"overlap_rawp","rawp05","NKI.NEO","nki_smc;neo","Fun",0.3,"FRRS1L"
"overlap_rawp","rawp05","NKI.NEO","nki_smc;neo","Fun",0.3,"FXYD6"
"overlap_rawp","rawp05","NKI.NEO","nki_smc;neo","Fun",0.3,"FYB1"
"overlap_rawp","rawp05","NKI.NEO","nki_smc;neo","Fun",0.3,"FZD10-AS1"
"overlap_rawp","rawp05","NKI.NEO","nki_smc;neo","Fun",0.3,"GAB2"
"overlap_rawp","rawp05","NKI.NEO","nki_smc;neo","Fun",0.3,"GAB3"
"overlap_rawp","rawp05","NKI.NEO","nki_smc;neo","Fun",0.3,"GABARAPL1"
"overlap_rawp","rawp05","NKI.NEO","nki_smc;neo","Fun",0.3,"GABBR1"
"overlap_rawp","rawp05","NKI.NEO","nki_smc;neo","Fun",0.3,"GABPB1-IT1"
"overlap_rawp","rawp05","NKI.NEO","nki_smc;neo","Fun",0.3,"GABRE"
"overlap_rawp","rawp05","NKI.NEO","nki_smc;neo","Fun",0.3,"GABRR2"
"overlap_rawp","rawp05","NKI.NEO","nki_smc;neo","Fun",0.3,"GADD45A"
"overlap_rawp","rawp05","NKI.NEO","nki_smc;neo","Fun",0.3,"GADD45G"
"overlap_rawp","rawp05","NKI.NEO","nki_smc;neo","Fun",0.3,"GAL3ST4"
"overlap_rawp","rawp05","NKI.NEO","nki_smc;neo","Fun",0.3,"GALM"
"overlap_rawp","rawp05","NKI.NEO","nki_smc;neo","Fun",0.3,"GALNT10"
"overlap_rawp","rawp05","NKI.NEO","nki_smc;neo","Fun",0.3,"GALNT12"
"overlap_rawp","rawp05","NKI.NEO","nki_smc;neo","Fun",0.3,"GALNT4"
"overlap_rawp","rawp05","NKI.NEO","nki_smc;neo","Fun",0.3,"GALNT8"
"overlap_rawp","rawp05","NKI.NEO","nki_smc;neo","Fun",0.3,"GANC"
"overlap_rawp","rawp05","NKI.NEO","nki_smc;neo","Fun",0.3,"GAS6"
"overlap_rawp","rawp05","NKI.NEO","nki_smc;neo","Fun",0.3,"GAS6-AS1"
"overlap_rawp","rawp05","NKI.NEO","nki_smc;neo","Fun",0.3,"GATAD2B"
"overlap_rawp","rawp05","NKI.NEO","nki_smc;neo","Fun",0.3,"GBGT1"
"overlap_rawp","rawp05","NKI.NEO","nki_smc;neo","Fun",0.3,"GCC2"
"overlap_rawp","rawp05","NKI.NEO","nki_smc;neo","Fun",0.3,"GCSHP3"
"overlap_rawp","rawp05","NKI.NEO","nki_smc;neo","Fun",0.3,"GFI1"
"overlap_rawp","rawp05","NKI.NEO","nki_smc;neo","Fun",0.3,"GGA2"
"overlap_rawp","rawp05","NKI.NEO","nki_smc;neo","Fun",0.3,"GGT5"
"overlap_rawp","rawp05","NKI.NEO","nki_smc;neo","Fun",0.3,"GGT7"
"overlap_rawp","rawp05","NKI.NEO","nki_smc;neo","Fun",0.3,"GHRLOS"
"overlap_rawp","rawp05","NKI.NEO","nki_smc;neo","Fun",0.3,"GIGYF1"
"overlap_rawp","rawp05","NKI.NEO","nki_smc;neo","Fun",0.3,"GIMAP1"
"overlap_rawp","rawp05","NKI.NEO","nki_smc;neo","Fun",0.3,"GIPC3"
"overlap_rawp","rawp05","NKI.NEO","nki_smc;neo","Fun",0.3,"GIT2"
"overlap_rawp","rawp05","NKI.NEO","nki_smc;neo","Fun",0.3,"GLCCI1"
"overlap_rawp","rawp05","NKI.NEO","nki_smc;neo","Fun",0.3,"GLG1"
"overlap_rawp","rawp05","NKI.NEO","nki_smc;neo","Fun",0.3,"GLI2"
"overlap_rawp","rawp05","NKI.NEO","nki_smc;neo","Fun",0.3,"GLIS3"
"overlap_rawp","rawp05","NKI.NEO","nki_smc;neo","Fun",0.3,"GM2A"
"overlap_rawp","rawp05","NKI.NEO","nki_smc;neo","Fun",0.3,"GMIP"
"overlap_rawp","rawp05","NKI.NEO","nki_smc;neo","Fun",0.3,"GNB3"
"overlap_rawp","rawp05","NKI.NEO","nki_smc;neo","Fun",0.3,"GNB4"
"overlap_rawp","rawp05","NKI.NEO","nki_smc;neo","Fun",0.3,"GNE"
"overlap_rawp","rawp05","NKI.NEO","nki_smc;neo","Fun",0.3,"GNPTAB"
"overlap_rawp","rawp05","NKI.NEO","nki_smc;neo","Fun",0.3,"GNS"
"overlap_rawp","rawp05","NKI.NEO","nki_smc;neo","Fun",0.3,"GOLGA3"
"overlap_rawp","rawp05","NKI.NEO","nki_smc;neo","Fun",0.3,"GOLGA6L10"
"overlap_rawp","rawp05","NKI.NEO","nki_smc;neo","Fun",0.3,"GOLGA6L4"
"overlap_rawp","rawp05","NKI.NEO","nki_smc;neo","Fun",0.3,"GOLGA6L5P"
"overlap_rawp","rawp05","NKI.NEO","nki_smc;neo","Fun",0.3,"GOLGA6L9"
"overlap_rawp","rawp05","NKI.NEO","nki_smc;neo","Fun",0.3,"GOLGA8A"
"overlap_rawp","rawp05","NKI.NEO","nki_smc;neo","Fun",0.3,"GOLGA8B"
"overlap_rawp","rawp05","NKI.NEO","nki_smc;neo","Fun",0.3,"GON4L"
"overlap_rawp","rawp05","NKI.NEO","nki_smc;neo","Fun",0.3,"GPATCH8"
"overlap_rawp","rawp05","NKI.NEO","nki_smc;neo","Fun",0.3,"GPC6"
"overlap_rawp","rawp05","NKI.NEO","nki_smc;neo","Fun",0.3,"GPR132"
"overlap_rawp","rawp05","NKI.NEO","nki_smc;neo","Fun",0.3,"GPR141"
"overlap_rawp","rawp05","NKI.NEO","nki_smc;neo","Fun",0.3,"GPR155"
"overlap_rawp","rawp05","NKI.NEO","nki_smc;neo","Fun",0.3,"GPR162"
"overlap_rawp","rawp05","NKI.NEO","nki_smc;neo","Fun",0.3,"GPR173"
"overlap_rawp","rawp05","NKI.NEO","nki_smc;neo","Fun",0.3,"GPR176"
"overlap_rawp","rawp05","NKI.NEO","nki_smc;neo","Fun",0.3,"GPR88"
"overlap_rawp","rawp05","NKI.NEO","nki_smc;neo","Fun",0.3,"GPRIN3"
"overlap_rawp","rawp05","NKI.NEO","nki_smc;neo","Fun",0.3,"GPSM3"
"overlap_rawp","rawp05","NKI.NEO","nki_smc;neo","Fun",0.3,"GRAP2"
"overlap_rawp","rawp05","NKI.NEO","nki_smc;neo","Fun",0.3,"GRASLND"
"overlap_rawp","rawp05","NKI.NEO","nki_smc;neo","Fun",0.3,"GRB10"
"overlap_rawp","rawp05","NKI.NEO","nki_smc;neo","Fun",0.3,"GRIN2D"
"overlap_rawp","rawp05","NKI.NEO","nki_smc;neo","Fun",0.3,"GRIN3B"
"overlap_rawp","rawp05","NKI.NEO","nki_smc;neo","Fun",0.3,"GRK5"
"overlap_rawp","rawp05","NKI.NEO","nki_smc;neo","Fun",0.3,"GSDME"
"overlap_rawp","rawp05","NKI.NEO","nki_smc;neo","Fun",0.3,"GTF2A1"
"overlap_rawp","rawp05","NKI.NEO","nki_smc;neo","Fun",0.3,"GTF2IRD2B"
"overlap_rawp","rawp05","NKI.NEO","nki_smc;neo","Fun",0.3,"GTPBP1"
"overlap_rawp","rawp05","NKI.NEO","nki_smc;neo","Fun",0.3,"GTSF1"
"overlap_rawp","rawp05","NKI.NEO","nki_smc;neo","Fun",0.3,"GUCY1A1"
"overlap_rawp","rawp05","NKI.NEO","nki_smc;neo","Fun",0.3,"GUSBP11"
"overlap_rawp","rawp05","NKI.NEO","nki_smc;neo","Fun",0.3,"GXYLT2"
"overlap_rawp","rawp05","NKI.NEO","nki_smc;neo","Fun",0.3,"H2AB3"
"overlap_rawp","rawp05","NKI.NEO","nki_smc;neo","Fun",0.3,"H6PD"
"overlap_rawp","rawp05","NKI.NEO","nki_smc;neo","Fun",0.3,"HAAO"
"overlap_rawp","rawp05","NKI.NEO","nki_smc;neo","Fun",0.3,"HAPLN3"
"overlap_rawp","rawp05","NKI.NEO","nki_smc;neo","Fun",0.3,"HAS2"
"overlap_rawp","rawp05","NKI.NEO","nki_smc;neo","Fun",0.3,"HCK"
"overlap_rawp","rawp05","NKI.NEO","nki_smc;neo","Fun",0.3,"HCLS1"
"overlap_rawp","rawp05","NKI.NEO","nki_smc;neo","Fun",0.3,"HDAC10"
"overlap_rawp","rawp05","NKI.NEO","nki_smc;neo","Fun",0.3,"HDAC4"
"overlap_rawp","rawp05","NKI.NEO","nki_smc;neo","Fun",0.3,"HDAC5"
"overlap_rawp","rawp05","NKI.NEO","nki_smc;neo","Fun",0.3,"HDAC7"
"overlap_rawp","rawp05","NKI.NEO","nki_smc;neo","Fun",0.3,"HECA"
"overlap_rawp","rawp05","NKI.NEO","nki_smc;neo","Fun",0.3,"HECW2"
"overlap_rawp","rawp05","NKI.NEO","nki_smc;neo","Fun",0.3,"HEG1"
"overlap_rawp","rawp05","NKI.NEO","nki_smc;neo","Fun",0.3,"HELB"
"overlap_rawp","rawp05","NKI.NEO","nki_smc;neo","Fun",0.3,"HEPH"
"overlap_rawp","rawp05","NKI.NEO","nki_smc;neo","Fun",0.3,"HERC1"
"overlap_rawp","rawp05","NKI.NEO","nki_smc;neo","Fun",0.3,"HERC2"
"overlap_rawp","rawp05","NKI.NEO","nki_smc;neo","Fun",0.3,"HERC2P2"
"overlap_rawp","rawp05","NKI.NEO","nki_smc;neo","Fun",0.3,"HERC2P3"
"overlap_rawp","rawp05","NKI.NEO","nki_smc;neo","Fun",0.3,"HERC2P9"
"overlap_rawp","rawp05","NKI.NEO","nki_smc;neo","Fun",0.3,"HERC3"
"overlap_rawp","rawp05","NKI.NEO","nki_smc;neo","Fun",0.3,"HEXB"
"overlap_rawp","rawp05","NKI.NEO","nki_smc;neo","Fun",0.3,"HEXD"
"overlap_rawp","rawp05","NKI.NEO","nki_smc;neo","Fun",0.3,"HFE"
"overlap_rawp","rawp05","NKI.NEO","nki_smc;neo","Fun",0.3,"HIC1"
"overlap_rawp","rawp05","NKI.NEO","nki_smc;neo","Fun",0.3,"HIC2"
"overlap_rawp","rawp05","NKI.NEO","nki_smc;neo","Fun",0.3,"HIF1A"
"overlap_rawp","rawp05","NKI.NEO","nki_smc;neo","Fun",0.3,"HIPK1"
"overlap_rawp","rawp05","NKI.NEO","nki_smc;neo","Fun",0.3,"HIPK2"
"overlap_rawp","rawp05","NKI.NEO","nki_smc;neo","Fun",0.3,"HIVEP1"
"overlap_rawp","rawp05","NKI.NEO","nki_smc;neo","Fun",0.3,"HIVEP2"
"overlap_rawp","rawp05","NKI.NEO","nki_smc;neo","Fun",0.3,"HK3"
"overlap_rawp","rawp05","NKI.NEO","nki_smc;neo","Fun",0.3,"HLA-DRB5"
"overlap_rawp","rawp05","NKI.NEO","nki_smc;neo","Fun",0.3,"HLA-E"
"overlap_rawp","rawp05","NKI.NEO","nki_smc;neo","Fun",0.3,"HLA-F-AS1"
"overlap_rawp","rawp05","NKI.NEO","nki_smc;neo","Fun",0.3,"HLA-L"
"overlap_rawp","rawp05","NKI.NEO","nki_smc;neo","Fun",0.3,"HLX"
"overlap_rawp","rawp05","NKI.NEO","nki_smc;neo","Fun",0.3,"HMBOX1"
"overlap_rawp","rawp05","NKI.NEO","nki_smc;neo","Fun",0.3,"HMG20A"
"overlap_rawp","rawp05","NKI.NEO","nki_smc;neo","Fun",0.3,"HMGN2P46"
"overlap_rawp","rawp05","NKI.NEO","nki_smc;neo","Fun",0.3,"HMOX1"
"overlap_rawp","rawp05","NKI.NEO","nki_smc;neo","Fun",0.3,"HOXA1"
"overlap_rawp","rawp05","NKI.NEO","nki_smc;neo","Fun",0.3,"HOXA3"
"overlap_rawp","rawp05","NKI.NEO","nki_smc;neo","Fun",0.3,"HOXA4"
"overlap_rawp","rawp05","NKI.NEO","nki_smc;neo","Fun",0.3,"HOXA9"
"overlap_rawp","rawp05","NKI.NEO","nki_smc;neo","Fun",0.3,"HOXC6"
"overlap_rawp","rawp05","NKI.NEO","nki_smc;neo","Fun",0.3,"HOXC8"
"overlap_rawp","rawp05","NKI.NEO","nki_smc;neo","Fun",0.3,"HOXD3"
"overlap_rawp","rawp05","NKI.NEO","nki_smc;neo","Fun",0.3,"HP1BP3"
"overlap_rawp","rawp05","NKI.NEO","nki_smc;neo","Fun",0.3,"HPS4"
"overlap_rawp","rawp05","NKI.NEO","nki_smc;neo","Fun",0.3,"HPS5"
"overlap_rawp","rawp05","NKI.NEO","nki_smc;neo","Fun",0.3,"HRH1"
"overlap_rawp","rawp05","NKI.NEO","nki_smc;neo","Fun",0.3,"HRH2"
"overlap_rawp","rawp05","NKI.NEO","nki_smc;neo","Fun",0.3,"HS3ST3B1"
"overlap_rawp","rawp05","NKI.NEO","nki_smc;neo","Fun",0.3,"HSF4"
"overlap_rawp","rawp05","NKI.NEO","nki_smc;neo","Fun",0.3,"HSPG2"
"overlap_rawp","rawp05","NKI.NEO","nki_smc;neo","Fun",0.3,"HYAL1"
"overlap_rawp","rawp05","NKI.NEO","nki_smc;neo","Fun",0.3,"HYCC2"
"overlap_rawp","rawp05","NKI.NEO","nki_smc;neo","Fun",0.3,"ICAM1"
"overlap_rawp","rawp05","NKI.NEO","nki_smc;neo","Fun",0.3,"IDS"
"overlap_rawp","rawp05","NKI.NEO","nki_smc;neo","Fun",0.3,"IDUA"
"overlap_rawp","rawp05","NKI.NEO","nki_smc;neo","Fun",0.3,"IFFO1"
"overlap_rawp","rawp05","NKI.NEO","nki_smc;neo","Fun",0.3,"IFITM2"
"overlap_rawp","rawp05","NKI.NEO","nki_smc;neo","Fun",0.3,"IFNAR1"
"overlap_rawp","rawp05","NKI.NEO","nki_smc;neo","Fun",0.3,"IFNLR1"
"overlap_rawp","rawp05","NKI.NEO","nki_smc;neo","Fun",0.3,"IFT172"
"overlap_rawp","rawp05","NKI.NEO","nki_smc;neo","Fun",0.3,"IGDCC4"
"overlap_rawp","rawp05","NKI.NEO","nki_smc;neo","Fun",0.3,"IGFBP4"
"overlap_rawp","rawp05","NKI.NEO","nki_smc;neo","Fun",0.3,"IHO1"
"overlap_rawp","rawp05","NKI.NEO","nki_smc;neo","Fun",0.3,"IKZF4"
"overlap_rawp","rawp05","NKI.NEO","nki_smc;neo","Fun",0.3,"IKZF5"
"overlap_rawp","rawp05","NKI.NEO","nki_smc;neo","Fun",0.3,"IL10"
"overlap_rawp","rawp05","NKI.NEO","nki_smc;neo","Fun",0.3,"IL10RA"
"overlap_rawp","rawp05","NKI.NEO","nki_smc;neo","Fun",0.3,"IL10RB"
"overlap_rawp","rawp05","NKI.NEO","nki_smc;neo","Fun",0.3,"IL10RB-DT"
"overlap_rawp","rawp05","NKI.NEO","nki_smc;neo","Fun",0.3,"IL15RA"
"overlap_rawp","rawp05","NKI.NEO","nki_smc;neo","Fun",0.3,"IL16"
"overlap_rawp","rawp05","NKI.NEO","nki_smc;neo","Fun",0.3,"IL17RA"
"overlap_rawp","rawp05","NKI.NEO","nki_smc;neo","Fun",0.3,"IL21R"
"overlap_rawp","rawp05","NKI.NEO","nki_smc;neo","Fun",0.3,"IL27RA"
"overlap_rawp","rawp05","NKI.NEO","nki_smc;neo","Fun",0.3,"IL2RA"
"overlap_rawp","rawp05","NKI.NEO","nki_smc;neo","Fun",0.3,"IL2RB"
"overlap_rawp","rawp05","NKI.NEO","nki_smc;neo","Fun",0.3,"IL3RA"
"overlap_rawp","rawp05","NKI.NEO","nki_smc;neo","Fun",0.3,"IL4R"
"overlap_rawp","rawp05","NKI.NEO","nki_smc;neo","Fun",0.3,"IL6R"
"overlap_rawp","rawp05","NKI.NEO","nki_smc;neo","Fun",0.3,"INKA2"
"overlap_rawp","rawp05","NKI.NEO","nki_smc;neo","Fun",0.3,"INO80D"
"overlap_rawp","rawp05","NKI.NEO","nki_smc;neo","Fun",0.3,"INPP4A"
"overlap_rawp","rawp05","NKI.NEO","nki_smc;neo","Fun",0.3,"INPP5B"
"overlap_rawp","rawp05","NKI.NEO","nki_smc;neo","Fun",0.3,"INPP5D"
"overlap_rawp","rawp05","NKI.NEO","nki_smc;neo","Fun",0.3,"INPP5E"
"overlap_rawp","rawp05","NKI.NEO","nki_smc;neo","Fun",0.3,"INSL3"
"overlap_rawp","rawp05","NKI.NEO","nki_smc;neo","Fun",0.3,"IQGAP1"
"overlap_rawp","rawp05","NKI.NEO","nki_smc;neo","Fun",0.3,"IQSEC1"
"overlap_rawp","rawp05","NKI.NEO","nki_smc;neo","Fun",0.3,"IRAG1"
"overlap_rawp","rawp05","NKI.NEO","nki_smc;neo","Fun",0.3,"IRAK2"
"overlap_rawp","rawp05","NKI.NEO","nki_smc;neo","Fun",0.3,"IRF2"
"overlap_rawp","rawp05","NKI.NEO","nki_smc;neo","Fun",0.3,"IRF2BP2"
"overlap_rawp","rawp05","NKI.NEO","nki_smc;neo","Fun",0.3,"IRF3"
"overlap_rawp","rawp05","NKI.NEO","nki_smc;neo","Fun",0.3,"IRF5"
"overlap_rawp","rawp05","NKI.NEO","nki_smc;neo","Fun",0.3,"IST1"
"overlap_rawp","rawp05","NKI.NEO","nki_smc;neo","Fun",0.3,"ITGA1"
"overlap_rawp","rawp05","NKI.NEO","nki_smc;neo","Fun",0.3,"ITGA4"
"overlap_rawp","rawp05","NKI.NEO","nki_smc;neo","Fun",0.3,"ITGA5"
"overlap_rawp","rawp05","NKI.NEO","nki_smc;neo","Fun",0.3,"ITGAM"
"overlap_rawp","rawp05","NKI.NEO","nki_smc;neo","Fun",0.3,"ITGAV"
"overlap_rawp","rawp05","NKI.NEO","nki_smc;neo","Fun",0.3,"ITGAX"
"overlap_rawp","rawp05","NKI.NEO","nki_smc;neo","Fun",0.3,"ITGB2"
"overlap_rawp","rawp05","NKI.NEO","nki_smc;neo","Fun",0.3,"ITGB2-AS1"
"overlap_rawp","rawp05","NKI.NEO","nki_smc;neo","Fun",0.3,"ITGB7"
"overlap_rawp","rawp05","NKI.NEO","nki_smc;neo","Fun",0.3,"ITIH4"
"overlap_rawp","rawp05","NKI.NEO","nki_smc;neo","Fun",0.3,"ITM2C"
"overlap_rawp","rawp05","NKI.NEO","nki_smc;neo","Fun",0.3,"ITPR1"
"overlap_rawp","rawp05","NKI.NEO","nki_smc;neo","Fun",0.3,"ITPRIP"
"overlap_rawp","rawp05","NKI.NEO","nki_smc;neo","Fun",0.3,"ITPRIPL2"
"overlap_rawp","rawp05","NKI.NEO","nki_smc;neo","Fun",0.3,"ITSN2"
"overlap_rawp","rawp05","NKI.NEO","nki_smc;neo","Fun",0.3,"JADE1"
"overlap_rawp","rawp05","NKI.NEO","nki_smc;neo","Fun",0.3,"JADE2"
"overlap_rawp","rawp05","NKI.NEO","nki_smc;neo","Fun",0.3,"JAG1"
"overlap_rawp","rawp05","NKI.NEO","nki_smc;neo","Fun",0.3,"JAK1"
"overlap_rawp","rawp05","NKI.NEO","nki_smc;neo","Fun",0.3,"JAK3"
"overlap_rawp","rawp05","NKI.NEO","nki_smc;neo","Fun",0.3,"JAM2"
"overlap_rawp","rawp05","NKI.NEO","nki_smc;neo","Fun",0.3,"JAM3"
"overlap_rawp","rawp05","NKI.NEO","nki_smc;neo","Fun",0.3,"JAZF1"
"overlap_rawp","rawp05","NKI.NEO","nki_smc;neo","Fun",0.3,"JMY"
"overlap_rawp","rawp05","NKI.NEO","nki_smc;neo","Fun",0.3,"JPH4"
"overlap_rawp","rawp05","NKI.NEO","nki_smc;neo","Fun",0.3,"JRKL"
"overlap_rawp","rawp05","NKI.NEO","nki_smc;neo","Fun",0.3,"KANK2"
"overlap_rawp","rawp05","NKI.NEO","nki_smc;neo","Fun",0.3,"KANK3"
"overlap_rawp","rawp05","NKI.NEO","nki_smc;neo","Fun",0.3,"KANSL1"
"overlap_rawp","rawp05","NKI.NEO","nki_smc;neo","Fun",0.3,"KANSL3"
"overlap_rawp","rawp05","NKI.NEO","nki_smc;neo","Fun",0.3,"KAT2B"
"overlap_rawp","rawp05","NKI.NEO","nki_smc;neo","Fun",0.3,"KCNAB2"
"overlap_rawp","rawp05","NKI.NEO","nki_smc;neo","Fun",0.3,"KCNAB3"
"overlap_rawp","rawp05","NKI.NEO","nki_smc;neo","Fun",0.3,"KCND1"
"overlap_rawp","rawp05","NKI.NEO","nki_smc;neo","Fun",0.3,"KCNJ2"
"overlap_rawp","rawp05","NKI.NEO","nki_smc;neo","Fun",0.3,"KCNQ1OT1"
"overlap_rawp","rawp05","NKI.NEO","nki_smc;neo","Fun",0.3,"KCTD12"
"overlap_rawp","rawp05","NKI.NEO","nki_smc;neo","Fun",0.3,"KDM6A"
"overlap_rawp","rawp05","NKI.NEO","nki_smc;neo","Fun",0.3,"KDM8"
"overlap_rawp","rawp05","NKI.NEO","nki_smc;neo","Fun",0.3,"KDSR"
"overlap_rawp","rawp05","NKI.NEO","nki_smc;neo","Fun",0.3,"KIAA0513"
"overlap_rawp","rawp05","NKI.NEO","nki_smc;neo","Fun",0.3,"KIAA1755"
"overlap_rawp","rawp05","NKI.NEO","nki_smc;neo","Fun",0.3,"KIDINS220"
"overlap_rawp","rawp05","NKI.NEO","nki_smc;neo","Fun",0.3,"KIF13B"
"overlap_rawp","rawp05","NKI.NEO","nki_smc;neo","Fun",0.3,"KIF26A"
"overlap_rawp","rawp05","NKI.NEO","nki_smc;neo","Fun",0.3,"KIRREL1"
"overlap_rawp","rawp05","NKI.NEO","nki_smc;neo","Fun",0.3,"KLF11"
"overlap_rawp","rawp05","NKI.NEO","nki_smc;neo","Fun",0.3,"KLF12"
"overlap_rawp","rawp05","NKI.NEO","nki_smc;neo","Fun",0.3,"KLF13"
"overlap_rawp","rawp05","NKI.NEO","nki_smc;neo","Fun",0.3,"KLF2"
"overlap_rawp","rawp05","NKI.NEO","nki_smc;neo","Fun",0.3,"KLF3"
"overlap_rawp","rawp05","NKI.NEO","nki_smc;neo","Fun",0.3,"KLF6"
"overlap_rawp","rawp05","NKI.NEO","nki_smc;neo","Fun",0.3,"KLF7"
"overlap_rawp","rawp05","NKI.NEO","nki_smc;neo","Fun",0.3,"KLF9"
"overlap_rawp","rawp05","NKI.NEO","nki_smc;neo","Fun",0.3,"KLHL20"
"overlap_rawp","rawp05","NKI.NEO","nki_smc;neo","Fun",0.3,"KLHL3"
"overlap_rawp","rawp05","NKI.NEO","nki_smc;neo","Fun",0.3,"KMT2A"
"overlap_rawp","rawp05","NKI.NEO","nki_smc;neo","Fun",0.3,"KMT2C"
"overlap_rawp","rawp05","NKI.NEO","nki_smc;neo","Fun",0.3,"KMT2D"
"overlap_rawp","rawp05","NKI.NEO","nki_smc;neo","Fun",0.3,"KMT2E"
"overlap_rawp","rawp05","NKI.NEO","nki_smc;neo","Fun",0.3,"KRABD2"
"overlap_rawp","rawp05","NKI.NEO","nki_smc;neo","Fun",0.3,"KRABD3"
"overlap_rawp","rawp05","NKI.NEO","nki_smc;neo","Fun",0.3,"KRTAP5-10"
"overlap_rawp","rawp05","NKI.NEO","nki_smc;neo","Fun",0.3,"KSR1"
"overlap_rawp","rawp05","NKI.NEO","nki_smc;neo","Fun",0.3,"L3MBTL3"
"overlap_rawp","rawp05","NKI.NEO","nki_smc;neo","Fun",0.3,"LAIR1"
"overlap_rawp","rawp05","NKI.NEO","nki_smc;neo","Fun",0.3,"LAMA4"
"overlap_rawp","rawp05","NKI.NEO","nki_smc;neo","Fun",0.3,"LAMB2P1"
"overlap_rawp","rawp05","NKI.NEO","nki_smc;neo","Fun",0.3,"LAMB3"
"overlap_rawp","rawp05","NKI.NEO","nki_smc;neo","Fun",0.3,"LAMC3"
"overlap_rawp","rawp05","NKI.NEO","nki_smc;neo","Fun",0.3,"LAP3"
"overlap_rawp","rawp05","NKI.NEO","nki_smc;neo","Fun",0.3,"LAPTM5"
"overlap_rawp","rawp05","NKI.NEO","nki_smc;neo","Fun",0.3,"LAT"
"overlap_rawp","rawp05","NKI.NEO","nki_smc;neo","Fun",0.3,"LAT2"
"overlap_rawp","rawp05","NKI.NEO","nki_smc;neo","Fun",0.3,"LATS2"
"overlap_rawp","rawp05","NKI.NEO","nki_smc;neo","Fun",0.3,"LBH"
"overlap_rawp","rawp05","NKI.NEO","nki_smc;neo","Fun",0.3,"LCAT"
"overlap_rawp","rawp05","NKI.NEO","nki_smc;neo","Fun",0.3,"LCP2"
"overlap_rawp","rawp05","NKI.NEO","nki_smc;neo","Fun",0.3,"LDLRAD2"
"overlap_rawp","rawp05","NKI.NEO","nki_smc;neo","Fun",0.3,"LENG8"
"overlap_rawp","rawp05","NKI.NEO","nki_smc;neo","Fun",0.3,"LETMD1"
"overlap_rawp","rawp05","NKI.NEO","nki_smc;neo","Fun",0.3,"LGALS9"
"overlap_rawp","rawp05","NKI.NEO","nki_smc;neo","Fun",0.3,"LGMN"
"overlap_rawp","rawp05","NKI.NEO","nki_smc;neo","Fun",0.3,"LHFPL2"
"overlap_rawp","rawp05","NKI.NEO","nki_smc;neo","Fun",0.3,"LHX6"
"overlap_rawp","rawp05","NKI.NEO","nki_smc;neo","Fun",0.3,"LILRA6"
"overlap_rawp","rawp05","NKI.NEO","nki_smc;neo","Fun",0.3,"LILRB1"
"overlap_rawp","rawp05","NKI.NEO","nki_smc;neo","Fun",0.3,"LILRB2"
"overlap_rawp","rawp05","NKI.NEO","nki_smc;neo","Fun",0.3,"LILRB3"
"overlap_rawp","rawp05","NKI.NEO","nki_smc;neo","Fun",0.3,"LILRB4"
"overlap_rawp","rawp05","NKI.NEO","nki_smc;neo","Fun",0.3,"LIME1"
"overlap_rawp","rawp05","NKI.NEO","nki_smc;neo","Fun",0.3,"LIMS1"
"overlap_rawp","rawp05","NKI.NEO","nki_smc;neo","Fun",0.3,"LINC00092"
"overlap_rawp","rawp05","NKI.NEO","nki_smc;neo","Fun",0.3,"LINC00174"
"overlap_rawp","rawp05","NKI.NEO","nki_smc;neo","Fun",0.3,"LINC00265"
"overlap_rawp","rawp05","NKI.NEO","nki_smc;neo","Fun",0.3,"LINC00294"
"overlap_rawp","rawp05","NKI.NEO","nki_smc;neo","Fun",0.3,"LINC00589"
"overlap_rawp","rawp05","NKI.NEO","nki_smc;neo","Fun",0.3,"LINC00641"
"overlap_rawp","rawp05","NKI.NEO","nki_smc;neo","Fun",0.3,"LINC00667"
"overlap_rawp","rawp05","NKI.NEO","nki_smc;neo","Fun",0.3,"LINC00852"
"overlap_rawp","rawp05","NKI.NEO","nki_smc;neo","Fun",0.3,"LINC00891"
"overlap_rawp","rawp05","NKI.NEO","nki_smc;neo","Fun",0.3,"LINC00924"
"overlap_rawp","rawp05","NKI.NEO","nki_smc;neo","Fun",0.3,"LINC00954"
"overlap_rawp","rawp05","NKI.NEO","nki_smc;neo","Fun",0.3,"LINC02381"
"overlap_rawp","rawp05","NKI.NEO","nki_smc;neo","Fun",0.3,"LINC02693"
"overlap_rawp","rawp05","NKI.NEO","nki_smc;neo","Fun",0.3,"LIPC"
"overlap_rawp","rawp05","NKI.NEO","nki_smc;neo","Fun",0.3,"LIX1L"
"overlap_rawp","rawp05","NKI.NEO","nki_smc;neo","Fun",0.3,"LMBR1L"
"overlap_rawp","rawp05","NKI.NEO","nki_smc;neo","Fun",0.3,"LOX"
"overlap_rawp","rawp05","NKI.NEO","nki_smc;neo","Fun",0.3,"LPCAT2"
"overlap_rawp","rawp05","NKI.NEO","nki_smc;neo","Fun",0.3,"LPIN2"
"overlap_rawp","rawp05","NKI.NEO","nki_smc;neo","Fun",0.3,"LPP"
"overlap_rawp","rawp05","NKI.NEO","nki_smc;neo","Fun",0.3,"LRCH3"
"overlap_rawp","rawp05","NKI.NEO","nki_smc;neo","Fun",0.3,"LRIG3"
"overlap_rawp","rawp05","NKI.NEO","nki_smc;neo","Fun",0.3,"LRMDA"
"overlap_rawp","rawp05","NKI.NEO","nki_smc;neo","Fun",0.3,"LRP1"
"overlap_rawp","rawp05","NKI.NEO","nki_smc;neo","Fun",0.3,"LRP2BP"
"overlap_rawp","rawp05","NKI.NEO","nki_smc;neo","Fun",0.3,"LRRC25"
"overlap_rawp","rawp05","NKI.NEO","nki_smc;neo","Fun",0.3,"LRRC37A4P"
"overlap_rawp","rawp05","NKI.NEO","nki_smc;neo","Fun",0.3,"LRRK1"
"overlap_rawp","rawp05","NKI.NEO","nki_smc;neo","Fun",0.3,"LSP1"
"overlap_rawp","rawp05","NKI.NEO","nki_smc;neo","Fun",0.3,"LTB4R"
"overlap_rawp","rawp05","NKI.NEO","nki_smc;neo","Fun",0.3,"LTB4R2"
"overlap_rawp","rawp05","NKI.NEO","nki_smc;neo","Fun",0.3,"LTBP3"
"overlap_rawp","rawp05","NKI.NEO","nki_smc;neo","Fun",0.3,"LTBP4"
"overlap_rawp","rawp05","NKI.NEO","nki_smc;neo","Fun",0.3,"LTK"
"overlap_rawp","rawp05","NKI.NEO","nki_smc;neo","Fun",0.3,"LUZP1"
"overlap_rawp","rawp05","NKI.NEO","nki_smc;neo","Fun",0.3,"LY6G5B"
"overlap_rawp","rawp05","NKI.NEO","nki_smc;neo","Fun",0.3,"LY75-CD302"
"overlap_rawp","rawp05","NKI.NEO","nki_smc;neo","Fun",0.3,"LYL1"
"overlap_rawp","rawp05","NKI.NEO","nki_smc;neo","Fun",0.3,"LYSMD4"
"overlap_rawp","rawp05","NKI.NEO","nki_smc;neo","Fun",0.3,"LZTR1"
"overlap_rawp","rawp05","NKI.NEO","nki_smc;neo","Fun",0.3,"LZTS1"
"overlap_rawp","rawp05","NKI.NEO","nki_smc;neo","Fun",0.3,"MAB21L3"
"overlap_rawp","rawp05","NKI.NEO","nki_smc;neo","Fun",0.3,"MACF1"
"overlap_rawp","rawp05","NKI.NEO","nki_smc;neo","Fun",0.3,"MAFB"
"overlap_rawp","rawp05","NKI.NEO","nki_smc;neo","Fun",0.3,"MAGED4"
"overlap_rawp","rawp05","NKI.NEO","nki_smc;neo","Fun",0.3,"MAGEL2"
"overlap_rawp","rawp05","NKI.NEO","nki_smc;neo","Fun",0.3,"MAMDC4"
"overlap_rawp","rawp05","NKI.NEO","nki_smc;neo","Fun",0.3,"MAML3"
"overlap_rawp","rawp05","NKI.NEO","nki_smc;neo","Fun",0.3,"MAN1C1"
"overlap_rawp","rawp05","NKI.NEO","nki_smc;neo","Fun",0.3,"MAN2A2"
"overlap_rawp","rawp05","NKI.NEO","nki_smc;neo","Fun",0.3,"MAN2B1"
"overlap_rawp","rawp05","NKI.NEO","nki_smc;neo","Fun",0.3,"MAN2B2"
"overlap_rawp","rawp05","NKI.NEO","nki_smc;neo","Fun",0.3,"MAN2C1"
"overlap_rawp","rawp05","NKI.NEO","nki_smc;neo","Fun",0.3,"MAP2K5"
"overlap_rawp","rawp05","NKI.NEO","nki_smc;neo","Fun",0.3,"MAP3K12"
"overlap_rawp","rawp05","NKI.NEO","nki_smc;neo","Fun",0.3,"MAP3K14"
"overlap_rawp","rawp05","NKI.NEO","nki_smc;neo","Fun",0.3,"MAP3K2"
"overlap_rawp","rawp05","NKI.NEO","nki_smc;neo","Fun",0.3,"MAP3K4"
"overlap_rawp","rawp05","NKI.NEO","nki_smc;neo","Fun",0.3,"MAP3K5"
"overlap_rawp","rawp05","NKI.NEO","nki_smc;neo","Fun",0.3,"MAP3K6"
"overlap_rawp","rawp05","NKI.NEO","nki_smc;neo","Fun",0.3,"MAP4K1"
"overlap_rawp","rawp05","NKI.NEO","nki_smc;neo","Fun",0.3,"MAP4K4"
"overlap_rawp","rawp05","NKI.NEO","nki_smc;neo","Fun",0.3,"MAP7D1"
"overlap_rawp","rawp05","NKI.NEO","nki_smc;neo","Fun",0.3,"MAPK11"
"overlap_rawp","rawp05","NKI.NEO","nki_smc;neo","Fun",0.3,"MAPKBP1"
"overlap_rawp","rawp05","NKI.NEO","nki_smc;neo","Fun",0.3,"MARCKS"
"overlap_rawp","rawp05","NKI.NEO","nki_smc;neo","Fun",0.3,"MARF1"
"overlap_rawp","rawp05","NKI.NEO","nki_smc;neo","Fun",0.3,"MAST3"
"overlap_rawp","rawp05","NKI.NEO","nki_smc;neo","Fun",0.3,"MAT2A"
"overlap_rawp","rawp05","NKI.NEO","nki_smc;neo","Fun",0.3,"MB21D2"
"overlap_rawp","rawp05","NKI.NEO","nki_smc;neo","Fun",0.3,"MBD1"
"overlap_rawp","rawp05","NKI.NEO","nki_smc;neo","Fun",0.3,"MBD6"
"overlap_rawp","rawp05","NKI.NEO","nki_smc;neo","Fun",0.3,"MBNL1"
"overlap_rawp","rawp05","NKI.NEO","nki_smc;neo","Fun",0.3,"MBP"
"overlap_rawp","rawp05","NKI.NEO","nki_smc;neo","Fun",0.3,"MC1R"
"overlap_rawp","rawp05","NKI.NEO","nki_smc;neo","Fun",0.3,"MCC"
"overlap_rawp","rawp05","NKI.NEO","nki_smc;neo","Fun",0.3,"MCFD2"
"overlap_rawp","rawp05","NKI.NEO","nki_smc;neo","Fun",0.3,"MCL1"
"overlap_rawp","rawp05","NKI.NEO","nki_smc;neo","Fun",0.3,"MCM9"
"overlap_rawp","rawp05","NKI.NEO","nki_smc;neo","Fun",0.3,"MDFIC"
"overlap_rawp","rawp05","NKI.NEO","nki_smc;neo","Fun",0.3,"MDGA1"
"overlap_rawp","rawp05","NKI.NEO","nki_smc;neo","Fun",0.3,"MDN1"
"overlap_rawp","rawp05","NKI.NEO","nki_smc;neo","Fun",0.3,"MED12"
"overlap_rawp","rawp05","NKI.NEO","nki_smc;neo","Fun",0.3,"MED23"
"overlap_rawp","rawp05","NKI.NEO","nki_smc;neo","Fun",0.3,"MEF2A"
"overlap_rawp","rawp05","NKI.NEO","nki_smc;neo","Fun",0.3,"MEF2B"
"overlap_rawp","rawp05","NKI.NEO","nki_smc;neo","Fun",0.3,"MEF2D"
"overlap_rawp","rawp05","NKI.NEO","nki_smc;neo","Fun",0.3,"MEGF8"
"overlap_rawp","rawp05","NKI.NEO","nki_smc;neo","Fun",0.3,"MEIS1"
"overlap_rawp","rawp05","NKI.NEO","nki_smc;neo","Fun",0.3,"MEIS2"
"overlap_rawp","rawp05","NKI.NEO","nki_smc;neo","Fun",0.3,"MEP1A"
"overlap_rawp","rawp05","NKI.NEO","nki_smc;neo","Fun",0.3,"MEX3B"
"overlap_rawp","rawp05","NKI.NEO","nki_smc;neo","Fun",0.3,"MFNG"
"overlap_rawp","rawp05","NKI.NEO","nki_smc;neo","Fun",0.3,"MGA"
"overlap_rawp","rawp05","NKI.NEO","nki_smc;neo","Fun",0.3,"MGAT1"
"overlap_rawp","rawp05","NKI.NEO","nki_smc;neo","Fun",0.3,"MIAT"
"overlap_rawp","rawp05","NKI.NEO","nki_smc;neo","Fun",0.3,"MICA"
"overlap_rawp","rawp05","NKI.NEO","nki_smc;neo","Fun",0.3,"MICAL1"
"overlap_rawp","rawp05","NKI.NEO","nki_smc;neo","Fun",0.3,"MIDEAS"
"overlap_rawp","rawp05","NKI.NEO","nki_smc;neo","Fun",0.3,"MIGA2"
"overlap_rawp","rawp05","NKI.NEO","nki_smc;neo","Fun",0.3,"MILR1"
"overlap_rawp","rawp05","NKI.NEO","nki_smc;neo","Fun",0.3,"MINAR1"
"overlap_rawp","rawp05","NKI.NEO","nki_smc;neo","Fun",0.3,"MINDY2"
"overlap_rawp","rawp05","NKI.NEO","nki_smc;neo","Fun",0.3,"MINK1"
"overlap_rawp","rawp05","NKI.NEO","nki_smc;neo","Fun",0.3,"MITF"
"overlap_rawp","rawp05","NKI.NEO","nki_smc;neo","Fun",0.3,"MKNK1"
"overlap_rawp","rawp05","NKI.NEO","nki_smc;neo","Fun",0.3,"MKNK1-AS1"
"overlap_rawp","rawp05","NKI.NEO","nki_smc;neo","Fun",0.3,"MLKL"
"overlap_rawp","rawp05","NKI.NEO","nki_smc;neo","Fun",0.3,"MLLT6"
"overlap_rawp","rawp05","NKI.NEO","nki_smc;neo","Fun",0.3,"MLXIP"
"overlap_rawp","rawp05","NKI.NEO","nki_smc;neo","Fun",0.3,"MMP14"
"overlap_rawp","rawp05","NKI.NEO","nki_smc;neo","Fun",0.3,"MMP19"
"overlap_rawp","rawp05","NKI.NEO","nki_smc;neo","Fun",0.3,"MMP23A"
"overlap_rawp","rawp05","NKI.NEO","nki_smc;neo","Fun",0.3,"MN1"
"overlap_rawp","rawp05","NKI.NEO","nki_smc;neo","Fun",0.3,"MNDA"
"overlap_rawp","rawp05","NKI.NEO","nki_smc;neo","Fun",0.3,"MOB3A"
"overlap_rawp","rawp05","NKI.NEO","nki_smc;neo","Fun",0.3,"MOB3B"
"overlap_rawp","rawp05","NKI.NEO","nki_smc;neo","Fun",0.3,"MOB3C"
"overlap_rawp","rawp05","NKI.NEO","nki_smc;neo","Fun",0.3,"MON1B"
"overlap_rawp","rawp05","NKI.NEO","nki_smc;neo","Fun",0.3,"MOSMO"
"overlap_rawp","rawp05","NKI.NEO","nki_smc;neo","Fun",0.3,"MOXD1"
"overlap_rawp","rawp05","NKI.NEO","nki_smc;neo","Fun",0.3,"MPL"
"overlap_rawp","rawp05","NKI.NEO","nki_smc;neo","Fun",0.3,"MPP1"
"overlap_rawp","rawp05","NKI.NEO","nki_smc;neo","Fun",0.3,"MR1"
"overlap_rawp","rawp05","NKI.NEO","nki_smc;neo","Fun",0.3,"MRAS"
"overlap_rawp","rawp05","NKI.NEO","nki_smc;neo","Fun",0.3,"MRC2"
"overlap_rawp","rawp05","NKI.NEO","nki_smc;neo","Fun",0.3,"MRGPRF"
"overlap_rawp","rawp05","NKI.NEO","nki_smc;neo","Fun",0.3,"MRGPRX2"
"overlap_rawp","rawp05","NKI.NEO","nki_smc;neo","Fun",0.3,"MROH7"
"overlap_rawp","rawp05","NKI.NEO","nki_smc;neo","Fun",0.3,"MRTFA"
"overlap_rawp","rawp05","NKI.NEO","nki_smc;neo","Fun",0.3,"MRTFB"
"overlap_rawp","rawp05","NKI.NEO","nki_smc;neo","Fun",0.3,"MSANTD2"
"overlap_rawp","rawp05","NKI.NEO","nki_smc;neo","Fun",0.3,"MSC"
"overlap_rawp","rawp05","NKI.NEO","nki_smc;neo","Fun",0.3,"MSL2"
"overlap_rawp","rawp05","NKI.NEO","nki_smc;neo","Fun",0.3,"MSMP"
"overlap_rawp","rawp05","NKI.NEO","nki_smc;neo","Fun",0.3,"MSN"
"overlap_rawp","rawp05","NKI.NEO","nki_smc;neo","Fun",0.3,"MSS51"
"overlap_rawp","rawp05","NKI.NEO","nki_smc;neo","Fun",0.3,"MST1"
"overlap_rawp","rawp05","NKI.NEO","nki_smc;neo","Fun",0.3,"MSTO2P"
"overlap_rawp","rawp05","NKI.NEO","nki_smc;neo","Fun",0.3,"MTF1"
"overlap_rawp","rawp05","NKI.NEO","nki_smc;neo","Fun",0.3,"MTHFR"
"overlap_rawp","rawp05","NKI.NEO","nki_smc;neo","Fun",0.3,"MTMR10"
"overlap_rawp","rawp05","NKI.NEO","nki_smc;neo","Fun",0.3,"MTMR11"
"overlap_rawp","rawp05","NKI.NEO","nki_smc;neo","Fun",0.3,"MTMR3"
"overlap_rawp","rawp05","NKI.NEO","nki_smc;neo","Fun",0.3,"MTMR9"
"overlap_rawp","rawp05","NKI.NEO","nki_smc;neo","Fun",0.3,"MTMR9LP"
"overlap_rawp","rawp05","NKI.NEO","nki_smc;neo","Fun",0.3,"MTO1"
"overlap_rawp","rawp05","NKI.NEO","nki_smc;neo","Fun",0.3,"MTR"
"overlap_rawp","rawp05","NKI.NEO","nki_smc;neo","Fun",0.3,"MTRNR2L4"
"overlap_rawp","rawp05","NKI.NEO","nki_smc;neo","Fun",0.3,"MTX3"
"overlap_rawp","rawp05","NKI.NEO","nki_smc;neo","Fun",0.3,"MUC20"
"overlap_rawp","rawp05","NKI.NEO","nki_smc;neo","Fun",0.3,"MVB12B"
"overlap_rawp","rawp05","NKI.NEO","nki_smc;neo","Fun",0.3,"MVP"
"overlap_rawp","rawp05","NKI.NEO","nki_smc;neo","Fun",0.3,"MX2"
"overlap_rawp","rawp05","NKI.NEO","nki_smc;neo","Fun",0.3,"MXRA5"
"overlap_rawp","rawp05","NKI.NEO","nki_smc;neo","Fun",0.3,"MXRA8"
"overlap_rawp","rawp05","NKI.NEO","nki_smc;neo","Fun",0.3,"MYCBP2"
"overlap_rawp","rawp05","NKI.NEO","nki_smc;neo","Fun",0.3,"MYCL"
"overlap_rawp","rawp05","NKI.NEO","nki_smc;neo","Fun",0.3,"MYH3"
"overlap_rawp","rawp05","NKI.NEO","nki_smc;neo","Fun",0.3,"MYH7B"
"overlap_rawp","rawp05","NKI.NEO","nki_smc;neo","Fun",0.3,"MYL3"
"overlap_rawp","rawp05","NKI.NEO","nki_smc;neo","Fun",0.3,"MYLIP"
"overlap_rawp","rawp05","NKI.NEO","nki_smc;neo","Fun",0.3,"MYLK"
"overlap_rawp","rawp05","NKI.NEO","nki_smc;neo","Fun",0.3,"MYO15B"
"overlap_rawp","rawp05","NKI.NEO","nki_smc;neo","Fun",0.3,"MYO18A"
"overlap_rawp","rawp05","NKI.NEO","nki_smc;neo","Fun",0.3,"MYO1E"
"overlap_rawp","rawp05","NKI.NEO","nki_smc;neo","Fun",0.3,"MYO1F"
"overlap_rawp","rawp05","NKI.NEO","nki_smc;neo","Fun",0.3,"MYO1G"
"overlap_rawp","rawp05","NKI.NEO","nki_smc;neo","Fun",0.3,"MYO5A"
"overlap_rawp","rawp05","NKI.NEO","nki_smc;neo","Fun",0.3,"MYO7A"
"overlap_rawp","rawp05","NKI.NEO","nki_smc;neo","Fun",0.3,"MYO9A"
"overlap_rawp","rawp05","NKI.NEO","nki_smc;neo","Fun",0.3,"MYO9B"
"overlap_rawp","rawp05","NKI.NEO","nki_smc;neo","Fun",0.3,"MZF1"
"overlap_rawp","rawp05","NKI.NEO","nki_smc;neo","Fun",0.3,"N4BP2"
"overlap_rawp","rawp05","NKI.NEO","nki_smc;neo","Fun",0.3,"NACC2"
"overlap_rawp","rawp05","NKI.NEO","nki_smc;neo","Fun",0.3,"NAP1L2"
"overlap_rawp","rawp05","NKI.NEO","nki_smc;neo","Fun",0.3,"NAPB"
"overlap_rawp","rawp05","NKI.NEO","nki_smc;neo","Fun",0.3,"NAPSA"
"overlap_rawp","rawp05","NKI.NEO","nki_smc;neo","Fun",0.3,"NATD1"
"overlap_rawp","rawp05","NKI.NEO","nki_smc;neo","Fun",0.3,"NBEAL2"
"overlap_rawp","rawp05","NKI.NEO","nki_smc;neo","Fun",0.3,"NBPF1"
"overlap_rawp","rawp05","NKI.NEO","nki_smc;neo","Fun",0.3,"NBPF10"
"overlap_rawp","rawp05","NKI.NEO","nki_smc;neo","Fun",0.3,"NBPF11"
"overlap_rawp","rawp05","NKI.NEO","nki_smc;neo","Fun",0.3,"NBPF12"
"overlap_rawp","rawp05","NKI.NEO","nki_smc;neo","Fun",0.3,"NBPF14"
"overlap_rawp","rawp05","NKI.NEO","nki_smc;neo","Fun",0.3,"NBPF15"
"overlap_rawp","rawp05","NKI.NEO","nki_smc;neo","Fun",0.3,"NBPF8"
"overlap_rawp","rawp05","NKI.NEO","nki_smc;neo","Fun",0.3,"NBPF9"
"overlap_rawp","rawp05","NKI.NEO","nki_smc;neo","Fun",0.3,"NBR1"
"overlap_rawp","rawp05","NKI.NEO","nki_smc;neo","Fun",0.3,"NCEH1"
"overlap_rawp","rawp05","NKI.NEO","nki_smc;neo","Fun",0.3,"NCF1"
"overlap_rawp","rawp05","NKI.NEO","nki_smc;neo","Fun",0.3,"NCF1B"
"overlap_rawp","rawp05","NKI.NEO","nki_smc;neo","Fun",0.3,"NCF1C"
"overlap_rawp","rawp05","NKI.NEO","nki_smc;neo","Fun",0.3,"NCF4"
"overlap_rawp","rawp05","NKI.NEO","nki_smc;neo","Fun",0.3,"NCKAP1L"
"overlap_rawp","rawp05","NKI.NEO","nki_smc;neo","Fun",0.3,"NCKAP5L"
"overlap_rawp","rawp05","NKI.NEO","nki_smc;neo","Fun",0.3,"NCOA1"
"overlap_rawp","rawp05","NKI.NEO","nki_smc;neo","Fun",0.3,"NCOA3"
"overlap_rawp","rawp05","NKI.NEO","nki_smc;neo","Fun",0.3,"NCOR2"
"overlap_rawp","rawp05","NKI.NEO","nki_smc;neo","Fun",0.3,"NDST2"
"overlap_rawp","rawp05","NKI.NEO","nki_smc;neo","Fun",0.3,"NEAT1"
"overlap_rawp","rawp05","NKI.NEO","nki_smc;neo","Fun",0.3,"NECAP2"
"overlap_rawp","rawp05","NKI.NEO","nki_smc;neo","Fun",0.3,"NEFL"
"overlap_rawp","rawp05","NKI.NEO","nki_smc;neo","Fun",0.3,"NEK9"
"overlap_rawp","rawp05","NKI.NEO","nki_smc;neo","Fun",0.3,"NEURL4"
"overlap_rawp","rawp05","NKI.NEO","nki_smc;neo","Fun",0.3,"NFAM1"
"overlap_rawp","rawp05","NKI.NEO","nki_smc;neo","Fun",0.3,"NFASC"
"overlap_rawp","rawp05","NKI.NEO","nki_smc;neo","Fun",0.3,"NFAT5"
"overlap_rawp","rawp05","NKI.NEO","nki_smc;neo","Fun",0.3,"NFATC1"
"overlap_rawp","rawp05","NKI.NEO","nki_smc;neo","Fun",0.3,"NFATC2"
"overlap_rawp","rawp05","NKI.NEO","nki_smc;neo","Fun",0.3,"NFATC3"
"overlap_rawp","rawp05","NKI.NEO","nki_smc;neo","Fun",0.3,"NFKB1"
"overlap_rawp","rawp05","NKI.NEO","nki_smc;neo","Fun",0.3,"NFKBIA"
"overlap_rawp","rawp05","NKI.NEO","nki_smc;neo","Fun",0.3,"NFKBID"
"overlap_rawp","rawp05","NKI.NEO","nki_smc;neo","Fun",0.3,"NFKBIZ"
"overlap_rawp","rawp05","NKI.NEO","nki_smc;neo","Fun",0.3,"NFYC"
"overlap_rawp","rawp05","NKI.NEO","nki_smc;neo","Fun",0.3,"NHS"
"overlap_rawp","rawp05","NKI.NEO","nki_smc;neo","Fun",0.3,"NHSL2"
"overlap_rawp","rawp05","NKI.NEO","nki_smc;neo","Fun",0.3,"NICN1"
"overlap_rawp","rawp05","NKI.NEO","nki_smc;neo","Fun",0.3,"NISCH"
"overlap_rawp","rawp05","NKI.NEO","nki_smc;neo","Fun",0.3,"NLGN2"
"overlap_rawp","rawp05","NKI.NEO","nki_smc;neo","Fun",0.3,"NLGN3"
"overlap_rawp","rawp05","NKI.NEO","nki_smc;neo","Fun",0.3,"NLRC3"
"overlap_rawp","rawp05","NKI.NEO","nki_smc;neo","Fun",0.3,"NLRC5"
"overlap_rawp","rawp05","NKI.NEO","nki_smc;neo","Fun",0.3,"NLRP1"
"overlap_rawp","rawp05","NKI.NEO","nki_smc;neo","Fun",0.3,"NLRP12"
"overlap_rawp","rawp05","NKI.NEO","nki_smc;neo","Fun",0.3,"NLRP3"
"overlap_rawp","rawp05","NKI.NEO","nki_smc;neo","Fun",0.3,"NME9"
"overlap_rawp","rawp05","NKI.NEO","nki_smc;neo","Fun",0.3,"NMNAT2"
"overlap_rawp","rawp05","NKI.NEO","nki_smc;neo","Fun",0.3,"NMRK1"
"overlap_rawp","rawp05","NKI.NEO","nki_smc;neo","Fun",0.3,"NOD1"
"overlap_rawp","rawp05","NKI.NEO","nki_smc;neo","Fun",0.3,"NOTCH1"
"overlap_rawp","rawp05","NKI.NEO","nki_smc;neo","Fun",0.3,"NOTCH2"
"overlap_rawp","rawp05","NKI.NEO","nki_smc;neo","Fun",0.3,"NOTCH2NLA"
"overlap_rawp","rawp05","NKI.NEO","nki_smc;neo","Fun",0.3,"NOTCH3"
"overlap_rawp","rawp05","NKI.NEO","nki_smc;neo","Fun",0.3,"NOTCH4"
"overlap_rawp","rawp05","NKI.NEO","nki_smc;neo","Fun",0.3,"NPAT"
"overlap_rawp","rawp05","NKI.NEO","nki_smc;neo","Fun",0.3,"NPC1"
"overlap_rawp","rawp05","NKI.NEO","nki_smc;neo","Fun",0.3,"NPHP3-ACAD11"
"overlap_rawp","rawp05","NKI.NEO","nki_smc;neo","Fun",0.3,"NPIPA1"
"overlap_rawp","rawp05","NKI.NEO","nki_smc;neo","Fun",0.3,"NPIPB15"
"overlap_rawp","rawp05","NKI.NEO","nki_smc;neo","Fun",0.3,"NPIPB3"
"overlap_rawp","rawp05","NKI.NEO","nki_smc;neo","Fun",0.3,"NR2C2"
"overlap_rawp","rawp05","NKI.NEO","nki_smc;neo","Fun",0.3,"NR3C1"
"overlap_rawp","rawp05","NKI.NEO","nki_smc;neo","Fun",0.3,"NRP1"
"overlap_rawp","rawp05","NKI.NEO","nki_smc;neo","Fun",0.3,"NRP2"
"overlap_rawp","rawp05","NKI.NEO","nki_smc;neo","Fun",0.3,"NRXN2"
"overlap_rawp","rawp05","NKI.NEO","nki_smc;neo","Fun",0.3,"NTRK1"
"overlap_rawp","rawp05","NKI.NEO","nki_smc;neo","Fun",0.3,"NUAK1"
"overlap_rawp","rawp05","NKI.NEO","nki_smc;neo","Fun",0.3,"NUMB"
"overlap_rawp","rawp05","NKI.NEO","nki_smc;neo","Fun",0.3,"NXF1"
"overlap_rawp","rawp05","NKI.NEO","nki_smc;neo","Fun",0.3,"OAF"
"overlap_rawp","rawp05","NKI.NEO","nki_smc;neo","Fun",0.3,"OGT"
"overlap_rawp","rawp05","NKI.NEO","nki_smc;neo","Fun",0.3,"OLFML3"
"overlap_rawp","rawp05","NKI.NEO","nki_smc;neo","Fun",0.3,"ORAI2"
"overlap_rawp","rawp05","NKI.NEO","nki_smc;neo","Fun",0.3,"OS9"
"overlap_rawp","rawp05","NKI.NEO","nki_smc;neo","Fun",0.3,"OSBPL3"
"overlap_rawp","rawp05","NKI.NEO","nki_smc;neo","Fun",0.3,"OSBPL7"
"overlap_rawp","rawp05","NKI.NEO","nki_smc;neo","Fun",0.3,"OSCAR"
"overlap_rawp","rawp05","NKI.NEO","nki_smc;neo","Fun",0.3,"OSMR"
"overlap_rawp","rawp05","NKI.NEO","nki_smc;neo","Fun",0.3,"OTUD1"
"overlap_rawp","rawp05","NKI.NEO","nki_smc;neo","Fun",0.3,"OTUD4"
"overlap_rawp","rawp05","NKI.NEO","nki_smc;neo","Fun",0.3,"OXER1"
"overlap_rawp","rawp05","NKI.NEO","nki_smc;neo","Fun",0.3,"P2RX7"
"overlap_rawp","rawp05","NKI.NEO","nki_smc;neo","Fun",0.3,"P2RY1"
"overlap_rawp","rawp05","NKI.NEO","nki_smc;neo","Fun",0.3,"P2RY11"
"overlap_rawp","rawp05","NKI.NEO","nki_smc;neo","Fun",0.3,"P3H1"
"overlap_rawp","rawp05","NKI.NEO","nki_smc;neo","Fun",0.3,"P3H3"
"overlap_rawp","rawp05","NKI.NEO","nki_smc;neo","Fun",0.3,"PAG1"
"overlap_rawp","rawp05","NKI.NEO","nki_smc;neo","Fun",0.3,"PALD1"
"overlap_rawp","rawp05","NKI.NEO","nki_smc;neo","Fun",0.3,"PAM"
"overlap_rawp","rawp05","NKI.NEO","nki_smc;neo","Fun",0.3,"PAN2"
"overlap_rawp","rawp05","NKI.NEO","nki_smc;neo","Fun",0.3,"PAPLN"
"overlap_rawp","rawp05","NKI.NEO","nki_smc;neo","Fun",0.3,"PAPPA"
"overlap_rawp","rawp05","NKI.NEO","nki_smc;neo","Fun",0.3,"PAPSS2"
"overlap_rawp","rawp05","NKI.NEO","nki_smc;neo","Fun",0.3,"PAQR8"
"overlap_rawp","rawp05","NKI.NEO","nki_smc;neo","Fun",0.3,"PARP12"
"overlap_rawp","rawp05","NKI.NEO","nki_smc;neo","Fun",0.3,"PARP4"
"overlap_rawp","rawp05","NKI.NEO","nki_smc;neo","Fun",0.3,"PARVG"
"overlap_rawp","rawp05","NKI.NEO","nki_smc;neo","Fun",0.3,"PBX4"
"overlap_rawp","rawp05","NKI.NEO","nki_smc;neo","Fun",0.3,"PBXIP1"
"overlap_rawp","rawp05","NKI.NEO","nki_smc;neo","Fun",0.3,"PCDH12"
"overlap_rawp","rawp05","NKI.NEO","nki_smc;neo","Fun",0.3,"PCDH17"
"overlap_rawp","rawp05","NKI.NEO","nki_smc;neo","Fun",0.3,"PCDHB11"
"overlap_rawp","rawp05","NKI.NEO","nki_smc;neo","Fun",0.3,"PCDHB12"
"overlap_rawp","rawp05","NKI.NEO","nki_smc;neo","Fun",0.3,"PCDHB13"
"overlap_rawp","rawp05","NKI.NEO","nki_smc;neo","Fun",0.3,"PCDHB14"
"overlap_rawp","rawp05","NKI.NEO","nki_smc;neo","Fun",0.3,"PCDHB15"
"overlap_rawp","rawp05","NKI.NEO","nki_smc;neo","Fun",0.3,"PCDHB16"
"overlap_rawp","rawp05","NKI.NEO","nki_smc;neo","Fun",0.3,"PCDHB17P"
"overlap_rawp","rawp05","NKI.NEO","nki_smc;neo","Fun",0.3,"PCDHGA10"
"overlap_rawp","rawp05","NKI.NEO","nki_smc;neo","Fun",0.3,"PCDHGA11"
"overlap_rawp","rawp05","NKI.NEO","nki_smc;neo","Fun",0.3,"PCDHGA12"
"overlap_rawp","rawp05","NKI.NEO","nki_smc;neo","Fun",0.3,"PCDHGA2"
"overlap_rawp","rawp05","NKI.NEO","nki_smc;neo","Fun",0.3,"PCDHGA3"
"overlap_rawp","rawp05","NKI.NEO","nki_smc;neo","Fun",0.3,"PCDHGA4"
"overlap_rawp","rawp05","NKI.NEO","nki_smc;neo","Fun",0.3,"PCDHGA5"
"overlap_rawp","rawp05","NKI.NEO","nki_smc;neo","Fun",0.3,"PCDHGA6"
"overlap_rawp","rawp05","NKI.NEO","nki_smc;neo","Fun",0.3,"PCDHGA7"
"overlap_rawp","rawp05","NKI.NEO","nki_smc;neo","Fun",0.3,"PCDHGA9"
"overlap_rawp","rawp05","NKI.NEO","nki_smc;neo","Fun",0.3,"PCDHGB2"
"overlap_rawp","rawp05","NKI.NEO","nki_smc;neo","Fun",0.3,"PCDHGB3"
"overlap_rawp","rawp05","NKI.NEO","nki_smc;neo","Fun",0.3,"PCDHGB6"
"overlap_rawp","rawp05","NKI.NEO","nki_smc;neo","Fun",0.3,"PCDHGB7"
"overlap_rawp","rawp05","NKI.NEO","nki_smc;neo","Fun",0.3,"PCDHGB8P"
"overlap_rawp","rawp05","NKI.NEO","nki_smc;neo","Fun",0.3,"PCDHGC3"
"overlap_rawp","rawp05","NKI.NEO","nki_smc;neo","Fun",0.3,"PCED1A"
"overlap_rawp","rawp05","NKI.NEO","nki_smc;neo","Fun",0.3,"PCNX1"
"overlap_rawp","rawp05","NKI.NEO","nki_smc;neo","Fun",0.3,"PCNX2"
"overlap_rawp","rawp05","NKI.NEO","nki_smc;neo","Fun",0.3,"PCOLCE"
"overlap_rawp","rawp05","NKI.NEO","nki_smc;neo","Fun",0.3,"PCOLCE-AS1"
"overlap_rawp","rawp05","NKI.NEO","nki_smc;neo","Fun",0.3,"PCSK1"
"overlap_rawp","rawp05","NKI.NEO","nki_smc;neo","Fun",0.3,"PCSK7"
"overlap_rawp","rawp05","NKI.NEO","nki_smc;neo","Fun",0.3,"PDE10A"
"overlap_rawp","rawp05","NKI.NEO","nki_smc;neo","Fun",0.3,"PDE1B"
"overlap_rawp","rawp05","NKI.NEO","nki_smc;neo","Fun",0.3,"PDE4A"
"overlap_rawp","rawp05","NKI.NEO","nki_smc;neo","Fun",0.3,"PDE4DIP"
"overlap_rawp","rawp05","NKI.NEO","nki_smc;neo","Fun",0.3,"PDE8A"
"overlap_rawp","rawp05","NKI.NEO","nki_smc;neo","Fun",0.3,"PDGFRB"
"overlap_rawp","rawp05","NKI.NEO","nki_smc;neo","Fun",0.3,"PDLIM1"
"overlap_rawp","rawp05","NKI.NEO","nki_smc;neo","Fun",0.3,"PDPN"
"overlap_rawp","rawp05","NKI.NEO","nki_smc;neo","Fun",0.3,"PDPR"
"overlap_rawp","rawp05","NKI.NEO","nki_smc;neo","Fun",0.3,"PDZRN3"
"overlap_rawp","rawp05","NKI.NEO","nki_smc;neo","Fun",0.3,"PEAK1"
"overlap_rawp","rawp05","NKI.NEO","nki_smc;neo","Fun",0.3,"PEAR1"
"overlap_rawp","rawp05","NKI.NEO","nki_smc;neo","Fun",0.3,"PECAM1"
"overlap_rawp","rawp05","NKI.NEO","nki_smc;neo","Fun",0.3,"PER1"
"overlap_rawp","rawp05","NKI.NEO","nki_smc;neo","Fun",0.3,"PER2"
"overlap_rawp","rawp05","NKI.NEO","nki_smc;neo","Fun",0.3,"PGGHG"
"overlap_rawp","rawp05","NKI.NEO","nki_smc;neo","Fun",0.3,"PGM2L1"
"overlap_rawp","rawp05","NKI.NEO","nki_smc;neo","Fun",0.3,"PGPEP1"
"overlap_rawp","rawp05","NKI.NEO","nki_smc;neo","Fun",0.3,"PHACTR1"
"overlap_rawp","rawp05","NKI.NEO","nki_smc;neo","Fun",0.3,"PHACTR2"
"overlap_rawp","rawp05","NKI.NEO","nki_smc;neo","Fun",0.3,"PHACTR4"
"overlap_rawp","rawp05","NKI.NEO","nki_smc;neo","Fun",0.3,"PHC1"
"overlap_rawp","rawp05","NKI.NEO","nki_smc;neo","Fun",0.3,"PHC3"
"overlap_rawp","rawp05","NKI.NEO","nki_smc;neo","Fun",0.3,"PHF1"
"overlap_rawp","rawp05","NKI.NEO","nki_smc;neo","Fun",0.3,"PHF11"
"overlap_rawp","rawp05","NKI.NEO","nki_smc;neo","Fun",0.3,"PHF12"
"overlap_rawp","rawp05","NKI.NEO","nki_smc;neo","Fun",0.3,"PHF21A"
"overlap_rawp","rawp05","NKI.NEO","nki_smc;neo","Fun",0.3,"PHLDA1"
"overlap_rawp","rawp05","NKI.NEO","nki_smc;neo","Fun",0.3,"PHLDB1"
"overlap_rawp","rawp05","NKI.NEO","nki_smc;neo","Fun",0.3,"PHYKPL"
"overlap_rawp","rawp05","NKI.NEO","nki_smc;neo","Fun",0.3,"PI4KAP1"
"overlap_rawp","rawp05","NKI.NEO","nki_smc;neo","Fun",0.3,"PI4KAP2"
"overlap_rawp","rawp05","NKI.NEO","nki_smc;neo","Fun",0.3,"PIANP"
"overlap_rawp","rawp05","NKI.NEO","nki_smc;neo","Fun",0.3,"PIK3CD"
"overlap_rawp","rawp05","NKI.NEO","nki_smc;neo","Fun",0.3,"PIK3IP1"
"overlap_rawp","rawp05","NKI.NEO","nki_smc;neo","Fun",0.3,"PIK3R5"
"overlap_rawp","rawp05","NKI.NEO","nki_smc;neo","Fun",0.3,"PIK3R6"
"overlap_rawp","rawp05","NKI.NEO","nki_smc;neo","Fun",0.3,"PIM1"
"overlap_rawp","rawp05","NKI.NEO","nki_smc;neo","Fun",0.3,"PIM3"
"overlap_rawp","rawp05","NKI.NEO","nki_smc;neo","Fun",0.3,"PIP4K2B"
"overlap_rawp","rawp05","NKI.NEO","nki_smc;neo","Fun",0.3,"PIP4P2"
"overlap_rawp","rawp05","NKI.NEO","nki_smc;neo","Fun",0.3,"PKD1"
"overlap_rawp","rawp05","NKI.NEO","nki_smc;neo","Fun",0.3,"PKD1L2"
"overlap_rawp","rawp05","NKI.NEO","nki_smc;neo","Fun",0.3,"PKD1P1"
"overlap_rawp","rawp05","NKI.NEO","nki_smc;neo","Fun",0.3,"PKD2"
"overlap_rawp","rawp05","NKI.NEO","nki_smc;neo","Fun",0.3,"PLA2G4B"
"overlap_rawp","rawp05","NKI.NEO","nki_smc;neo","Fun",0.3,"PLA2G4C"
"overlap_rawp","rawp05","NKI.NEO","nki_smc;neo","Fun",0.3,"PLAGL1"
"overlap_rawp","rawp05","NKI.NEO","nki_smc;neo","Fun",0.3,"PLCB2"
"overlap_rawp","rawp05","NKI.NEO","nki_smc;neo","Fun",0.3,"PLCG1"
"overlap_rawp","rawp05","NKI.NEO","nki_smc;neo","Fun",0.3,"PLD2"
"overlap_rawp","rawp05","NKI.NEO","nki_smc;neo","Fun",0.3,"PLD3"
"overlap_rawp","rawp05","NKI.NEO","nki_smc;neo","Fun",0.3,"PLEC"
"overlap_rawp","rawp05","NKI.NEO","nki_smc;neo","Fun",0.3,"PLEKHA2"
"overlap_rawp","rawp05","NKI.NEO","nki_smc;neo","Fun",0.3,"PLEKHG1"
"overlap_rawp","rawp05","NKI.NEO","nki_smc;neo","Fun",0.3,"PLEKHG2"
"overlap_rawp","rawp05","NKI.NEO","nki_smc;neo","Fun",0.3,"PLEKHM1"
"overlap_rawp","rawp05","NKI.NEO","nki_smc;neo","Fun",0.3,"PLEKHM3"
"overlap_rawp","rawp05","NKI.NEO","nki_smc;neo","Fun",0.3,"PLEKHO1"
"overlap_rawp","rawp05","NKI.NEO","nki_smc;neo","Fun",0.3,"PLEKHO2"
"overlap_rawp","rawp05","NKI.NEO","nki_smc;neo","Fun",0.3,"PLK3"
"overlap_rawp","rawp05","NKI.NEO","nki_smc;neo","Fun",0.3,"PLPP3"
"overlap_rawp","rawp05","NKI.NEO","nki_smc;neo","Fun",0.3,"PLPP7"
"overlap_rawp","rawp05","NKI.NEO","nki_smc;neo","Fun",0.3,"PLTP"
"overlap_rawp","rawp05","NKI.NEO","nki_smc;neo","Fun",0.3,"PLXNA1"
"overlap_rawp","rawp05","NKI.NEO","nki_smc;neo","Fun",0.3,"PLXNB2"
"overlap_rawp","rawp05","NKI.NEO","nki_smc;neo","Fun",0.3,"PLXNC1"
"overlap_rawp","rawp05","NKI.NEO","nki_smc;neo","Fun",0.3,"PLXND1"
"overlap_rawp","rawp05","NKI.NEO","nki_smc;neo","Fun",0.3,"PML"
"overlap_rawp","rawp05","NKI.NEO","nki_smc;neo","Fun",0.3,"PMS2P2"
"overlap_rawp","rawp05","NKI.NEO","nki_smc;neo","Fun",0.3,"PNMA2"
"overlap_rawp","rawp05","NKI.NEO","nki_smc;neo","Fun",0.3,"PNPLA1"
"overlap_rawp","rawp05","NKI.NEO","nki_smc;neo","Fun",0.3,"PNPLA6"
"overlap_rawp","rawp05","NKI.NEO","nki_smc;neo","Fun",0.3,"PODNL1"
"overlap_rawp","rawp05","NKI.NEO","nki_smc;neo","Fun",0.3,"POFUT2"
"overlap_rawp","rawp05","NKI.NEO","nki_smc;neo","Fun",0.3,"POFUT4"
"overlap_rawp","rawp05","NKI.NEO","nki_smc;neo","Fun",0.3,"POGLUT3"
"overlap_rawp","rawp05","NKI.NEO","nki_smc;neo","Fun",0.3,"POGZ"
"overlap_rawp","rawp05","NKI.NEO","nki_smc;neo","Fun",0.3,"POLG"
"overlap_rawp","rawp05","NKI.NEO","nki_smc;neo","Fun",0.3,"POLK"
"overlap_rawp","rawp05","NKI.NEO","nki_smc;neo","Fun",0.3,"POLM"
"overlap_rawp","rawp05","NKI.NEO","nki_smc;neo","Fun",0.3,"POLR2A"
"overlap_rawp","rawp05","NKI.NEO","nki_smc;neo","Fun",0.3,"POM121L4P"
"overlap_rawp","rawp05","NKI.NEO","nki_smc;neo","Fun",0.3,"POM121L9P"
"overlap_rawp","rawp05","NKI.NEO","nki_smc;neo","Fun",0.3,"POPDC1"
"overlap_rawp","rawp05","NKI.NEO","nki_smc;neo","Fun",0.3,"POU2F2"
"overlap_rawp","rawp05","NKI.NEO","nki_smc;neo","Fun",0.3,"POU5F1"
"overlap_rawp","rawp05","NKI.NEO","nki_smc;neo","Fun",0.3,"POU5F1P3"
"overlap_rawp","rawp05","NKI.NEO","nki_smc;neo","Fun",0.3,"POU6F1"
"overlap_rawp","rawp05","NKI.NEO","nki_smc;neo","Fun",0.3,"PPARA"
"overlap_rawp","rawp05","NKI.NEO","nki_smc;neo","Fun",0.3,"PPARGC1B"
"overlap_rawp","rawp05","NKI.NEO","nki_smc;neo","Fun",0.3,"PPFIA2"
"overlap_rawp","rawp05","NKI.NEO","nki_smc;neo","Fun",0.3,"PPIEL"
"overlap_rawp","rawp05","NKI.NEO","nki_smc;neo","Fun",0.3,"PPM1F"
"overlap_rawp","rawp05","NKI.NEO","nki_smc;neo","Fun",0.3,"PPM1L"
"overlap_rawp","rawp05","NKI.NEO","nki_smc;neo","Fun",0.3,"PPM1M"
"overlap_rawp","rawp05","NKI.NEO","nki_smc;neo","Fun",0.3,"PPP1R12C"
"overlap_rawp","rawp05","NKI.NEO","nki_smc;neo","Fun",0.3,"PPP1R18"
"overlap_rawp","rawp05","NKI.NEO","nki_smc;neo","Fun",0.3,"PPP1R3E"
"overlap_rawp","rawp05","NKI.NEO","nki_smc;neo","Fun",0.3,"PPP3CA"
"overlap_rawp","rawp05","NKI.NEO","nki_smc;neo","Fun",0.3,"PPP3CC"
"overlap_rawp","rawp05","NKI.NEO","nki_smc;neo","Fun",0.3,"PPP4R1L"
"overlap_rawp","rawp05","NKI.NEO","nki_smc;neo","Fun",0.3,"PRAM1"
"overlap_rawp","rawp05","NKI.NEO","nki_smc;neo","Fun",0.3,"PRCP"
"overlap_rawp","rawp05","NKI.NEO","nki_smc;neo","Fun",0.3,"PRDM1"
"overlap_rawp","rawp05","NKI.NEO","nki_smc;neo","Fun",0.3,"PRDM15"
"overlap_rawp","rawp05","NKI.NEO","nki_smc;neo","Fun",0.3,"PRDM2"
"overlap_rawp","rawp05","NKI.NEO","nki_smc;neo","Fun",0.3,"PRDM8"
"overlap_rawp","rawp05","NKI.NEO","nki_smc;neo","Fun",0.3,"PRICKLE2"
"overlap_rawp","rawp05","NKI.NEO","nki_smc;neo","Fun",0.3,"PRKAB2"
"overlap_rawp","rawp05","NKI.NEO","nki_smc;neo","Fun",0.3,"PRKCA"
"overlap_rawp","rawp05","NKI.NEO","nki_smc;neo","Fun",0.3,"PRKD1"
"overlap_rawp","rawp05","NKI.NEO","nki_smc;neo","Fun",0.3,"PRKD2"
"overlap_rawp","rawp05","NKI.NEO","nki_smc;neo","Fun",0.3,"PRKD3"
"overlap_rawp","rawp05","NKI.NEO","nki_smc;neo","Fun",0.3,"PROCA1"
"overlap_rawp","rawp05","NKI.NEO","nki_smc;neo","Fun",0.3,"PRR14L"
"overlap_rawp","rawp05","NKI.NEO","nki_smc;neo","Fun",0.3,"PRR16"
"overlap_rawp","rawp05","NKI.NEO","nki_smc;neo","Fun",0.3,"PRR5L"
"overlap_rawp","rawp05","NKI.NEO","nki_smc;neo","Fun",0.3,"PRRC2B"
"overlap_rawp","rawp05","NKI.NEO","nki_smc;neo","Fun",0.3,"PRRT2"
"overlap_rawp","rawp05","NKI.NEO","nki_smc;neo","Fun",0.3,"PRRX1"
"overlap_rawp","rawp05","NKI.NEO","nki_smc;neo","Fun",0.3,"PRTG"
"overlap_rawp","rawp05","NKI.NEO","nki_smc;neo","Fun",0.3,"PSAP"
"overlap_rawp","rawp05","NKI.NEO","nki_smc;neo","Fun",0.3,"PSTPIP1"
"overlap_rawp","rawp05","NKI.NEO","nki_smc;neo","Fun",0.3,"PTAFR"
"overlap_rawp","rawp05","NKI.NEO","nki_smc;neo","Fun",0.3,"PTCH1"
"overlap_rawp","rawp05","NKI.NEO","nki_smc;neo","Fun",0.3,"PTGER2"
"overlap_rawp","rawp05","NKI.NEO","nki_smc;neo","Fun",0.3,"PTGER4"
"overlap_rawp","rawp05","NKI.NEO","nki_smc;neo","Fun",0.3,"PTGIR"
"overlap_rawp","rawp05","NKI.NEO","nki_smc;neo","Fun",0.3,"PTGS1"
"overlap_rawp","rawp05","NKI.NEO","nki_smc;neo","Fun",0.3,"PTH1R"
"overlap_rawp","rawp05","NKI.NEO","nki_smc;neo","Fun",0.3,"PTK2B"
"overlap_rawp","rawp05","NKI.NEO","nki_smc;neo","Fun",0.3,"PTPN14"
"overlap_rawp","rawp05","NKI.NEO","nki_smc;neo","Fun",0.3,"PTPN21"
"overlap_rawp","rawp05","NKI.NEO","nki_smc;neo","Fun",0.3,"PTPN7"
"overlap_rawp","rawp05","NKI.NEO","nki_smc;neo","Fun",0.3,"PTPRD"
"overlap_rawp","rawp05","NKI.NEO","nki_smc;neo","Fun",0.3,"PTPRE"
"overlap_rawp","rawp05","NKI.NEO","nki_smc;neo","Fun",0.3,"PTPRJ"
"overlap_rawp","rawp05","NKI.NEO","nki_smc;neo","Fun",0.3,"PTPRN"
"overlap_rawp","rawp05","NKI.NEO","nki_smc;neo","Fun",0.3,"PTPRS"
"overlap_rawp","rawp05","NKI.NEO","nki_smc;neo","Fun",0.3,"PVRIG"
"overlap_rawp","rawp05","NKI.NEO","nki_smc;neo","Fun",0.3,"PXK"
"overlap_rawp","rawp05","NKI.NEO","nki_smc;neo","Fun",0.3,"R3HDM2"
"overlap_rawp","rawp05","NKI.NEO","nki_smc;neo","Fun",0.3,"RAB27A"
"overlap_rawp","rawp05","NKI.NEO","nki_smc;neo","Fun",0.3,"RAB29"
"overlap_rawp","rawp05","NKI.NEO","nki_smc;neo","Fun",0.3,"RAB2B"
"overlap_rawp","rawp05","NKI.NEO","nki_smc;neo","Fun",0.3,"RABL2A"
"overlap_rawp","rawp05","NKI.NEO","nki_smc;neo","Fun",0.3,"RAC2"
"overlap_rawp","rawp05","NKI.NEO","nki_smc;neo","Fun",0.3,"RAD54L2"
"overlap_rawp","rawp05","NKI.NEO","nki_smc;neo","Fun",0.3,"RAF1"
"overlap_rawp","rawp05","NKI.NEO","nki_smc;neo","Fun",0.3,"RALGAPA2"
"overlap_rawp","rawp05","NKI.NEO","nki_smc;neo","Fun",0.3,"RALGDS"
"overlap_rawp","rawp05","NKI.NEO","nki_smc;neo","Fun",0.3,"RANBP10"
"overlap_rawp","rawp05","NKI.NEO","nki_smc;neo","Fun",0.3,"RAP2B"
"overlap_rawp","rawp05","NKI.NEO","nki_smc;neo","Fun",0.3,"RAPGEF2"
"overlap_rawp","rawp05","NKI.NEO","nki_smc;neo","Fun",0.3,"RASA3"
"overlap_rawp","rawp05","NKI.NEO","nki_smc;neo","Fun",0.3,"RASA4"
"overlap_rawp","rawp05","NKI.NEO","nki_smc;neo","Fun",0.3,"RASAL3"
"overlap_rawp","rawp05","NKI.NEO","nki_smc;neo","Fun",0.3,"RASGRF2"
"overlap_rawp","rawp05","NKI.NEO","nki_smc;neo","Fun",0.3,"RASGRP4"
"overlap_rawp","rawp05","NKI.NEO","nki_smc;neo","Fun",0.3,"RASIP1"
"overlap_rawp","rawp05","NKI.NEO","nki_smc;neo","Fun",0.3,"RASSF2"
"overlap_rawp","rawp05","NKI.NEO","nki_smc;neo","Fun",0.3,"RASSF4"
"overlap_rawp","rawp05","NKI.NEO","nki_smc;neo","Fun",0.3,"RASSF5"
"overlap_rawp","rawp05","NKI.NEO","nki_smc;neo","Fun",0.3,"RBFOX2"
"overlap_rawp","rawp05","NKI.NEO","nki_smc;neo","Fun",0.3,"RBL2"
"overlap_rawp","rawp05","NKI.NEO","nki_smc;neo","Fun",0.3,"RBM26"
"overlap_rawp","rawp05","NKI.NEO","nki_smc;neo","Fun",0.3,"RBM5"
"overlap_rawp","rawp05","NKI.NEO","nki_smc;neo","Fun",0.3,"RBM6"
"overlap_rawp","rawp05","NKI.NEO","nki_smc;neo","Fun",0.3,"RBMS1"
"overlap_rawp","rawp05","NKI.NEO","nki_smc;neo","Fun",0.3,"RBMS2"
"overlap_rawp","rawp05","NKI.NEO","nki_smc;neo","Fun",0.3,"RBPJ"
"overlap_rawp","rawp05","NKI.NEO","nki_smc;neo","Fun",0.3,"RBSN"
"overlap_rawp","rawp05","NKI.NEO","nki_smc;neo","Fun",0.3,"RC3H1"
"overlap_rawp","rawp05","NKI.NEO","nki_smc;neo","Fun",0.3,"RCAN1"
"overlap_rawp","rawp05","NKI.NEO","nki_smc;neo","Fun",0.3,"RCAN2"
"overlap_rawp","rawp05","NKI.NEO","nki_smc;neo","Fun",0.3,"RCBTB1"
"overlap_rawp","rawp05","NKI.NEO","nki_smc;neo","Fun",0.3,"RCBTB2"
"overlap_rawp","rawp05","NKI.NEO","nki_smc;neo","Fun",0.3,"RCN3"
"overlap_rawp","rawp05","NKI.NEO","nki_smc;neo","Fun",0.3,"RCOR3"
"overlap_rawp","rawp05","NKI.NEO","nki_smc;neo","Fun",0.3,"RDX"
"overlap_rawp","rawp05","NKI.NEO","nki_smc;neo","Fun",0.3,"RENBP"
"overlap_rawp","rawp05","NKI.NEO","nki_smc;neo","Fun",0.3,"RERE"
"overlap_rawp","rawp05","NKI.NEO","nki_smc;neo","Fun",0.3,"REV1"
"overlap_rawp","rawp05","NKI.NEO","nki_smc;neo","Fun",0.3,"REV3L"
"overlap_rawp","rawp05","NKI.NEO","nki_smc;neo","Fun",0.3,"RFFL"
"overlap_rawp","rawp05","NKI.NEO","nki_smc;neo","Fun",0.3,"RFPL1"
"overlap_rawp","rawp05","NKI.NEO","nki_smc;neo","Fun",0.3,"RFTN1"
"overlap_rawp","rawp05","NKI.NEO","nki_smc;neo","Fun",0.3,"RFX3"
"overlap_rawp","rawp05","NKI.NEO","nki_smc;neo","Fun",0.3,"RFX7"
"overlap_rawp","rawp05","NKI.NEO","nki_smc;neo","Fun",0.3,"RFX8"
"overlap_rawp","rawp05","NKI.NEO","nki_smc;neo","Fun",0.3,"RGL1"
"overlap_rawp","rawp05","NKI.NEO","nki_smc;neo","Fun",0.3,"RGL4"
"overlap_rawp","rawp05","NKI.NEO","nki_smc;neo","Fun",0.3,"RGMA"
"overlap_rawp","rawp05","NKI.NEO","nki_smc;neo","Fun",0.3,"RGMB"
"overlap_rawp","rawp05","NKI.NEO","nki_smc;neo","Fun",0.3,"RGS16"
"overlap_rawp","rawp05","NKI.NEO","nki_smc;neo","Fun",0.3,"RGS17"
"overlap_rawp","rawp05","NKI.NEO","nki_smc;neo","Fun",0.3,"RHD"
"overlap_rawp","rawp05","NKI.NEO","nki_smc;neo","Fun",0.3,"RHOBTB1"
"overlap_rawp","rawp05","NKI.NEO","nki_smc;neo","Fun",0.3,"RIC1"
"overlap_rawp","rawp05","NKI.NEO","nki_smc;neo","Fun",0.3,"RILPL2"
"overlap_rawp","rawp05","NKI.NEO","nki_smc;neo","Fun",0.3,"RIN3"
"overlap_rawp","rawp05","NKI.NEO","nki_smc;neo","Fun",0.3,"RIPK3"
"overlap_rawp","rawp05","NKI.NEO","nki_smc;neo","Fun",0.3,"RIPOR1"
"overlap_rawp","rawp05","NKI.NEO","nki_smc;neo","Fun",0.3,"RIPOR3"
"overlap_rawp","rawp05","NKI.NEO","nki_smc;neo","Fun",0.3,"RMDN2"
"overlap_rawp","rawp05","NKI.NEO","nki_smc;neo","Fun",0.3,"RNASEL"
"overlap_rawp","rawp05","NKI.NEO","nki_smc;neo","Fun",0.3,"RNF122"
"overlap_rawp","rawp05","NKI.NEO","nki_smc;neo","Fun",0.3,"RNF125"
"overlap_rawp","rawp05","NKI.NEO","nki_smc;neo","Fun",0.3,"RNF144A"
"overlap_rawp","rawp05","NKI.NEO","nki_smc;neo","Fun",0.3,"RNF149"
"overlap_rawp","rawp05","NKI.NEO","nki_smc;neo","Fun",0.3,"RNF166"
"overlap_rawp","rawp05","NKI.NEO","nki_smc;neo","Fun",0.3,"RNF207"
"overlap_rawp","rawp05","NKI.NEO","nki_smc;neo","Fun",0.3,"RNF213"
"overlap_rawp","rawp05","NKI.NEO","nki_smc;neo","Fun",0.3,"RNF217"
"overlap_rawp","rawp05","NKI.NEO","nki_smc;neo","Fun",0.3,"ROBO1"
"overlap_rawp","rawp05","NKI.NEO","nki_smc;neo","Fun",0.3,"ROBO4"
"overlap_rawp","rawp05","NKI.NEO","nki_smc;neo","Fun",0.3,"ROR2"
"overlap_rawp","rawp05","NKI.NEO","nki_smc;neo","Fun",0.3,"RPL23AP53"
"overlap_rawp","rawp05","NKI.NEO","nki_smc;neo","Fun",0.3,"RPL23AP64"
"overlap_rawp","rawp05","NKI.NEO","nki_smc;neo","Fun",0.3,"RPL32P3"
"overlap_rawp","rawp05","NKI.NEO","nki_smc;neo","Fun",0.3,"RPS6KA2"
"overlap_rawp","rawp05","NKI.NEO","nki_smc;neo","Fun",0.3,"RPS6KA3"
"overlap_rawp","rawp05","NKI.NEO","nki_smc;neo","Fun",0.3,"RREB1"
"overlap_rawp","rawp05","NKI.NEO","nki_smc;neo","Fun",0.3,"RRN3P2"
"overlap_rawp","rawp05","NKI.NEO","nki_smc;neo","Fun",0.3,"RRN3P3"
"overlap_rawp","rawp05","NKI.NEO","nki_smc;neo","Fun",0.3,"RRP7BP"
"overlap_rawp","rawp05","NKI.NEO","nki_smc;neo","Fun",0.3,"RSKR"
"overlap_rawp","rawp05","NKI.NEO","nki_smc;neo","Fun",0.3,"RUBCN"
"overlap_rawp","rawp05","NKI.NEO","nki_smc;neo","Fun",0.3,"RUNX1"
"overlap_rawp","rawp05","NKI.NEO","nki_smc;neo","Fun",0.3,"RUNX2"
"overlap_rawp","rawp05","NKI.NEO","nki_smc;neo","Fun",0.3,"RUNX3"
"overlap_rawp","rawp05","NKI.NEO","nki_smc;neo","Fun",0.3,"RUSC2"
"overlap_rawp","rawp05","NKI.NEO","nki_smc;neo","Fun",0.3,"RXRA"
"overlap_rawp","rawp05","NKI.NEO","nki_smc;neo","Fun",0.3,"RYR2"
"overlap_rawp","rawp05","NKI.NEO","nki_smc;neo","Fun",0.3,"S100PBP"
"overlap_rawp","rawp05","NKI.NEO","nki_smc;neo","Fun",0.3,"SACS"
"overlap_rawp","rawp05","NKI.NEO","nki_smc;neo","Fun",0.3,"SAMD4A"
"overlap_rawp","rawp05","NKI.NEO","nki_smc;neo","Fun",0.3,"SAMD8"
"overlap_rawp","rawp05","NKI.NEO","nki_smc;neo","Fun",0.3,"SAP25"
"overlap_rawp","rawp05","NKI.NEO","nki_smc;neo","Fun",0.3,"SARAF"
"overlap_rawp","rawp05","NKI.NEO","nki_smc;neo","Fun",0.3,"SARM1"
"overlap_rawp","rawp05","NKI.NEO","nki_smc;neo","Fun",0.3,"SASH1"
"overlap_rawp","rawp05","NKI.NEO","nki_smc;neo","Fun",0.3,"SASH3"
"overlap_rawp","rawp05","NKI.NEO","nki_smc;neo","Fun",0.3,"SATB1"
"overlap_rawp","rawp05","NKI.NEO","nki_smc;neo","Fun",0.3,"SBF1"
"overlap_rawp","rawp05","NKI.NEO","nki_smc;neo","Fun",0.3,"SBNO2"
"overlap_rawp","rawp05","NKI.NEO","nki_smc;neo","Fun",0.3,"SCAF11"
"overlap_rawp","rawp05","NKI.NEO","nki_smc;neo","Fun",0.3,"SCAF8"
"overlap_rawp","rawp05","NKI.NEO","nki_smc;neo","Fun",0.3,"SCAND2P"
"overlap_rawp","rawp05","NKI.NEO","nki_smc;neo","Fun",0.3,"SCARF1"
"overlap_rawp","rawp05","NKI.NEO","nki_smc;neo","Fun",0.3,"SCARNA17"
"overlap_rawp","rawp05","NKI.NEO","nki_smc;neo","Fun",0.3,"SCN1B"
"overlap_rawp","rawp05","NKI.NEO","nki_smc;neo","Fun",0.3,"SDC3"
"overlap_rawp","rawp05","NKI.NEO","nki_smc;neo","Fun",0.3,"SDCBP"
"overlap_rawp","rawp05","NKI.NEO","nki_smc;neo","Fun",0.3,"SDHAP1"
"overlap_rawp","rawp05","NKI.NEO","nki_smc;neo","Fun",0.3,"SDHAP2"
"overlap_rawp","rawp05","NKI.NEO","nki_smc;neo","Fun",0.3,"SDHAP3"
"overlap_rawp","rawp05","NKI.NEO","nki_smc;neo","Fun",0.3,"SEC14L1"
"overlap_rawp","rawp05","NKI.NEO","nki_smc;neo","Fun",0.3,"SEC14L1P1"
"overlap_rawp","rawp05","NKI.NEO","nki_smc;neo","Fun",0.3,"SEC16B"
"overlap_rawp","rawp05","NKI.NEO","nki_smc;neo","Fun",0.3,"SEC23A"
"overlap_rawp","rawp05","NKI.NEO","nki_smc;neo","Fun",0.3,"SEC31B"
"overlap_rawp","rawp05","NKI.NEO","nki_smc;neo","Fun",0.3,"SELPLG"
"overlap_rawp","rawp05","NKI.NEO","nki_smc;neo","Fun",0.3,"SEMA4D"
"overlap_rawp","rawp05","NKI.NEO","nki_smc;neo","Fun",0.3,"SEMA5A"
"overlap_rawp","rawp05","NKI.NEO","nki_smc;neo","Fun",0.3,"SEMA5B"
"overlap_rawp","rawp05","NKI.NEO","nki_smc;neo","Fun",0.3,"SEMA6B"
"overlap_rawp","rawp05","NKI.NEO","nki_smc;neo","Fun",0.3,"SEMA6D"
"overlap_rawp","rawp05","NKI.NEO","nki_smc;neo","Fun",0.3,"SEMA7A"
"overlap_rawp","rawp05","NKI.NEO","nki_smc;neo","Fun",0.3,"SEPTIN11"
"overlap_rawp","rawp05","NKI.NEO","nki_smc;neo","Fun",0.3,"SERPINB8"
"overlap_rawp","rawp05","NKI.NEO","nki_smc;neo","Fun",0.3,"SERPINB9"
"overlap_rawp","rawp05","NKI.NEO","nki_smc;neo","Fun",0.3,"SERPINE1"
"overlap_rawp","rawp05","NKI.NEO","nki_smc;neo","Fun",0.3,"SERPING1"
"overlap_rawp","rawp05","NKI.NEO","nki_smc;neo","Fun",0.3,"SERTAD2"
"overlap_rawp","rawp05","NKI.NEO","nki_smc;neo","Fun",0.3,"SETD5"
"overlap_rawp","rawp05","NKI.NEO","nki_smc;neo","Fun",0.3,"SETX"
"overlap_rawp","rawp05","NKI.NEO","nki_smc;neo","Fun",0.3,"SF1"
"overlap_rawp","rawp05","NKI.NEO","nki_smc;neo","Fun",0.3,"SFI1"
"overlap_rawp","rawp05","NKI.NEO","nki_smc;neo","Fun",0.3,"SGIP1"
"overlap_rawp","rawp05","NKI.NEO","nki_smc;neo","Fun",0.3,"SGPP1"
"overlap_rawp","rawp05","NKI.NEO","nki_smc;neo","Fun",0.3,"SGTB"
"overlap_rawp","rawp05","NKI.NEO","nki_smc;neo","Fun",0.3,"SH2B1"
"overlap_rawp","rawp05","NKI.NEO","nki_smc;neo","Fun",0.3,"SH2B3"
"overlap_rawp","rawp05","NKI.NEO","nki_smc;neo","Fun",0.3,"SH3BP2"
"overlap_rawp","rawp05","NKI.NEO","nki_smc;neo","Fun",0.3,"SH3BP5"
"overlap_rawp","rawp05","NKI.NEO","nki_smc;neo","Fun",0.3,"SH3GL1P1"
"overlap_rawp","rawp05","NKI.NEO","nki_smc;neo","Fun",0.3,"SH3KBP1"
"overlap_rawp","rawp05","NKI.NEO","nki_smc;neo","Fun",0.3,"SH3PXD2A"
"overlap_rawp","rawp05","NKI.NEO","nki_smc;neo","Fun",0.3,"SH3PXD2B"
"overlap_rawp","rawp05","NKI.NEO","nki_smc;neo","Fun",0.3,"SH3RF3"
"overlap_rawp","rawp05","NKI.NEO","nki_smc;neo","Fun",0.3,"SH3TC1"
"overlap_rawp","rawp05","NKI.NEO","nki_smc;neo","Fun",0.3,"SHC3"
"overlap_rawp","rawp05","NKI.NEO","nki_smc;neo","Fun",0.3,"SHFL"
"overlap_rawp","rawp05","NKI.NEO","nki_smc;neo","Fun",0.3,"SHOX2"
"overlap_rawp","rawp05","NKI.NEO","nki_smc;neo","Fun",0.3,"SHPRH"
"overlap_rawp","rawp05","NKI.NEO","nki_smc;neo","Fun",0.3,"SHROOM1"
"overlap_rawp","rawp05","NKI.NEO","nki_smc;neo","Fun",0.3,"SIDT2"
"overlap_rawp","rawp05","NKI.NEO","nki_smc;neo","Fun",0.3,"SIGLEC1"
"overlap_rawp","rawp05","NKI.NEO","nki_smc;neo","Fun",0.3,"SIGLEC10"
"overlap_rawp","rawp05","NKI.NEO","nki_smc;neo","Fun",0.3,"SIGLEC11"
"overlap_rawp","rawp05","NKI.NEO","nki_smc;neo","Fun",0.3,"SIGLEC16"
"overlap_rawp","rawp05","NKI.NEO","nki_smc;neo","Fun",0.3,"SIGLEC5"
"overlap_rawp","rawp05","NKI.NEO","nki_smc;neo","Fun",0.3,"SIGLEC9"
"overlap_rawp","rawp05","NKI.NEO","nki_smc;neo","Fun",0.3,"SIK1"
"overlap_rawp","rawp05","NKI.NEO","nki_smc;neo","Fun",0.3,"SIK3"
"overlap_rawp","rawp05","NKI.NEO","nki_smc;neo","Fun",0.3,"SIRAL2"
"overlap_rawp","rawp05","NKI.NEO","nki_smc;neo","Fun",0.3,"SIRPA"
"overlap_rawp","rawp05","NKI.NEO","nki_smc;neo","Fun",0.3,"SIRPB1"
"overlap_rawp","rawp05","NKI.NEO","nki_smc;neo","Fun",0.3,"SIRPB2"
"overlap_rawp","rawp05","NKI.NEO","nki_smc;neo","Fun",0.3,"SIRT1"
"overlap_rawp","rawp05","NKI.NEO","nki_smc;neo","Fun",0.3,"SKAP2"
"overlap_rawp","rawp05","NKI.NEO","nki_smc;neo","Fun",0.3,"SKI"
"overlap_rawp","rawp05","NKI.NEO","nki_smc;neo","Fun",0.3,"SLC12A4"
"overlap_rawp","rawp05","NKI.NEO","nki_smc;neo","Fun",0.3,"SLC12A6"
"overlap_rawp","rawp05","NKI.NEO","nki_smc;neo","Fun",0.3,"SLC15A3"
"overlap_rawp","rawp05","NKI.NEO","nki_smc;neo","Fun",0.3,"SLC15A4"
"overlap_rawp","rawp05","NKI.NEO","nki_smc;neo","Fun",0.3,"SLC16A2"
"overlap_rawp","rawp05","NKI.NEO","nki_smc;neo","Fun",0.3,"SLC18A2"
"overlap_rawp","rawp05","NKI.NEO","nki_smc;neo","Fun",0.3,"SLC23A2"
"overlap_rawp","rawp05","NKI.NEO","nki_smc;neo","Fun",0.3,"SLC25A37"
"overlap_rawp","rawp05","NKI.NEO","nki_smc;neo","Fun",0.3,"SLC25A45"
"overlap_rawp","rawp05","NKI.NEO","nki_smc;neo","Fun",0.3,"SLC26A10P"
"overlap_rawp","rawp05","NKI.NEO","nki_smc;neo","Fun",0.3,"SLC27A1"
"overlap_rawp","rawp05","NKI.NEO","nki_smc;neo","Fun",0.3,"SLC28A3"
"overlap_rawp","rawp05","NKI.NEO","nki_smc;neo","Fun",0.3,"SLC2A13"
"overlap_rawp","rawp05","NKI.NEO","nki_smc;neo","Fun",0.3,"SLC2A3"
"overlap_rawp","rawp05","NKI.NEO","nki_smc;neo","Fun",0.3,"SLC2A9"
"overlap_rawp","rawp05","NKI.NEO","nki_smc;neo","Fun",0.3,"SLC30A7"
"overlap_rawp","rawp05","NKI.NEO","nki_smc;neo","Fun",0.3,"SLC31A2"
"overlap_rawp","rawp05","NKI.NEO","nki_smc;neo","Fun",0.3,"SLC35B4"
"overlap_rawp","rawp05","NKI.NEO","nki_smc;neo","Fun",0.3,"SLC35E2A"
"overlap_rawp","rawp05","NKI.NEO","nki_smc;neo","Fun",0.3,"SLC36A1"
"overlap_rawp","rawp05","NKI.NEO","nki_smc;neo","Fun",0.3,"SLC38A2"
"overlap_rawp","rawp05","NKI.NEO","nki_smc;neo","Fun",0.3,"SLC38A5"
"overlap_rawp","rawp05","NKI.NEO","nki_smc;neo","Fun",0.3,"SLC38A9"
"overlap_rawp","rawp05","NKI.NEO","nki_smc;neo","Fun",0.3,"SLC41A2"
"overlap_rawp","rawp05","NKI.NEO","nki_smc;neo","Fun",0.3,"SLC43A1"
"overlap_rawp","rawp05","NKI.NEO","nki_smc;neo","Fun",0.3,"SLC43A3"
"overlap_rawp","rawp05","NKI.NEO","nki_smc;neo","Fun",0.3,"SLC45A4"
"overlap_rawp","rawp05","NKI.NEO","nki_smc;neo","Fun",0.3,"SLC51A"
"overlap_rawp","rawp05","NKI.NEO","nki_smc;neo","Fun",0.3,"SLC5A3"
"overlap_rawp","rawp05","NKI.NEO","nki_smc;neo","Fun",0.3,"SLC6A1"
"overlap_rawp","rawp05","NKI.NEO","nki_smc;neo","Fun",0.3,"SLC6A16"
"overlap_rawp","rawp05","NKI.NEO","nki_smc;neo","Fun",0.3,"SLC6A6"
"overlap_rawp","rawp05","NKI.NEO","nki_smc;neo","Fun",0.3,"SLC7A5P2"
"overlap_rawp","rawp05","NKI.NEO","nki_smc;neo","Fun",0.3,"SLC7A6"
"overlap_rawp","rawp05","NKI.NEO","nki_smc;neo","Fun",0.3,"SLC8A1-AS1"
"overlap_rawp","rawp05","NKI.NEO","nki_smc;neo","Fun",0.3,"SLC8B1"
"overlap_rawp","rawp05","NKI.NEO","nki_smc;neo","Fun",0.3,"SLC9A8"
"overlap_rawp","rawp05","NKI.NEO","nki_smc;neo","Fun",0.3,"SLCO2A1"
"overlap_rawp","rawp05","NKI.NEO","nki_smc;neo","Fun",0.3,"SLCO2B1"
"overlap_rawp","rawp05","NKI.NEO","nki_smc;neo","Fun",0.3,"SLCO3A1"
"overlap_rawp","rawp05","NKI.NEO","nki_smc;neo","Fun",0.3,"SLFN11"
"overlap_rawp","rawp05","NKI.NEO","nki_smc;neo","Fun",0.3,"SLFN13"
"overlap_rawp","rawp05","NKI.NEO","nki_smc;neo","Fun",0.3,"SLFN5"
"overlap_rawp","rawp05","NKI.NEO","nki_smc;neo","Fun",0.3,"SMAD4"
"overlap_rawp","rawp05","NKI.NEO","nki_smc;neo","Fun",0.3,"SMAD5"
"overlap_rawp","rawp05","NKI.NEO","nki_smc;neo","Fun",0.3,"SMAP2"
"overlap_rawp","rawp05","NKI.NEO","nki_smc;neo","Fun",0.3,"SMARCA2"
"overlap_rawp","rawp05","NKI.NEO","nki_smc;neo","Fun",0.3,"SMARCC2"
"overlap_rawp","rawp05","NKI.NEO","nki_smc;neo","Fun",0.3,"SMARCD3"
"overlap_rawp","rawp05","NKI.NEO","nki_smc;neo","Fun",0.3,"SMG1"
"overlap_rawp","rawp05","NKI.NEO","nki_smc;neo","Fun",0.3,"SMIM17"
"overlap_rawp","rawp05","NKI.NEO","nki_smc;neo","Fun",0.3,"SMTN"
"overlap_rawp","rawp05","NKI.NEO","nki_smc;neo","Fun",0.3,"SNAI3"
"overlap_rawp","rawp05","NKI.NEO","nki_smc;neo","Fun",0.3,"SNAI3-AS1"
"overlap_rawp","rawp05","NKI.NEO","nki_smc;neo","Fun",0.3,"SNCAIP"
"overlap_rawp","rawp05","NKI.NEO","nki_smc;neo","Fun",0.3,"SNED1"
"overlap_rawp","rawp05","NKI.NEO","nki_smc;neo","Fun",0.3,"SNRK"
"overlap_rawp","rawp05","NKI.NEO","nki_smc;neo","Fun",0.3,"SNRNP70"
"overlap_rawp","rawp05","NKI.NEO","nki_smc;neo","Fun",0.3,"SNTB2"
"overlap_rawp","rawp05","NKI.NEO","nki_smc;neo","Fun",0.3,"SNX18"
"overlap_rawp","rawp05","NKI.NEO","nki_smc;neo","Fun",0.3,"SNX20"
"overlap_rawp","rawp05","NKI.NEO","nki_smc;neo","Fun",0.3,"SNX27"
"overlap_rawp","rawp05","NKI.NEO","nki_smc;neo","Fun",0.3,"SNX29"
"overlap_rawp","rawp05","NKI.NEO","nki_smc;neo","Fun",0.3,"SNX29P2"
"overlap_rawp","rawp05","NKI.NEO","nki_smc;neo","Fun",0.3,"SNX30"
"overlap_rawp","rawp05","NKI.NEO","nki_smc;neo","Fun",0.3,"SOBP"
"overlap_rawp","rawp05","NKI.NEO","nki_smc;neo","Fun",0.3,"SOCS3"
"overlap_rawp","rawp05","NKI.NEO","nki_smc;neo","Fun",0.3,"SOCS5"
"overlap_rawp","rawp05","NKI.NEO","nki_smc;neo","Fun",0.3,"SOD2"
"overlap_rawp","rawp05","NKI.NEO","nki_smc;neo","Fun",0.3,"SOD3"
"overlap_rawp","rawp05","NKI.NEO","nki_smc;neo","Fun",0.3,"SON"
"overlap_rawp","rawp05","NKI.NEO","nki_smc;neo","Fun",0.3,"SOS1"
"overlap_rawp","rawp05","NKI.NEO","nki_smc;neo","Fun",0.3,"SOWAHD"
"overlap_rawp","rawp05","NKI.NEO","nki_smc;neo","Fun",0.3,"SOX5"
"overlap_rawp","rawp05","NKI.NEO","nki_smc;neo","Fun",0.3,"SOX7"
"overlap_rawp","rawp05","NKI.NEO","nki_smc;neo","Fun",0.3,"SP1"
"overlap_rawp","rawp05","NKI.NEO","nki_smc;neo","Fun",0.3,"SPARC"
"overlap_rawp","rawp05","NKI.NEO","nki_smc;neo","Fun",0.3,"SPATA13"
"overlap_rawp","rawp05","NKI.NEO","nki_smc;neo","Fun",0.3,"SPATC1"
"overlap_rawp","rawp05","NKI.NEO","nki_smc;neo","Fun",0.3,"SPEN"
"overlap_rawp","rawp05","NKI.NEO","nki_smc;neo","Fun",0.3,"SPG11"
"overlap_rawp","rawp05","NKI.NEO","nki_smc;neo","Fun",0.3,"SPG7"
"overlap_rawp","rawp05","NKI.NEO","nki_smc;neo","Fun",0.3,"SPI1"
"overlap_rawp","rawp05","NKI.NEO","nki_smc;neo","Fun",0.3,"SPON2"
"overlap_rawp","rawp05","NKI.NEO","nki_smc;neo","Fun",0.3,"SPPL2A"
"overlap_rawp","rawp05","NKI.NEO","nki_smc;neo","Fun",0.3,"SPPL2B"
"overlap_rawp","rawp05","NKI.NEO","nki_smc;neo","Fun",0.3,"SPRED3"
"overlap_rawp","rawp05","NKI.NEO","nki_smc;neo","Fun",0.3,"SPTBN1"
"overlap_rawp","rawp05","NKI.NEO","nki_smc;neo","Fun",0.3,"SRCAP"
"overlap_rawp","rawp05","NKI.NEO","nki_smc;neo","Fun",0.3,"SRGAP2"
"overlap_rawp","rawp05","NKI.NEO","nki_smc;neo","Fun",0.3,"SRGAP2B"
"overlap_rawp","rawp05","NKI.NEO","nki_smc;neo","Fun",0.3,"SRGAP2C"
"overlap_rawp","rawp05","NKI.NEO","nki_smc;neo","Fun",0.3,"SRGAP3"
"overlap_rawp","rawp05","NKI.NEO","nki_smc;neo","Fun",0.3,"SRPX"
"overlap_rawp","rawp05","NKI.NEO","nki_smc;neo","Fun",0.3,"SRRM1"
"overlap_rawp","rawp05","NKI.NEO","nki_smc;neo","Fun",0.3,"SRRM2"
"overlap_rawp","rawp05","NKI.NEO","nki_smc;neo","Fun",0.3,"SSC5D"
"overlap_rawp","rawp05","NKI.NEO","nki_smc;neo","Fun",0.3,"SSH1"
"overlap_rawp","rawp05","NKI.NEO","nki_smc;neo","Fun",0.3,"ST18"
"overlap_rawp","rawp05","NKI.NEO","nki_smc;neo","Fun",0.3,"ST3GAL2"
"overlap_rawp","rawp05","NKI.NEO","nki_smc;neo","Fun",0.3,"ST3GAL3"
"overlap_rawp","rawp05","NKI.NEO","nki_smc;neo","Fun",0.3,"ST6GALNAC6"
"overlap_rawp","rawp05","NKI.NEO","nki_smc;neo","Fun",0.3,"ST8SIA2"
"overlap_rawp","rawp05","NKI.NEO","nki_smc;neo","Fun",0.3,"STAB1"
"overlap_rawp","rawp05","NKI.NEO","nki_smc;neo","Fun",0.3,"STAG3"
"overlap_rawp","rawp05","NKI.NEO","nki_smc;neo","Fun",0.3,"STAG3L1"
"overlap_rawp","rawp05","NKI.NEO","nki_smc;neo","Fun",0.3,"STAG3L2"
"overlap_rawp","rawp05","NKI.NEO","nki_smc;neo","Fun",0.3,"STARD5"
"overlap_rawp","rawp05","NKI.NEO","nki_smc;neo","Fun",0.3,"STARD8"
"overlap_rawp","rawp05","NKI.NEO","nki_smc;neo","Fun",0.3,"STARD9"
"overlap_rawp","rawp05","NKI.NEO","nki_smc;neo","Fun",0.3,"STAT2"
"overlap_rawp","rawp05","NKI.NEO","nki_smc;neo","Fun",0.3,"STAT3"
"overlap_rawp","rawp05","NKI.NEO","nki_smc;neo","Fun",0.3,"STAT5A"
"overlap_rawp","rawp05","NKI.NEO","nki_smc;neo","Fun",0.3,"STAT5B"
"overlap_rawp","rawp05","NKI.NEO","nki_smc;neo","Fun",0.3,"STAT6"
"overlap_rawp","rawp05","NKI.NEO","nki_smc;neo","Fun",0.3,"STEAP2"
"overlap_rawp","rawp05","NKI.NEO","nki_smc;neo","Fun",0.3,"STEAP4"
"overlap_rawp","rawp05","NKI.NEO","nki_smc;neo","Fun",0.3,"STIMATE-MUSTN1"
"overlap_rawp","rawp05","NKI.NEO","nki_smc;neo","Fun",0.3,"STING1"
"overlap_rawp","rawp05","NKI.NEO","nki_smc;neo","Fun",0.3,"STK10"
"overlap_rawp","rawp05","NKI.NEO","nki_smc;neo","Fun",0.3,"STK4"
"overlap_rawp","rawp05","NKI.NEO","nki_smc;neo","Fun",0.3,"STOM"
"overlap_rawp","rawp05","NKI.NEO","nki_smc;neo","Fun",0.3,"STRIP1"
"overlap_rawp","rawp05","NKI.NEO","nki_smc;neo","Fun",0.3,"STX16"
"overlap_rawp","rawp05","NKI.NEO","nki_smc;neo","Fun",0.3,"STX17"
"overlap_rawp","rawp05","NKI.NEO","nki_smc;neo","Fun",0.3,"STX1B"
"overlap_rawp","rawp05","NKI.NEO","nki_smc;neo","Fun",0.3,"STX2"
"overlap_rawp","rawp05","NKI.NEO","nki_smc;neo","Fun",0.3,"STXBP5"
"overlap_rawp","rawp05","NKI.NEO","nki_smc;neo","Fun",0.3,"SUFU"
"overlap_rawp","rawp05","NKI.NEO","nki_smc;neo","Fun",0.3,"SULT1A4"
"overlap_rawp","rawp05","NKI.NEO","nki_smc;neo","Fun",0.3,"SUN2"
"overlap_rawp","rawp05","NKI.NEO","nki_smc;neo","Fun",0.3,"SUSD1"
"overlap_rawp","rawp05","NKI.NEO","nki_smc;neo","Fun",0.3,"SUSD6"
"overlap_rawp","rawp05","NKI.NEO","nki_smc;neo","Fun",0.3,"SWAP70"
"overlap_rawp","rawp05","NKI.NEO","nki_smc;neo","Fun",0.3,"SYDE1"
"overlap_rawp","rawp05","NKI.NEO","nki_smc;neo","Fun",0.3,"SYK"
"overlap_rawp","rawp05","NKI.NEO","nki_smc;neo","Fun",0.3,"SYNE1"
"overlap_rawp","rawp05","NKI.NEO","nki_smc;neo","Fun",0.3,"SYNGAP1"
"overlap_rawp","rawp05","NKI.NEO","nki_smc;neo","Fun",0.3,"SYNJ2"
"overlap_rawp","rawp05","NKI.NEO","nki_smc;neo","Fun",0.3,"SYT11"
"overlap_rawp","rawp05","NKI.NEO","nki_smc;neo","Fun",0.3,"SYT2"
"overlap_rawp","rawp05","NKI.NEO","nki_smc;neo","Fun",0.3,"SYVN1"
"overlap_rawp","rawp05","NKI.NEO","nki_smc;neo","Fun",0.3,"SZT2"
"overlap_rawp","rawp05","NKI.NEO","nki_smc;neo","Fun",0.3,"TACC1"
"overlap_rawp","rawp05","NKI.NEO","nki_smc;neo","Fun",0.3,"TACR1"
"overlap_rawp","rawp05","NKI.NEO","nki_smc;neo","Fun",0.3,"TAF1"
"overlap_rawp","rawp05","NKI.NEO","nki_smc;neo","Fun",0.3,"TAF1C"
"overlap_rawp","rawp05","NKI.NEO","nki_smc;neo","Fun",0.3,"TAGAP"
"overlap_rawp","rawp05","NKI.NEO","nki_smc;neo","Fun",0.3,"TAL1"
"overlap_rawp","rawp05","NKI.NEO","nki_smc;neo","Fun",0.3,"TANGO6"
"overlap_rawp","rawp05","NKI.NEO","nki_smc;neo","Fun",0.3,"TAPBP"
"overlap_rawp","rawp05","NKI.NEO","nki_smc;neo","Fun",0.3,"TBC1D10C"
"overlap_rawp","rawp05","NKI.NEO","nki_smc;neo","Fun",0.3,"TBC1D2B"
"overlap_rawp","rawp05","NKI.NEO","nki_smc;neo","Fun",0.3,"TBC1D4"
"overlap_rawp","rawp05","NKI.NEO","nki_smc;neo","Fun",0.3,"TBKBP1"
"overlap_rawp","rawp05","NKI.NEO","nki_smc;neo","Fun",0.3,"TBRG1"
"overlap_rawp","rawp05","NKI.NEO","nki_smc;neo","Fun",0.3,"TBX18"
"overlap_rawp","rawp05","NKI.NEO","nki_smc;neo","Fun",0.3,"TBX19"
"overlap_rawp","rawp05","NKI.NEO","nki_smc;neo","Fun",0.3,"TBX5"
"overlap_rawp","rawp05","NKI.NEO","nki_smc;neo","Fun",0.3,"TBXAS1"
"overlap_rawp","rawp05","NKI.NEO","nki_smc;neo","Fun",0.3,"TCAF2"
"overlap_rawp","rawp05","NKI.NEO","nki_smc;neo","Fun",0.3,"TCF4"
"overlap_rawp","rawp05","NKI.NEO","nki_smc;neo","Fun",0.3,"TCF7L2"
"overlap_rawp","rawp05","NKI.NEO","nki_smc;neo","Fun",0.3,"TCN2"
"overlap_rawp","rawp05","NKI.NEO","nki_smc;neo","Fun",0.3,"TCP11L2"
"overlap_rawp","rawp05","NKI.NEO","nki_smc;neo","Fun",0.3,"TECPR1"
"overlap_rawp","rawp05","NKI.NEO","nki_smc;neo","Fun",0.3,"TENM3"
"overlap_rawp","rawp05","NKI.NEO","nki_smc;neo","Fun",0.3,"TENM4"
"overlap_rawp","rawp05","NKI.NEO","nki_smc;neo","Fun",0.3,"TENT2"
"overlap_rawp","rawp05","NKI.NEO","nki_smc;neo","Fun",0.3,"TENT5A"
"overlap_rawp","rawp05","NKI.NEO","nki_smc;neo","Fun",0.3,"TEP1"
"overlap_rawp","rawp05","NKI.NEO","nki_smc;neo","Fun",0.3,"TEPSIN"
"overlap_rawp","rawp05","NKI.NEO","nki_smc;neo","Fun",0.3,"TESPA1"
"overlap_rawp","rawp05","NKI.NEO","nki_smc;neo","Fun",0.3,"TET2"
"overlap_rawp","rawp05","NKI.NEO","nki_smc;neo","Fun",0.3,"TET3"
"overlap_rawp","rawp05","NKI.NEO","nki_smc;neo","Fun",0.3,"TEX11"
"overlap_rawp","rawp05","NKI.NEO","nki_smc;neo","Fun",0.3,"TFEB"
"overlap_rawp","rawp05","NKI.NEO","nki_smc;neo","Fun",0.3,"TGFB1"
"overlap_rawp","rawp05","NKI.NEO","nki_smc;neo","Fun",0.3,"TGFBI"
"overlap_rawp","rawp05","NKI.NEO","nki_smc;neo","Fun",0.3,"TGFBR2"
"overlap_rawp","rawp05","NKI.NEO","nki_smc;neo","Fun",0.3,"TGOLN2"
"overlap_rawp","rawp05","NKI.NEO","nki_smc;neo","Fun",0.3,"THBS2"
"overlap_rawp","rawp05","NKI.NEO","nki_smc;neo","Fun",0.3,"THEMIS2"
"overlap_rawp","rawp05","NKI.NEO","nki_smc;neo","Fun",0.3,"TIMP2"
"overlap_rawp","rawp05","NKI.NEO","nki_smc;neo","Fun",0.3,"TIPE2"
"overlap_rawp","rawp05","NKI.NEO","nki_smc;neo","Fun",0.3,"TJAP1"
"overlap_rawp","rawp05","NKI.NEO","nki_smc;neo","Fun",0.3,"TK2"
"overlap_rawp","rawp05","NKI.NEO","nki_smc;neo","Fun",0.3,"TLE3"
"overlap_rawp","rawp05","NKI.NEO","nki_smc;neo","Fun",0.3,"TLE4"
"overlap_rawp","rawp05","NKI.NEO","nki_smc;neo","Fun",0.3,"TLN1"
"overlap_rawp","rawp05","NKI.NEO","nki_smc;neo","Fun",0.3,"TLR9"
"overlap_rawp","rawp05","NKI.NEO","nki_smc;neo","Fun",0.3,"TMC8"
"overlap_rawp","rawp05","NKI.NEO","nki_smc;neo","Fun",0.3,"TMEM106A"
"overlap_rawp","rawp05","NKI.NEO","nki_smc;neo","Fun",0.3,"TMEM130"
"overlap_rawp","rawp05","NKI.NEO","nki_smc;neo","Fun",0.3,"TMEM140"
"overlap_rawp","rawp05","NKI.NEO","nki_smc;neo","Fun",0.3,"TMEM150B"
"overlap_rawp","rawp05","NKI.NEO","nki_smc;neo","Fun",0.3,"TMEM175"
"overlap_rawp","rawp05","NKI.NEO","nki_smc;neo","Fun",0.3,"TMEM176A"
"overlap_rawp","rawp05","NKI.NEO","nki_smc;neo","Fun",0.3,"TMEM200C"
"overlap_rawp","rawp05","NKI.NEO","nki_smc;neo","Fun",0.3,"TMEM255B"
"overlap_rawp","rawp05","NKI.NEO","nki_smc;neo","Fun",0.3,"TMEM259"
"overlap_rawp","rawp05","NKI.NEO","nki_smc;neo","Fun",0.3,"TMEM35A"
"overlap_rawp","rawp05","NKI.NEO","nki_smc;neo","Fun",0.3,"TMEM51-AS1"
"overlap_rawp","rawp05","NKI.NEO","nki_smc;neo","Fun",0.3,"TMEM59L"
"overlap_rawp","rawp05","NKI.NEO","nki_smc;neo","Fun",0.3,"TMEM74B"
"overlap_rawp","rawp05","NKI.NEO","nki_smc;neo","Fun",0.3,"TMEM86A"
"overlap_rawp","rawp05","NKI.NEO","nki_smc;neo","Fun",0.3,"TMEM8B"
"overlap_rawp","rawp05","NKI.NEO","nki_smc;neo","Fun",0.3,"TMEM91"
"overlap_rawp","rawp05","NKI.NEO","nki_smc;neo","Fun",0.3,"TMX3"
"overlap_rawp","rawp05","NKI.NEO","nki_smc;neo","Fun",0.3,"TNC"
"overlap_rawp","rawp05","NKI.NEO","nki_smc;neo","Fun",0.3,"TNF"
"overlap_rawp","rawp05","NKI.NEO","nki_smc;neo","Fun",0.3,"TNFAIP2"
"overlap_rawp","rawp05","NKI.NEO","nki_smc;neo","Fun",0.3,"TNFAIP3"
"overlap_rawp","rawp05","NKI.NEO","nki_smc;neo","Fun",0.3,"TNFRSF10B"
"overlap_rawp","rawp05","NKI.NEO","nki_smc;neo","Fun",0.3,"TNFRSF10C"
"overlap_rawp","rawp05","NKI.NEO","nki_smc;neo","Fun",0.3,"TNFRSF10D"
"overlap_rawp","rawp05","NKI.NEO","nki_smc;neo","Fun",0.3,"TNFRSF14"
"overlap_rawp","rawp05","NKI.NEO","nki_smc;neo","Fun",0.3,"TNFRSF1B"
"overlap_rawp","rawp05","NKI.NEO","nki_smc;neo","Fun",0.3,"TNFRSF25"
"overlap_rawp","rawp05","NKI.NEO","nki_smc;neo","Fun",0.3,"TNFRSF8"
"overlap_rawp","rawp05","NKI.NEO","nki_smc;neo","Fun",0.3,"TNFSF12"
"overlap_rawp","rawp05","NKI.NEO","nki_smc;neo","Fun",0.3,"TNFSF13"
"overlap_rawp","rawp05","NKI.NEO","nki_smc;neo","Fun",0.3,"TNIK"
"overlap_rawp","rawp05","NKI.NEO","nki_smc;neo","Fun",0.3,"TNK2"
"overlap_rawp","rawp05","NKI.NEO","nki_smc;neo","Fun",0.3,"TNKS"
"overlap_rawp","rawp05","NKI.NEO","nki_smc;neo","Fun",0.3,"TNRC6A"
"overlap_rawp","rawp05","NKI.NEO","nki_smc;neo","Fun",0.3,"TNS2"
"overlap_rawp","rawp05","NKI.NEO","nki_smc;neo","Fun",0.3,"TNS3"
"overlap_rawp","rawp05","NKI.NEO","nki_smc;neo","Fun",0.3,"TOM1L2"
"overlap_rawp","rawp05","NKI.NEO","nki_smc;neo","Fun",0.3,"TOX2"
"overlap_rawp","rawp05","NKI.NEO","nki_smc;neo","Fun",0.3,"TPCN1"
"overlap_rawp","rawp05","NKI.NEO","nki_smc;neo","Fun",0.3,"TPP1"
"overlap_rawp","rawp05","NKI.NEO","nki_smc;neo","Fun",0.3,"TRADD"
"overlap_rawp","rawp05","NKI.NEO","nki_smc;neo","Fun",0.3,"TRAF1"
"overlap_rawp","rawp05","NKI.NEO","nki_smc;neo","Fun",0.3,"TRAF3"
"overlap_rawp","rawp05","NKI.NEO","nki_smc;neo","Fun",0.3,"TRAK1"
"overlap_rawp","rawp05","NKI.NEO","nki_smc;neo","Fun",0.3,"TRAM2"
"overlap_rawp","rawp05","NKI.NEO","nki_smc;neo","Fun",0.3,"TRANK1"
"overlap_rawp","rawp05","NKI.NEO","nki_smc;neo","Fun",0.3,"TRAPPC10"
"overlap_rawp","rawp05","NKI.NEO","nki_smc;neo","Fun",0.3,"TRAPPC14"
"overlap_rawp","rawp05","NKI.NEO","nki_smc;neo","Fun",0.3,"TRERF1"
"overlap_rawp","rawp05","NKI.NEO","nki_smc;neo","Fun",0.3,"TRIM35"
"overlap_rawp","rawp05","NKI.NEO","nki_smc;neo","Fun",0.3,"TRIM38"
"overlap_rawp","rawp05","NKI.NEO","nki_smc;neo","Fun",0.3,"TRIM5"
"overlap_rawp","rawp05","NKI.NEO","nki_smc;neo","Fun",0.3,"TRIM56"
"overlap_rawp","rawp05","NKI.NEO","nki_smc;neo","Fun",0.3,"TRIM61"
"overlap_rawp","rawp05","NKI.NEO","nki_smc;neo","Fun",0.3,"TRIM66"
"overlap_rawp","rawp05","NKI.NEO","nki_smc;neo","Fun",0.3,"TRIM68"
"overlap_rawp","rawp05","NKI.NEO","nki_smc;neo","Fun",0.3,"TRIO"
"overlap_rawp","rawp05","NKI.NEO","nki_smc;neo","Fun",0.3,"TRMT10B"
"overlap_rawp","rawp05","NKI.NEO","nki_smc;neo","Fun",0.3,"TRO"
"overlap_rawp","rawp05","NKI.NEO","nki_smc;neo","Fun",0.3,"TRPC2"
"overlap_rawp","rawp05","NKI.NEO","nki_smc;neo","Fun",0.3,"TRPV2"
"overlap_rawp","rawp05","NKI.NEO","nki_smc;neo","Fun",0.3,"TRRAP"
"overlap_rawp","rawp05","NKI.NEO","nki_smc;neo","Fun",0.3,"TSHZ1"
"overlap_rawp","rawp05","NKI.NEO","nki_smc;neo","Fun",0.3,"TSHZ3"
"overlap_rawp","rawp05","NKI.NEO","nki_smc;neo","Fun",0.3,"TSPAN11"
"overlap_rawp","rawp05","NKI.NEO","nki_smc;neo","Fun",0.3,"TSPAN14"
"overlap_rawp","rawp05","NKI.NEO","nki_smc;neo","Fun",0.3,"TSPAN18"
"overlap_rawp","rawp05","NKI.NEO","nki_smc;neo","Fun",0.3,"TSPAN4"
"overlap_rawp","rawp05","NKI.NEO","nki_smc;neo","Fun",0.3,"TSPYL2"
"overlap_rawp","rawp05","NKI.NEO","nki_smc;neo","Fun",0.3,"TTBK2"
"overlap_rawp","rawp05","NKI.NEO","nki_smc;neo","Fun",0.3,"TTC21A"
"overlap_rawp","rawp05","NKI.NEO","nki_smc;neo","Fun",0.3,"TTC23"
"overlap_rawp","rawp05","NKI.NEO","nki_smc;neo","Fun",0.3,"TTC28"
"overlap_rawp","rawp05","NKI.NEO","nki_smc;neo","Fun",0.3,"TTC31"
"overlap_rawp","rawp05","NKI.NEO","nki_smc;neo","Fun",0.3,"TTC7A"
"overlap_rawp","rawp05","NKI.NEO","nki_smc;neo","Fun",0.3,"TTLL3"
"overlap_rawp","rawp05","NKI.NEO","nki_smc;neo","Fun",0.3,"TTYH2"
"overlap_rawp","rawp05","NKI.NEO","nki_smc;neo","Fun",0.3,"TTYH3"
"overlap_rawp","rawp05","NKI.NEO","nki_smc;neo","Fun",0.3,"TUBG2"
"overlap_rawp","rawp05","NKI.NEO","nki_smc;neo","Fun",0.3,"TUBGCP6"
"overlap_rawp","rawp05","NKI.NEO","nki_smc;neo","Fun",0.3,"TVP23A"
"overlap_rawp","rawp05","NKI.NEO","nki_smc;neo","Fun",0.3,"TXNDC11"
"overlap_rawp","rawp05","NKI.NEO","nki_smc;neo","Fun",0.3,"TXNDC5"
"overlap_rawp","rawp05","NKI.NEO","nki_smc;neo","Fun",0.3,"TYK2"
"overlap_rawp","rawp05","NKI.NEO","nki_smc;neo","Fun",0.3,"TYRO3P"
"overlap_rawp","rawp05","NKI.NEO","nki_smc;neo","Fun",0.3,"UAP1L1"
"overlap_rawp","rawp05","NKI.NEO","nki_smc;neo","Fun",0.3,"UBA7"
"overlap_rawp","rawp05","NKI.NEO","nki_smc;neo","Fun",0.3,"UBAP1L"
"overlap_rawp","rawp05","NKI.NEO","nki_smc;neo","Fun",0.3,"UBASH3A"
"overlap_rawp","rawp05","NKI.NEO","nki_smc;neo","Fun",0.3,"UBE2E2"
"overlap_rawp","rawp05","NKI.NEO","nki_smc;neo","Fun",0.3,"UBE2Q2P1"
"overlap_rawp","rawp05","NKI.NEO","nki_smc;neo","Fun",0.3,"UBE4A"
"overlap_rawp","rawp05","NKI.NEO","nki_smc;neo","Fun",0.3,"UBN2"
"overlap_rawp","rawp05","NKI.NEO","nki_smc;neo","Fun",0.3,"UBXN7"
"overlap_rawp","rawp05","NKI.NEO","nki_smc;neo","Fun",0.3,"UCP2"
"overlap_rawp","rawp05","NKI.NEO","nki_smc;neo","Fun",0.3,"UNC5CL"
"overlap_rawp","rawp05","NKI.NEO","nki_smc;neo","Fun",0.3,"UNKL"
"overlap_rawp","rawp05","NKI.NEO","nki_smc;neo","Fun",0.3,"USF1"
"overlap_rawp","rawp05","NKI.NEO","nki_smc;neo","Fun",0.3,"USP20"
"overlap_rawp","rawp05","NKI.NEO","nki_smc;neo","Fun",0.3,"USP32P1"
"overlap_rawp","rawp05","NKI.NEO","nki_smc;neo","Fun",0.3,"USP49"
"overlap_rawp","rawp05","NKI.NEO","nki_smc;neo","Fun",0.3,"USP51"
"overlap_rawp","rawp05","NKI.NEO","nki_smc;neo","Fun",0.3,"UTRN"
"overlap_rawp","rawp05","NKI.NEO","nki_smc;neo","Fun",0.3,"UTS2R"
"overlap_rawp","rawp05","NKI.NEO","nki_smc;neo","Fun",0.3,"UVSSA"
"overlap_rawp","rawp05","NKI.NEO","nki_smc;neo","Fun",0.3,"VAC14"
"overlap_rawp","rawp05","NKI.NEO","nki_smc;neo","Fun",0.3,"VAC14-AS1"
"overlap_rawp","rawp05","NKI.NEO","nki_smc;neo","Fun",0.3,"VAMP2"
"overlap_rawp","rawp05","NKI.NEO","nki_smc;neo","Fun",0.3,"VANGL2"
"overlap_rawp","rawp05","NKI.NEO","nki_smc;neo","Fun",0.3,"VASH1"
"overlap_rawp","rawp05","NKI.NEO","nki_smc;neo","Fun",0.3,"VASH2"
"overlap_rawp","rawp05","NKI.NEO","nki_smc;neo","Fun",0.3,"VAV1"
"overlap_rawp","rawp05","NKI.NEO","nki_smc;neo","Fun",0.3,"VCAN"
"overlap_rawp","rawp05","NKI.NEO","nki_smc;neo","Fun",0.3,"VENTX"
"overlap_rawp","rawp05","NKI.NEO","nki_smc;neo","Fun",0.3,"VGLL3"
"overlap_rawp","rawp05","NKI.NEO","nki_smc;neo","Fun",0.3,"VHL"
"overlap_rawp","rawp05","NKI.NEO","nki_smc;neo","Fun",0.3,"VILL"
"overlap_rawp","rawp05","NKI.NEO","nki_smc;neo","Fun",0.3,"VIM"
"overlap_rawp","rawp05","NKI.NEO","nki_smc;neo","Fun",0.3,"VOPP1"
"overlap_rawp","rawp05","NKI.NEO","nki_smc;neo","Fun",0.3,"VPS13A"
"overlap_rawp","rawp05","NKI.NEO","nki_smc;neo","Fun",0.3,"VPS13C"
"overlap_rawp","rawp05","NKI.NEO","nki_smc;neo","Fun",0.3,"VPS13D"
"overlap_rawp","rawp05","NKI.NEO","nki_smc;neo","Fun",0.3,"VPS39"
"overlap_rawp","rawp05","NKI.NEO","nki_smc;neo","Fun",0.3,"VPS8"
"overlap_rawp","rawp05","NKI.NEO","nki_smc;neo","Fun",0.3,"VPS9D1"
"overlap_rawp","rawp05","NKI.NEO","nki_smc;neo","Fun",0.3,"VSIR"
"overlap_rawp","rawp05","NKI.NEO","nki_smc;neo","Fun",0.3,"VWA5A"
"overlap_rawp","rawp05","NKI.NEO","nki_smc;neo","Fun",0.3,"WAS"
"overlap_rawp","rawp05","NKI.NEO","nki_smc;neo","Fun",0.3,"WASF2"
"overlap_rawp","rawp05","NKI.NEO","nki_smc;neo","Fun",0.3,"WASH3P"
"overlap_rawp","rawp05","NKI.NEO","nki_smc;neo","Fun",0.3,"WASH5P"
"overlap_rawp","rawp05","NKI.NEO","nki_smc;neo","Fun",0.3,"WASHC2EP"
"overlap_rawp","rawp05","NKI.NEO","nki_smc;neo","Fun",0.3,"WDFY1"
"overlap_rawp","rawp05","NKI.NEO","nki_smc;neo","Fun",0.3,"WDFY4"
"overlap_rawp","rawp05","NKI.NEO","nki_smc;neo","Fun",0.3,"WDR11"
"overlap_rawp","rawp05","NKI.NEO","nki_smc;neo","Fun",0.3,"WDR27"
"overlap_rawp","rawp05","NKI.NEO","nki_smc;neo","Fun",0.3,"WDR37"
"overlap_rawp","rawp05","NKI.NEO","nki_smc;neo","Fun",0.3,"WDR44"
"overlap_rawp","rawp05","NKI.NEO","nki_smc;neo","Fun",0.3,"WDR59"
"overlap_rawp","rawp05","NKI.NEO","nki_smc;neo","Fun",0.3,"WDR7"
"overlap_rawp","rawp05","NKI.NEO","nki_smc;neo","Fun",0.3,"WDR81"
"overlap_rawp","rawp05","NKI.NEO","nki_smc;neo","Fun",0.3,"WDR86"
"overlap_rawp","rawp05","NKI.NEO","nki_smc;neo","Fun",0.3,"WDR97"
"overlap_rawp","rawp05","NKI.NEO","nki_smc;neo","Fun",0.3,"WDTC1"
"overlap_rawp","rawp05","NKI.NEO","nki_smc;neo","Fun",0.3,"WHAMM"
"overlap_rawp","rawp05","NKI.NEO","nki_smc;neo","Fun",0.3,"WHRN"
"overlap_rawp","rawp05","NKI.NEO","nki_smc;neo","Fun",0.3,"WIPF1"
"overlap_rawp","rawp05","NKI.NEO","nki_smc;neo","Fun",0.3,"WNT2B"
"overlap_rawp","rawp05","NKI.NEO","nki_smc;neo","Fun",0.3,"WSCD1"
"overlap_rawp","rawp05","NKI.NEO","nki_smc;neo","Fun",0.3,"WTAP"
"overlap_rawp","rawp05","NKI.NEO","nki_smc;neo","Fun",0.3,"WWP2"
"overlap_rawp","rawp05","NKI.NEO","nki_smc;neo","Fun",0.3,"WWTR1"
"overlap_rawp","rawp05","NKI.NEO","nki_smc;neo","Fun",0.3,"XPC"
"overlap_rawp","rawp05","NKI.NEO","nki_smc;neo","Fun",0.3,"YLPM1"
"overlap_rawp","rawp05","NKI.NEO","nki_smc;neo","Fun",0.3,"YPEL4"
"overlap_rawp","rawp05","NKI.NEO","nki_smc;neo","Fun",0.3,"YTHDC2"
"overlap_rawp","rawp05","NKI.NEO","nki_smc;neo","Fun",0.3,"ZBTB38"
"overlap_rawp","rawp05","NKI.NEO","nki_smc;neo","Fun",0.3,"ZBTB4"
"overlap_rawp","rawp05","NKI.NEO","nki_smc;neo","Fun",0.3,"ZBTB49"
"overlap_rawp","rawp05","NKI.NEO","nki_smc;neo","Fun",0.3,"ZC3H11D"
"overlap_rawp","rawp05","NKI.NEO","nki_smc;neo","Fun",0.3,"ZC3H12A"
"overlap_rawp","rawp05","NKI.NEO","nki_smc;neo","Fun",0.3,"ZC3H7A"
"overlap_rawp","rawp05","NKI.NEO","nki_smc;neo","Fun",0.3,"ZCCHC14"
"overlap_rawp","rawp05","NKI.NEO","nki_smc;neo","Fun",0.3,"ZCCHC24"
"overlap_rawp","rawp05","NKI.NEO","nki_smc;neo","Fun",0.3,"ZDHHC14"
"overlap_rawp","rawp05","NKI.NEO","nki_smc;neo","Fun",0.3,"ZDHHC15"
"overlap_rawp","rawp05","NKI.NEO","nki_smc;neo","Fun",0.3,"ZDHHC2"
"overlap_rawp","rawp05","NKI.NEO","nki_smc;neo","Fun",0.3,"ZDHHC7"
"overlap_rawp","rawp05","NKI.NEO","nki_smc;neo","Fun",0.3,"ZDHHC8"
"overlap_rawp","rawp05","NKI.NEO","nki_smc;neo","Fun",0.3,"ZEB2"
"overlap_rawp","rawp05","NKI.NEO","nki_smc;neo","Fun",0.3,"ZFHX3"
"overlap_rawp","rawp05","NKI.NEO","nki_smc;neo","Fun",0.3,"ZFHX4"
"overlap_rawp","rawp05","NKI.NEO","nki_smc;neo","Fun",0.3,"ZFP36L1"
"overlap_rawp","rawp05","NKI.NEO","nki_smc;neo","Fun",0.3,"ZFP36L2"
"overlap_rawp","rawp05","NKI.NEO","nki_smc;neo","Fun",0.3,"ZFP90"
"overlap_rawp","rawp05","NKI.NEO","nki_smc;neo","Fun",0.3,"ZFYVE26"
"overlap_rawp","rawp05","NKI.NEO","nki_smc;neo","Fun",0.3,"ZFYVE28"
"overlap_rawp","rawp05","NKI.NEO","nki_smc;neo","Fun",0.3,"ZHX2"
"overlap_rawp","rawp05","NKI.NEO","nki_smc;neo","Fun",0.3,"ZKSCAN3"
"overlap_rawp","rawp05","NKI.NEO","nki_smc;neo","Fun",0.3,"ZKSCAN7"
"overlap_rawp","rawp05","NKI.NEO","nki_smc;neo","Fun",0.3,"ZKSCAN8"
"overlap_rawp","rawp05","NKI.NEO","nki_smc;neo","Fun",0.3,"ZMAT3"
"overlap_rawp","rawp05","NKI.NEO","nki_smc;neo","Fun",0.3,"ZMIZ2"
"overlap_rawp","rawp05","NKI.NEO","nki_smc;neo","Fun",0.3,"ZMYM6"
"overlap_rawp","rawp05","NKI.NEO","nki_smc;neo","Fun",0.3,"ZMYND15"
"overlap_rawp","rawp05","NKI.NEO","nki_smc;neo","Fun",0.3,"ZNF106"
"overlap_rawp","rawp05","NKI.NEO","nki_smc;neo","Fun",0.3,"ZNF117"
"overlap_rawp","rawp05","NKI.NEO","nki_smc;neo","Fun",0.3,"ZNF132"
"overlap_rawp","rawp05","NKI.NEO","nki_smc;neo","Fun",0.3,"ZNF154"
"overlap_rawp","rawp05","NKI.NEO","nki_smc;neo","Fun",0.3,"ZNF155"
"overlap_rawp","rawp05","NKI.NEO","nki_smc;neo","Fun",0.3,"ZNF160"
"overlap_rawp","rawp05","NKI.NEO","nki_smc;neo","Fun",0.3,"ZNF169"
"overlap_rawp","rawp05","NKI.NEO","nki_smc;neo","Fun",0.3,"ZNF175"
"overlap_rawp","rawp05","NKI.NEO","nki_smc;neo","Fun",0.3,"ZNF182"
"overlap_rawp","rawp05","NKI.NEO","nki_smc;neo","Fun",0.3,"ZNF202"
"overlap_rawp","rawp05","NKI.NEO","nki_smc;neo","Fun",0.3,"ZNF211"
"overlap_rawp","rawp05","NKI.NEO","nki_smc;neo","Fun",0.3,"ZNF234"
"overlap_rawp","rawp05","NKI.NEO","nki_smc;neo","Fun",0.3,"ZNF264"
"overlap_rawp","rawp05","NKI.NEO","nki_smc;neo","Fun",0.3,"ZNF266"
"overlap_rawp","rawp05","NKI.NEO","nki_smc;neo","Fun",0.3,"ZNF276"
"overlap_rawp","rawp05","NKI.NEO","nki_smc;neo","Fun",0.3,"ZNF333"
"overlap_rawp","rawp05","NKI.NEO","nki_smc;neo","Fun",0.3,"ZNF335"
"overlap_rawp","rawp05","NKI.NEO","nki_smc;neo","Fun",0.3,"ZNF337"
"overlap_rawp","rawp05","NKI.NEO","nki_smc;neo","Fun",0.3,"ZNF354C"
"overlap_rawp","rawp05","NKI.NEO","nki_smc;neo","Fun",0.3,"ZNF37BP"
"overlap_rawp","rawp05","NKI.NEO","nki_smc;neo","Fun",0.3,"ZNF394"
"overlap_rawp","rawp05","NKI.NEO","nki_smc;neo","Fun",0.3,"ZNF407"
"overlap_rawp","rawp05","NKI.NEO","nki_smc;neo","Fun",0.3,"ZNF423"
"overlap_rawp","rawp05","NKI.NEO","nki_smc;neo","Fun",0.3,"ZNF438"
"overlap_rawp","rawp05","NKI.NEO","nki_smc;neo","Fun",0.3,"ZNF445"
"overlap_rawp","rawp05","NKI.NEO","nki_smc;neo","Fun",0.3,"ZNF45"
"overlap_rawp","rawp05","NKI.NEO","nki_smc;neo","Fun",0.3,"ZNF460"
"overlap_rawp","rawp05","NKI.NEO","nki_smc;neo","Fun",0.3,"ZNF484"
"overlap_rawp","rawp05","NKI.NEO","nki_smc;neo","Fun",0.3,"ZNF532"
"overlap_rawp","rawp05","NKI.NEO","nki_smc;neo","Fun",0.3,"ZNF550"
"overlap_rawp","rawp05","NKI.NEO","nki_smc;neo","Fun",0.3,"ZNF557"
"overlap_rawp","rawp05","NKI.NEO","nki_smc;neo","Fun",0.3,"ZNF578"
"overlap_rawp","rawp05","NKI.NEO","nki_smc;neo","Fun",0.3,"ZNF585B"
"overlap_rawp","rawp05","NKI.NEO","nki_smc;neo","Fun",0.3,"ZNF589"
"overlap_rawp","rawp05","NKI.NEO","nki_smc;neo","Fun",0.3,"ZNF592"
"overlap_rawp","rawp05","NKI.NEO","nki_smc;neo","Fun",0.3,"ZNF608"
"overlap_rawp","rawp05","NKI.NEO","nki_smc;neo","Fun",0.3,"ZNF611"
"overlap_rawp","rawp05","NKI.NEO","nki_smc;neo","Fun",0.3,"ZNF616"
"overlap_rawp","rawp05","NKI.NEO","nki_smc;neo","Fun",0.3,"ZNF621"
"overlap_rawp","rawp05","NKI.NEO","nki_smc;neo","Fun",0.3,"ZNF641"
"overlap_rawp","rawp05","NKI.NEO","nki_smc;neo","Fun",0.3,"ZNF662"
"overlap_rawp","rawp05","NKI.NEO","nki_smc;neo","Fun",0.3,"ZNF671"
"overlap_rawp","rawp05","NKI.NEO","nki_smc;neo","Fun",0.3,"ZNF70"
"overlap_rawp","rawp05","NKI.NEO","nki_smc;neo","Fun",0.3,"ZNF700"
"overlap_rawp","rawp05","NKI.NEO","nki_smc;neo","Fun",0.3,"ZNF75D"
"overlap_rawp","rawp05","NKI.NEO","nki_smc;neo","Fun",0.3,"ZNF767P"
"overlap_rawp","rawp05","NKI.NEO","nki_smc;neo","Fun",0.3,"ZNF778"
"overlap_rawp","rawp05","NKI.NEO","nki_smc;neo","Fun",0.3,"ZNF789"
"overlap_rawp","rawp05","NKI.NEO","nki_smc;neo","Fun",0.3,"ZNF79"
"overlap_rawp","rawp05","NKI.NEO","nki_smc;neo","Fun",0.3,"ZNF805"
"overlap_rawp","rawp05","NKI.NEO","nki_smc;neo","Fun",0.3,"ZNF827"
"overlap_rawp","rawp05","NKI.NEO","nki_smc;neo","Fun",0.3,"ZNF839"
"overlap_rawp","rawp05","NKI.NEO","nki_smc;neo","Fun",0.3,"ZNF862"
"overlap_rawp","rawp05","NKI.NEO","nki_smc;neo","Fun",0.3,"ZSCAN12"
"overlap_rawp","rawp05","NKI.NEO","nki_smc;neo","Fun",0.3,"ZSCAN25"
"overlap_rawp","rawp05","NKI.NEO","nki_smc;neo","Fun",0.3,"ZSCAN26"
"overlap_rawp","rawp05","NKI.NEO","nki_smc;neo","Fun",0.3,"ZSCAN30"
"overlap_rawp","rawp05","NKI.NEO","nki_smc;neo","Fun",0.3,"ZSWIM6"
"overlap_rawp","rawp05","NKI.NEO","nki_smc;neo","Fun",0.3,"ZSWIM8"
"overlap_rawp","rawp05","NKI.NEO","nki_smc;neo","Fun",0.3,"ZYG11B"
"overlap_rawp","rawp05","NKI.NEO","nki_smc;neo","Fun",0.3,"ZZEF1"
"overlap_rawp","rawp05","NKI.TNBCCL","nki_smc;tnbc_cl","Fun",0.3,"A2M"
"overlap_rawp","rawp05","NKI.TNBCCL","nki_smc;tnbc_cl","Fun",0.3,"ABCA5"
"overlap_rawp","rawp05","NKI.TNBCCL","nki_smc;tnbc_cl","Fun",0.3,"ABCC3"
"overlap_rawp","rawp05","NKI.TNBCCL","nki_smc;tnbc_cl","Fun",0.3,"ABHD6"
"overlap_rawp","rawp05","NKI.TNBCCL","nki_smc;tnbc_cl","Fun",0.3,"ABO"
"overlap_rawp","rawp05","NKI.TNBCCL","nki_smc;tnbc_cl","Fun",0.3,"ADAMDEC1"
"overlap_rawp","rawp05","NKI.TNBCCL","nki_smc;tnbc_cl","Fun",0.3,"ADAMTSL3"
"overlap_rawp","rawp05","NKI.TNBCCL","nki_smc;tnbc_cl","Fun",0.3,"ADAP2"
"overlap_rawp","rawp05","NKI.TNBCCL","nki_smc;tnbc_cl","Fun",0.3,"ADGRG5"
"overlap_rawp","rawp05","NKI.TNBCCL","nki_smc;tnbc_cl","Fun",0.3,"ADGRG7"
"overlap_rawp","rawp05","NKI.TNBCCL","nki_smc;tnbc_cl","Fun",0.3,"ADGRL4"
"overlap_rawp","rawp05","NKI.TNBCCL","nki_smc;tnbc_cl","Fun",0.3,"ADH1C"
"overlap_rawp","rawp05","NKI.TNBCCL","nki_smc;tnbc_cl","Fun",0.3,"ADPGK-AS1"
"overlap_rawp","rawp05","NKI.TNBCCL","nki_smc;tnbc_cl","Fun",0.3,"AGAP5"
"overlap_rawp","rawp05","NKI.TNBCCL","nki_smc;tnbc_cl","Fun",0.3,"AIF1"
"overlap_rawp","rawp05","NKI.TNBCCL","nki_smc;tnbc_cl","Fun",0.3,"AIM2"
"overlap_rawp","rawp05","NKI.TNBCCL","nki_smc;tnbc_cl","Fun",0.3,"AKAP17A"
"overlap_rawp","rawp05","NKI.TNBCCL","nki_smc;tnbc_cl","Fun",0.3,"AKAP5"
"overlap_rawp","rawp05","NKI.TNBCCL","nki_smc;tnbc_cl","Fun",0.3,"AKAP9"
"overlap_rawp","rawp05","NKI.TNBCCL","nki_smc;tnbc_cl","Fun",0.3,"ALAS2"
"overlap_rawp","rawp05","NKI.TNBCCL","nki_smc;tnbc_cl","Fun",0.3,"ALDH1A1"
"overlap_rawp","rawp05","NKI.TNBCCL","nki_smc;tnbc_cl","Fun",0.3,"AMPD1"
"overlap_rawp","rawp05","NKI.TNBCCL","nki_smc;tnbc_cl","Fun",0.3,"AMY2B"
"overlap_rawp","rawp05","NKI.TNBCCL","nki_smc;tnbc_cl","Fun",0.3,"ANGPTL1"
"overlap_rawp","rawp05","NKI.TNBCCL","nki_smc;tnbc_cl","Fun",0.3,"ANKDD1B"
"overlap_rawp","rawp05","NKI.TNBCCL","nki_smc;tnbc_cl","Fun",0.3,"ANKRD55"
"overlap_rawp","rawp05","NKI.TNBCCL","nki_smc;tnbc_cl","Fun",0.3,"AP3B2"
"overlap_rawp","rawp05","NKI.TNBCCL","nki_smc;tnbc_cl","Fun",0.3,"APOB"
"overlap_rawp","rawp05","NKI.TNBCCL","nki_smc;tnbc_cl","Fun",0.3,"APOBEC3F"
"overlap_rawp","rawp05","NKI.TNBCCL","nki_smc;tnbc_cl","Fun",0.3,"APOBEC3G"
"overlap_rawp","rawp05","NKI.TNBCCL","nki_smc;tnbc_cl","Fun",0.3,"APOD"
"overlap_rawp","rawp05","NKI.TNBCCL","nki_smc;tnbc_cl","Fun",0.3,"APOL1"
"overlap_rawp","rawp05","NKI.TNBCCL","nki_smc;tnbc_cl","Fun",0.3,"APOL2"
"overlap_rawp","rawp05","NKI.TNBCCL","nki_smc;tnbc_cl","Fun",0.3,"APOL3"
"overlap_rawp","rawp05","NKI.TNBCCL","nki_smc;tnbc_cl","Fun",0.3,"APOL6"
"overlap_rawp","rawp05","NKI.TNBCCL","nki_smc;tnbc_cl","Fun",0.3,"AQP9"
"overlap_rawp","rawp05","NKI.TNBCCL","nki_smc;tnbc_cl","Fun",0.3,"ARHGAP15"
"overlap_rawp","rawp05","NKI.TNBCCL","nki_smc;tnbc_cl","Fun",0.3,"ARHGAP20"
"overlap_rawp","rawp05","NKI.TNBCCL","nki_smc;tnbc_cl","Fun",0.3,"ARHGAP6"
"overlap_rawp","rawp05","NKI.TNBCCL","nki_smc;tnbc_cl","Fun",0.3,"ARMH1"
"overlap_rawp","rawp05","NKI.TNBCCL","nki_smc;tnbc_cl","Fun",0.3,"ARSA"
"overlap_rawp","rawp05","NKI.TNBCCL","nki_smc;tnbc_cl","Fun",0.3,"ASIP"
"overlap_rawp","rawp05","NKI.TNBCCL","nki_smc;tnbc_cl","Fun",0.3,"ASPHD2"
"overlap_rawp","rawp05","NKI.TNBCCL","nki_smc;tnbc_cl","Fun",0.3,"ATF7IP2"
"overlap_rawp","rawp05","NKI.TNBCCL","nki_smc;tnbc_cl","Fun",0.3,"ATG14"
"overlap_rawp","rawp05","NKI.TNBCCL","nki_smc;tnbc_cl","Fun",0.3,"ATOH8"
"overlap_rawp","rawp05","NKI.TNBCCL","nki_smc;tnbc_cl","Fun",0.3,"ATP2B2"
"overlap_rawp","rawp05","NKI.TNBCCL","nki_smc;tnbc_cl","Fun",0.3,"ATP8B4"
"overlap_rawp","rawp05","NKI.TNBCCL","nki_smc;tnbc_cl","Fun",0.3,"BANK1"
"overlap_rawp","rawp05","NKI.TNBCCL","nki_smc;tnbc_cl","Fun",0.3,"BATF"
"overlap_rawp","rawp05","NKI.TNBCCL","nki_smc;tnbc_cl","Fun",0.3,"BCL6"
"overlap_rawp","rawp05","NKI.TNBCCL","nki_smc;tnbc_cl","Fun",0.3,"BLNK"
"overlap_rawp","rawp05","NKI.TNBCCL","nki_smc;tnbc_cl","Fun",0.3,"BOD1L1"
"overlap_rawp","rawp05","NKI.TNBCCL","nki_smc;tnbc_cl","Fun",0.3,"BST1"
"overlap_rawp","rawp05","NKI.TNBCCL","nki_smc;tnbc_cl","Fun",0.3,"BTG2"
"overlap_rawp","rawp05","NKI.TNBCCL","nki_smc;tnbc_cl","Fun",0.3,"BTNL8"
"overlap_rawp","rawp05","NKI.TNBCCL","nki_smc;tnbc_cl","Fun",0.3,"C1QB"
"overlap_rawp","rawp05","NKI.TNBCCL","nki_smc;tnbc_cl","Fun",0.3,"C1QTNF2"
"overlap_rawp","rawp05","NKI.TNBCCL","nki_smc;tnbc_cl","Fun",0.3,"C3"
"overlap_rawp","rawp05","NKI.TNBCCL","nki_smc;tnbc_cl","Fun",0.3,"C4BPA"
"overlap_rawp","rawp05","NKI.TNBCCL","nki_smc;tnbc_cl","Fun",0.3,"C5AR1"
"overlap_rawp","rawp05","NKI.TNBCCL","nki_smc;tnbc_cl","Fun",0.3,"CA4"
"overlap_rawp","rawp05","NKI.TNBCCL","nki_smc;tnbc_cl","Fun",0.3,"CACNA1E"
"overlap_rawp","rawp05","NKI.TNBCCL","nki_smc;tnbc_cl","Fun",0.3,"CACNA1G"
"overlap_rawp","rawp05","NKI.TNBCCL","nki_smc;tnbc_cl","Fun",0.3,"CAPN3"
"overlap_rawp","rawp05","NKI.TNBCCL","nki_smc;tnbc_cl","Fun",0.3,"CARD16"
"overlap_rawp","rawp05","NKI.TNBCCL","nki_smc;tnbc_cl","Fun",0.3,"CARINH"
"overlap_rawp","rawp05","NKI.TNBCCL","nki_smc;tnbc_cl","Fun",0.3,"CASQ1"
"overlap_rawp","rawp05","NKI.TNBCCL","nki_smc;tnbc_cl","Fun",0.3,"CASS4"
"overlap_rawp","rawp05","NKI.TNBCCL","nki_smc;tnbc_cl","Fun",0.3,"CCDC142"
"overlap_rawp","rawp05","NKI.TNBCCL","nki_smc;tnbc_cl","Fun",0.3,"CCDC146"
"overlap_rawp","rawp05","NKI.TNBCCL","nki_smc;tnbc_cl","Fun",0.3,"CCDC159"
"overlap_rawp","rawp05","NKI.TNBCCL","nki_smc;tnbc_cl","Fun",0.3,"CCDC178"
"overlap_rawp","rawp05","NKI.TNBCCL","nki_smc;tnbc_cl","Fun",0.3,"CCDC81"
"overlap_rawp","rawp05","NKI.TNBCCL","nki_smc;tnbc_cl","Fun",0.3,"CCDC88B"
"overlap_rawp","rawp05","NKI.TNBCCL","nki_smc;tnbc_cl","Fun",0.3,"CCL3L3"
"overlap_rawp","rawp05","NKI.TNBCCL","nki_smc;tnbc_cl","Fun",0.3,"CCL7"
"overlap_rawp","rawp05","NKI.TNBCCL","nki_smc;tnbc_cl","Fun",0.3,"CCM2L"
"overlap_rawp","rawp05","NKI.TNBCCL","nki_smc;tnbc_cl","Fun",0.3,"CCR2"
"overlap_rawp","rawp05","NKI.TNBCCL","nki_smc;tnbc_cl","Fun",0.3,"CCR7"
"overlap_rawp","rawp05","NKI.TNBCCL","nki_smc;tnbc_cl","Fun",0.3,"CD101"
"overlap_rawp","rawp05","NKI.TNBCCL","nki_smc;tnbc_cl","Fun",0.3,"CD160"
"overlap_rawp","rawp05","NKI.TNBCCL","nki_smc;tnbc_cl","Fun",0.3,"CD2"
"overlap_rawp","rawp05","NKI.TNBCCL","nki_smc;tnbc_cl","Fun",0.3,"CD28"
"overlap_rawp","rawp05","NKI.TNBCCL","nki_smc;tnbc_cl","Fun",0.3,"CD3G"
"overlap_rawp","rawp05","NKI.TNBCCL","nki_smc;tnbc_cl","Fun",0.3,"CD4"
"overlap_rawp","rawp05","NKI.TNBCCL","nki_smc;tnbc_cl","Fun",0.3,"CD48"
"overlap_rawp","rawp05","NKI.TNBCCL","nki_smc;tnbc_cl","Fun",0.3,"CD5"
"overlap_rawp","rawp05","NKI.TNBCCL","nki_smc;tnbc_cl","Fun",0.3,"CDH23"
"overlap_rawp","rawp05","NKI.TNBCCL","nki_smc;tnbc_cl","Fun",0.3,"CDIP1"
"overlap_rawp","rawp05","NKI.TNBCCL","nki_smc;tnbc_cl","Fun",0.3,"CDKN1A"
"overlap_rawp","rawp05","NKI.TNBCCL","nki_smc;tnbc_cl","Fun",0.3,"CEBPA"
"overlap_rawp","rawp05","NKI.TNBCCL","nki_smc;tnbc_cl","Fun",0.3,"CENPT"
"overlap_rawp","rawp05","NKI.TNBCCL","nki_smc;tnbc_cl","Fun",0.3,"CEP162"
"overlap_rawp","rawp05","NKI.TNBCCL","nki_smc;tnbc_cl","Fun",0.3,"CFAP210"
"overlap_rawp","rawp05","NKI.TNBCCL","nki_smc;tnbc_cl","Fun",0.3,"CFAP44"
"overlap_rawp","rawp05","NKI.TNBCCL","nki_smc;tnbc_cl","Fun",0.3,"CFTR"
"overlap_rawp","rawp05","NKI.TNBCCL","nki_smc;tnbc_cl","Fun",0.3,"CGNL1"
"overlap_rawp","rawp05","NKI.TNBCCL","nki_smc;tnbc_cl","Fun",0.3,"CH25H"
"overlap_rawp","rawp05","NKI.TNBCCL","nki_smc;tnbc_cl","Fun",0.3,"CHD2"
"overlap_rawp","rawp05","NKI.TNBCCL","nki_smc;tnbc_cl","Fun",0.3,"CHD3"
"overlap_rawp","rawp05","NKI.TNBCCL","nki_smc;tnbc_cl","Fun",0.3,"CHRM5"
"overlap_rawp","rawp05","NKI.TNBCCL","nki_smc;tnbc_cl","Fun",0.3,"CHRNA1"
"overlap_rawp","rawp05","NKI.TNBCCL","nki_smc;tnbc_cl","Fun",0.3,"CHST13"
"overlap_rawp","rawp05","NKI.TNBCCL","nki_smc;tnbc_cl","Fun",0.3,"CHST9"
"overlap_rawp","rawp05","NKI.TNBCCL","nki_smc;tnbc_cl","Fun",0.3,"CILP"
"overlap_rawp","rawp05","NKI.TNBCCL","nki_smc;tnbc_cl","Fun",0.3,"CLC"
"overlap_rawp","rawp05","NKI.TNBCCL","nki_smc;tnbc_cl","Fun",0.3,"CLDN15"
"overlap_rawp","rawp05","NKI.TNBCCL","nki_smc;tnbc_cl","Fun",0.3,"CLDN18"
"overlap_rawp","rawp05","NKI.TNBCCL","nki_smc;tnbc_cl","Fun",0.3,"CLEC7A"
"overlap_rawp","rawp05","NKI.TNBCCL","nki_smc;tnbc_cl","Fun",0.3,"CLIC2"
"overlap_rawp","rawp05","NKI.TNBCCL","nki_smc;tnbc_cl","Fun",0.3,"CLK1"
"overlap_rawp","rawp05","NKI.TNBCCL","nki_smc;tnbc_cl","Fun",0.3,"CLK4"
"overlap_rawp","rawp05","NKI.TNBCCL","nki_smc;tnbc_cl","Fun",0.3,"CLLU1"
"overlap_rawp","rawp05","NKI.TNBCCL","nki_smc;tnbc_cl","Fun",0.3,"CNR2"
"overlap_rawp","rawp05","NKI.TNBCCL","nki_smc;tnbc_cl","Fun",0.3,"CNTRL"
"overlap_rawp","rawp05","NKI.TNBCCL","nki_smc;tnbc_cl","Fun",0.3,"COL16A1"
"overlap_rawp","rawp05","NKI.TNBCCL","nki_smc;tnbc_cl","Fun",0.3,"COL17A1"
"overlap_rawp","rawp05","NKI.TNBCCL","nki_smc;tnbc_cl","Fun",0.3,"COL24A1"
"overlap_rawp","rawp05","NKI.TNBCCL","nki_smc;tnbc_cl","Fun",0.3,"COL4A3"
"overlap_rawp","rawp05","NKI.TNBCCL","nki_smc;tnbc_cl","Fun",0.3,"COL5A3"
"overlap_rawp","rawp05","NKI.TNBCCL","nki_smc;tnbc_cl","Fun",0.3,"COL6A5"
"overlap_rawp","rawp05","NKI.TNBCCL","nki_smc;tnbc_cl","Fun",0.3,"COL9A1"
"overlap_rawp","rawp05","NKI.TNBCCL","nki_smc;tnbc_cl","Fun",0.3,"COLCA1"
"overlap_rawp","rawp05","NKI.TNBCCL","nki_smc;tnbc_cl","Fun",0.3,"COPZ2"
"overlap_rawp","rawp05","NKI.TNBCCL","nki_smc;tnbc_cl","Fun",0.3,"CP"
"overlap_rawp","rawp05","NKI.TNBCCL","nki_smc;tnbc_cl","Fun",0.3,"CRISP2"
"overlap_rawp","rawp05","NKI.TNBCCL","nki_smc;tnbc_cl","Fun",0.3,"CRISP3"
"overlap_rawp","rawp05","NKI.TNBCCL","nki_smc;tnbc_cl","Fun",0.3,"CSAD"
"overlap_rawp","rawp05","NKI.TNBCCL","nki_smc;tnbc_cl","Fun",0.3,"CSMD2"
"overlap_rawp","rawp05","NKI.TNBCCL","nki_smc;tnbc_cl","Fun",0.3,"CUBN"
"overlap_rawp","rawp05","NKI.TNBCCL","nki_smc;tnbc_cl","Fun",0.3,"CXCL9"
"overlap_rawp","rawp05","NKI.TNBCCL","nki_smc;tnbc_cl","Fun",0.3,"CYP20A1"
"overlap_rawp","rawp05","NKI.TNBCCL","nki_smc;tnbc_cl","Fun",0.3,"CYP26B1"
"overlap_rawp","rawp05","NKI.TNBCCL","nki_smc;tnbc_cl","Fun",0.3,"CYP39A1"
"overlap_rawp","rawp05","NKI.TNBCCL","nki_smc;tnbc_cl","Fun",0.3,"CYSLTR2"
"overlap_rawp","rawp05","NKI.TNBCCL","nki_smc;tnbc_cl","Fun",0.3,"DCSTAMP"
"overlap_rawp","rawp05","NKI.TNBCCL","nki_smc;tnbc_cl","Fun",0.3,"DDB2"
"overlap_rawp","rawp05","NKI.TNBCCL","nki_smc;tnbc_cl","Fun",0.3,"DDX60L"
"overlap_rawp","rawp05","NKI.TNBCCL","nki_smc;tnbc_cl","Fun",0.3,"DERL3"
"overlap_rawp","rawp05","NKI.TNBCCL","nki_smc;tnbc_cl","Fun",0.3,"DHRS3"
"overlap_rawp","rawp05","NKI.TNBCCL","nki_smc;tnbc_cl","Fun",0.3,"DIPK2B"
"overlap_rawp","rawp05","NKI.TNBCCL","nki_smc;tnbc_cl","Fun",0.3,"DIRAS3"
"overlap_rawp","rawp05","NKI.TNBCCL","nki_smc;tnbc_cl","Fun",0.3,"DLEC1"
"overlap_rawp","rawp05","NKI.TNBCCL","nki_smc;tnbc_cl","Fun",0.3,"DLGAP1-AS5"
"overlap_rawp","rawp05","NKI.TNBCCL","nki_smc;tnbc_cl","Fun",0.3,"DLGAP2"
"overlap_rawp","rawp05","NKI.TNBCCL","nki_smc;tnbc_cl","Fun",0.3,"DLL1"
"overlap_rawp","rawp05","NKI.TNBCCL","nki_smc;tnbc_cl","Fun",0.3,"DNAI3"
"overlap_rawp","rawp05","NKI.TNBCCL","nki_smc;tnbc_cl","Fun",0.3,"DNM1"
"overlap_rawp","rawp05","NKI.TNBCCL","nki_smc;tnbc_cl","Fun",0.3,"DOCK2"
"overlap_rawp","rawp05","NKI.TNBCCL","nki_smc;tnbc_cl","Fun",0.3,"DOCK3"
"overlap_rawp","rawp05","NKI.TNBCCL","nki_smc;tnbc_cl","Fun",0.3,"DOCK8"
"overlap_rawp","rawp05","NKI.TNBCCL","nki_smc;tnbc_cl","Fun",0.3,"DOK3"
"overlap_rawp","rawp05","NKI.TNBCCL","nki_smc;tnbc_cl","Fun",0.3,"DOK5"
"overlap_rawp","rawp05","NKI.TNBCCL","nki_smc;tnbc_cl","Fun",0.3,"DPT"
"overlap_rawp","rawp05","NKI.TNBCCL","nki_smc;tnbc_cl","Fun",0.3,"DSG1"
"overlap_rawp","rawp05","NKI.TNBCCL","nki_smc;tnbc_cl","Fun",0.3,"DTX2"
"overlap_rawp","rawp05","NKI.TNBCCL","nki_smc;tnbc_cl","Fun",0.3,"DTX3"
"overlap_rawp","rawp05","NKI.TNBCCL","nki_smc;tnbc_cl","Fun",0.3,"DUSP1"
"overlap_rawp","rawp05","NKI.TNBCCL","nki_smc;tnbc_cl","Fun",0.3,"DYNLT5"
"overlap_rawp","rawp05","NKI.TNBCCL","nki_smc;tnbc_cl","Fun",0.3,"EBF2"
"overlap_rawp","rawp05","NKI.TNBCCL","nki_smc;tnbc_cl","Fun",0.3,"ECM2"
"overlap_rawp","rawp05","NKI.TNBCCL","nki_smc;tnbc_cl","Fun",0.3,"EEPD1"
"overlap_rawp","rawp05","NKI.TNBCCL","nki_smc;tnbc_cl","Fun",0.3,"EFCAB3"
"overlap_rawp","rawp05","NKI.TNBCCL","nki_smc;tnbc_cl","Fun",0.3,"EGFL6"
"overlap_rawp","rawp05","NKI.TNBCCL","nki_smc;tnbc_cl","Fun",0.3,"EGFLAM"
"overlap_rawp","rawp05","NKI.TNBCCL","nki_smc;tnbc_cl","Fun",0.3,"EGR1"
"overlap_rawp","rawp05","NKI.TNBCCL","nki_smc;tnbc_cl","Fun",0.3,"EGR2"
"overlap_rawp","rawp05","NKI.TNBCCL","nki_smc;tnbc_cl","Fun",0.3,"EGR3"
"overlap_rawp","rawp05","NKI.TNBCCL","nki_smc;tnbc_cl","Fun",0.3,"EID3"
"overlap_rawp","rawp05","NKI.TNBCCL","nki_smc;tnbc_cl","Fun",0.3,"ELMO1"
"overlap_rawp","rawp05","NKI.TNBCCL","nki_smc;tnbc_cl","Fun",0.3,"EMILIN2"
"overlap_rawp","rawp05","NKI.TNBCCL","nki_smc;tnbc_cl","Fun",0.3,"EML5"
"overlap_rawp","rawp05","NKI.TNBCCL","nki_smc;tnbc_cl","Fun",0.3,"EMP3"
"overlap_rawp","rawp05","NKI.TNBCCL","nki_smc;tnbc_cl","Fun",0.3,"ENO4"
"overlap_rawp","rawp05","NKI.TNBCCL","nki_smc;tnbc_cl","Fun",0.3,"ENTHD1"
"overlap_rawp","rawp05","NKI.TNBCCL","nki_smc;tnbc_cl","Fun",0.3,"EPCIP-AS1"
"overlap_rawp","rawp05","NKI.TNBCCL","nki_smc;tnbc_cl","Fun",0.3,"EPSTI1"
"overlap_rawp","rawp05","NKI.TNBCCL","nki_smc;tnbc_cl","Fun",0.3,"ERG"
"overlap_rawp","rawp05","NKI.TNBCCL","nki_smc;tnbc_cl","Fun",0.3,"ERVFRD-1"
"overlap_rawp","rawp05","NKI.TNBCCL","nki_smc;tnbc_cl","Fun",0.3,"ESRRB"
"overlap_rawp","rawp05","NKI.TNBCCL","nki_smc;tnbc_cl","Fun",0.3,"FAM111A"
"overlap_rawp","rawp05","NKI.TNBCCL","nki_smc;tnbc_cl","Fun",0.3,"FAM117A"
"overlap_rawp","rawp05","NKI.TNBCCL","nki_smc;tnbc_cl","Fun",0.3,"FAM124B"
"overlap_rawp","rawp05","NKI.TNBCCL","nki_smc;tnbc_cl","Fun",0.3,"FAM161B"
"overlap_rawp","rawp05","NKI.TNBCCL","nki_smc;tnbc_cl","Fun",0.3,"FAM162B"
"overlap_rawp","rawp05","NKI.TNBCCL","nki_smc;tnbc_cl","Fun",0.3,"FAM43A"
"overlap_rawp","rawp05","NKI.TNBCCL","nki_smc;tnbc_cl","Fun",0.3,"FAT2"
"overlap_rawp","rawp05","NKI.TNBCCL","nki_smc;tnbc_cl","Fun",0.3,"FBLN1"
"overlap_rawp","rawp05","NKI.TNBCCL","nki_smc;tnbc_cl","Fun",0.3,"FBLN7"
"overlap_rawp","rawp05","NKI.TNBCCL","nki_smc;tnbc_cl","Fun",0.3,"FBP1"
"overlap_rawp","rawp05","NKI.TNBCCL","nki_smc;tnbc_cl","Fun",0.3,"FBXO48"
"overlap_rawp","rawp05","NKI.TNBCCL","nki_smc;tnbc_cl","Fun",0.3,"FCGR2B"
"overlap_rawp","rawp05","NKI.TNBCCL","nki_smc;tnbc_cl","Fun",0.3,"FFAR4"
"overlap_rawp","rawp05","NKI.TNBCCL","nki_smc;tnbc_cl","Fun",0.3,"FGD5P1"
"overlap_rawp","rawp05","NKI.TNBCCL","nki_smc;tnbc_cl","Fun",0.3,"FGF7"
"overlap_rawp","rawp05","NKI.TNBCCL","nki_smc;tnbc_cl","Fun",0.3,"FLCN"
"overlap_rawp","rawp05","NKI.TNBCCL","nki_smc;tnbc_cl","Fun",0.3,"FLT3"
"overlap_rawp","rawp05","NKI.TNBCCL","nki_smc;tnbc_cl","Fun",0.3,"FLT4"
"overlap_rawp","rawp05","NKI.TNBCCL","nki_smc;tnbc_cl","Fun",0.3,"FNBP4"
"overlap_rawp","rawp05","NKI.TNBCCL","nki_smc;tnbc_cl","Fun",0.3,"FNDC5"
"overlap_rawp","rawp05","NKI.TNBCCL","nki_smc;tnbc_cl","Fun",0.3,"FOLR2"
"overlap_rawp","rawp05","NKI.TNBCCL","nki_smc;tnbc_cl","Fun",0.3,"FOSB"
"overlap_rawp","rawp05","NKI.TNBCCL","nki_smc;tnbc_cl","Fun",0.3,"FRZB"
"overlap_rawp","rawp05","NKI.TNBCCL","nki_smc;tnbc_cl","Fun",0.3,"FXYD1"
"overlap_rawp","rawp05","NKI.TNBCCL","nki_smc;tnbc_cl","Fun",0.3,"FYB1"
"overlap_rawp","rawp05","NKI.TNBCCL","nki_smc;tnbc_cl","Fun",0.3,"FZD4"
"overlap_rawp","rawp05","NKI.TNBCCL","nki_smc;tnbc_cl","Fun",0.3,"GABARAPL1"
"overlap_rawp","rawp05","NKI.TNBCCL","nki_smc;tnbc_cl","Fun",0.3,"GABPB2"
"overlap_rawp","rawp05","NKI.TNBCCL","nki_smc;tnbc_cl","Fun",0.3,"GADD45B"
"overlap_rawp","rawp05","NKI.TNBCCL","nki_smc;tnbc_cl","Fun",0.3,"GADD45G"
"overlap_rawp","rawp05","NKI.TNBCCL","nki_smc;tnbc_cl","Fun",0.3,"GAL3ST4"
"overlap_rawp","rawp05","NKI.TNBCCL","nki_smc;tnbc_cl","Fun",0.3,"GCNT4"
"overlap_rawp","rawp05","NKI.TNBCCL","nki_smc;tnbc_cl","Fun",0.3,"GDF10"
"overlap_rawp","rawp05","NKI.TNBCCL","nki_smc;tnbc_cl","Fun",0.3,"GDF5"
"overlap_rawp","rawp05","NKI.TNBCCL","nki_smc;tnbc_cl","Fun",0.3,"GFI1"
"overlap_rawp","rawp05","NKI.TNBCCL","nki_smc;tnbc_cl","Fun",0.3,"GIPC2"
"overlap_rawp","rawp05","NKI.TNBCCL","nki_smc;tnbc_cl","Fun",0.3,"GNB3"
"overlap_rawp","rawp05","NKI.TNBCCL","nki_smc;tnbc_cl","Fun",0.3,"GNGT2"
"overlap_rawp","rawp05","NKI.TNBCCL","nki_smc;tnbc_cl","Fun",0.3,"GOLGA8B"
"overlap_rawp","rawp05","NKI.TNBCCL","nki_smc;tnbc_cl","Fun",0.3,"GOLGA8IP"
"overlap_rawp","rawp05","NKI.TNBCCL","nki_smc;tnbc_cl","Fun",0.3,"GOLGB1"
"overlap_rawp","rawp05","NKI.TNBCCL","nki_smc;tnbc_cl","Fun",0.3,"GP1BA"
"overlap_rawp","rawp05","NKI.TNBCCL","nki_smc;tnbc_cl","Fun",0.3,"GPNMB"
"overlap_rawp","rawp05","NKI.TNBCCL","nki_smc;tnbc_cl","Fun",0.3,"GPR162"
"overlap_rawp","rawp05","NKI.TNBCCL","nki_smc;tnbc_cl","Fun",0.3,"GPR183"
"overlap_rawp","rawp05","NKI.TNBCCL","nki_smc;tnbc_cl","Fun",0.3,"GPR65"
"overlap_rawp","rawp05","NKI.TNBCCL","nki_smc;tnbc_cl","Fun",0.3,"GPX3"
"overlap_rawp","rawp05","NKI.TNBCCL","nki_smc;tnbc_cl","Fun",0.3,"GRIA3"
"overlap_rawp","rawp05","NKI.TNBCCL","nki_smc;tnbc_cl","Fun",0.3,"GRIA4"
"overlap_rawp","rawp05","NKI.TNBCCL","nki_smc;tnbc_cl","Fun",0.3,"GSDMB"
"overlap_rawp","rawp05","NKI.TNBCCL","nki_smc;tnbc_cl","Fun",0.3,"GTSF1"
"overlap_rawp","rawp05","NKI.TNBCCL","nki_smc;tnbc_cl","Fun",0.3,"GUSBP11"
"overlap_rawp","rawp05","NKI.TNBCCL","nki_smc;tnbc_cl","Fun",0.3,"HAAO"
"overlap_rawp","rawp05","NKI.TNBCCL","nki_smc;tnbc_cl","Fun",0.3,"HAPLN3"
"overlap_rawp","rawp05","NKI.TNBCCL","nki_smc;tnbc_cl","Fun",0.3,"HCAR2"
"overlap_rawp","rawp05","NKI.TNBCCL","nki_smc;tnbc_cl","Fun",0.3,"HCK"
"overlap_rawp","rawp05","NKI.TNBCCL","nki_smc;tnbc_cl","Fun",0.3,"HEPH"
"overlap_rawp","rawp05","NKI.TNBCCL","nki_smc;tnbc_cl","Fun",0.3,"HEXA-AS1"
"overlap_rawp","rawp05","NKI.TNBCCL","nki_smc;tnbc_cl","Fun",0.3,"HLA-DQB1"
"overlap_rawp","rawp05","NKI.TNBCCL","nki_smc;tnbc_cl","Fun",0.3,"HLA-DQB2"
"overlap_rawp","rawp05","NKI.TNBCCL","nki_smc;tnbc_cl","Fun",0.3,"HLA-E"
"overlap_rawp","rawp05","NKI.TNBCCL","nki_smc;tnbc_cl","Fun",0.3,"HMGCS2"
"overlap_rawp","rawp05","NKI.TNBCCL","nki_smc;tnbc_cl","Fun",0.3,"HOXA4"
"overlap_rawp","rawp05","NKI.TNBCCL","nki_smc;tnbc_cl","Fun",0.3,"HOXC6"
"overlap_rawp","rawp05","NKI.TNBCCL","nki_smc;tnbc_cl","Fun",0.3,"HOXD1"
"overlap_rawp","rawp05","NKI.TNBCCL","nki_smc;tnbc_cl","Fun",0.3,"HPSE"
"overlap_rawp","rawp05","NKI.TNBCCL","nki_smc;tnbc_cl","Fun",0.3,"HPSE2"
"overlap_rawp","rawp05","NKI.TNBCCL","nki_smc;tnbc_cl","Fun",0.3,"HS3ST2"
"overlap_rawp","rawp05","NKI.TNBCCL","nki_smc;tnbc_cl","Fun",0.3,"HSPA12B"
"overlap_rawp","rawp05","NKI.TNBCCL","nki_smc;tnbc_cl","Fun",0.3,"HTR2B"
"overlap_rawp","rawp05","NKI.TNBCCL","nki_smc;tnbc_cl","Fun",0.3,"HYAL1"
"overlap_rawp","rawp05","NKI.TNBCCL","nki_smc;tnbc_cl","Fun",0.3,"IDO1"
"overlap_rawp","rawp05","NKI.TNBCCL","nki_smc;tnbc_cl","Fun",0.3,"IER5"
"overlap_rawp","rawp05","NKI.TNBCCL","nki_smc;tnbc_cl","Fun",0.3,"IFI30"
"overlap_rawp","rawp05","NKI.TNBCCL","nki_smc;tnbc_cl","Fun",0.3,"IFI44L"
"overlap_rawp","rawp05","NKI.TNBCCL","nki_smc;tnbc_cl","Fun",0.3,"IGFLR1"
"overlap_rawp","rawp05","NKI.TNBCCL","nki_smc;tnbc_cl","Fun",0.3,"IGSF6"
"overlap_rawp","rawp05","NKI.TNBCCL","nki_smc;tnbc_cl","Fun",0.3,"IL12B"
"overlap_rawp","rawp05","NKI.TNBCCL","nki_smc;tnbc_cl","Fun",0.3,"IL18BP"
"overlap_rawp","rawp05","NKI.TNBCCL","nki_smc;tnbc_cl","Fun",0.3,"IL23R"
"overlap_rawp","rawp05","NKI.TNBCCL","nki_smc;tnbc_cl","Fun",0.3,"IMPG2"
"overlap_rawp","rawp05","NKI.TNBCCL","nki_smc;tnbc_cl","Fun",0.3,"INKA2"
"overlap_rawp","rawp05","NKI.TNBCCL","nki_smc;tnbc_cl","Fun",0.3,"INPP5D"
"overlap_rawp","rawp05","NKI.TNBCCL","nki_smc;tnbc_cl","Fun",0.3,"IPCEF1"
"overlap_rawp","rawp05","NKI.TNBCCL","nki_smc;tnbc_cl","Fun",0.3,"IQGAP2"
"overlap_rawp","rawp05","NKI.TNBCCL","nki_smc;tnbc_cl","Fun",0.3,"IRAG2"
"overlap_rawp","rawp05","NKI.TNBCCL","nki_smc;tnbc_cl","Fun",0.3,"IRF1"
"overlap_rawp","rawp05","NKI.TNBCCL","nki_smc;tnbc_cl","Fun",0.3,"ISCU"
"overlap_rawp","rawp05","NKI.TNBCCL","nki_smc;tnbc_cl","Fun",0.3,"ITGA7"
"overlap_rawp","rawp05","NKI.TNBCCL","nki_smc;tnbc_cl","Fun",0.3,"ITIH4"
"overlap_rawp","rawp05","NKI.TNBCCL","nki_smc;tnbc_cl","Fun",0.3,"ITIH5"
"overlap_rawp","rawp05","NKI.TNBCCL","nki_smc;tnbc_cl","Fun",0.3,"ITK"
"overlap_rawp","rawp05","NKI.TNBCCL","nki_smc;tnbc_cl","Fun",0.3,"JAM2"
"overlap_rawp","rawp05","NKI.TNBCCL","nki_smc;tnbc_cl","Fun",0.3,"JAML"
"overlap_rawp","rawp05","NKI.TNBCCL","nki_smc;tnbc_cl","Fun",0.3,"JCHAIN"
"overlap_rawp","rawp05","NKI.TNBCCL","nki_smc;tnbc_cl","Fun",0.3,"KBTBD11"
"overlap_rawp","rawp05","NKI.TNBCCL","nki_smc;tnbc_cl","Fun",0.3,"KCNAB1"
"overlap_rawp","rawp05","NKI.TNBCCL","nki_smc;tnbc_cl","Fun",0.3,"KCNE1"
"overlap_rawp","rawp05","NKI.TNBCCL","nki_smc;tnbc_cl","Fun",0.3,"KCNMB2"
"overlap_rawp","rawp05","NKI.TNBCCL","nki_smc;tnbc_cl","Fun",0.3,"KERA"
"overlap_rawp","rawp05","NKI.TNBCCL","nki_smc;tnbc_cl","Fun",0.3,"KIR2DS4"
"overlap_rawp","rawp05","NKI.TNBCCL","nki_smc;tnbc_cl","Fun",0.3,"KLHL6"
"overlap_rawp","rawp05","NKI.TNBCCL","nki_smc;tnbc_cl","Fun",0.3,"KLRD1"
"overlap_rawp","rawp05","NKI.TNBCCL","nki_smc;tnbc_cl","Fun",0.3,"KLRK1"
"overlap_rawp","rawp05","NKI.TNBCCL","nki_smc;tnbc_cl","Fun",0.3,"KMO"
"overlap_rawp","rawp05","NKI.TNBCCL","nki_smc;tnbc_cl","Fun",0.3,"KRT2"
"overlap_rawp","rawp05","NKI.TNBCCL","nki_smc;tnbc_cl","Fun",0.3,"LAMP3"
"overlap_rawp","rawp05","NKI.TNBCCL","nki_smc;tnbc_cl","Fun",0.3,"LASP1NB"
"overlap_rawp","rawp05","NKI.TNBCCL","nki_smc;tnbc_cl","Fun",0.3,"LAX1"
"overlap_rawp","rawp05","NKI.TNBCCL","nki_smc;tnbc_cl","Fun",0.3,"LCP2"
"overlap_rawp","rawp05","NKI.TNBCCL","nki_smc;tnbc_cl","Fun",0.3,"LENG8"
"overlap_rawp","rawp05","NKI.TNBCCL","nki_smc;tnbc_cl","Fun",0.3,"LGALS9"
"overlap_rawp","rawp05","NKI.TNBCCL","nki_smc;tnbc_cl","Fun",0.3,"LGMN"
"overlap_rawp","rawp05","NKI.TNBCCL","nki_smc;tnbc_cl","Fun",0.3,"LILRA5"
"overlap_rawp","rawp05","NKI.TNBCCL","nki_smc;tnbc_cl","Fun",0.3,"LIMA1"
"overlap_rawp","rawp05","NKI.TNBCCL","nki_smc;tnbc_cl","Fun",0.3,"LINC00299"
"overlap_rawp","rawp05","NKI.TNBCCL","nki_smc;tnbc_cl","Fun",0.3,"LINC00339"
"overlap_rawp","rawp05","NKI.TNBCCL","nki_smc;tnbc_cl","Fun",0.3,"LINC00589"
"overlap_rawp","rawp05","NKI.TNBCCL","nki_smc;tnbc_cl","Fun",0.3,"LINC00654"
"overlap_rawp","rawp05","NKI.TNBCCL","nki_smc;tnbc_cl","Fun",0.3,"LINC00861"
"overlap_rawp","rawp05","NKI.TNBCCL","nki_smc;tnbc_cl","Fun",0.3,"LINC00891"
"overlap_rawp","rawp05","NKI.TNBCCL","nki_smc;tnbc_cl","Fun",0.3,"LINC00899"
"overlap_rawp","rawp05","NKI.TNBCCL","nki_smc;tnbc_cl","Fun",0.3,"LINC00924"
"overlap_rawp","rawp05","NKI.TNBCCL","nki_smc;tnbc_cl","Fun",0.3,"LINC00937"
"overlap_rawp","rawp05","NKI.TNBCCL","nki_smc;tnbc_cl","Fun",0.3,"LINC01546"
"overlap_rawp","rawp05","NKI.TNBCCL","nki_smc;tnbc_cl","Fun",0.3,"LINC02694"
"overlap_rawp","rawp05","NKI.TNBCCL","nki_smc;tnbc_cl","Fun",0.3,"LINC02878"
"overlap_rawp","rawp05","NKI.TNBCCL","nki_smc;tnbc_cl","Fun",0.3,"LMOD1"
"overlap_rawp","rawp05","NKI.TNBCCL","nki_smc;tnbc_cl","Fun",0.3,"LPL"
"overlap_rawp","rawp05","NKI.TNBCCL","nki_smc;tnbc_cl","Fun",0.3,"LRGUK"
"overlap_rawp","rawp05","NKI.TNBCCL","nki_smc;tnbc_cl","Fun",0.3,"LRRC25"
"overlap_rawp","rawp05","NKI.TNBCCL","nki_smc;tnbc_cl","Fun",0.3,"LRRC4B"
"overlap_rawp","rawp05","NKI.TNBCCL","nki_smc;tnbc_cl","Fun",0.3,"LTB4R"
"overlap_rawp","rawp05","NKI.TNBCCL","nki_smc;tnbc_cl","Fun",0.3,"LY86"
"overlap_rawp","rawp05","NKI.TNBCCL","nki_smc;tnbc_cl","Fun",0.3,"LY9"
"overlap_rawp","rawp05","NKI.TNBCCL","nki_smc;tnbc_cl","Fun",0.3,"LYVE1"
"overlap_rawp","rawp05","NKI.TNBCCL","nki_smc;tnbc_cl","Fun",0.3,"LYZ"
"overlap_rawp","rawp05","NKI.TNBCCL","nki_smc;tnbc_cl","Fun",0.3,"LZTS1"
"overlap_rawp","rawp05","NKI.TNBCCL","nki_smc;tnbc_cl","Fun",0.3,"MAB21L3"
"overlap_rawp","rawp05","NKI.TNBCCL","nki_smc;tnbc_cl","Fun",0.3,"MAK"
"overlap_rawp","rawp05","NKI.TNBCCL","nki_smc;tnbc_cl","Fun",0.3,"MAOB"
"overlap_rawp","rawp05","NKI.TNBCCL","nki_smc;tnbc_cl","Fun",0.3,"MAP1A"
"overlap_rawp","rawp05","NKI.TNBCCL","nki_smc;tnbc_cl","Fun",0.3,"MAP3K14"
"overlap_rawp","rawp05","NKI.TNBCCL","nki_smc;tnbc_cl","Fun",0.3,"MAP3K6"
"overlap_rawp","rawp05","NKI.TNBCCL","nki_smc;tnbc_cl","Fun",0.3,"MARCHF11"
"overlap_rawp","rawp05","NKI.TNBCCL","nki_smc;tnbc_cl","Fun",0.3,"MBD6"
"overlap_rawp","rawp05","NKI.TNBCCL","nki_smc;tnbc_cl","Fun",0.3,"MDGA1"
"overlap_rawp","rawp05","NKI.TNBCCL","nki_smc;tnbc_cl","Fun",0.3,"MEF2B"
"overlap_rawp","rawp05","NKI.TNBCCL","nki_smc;tnbc_cl","Fun",0.3,"MEOX2"
"overlap_rawp","rawp05","NKI.TNBCCL","nki_smc;tnbc_cl","Fun",0.3,"MEP1A"
"overlap_rawp","rawp05","NKI.TNBCCL","nki_smc;tnbc_cl","Fun",0.3,"METTL24"
"overlap_rawp","rawp05","NKI.TNBCCL","nki_smc;tnbc_cl","Fun",0.3,"MIXL1"
"overlap_rawp","rawp05","NKI.TNBCCL","nki_smc;tnbc_cl","Fun",0.3,"MMRN1"
"overlap_rawp","rawp05","NKI.TNBCCL","nki_smc;tnbc_cl","Fun",0.3,"MOXD1"
"overlap_rawp","rawp05","NKI.TNBCCL","nki_smc;tnbc_cl","Fun",0.3,"MPEG1"
"overlap_rawp","rawp05","NKI.TNBCCL","nki_smc;tnbc_cl","Fun",0.3,"MPO"
"overlap_rawp","rawp05","NKI.TNBCCL","nki_smc;tnbc_cl","Fun",0.3,"MRNIP"
"overlap_rawp","rawp05","NKI.TNBCCL","nki_smc;tnbc_cl","Fun",0.3,"MRO"
"overlap_rawp","rawp05","NKI.TNBCCL","nki_smc;tnbc_cl","Fun",0.3,"MRPS31P5"
"overlap_rawp","rawp05","NKI.TNBCCL","nki_smc;tnbc_cl","Fun",0.3,"MS4A1"
"overlap_rawp","rawp05","NKI.TNBCCL","nki_smc;tnbc_cl","Fun",0.3,"MSC"
"overlap_rawp","rawp05","NKI.TNBCCL","nki_smc;tnbc_cl","Fun",0.3,"MYH11"
"overlap_rawp","rawp05","NKI.TNBCCL","nki_smc;tnbc_cl","Fun",0.3,"MYH3"
"overlap_rawp","rawp05","NKI.TNBCCL","nki_smc;tnbc_cl","Fun",0.3,"MYO1H"
"overlap_rawp","rawp05","NKI.TNBCCL","nki_smc;tnbc_cl","Fun",0.3,"MYO3A"
"overlap_rawp","rawp05","NKI.TNBCCL","nki_smc;tnbc_cl","Fun",0.3,"MYOM1"
"overlap_rawp","rawp05","NKI.TNBCCL","nki_smc;tnbc_cl","Fun",0.3,"MZF1"
"overlap_rawp","rawp05","NKI.TNBCCL","nki_smc;tnbc_cl","Fun",0.3,"NAIP"
"overlap_rawp","rawp05","NKI.TNBCCL","nki_smc;tnbc_cl","Fun",0.3,"NAPB"
"overlap_rawp","rawp05","NKI.TNBCCL","nki_smc;tnbc_cl","Fun",0.3,"NBPF1"
"overlap_rawp","rawp05","NKI.TNBCCL","nki_smc;tnbc_cl","Fun",0.3,"NBPF11"
"overlap_rawp","rawp05","NKI.TNBCCL","nki_smc;tnbc_cl","Fun",0.3,"NBPF12"
"overlap_rawp","rawp05","NKI.TNBCCL","nki_smc;tnbc_cl","Fun",0.3,"NCKAP1L"
"overlap_rawp","rawp05","NKI.TNBCCL","nki_smc;tnbc_cl","Fun",0.3,"NCKAP5L"
"overlap_rawp","rawp05","NKI.TNBCCL","nki_smc;tnbc_cl","Fun",0.3,"NECAB1"
"overlap_rawp","rawp05","NKI.TNBCCL","nki_smc;tnbc_cl","Fun",0.3,"NECAP2"
"overlap_rawp","rawp05","NKI.TNBCCL","nki_smc;tnbc_cl","Fun",0.3,"NEO1"
"overlap_rawp","rawp05","NKI.TNBCCL","nki_smc;tnbc_cl","Fun",0.3,"NEXN"
"overlap_rawp","rawp05","NKI.TNBCCL","nki_smc;tnbc_cl","Fun",0.3,"NFAM1"
"overlap_rawp","rawp05","NKI.TNBCCL","nki_smc;tnbc_cl","Fun",0.3,"NFASC"
"overlap_rawp","rawp05","NKI.TNBCCL","nki_smc;tnbc_cl","Fun",0.3,"NFYC"
"overlap_rawp","rawp05","NKI.TNBCCL","nki_smc;tnbc_cl","Fun",0.3,"NIPSNAP3B"
"overlap_rawp","rawp05","NKI.TNBCCL","nki_smc;tnbc_cl","Fun",0.3,"NKX6-1"
"overlap_rawp","rawp05","NKI.TNBCCL","nki_smc;tnbc_cl","Fun",0.3,"NLRP4"
"overlap_rawp","rawp05","NKI.TNBCCL","nki_smc;tnbc_cl","Fun",0.3,"NNAT"
"overlap_rawp","rawp05","NKI.TNBCCL","nki_smc;tnbc_cl","Fun",0.3,"NODAL"
"overlap_rawp","rawp05","NKI.TNBCCL","nki_smc;tnbc_cl","Fun",0.3,"NOSTRIN"
"overlap_rawp","rawp05","NKI.TNBCCL","nki_smc;tnbc_cl","Fun",0.3,"NOTCH4"
"overlap_rawp","rawp05","NKI.TNBCCL","nki_smc;tnbc_cl","Fun",0.3,"NPIPA1"
"overlap_rawp","rawp05","NKI.TNBCCL","nki_smc;tnbc_cl","Fun",0.3,"NPIPB15"
"overlap_rawp","rawp05","NKI.TNBCCL","nki_smc;tnbc_cl","Fun",0.3,"NR5A2"
"overlap_rawp","rawp05","NKI.TNBCCL","nki_smc;tnbc_cl","Fun",0.3,"NRG4"
"overlap_rawp","rawp05","NKI.TNBCCL","nki_smc;tnbc_cl","Fun",0.3,"NWD2"
"overlap_rawp","rawp05","NKI.TNBCCL","nki_smc;tnbc_cl","Fun",0.3,"NXF1"
"overlap_rawp","rawp05","NKI.TNBCCL","nki_smc;tnbc_cl","Fun",0.3,"NXPE1"
"overlap_rawp","rawp05","NKI.TNBCCL","nki_smc;tnbc_cl","Fun",0.3,"NXPE4"
"overlap_rawp","rawp05","NKI.TNBCCL","nki_smc;tnbc_cl","Fun",0.3,"OIT3"
"overlap_rawp","rawp05","NKI.TNBCCL","nki_smc;tnbc_cl","Fun",0.3,"OLFM1"
"overlap_rawp","rawp05","NKI.TNBCCL","nki_smc;tnbc_cl","Fun",0.3,"OMG"
"overlap_rawp","rawp05","NKI.TNBCCL","nki_smc;tnbc_cl","Fun",0.3,"OR13A1"
"overlap_rawp","rawp05","NKI.TNBCCL","nki_smc;tnbc_cl","Fun",0.3,"OS9"
"overlap_rawp","rawp05","NKI.TNBCCL","nki_smc;tnbc_cl","Fun",0.3,"OSR1"
"overlap_rawp","rawp05","NKI.TNBCCL","nki_smc;tnbc_cl","Fun",0.3,"OXER1"
"overlap_rawp","rawp05","NKI.TNBCCL","nki_smc;tnbc_cl","Fun",0.3,"P2RX1"
"overlap_rawp","rawp05","NKI.TNBCCL","nki_smc;tnbc_cl","Fun",0.3,"P2RY11"
"overlap_rawp","rawp05","NKI.TNBCCL","nki_smc;tnbc_cl","Fun",0.3,"P2RY12"
"overlap_rawp","rawp05","NKI.TNBCCL","nki_smc;tnbc_cl","Fun",0.3,"P2RY13"
"overlap_rawp","rawp05","NKI.TNBCCL","nki_smc;tnbc_cl","Fun",0.3,"P2RY14"
"overlap_rawp","rawp05","NKI.TNBCCL","nki_smc;tnbc_cl","Fun",0.3,"PAMR1"
"overlap_rawp","rawp05","NKI.TNBCCL","nki_smc;tnbc_cl","Fun",0.3,"PCAT19"
"overlap_rawp","rawp05","NKI.TNBCCL","nki_smc;tnbc_cl","Fun",0.3,"PCED1A"
"overlap_rawp","rawp05","NKI.TNBCCL","nki_smc;tnbc_cl","Fun",0.3,"PCED1B-AS1"
"overlap_rawp","rawp05","NKI.TNBCCL","nki_smc;tnbc_cl","Fun",0.3,"PDC"
"overlap_rawp","rawp05","NKI.TNBCCL","nki_smc;tnbc_cl","Fun",0.3,"PDE1B"
"overlap_rawp","rawp05","NKI.TNBCCL","nki_smc;tnbc_cl","Fun",0.3,"PELI2"
"overlap_rawp","rawp05","NKI.TNBCCL","nki_smc;tnbc_cl","Fun",0.3,"PENK"
"overlap_rawp","rawp05","NKI.TNBCCL","nki_smc;tnbc_cl","Fun",0.3,"PHACTR4"
"overlap_rawp","rawp05","NKI.TNBCCL","nki_smc;tnbc_cl","Fun",0.3,"PHF12"
"overlap_rawp","rawp05","NKI.TNBCCL","nki_smc;tnbc_cl","Fun",0.3,"PHLDB1"
"overlap_rawp","rawp05","NKI.TNBCCL","nki_smc;tnbc_cl","Fun",0.3,"PIK3C2G"
"overlap_rawp","rawp05","NKI.TNBCCL","nki_smc;tnbc_cl","Fun",0.3,"PIK3CG"
"overlap_rawp","rawp05","NKI.TNBCCL","nki_smc;tnbc_cl","Fun",0.3,"PIP5K1B"
"overlap_rawp","rawp05","NKI.TNBCCL","nki_smc;tnbc_cl","Fun",0.3,"PIWIL2"
"overlap_rawp","rawp05","NKI.TNBCCL","nki_smc;tnbc_cl","Fun",0.3,"PLAAT4"
"overlap_rawp","rawp05","NKI.TNBCCL","nki_smc;tnbc_cl","Fun",0.3,"PLB1"
"overlap_rawp","rawp05","NKI.TNBCCL","nki_smc;tnbc_cl","Fun",0.3,"PLBD1"
"overlap_rawp","rawp05","NKI.TNBCCL","nki_smc;tnbc_cl","Fun",0.3,"PLCG2"
"overlap_rawp","rawp05","NKI.TNBCCL","nki_smc;tnbc_cl","Fun",0.3,"PLEKHO2"
"overlap_rawp","rawp05","NKI.TNBCCL","nki_smc;tnbc_cl","Fun",0.3,"PLGLB2"
"overlap_rawp","rawp05","NKI.TNBCCL","nki_smc;tnbc_cl","Fun",0.3,"PLPPR4"
"overlap_rawp","rawp05","NKI.TNBCCL","nki_smc;tnbc_cl","Fun",0.3,"PML"
"overlap_rawp","rawp05","NKI.TNBCCL","nki_smc;tnbc_cl","Fun",0.3,"PNOC"
"overlap_rawp","rawp05","NKI.TNBCCL","nki_smc;tnbc_cl","Fun",0.3,"PNPLA1"
"overlap_rawp","rawp05","NKI.TNBCCL","nki_smc;tnbc_cl","Fun",0.3,"POLG"
"overlap_rawp","rawp05","NKI.TNBCCL","nki_smc;tnbc_cl","Fun",0.3,"POLR2A"
"overlap_rawp","rawp05","NKI.TNBCCL","nki_smc;tnbc_cl","Fun",0.3,"POSTN"
"overlap_rawp","rawp05","NKI.TNBCCL","nki_smc;tnbc_cl","Fun",0.3,"POU2AF1"
"overlap_rawp","rawp05","NKI.TNBCCL","nki_smc;tnbc_cl","Fun",0.3,"POU5F1"
"overlap_rawp","rawp05","NKI.TNBCCL","nki_smc;tnbc_cl","Fun",0.3,"PPFIBP2"
"overlap_rawp","rawp05","NKI.TNBCCL","nki_smc;tnbc_cl","Fun",0.3,"PPP1R12C"
"overlap_rawp","rawp05","NKI.TNBCCL","nki_smc;tnbc_cl","Fun",0.3,"PPP1R16B"
"overlap_rawp","rawp05","NKI.TNBCCL","nki_smc;tnbc_cl","Fun",0.3,"PPP1R3E"
"overlap_rawp","rawp05","NKI.TNBCCL","nki_smc;tnbc_cl","Fun",0.3,"PRG4"
"overlap_rawp","rawp05","NKI.TNBCCL","nki_smc;tnbc_cl","Fun",0.3,"PRKCB"
"overlap_rawp","rawp05","NKI.TNBCCL","nki_smc;tnbc_cl","Fun",0.3,"PRKCH"
"overlap_rawp","rawp05","NKI.TNBCCL","nki_smc;tnbc_cl","Fun",0.3,"PROCA1"
"overlap_rawp","rawp05","NKI.TNBCCL","nki_smc;tnbc_cl","Fun",0.3,"PRRT2"
"overlap_rawp","rawp05","NKI.TNBCCL","nki_smc;tnbc_cl","Fun",0.3,"PRSS30P"
"overlap_rawp","rawp05","NKI.TNBCCL","nki_smc;tnbc_cl","Fun",0.3,"PSMA8"
"overlap_rawp","rawp05","NKI.TNBCCL","nki_smc;tnbc_cl","Fun",0.3,"PTAFR"
"overlap_rawp","rawp05","NKI.TNBCCL","nki_smc;tnbc_cl","Fun",0.3,"PTCH2"
"overlap_rawp","rawp05","NKI.TNBCCL","nki_smc;tnbc_cl","Fun",0.3,"PTGIS"
"overlap_rawp","rawp05","NKI.TNBCCL","nki_smc;tnbc_cl","Fun",0.3,"PTN"
"overlap_rawp","rawp05","NKI.TNBCCL","nki_smc;tnbc_cl","Fun",0.3,"PTPN7"
"overlap_rawp","rawp05","NKI.TNBCCL","nki_smc;tnbc_cl","Fun",0.3,"RAB24"
"overlap_rawp","rawp05","NKI.TNBCCL","nki_smc;tnbc_cl","Fun",0.3,"RAB37"
"overlap_rawp","rawp05","NKI.TNBCCL","nki_smc;tnbc_cl","Fun",0.3,"RAI2"
"overlap_rawp","rawp05","NKI.TNBCCL","nki_smc;tnbc_cl","Fun",0.3,"RASSF5"
"overlap_rawp","rawp05","NKI.TNBCCL","nki_smc;tnbc_cl","Fun",0.3,"RBM26-AS1"
"overlap_rawp","rawp05","NKI.TNBCCL","nki_smc;tnbc_cl","Fun",0.3,"RCBTB2"
"overlap_rawp","rawp05","NKI.TNBCCL","nki_smc;tnbc_cl","Fun",0.3,"RELN"
"overlap_rawp","rawp05","NKI.TNBCCL","nki_smc;tnbc_cl","Fun",0.3,"RFPL1"
"overlap_rawp","rawp05","NKI.TNBCCL","nki_smc;tnbc_cl","Fun",0.3,"RFPL4B"
"overlap_rawp","rawp05","NKI.TNBCCL","nki_smc;tnbc_cl","Fun",0.3,"RFTN2"
"overlap_rawp","rawp05","NKI.TNBCCL","nki_smc;tnbc_cl","Fun",0.3,"RGMA"
"overlap_rawp","rawp05","NKI.TNBCCL","nki_smc;tnbc_cl","Fun",0.3,"RGPD3"
"overlap_rawp","rawp05","NKI.TNBCCL","nki_smc;tnbc_cl","Fun",0.3,"RGS13"
"overlap_rawp","rawp05","NKI.TNBCCL","nki_smc;tnbc_cl","Fun",0.3,"RGS2"
"overlap_rawp","rawp05","NKI.TNBCCL","nki_smc;tnbc_cl","Fun",0.3,"RHOH"
"overlap_rawp","rawp05","NKI.TNBCCL","nki_smc;tnbc_cl","Fun",0.3,"RIMS1"
"overlap_rawp","rawp05","NKI.TNBCCL","nki_smc;tnbc_cl","Fun",0.3,"RIPOR2"
"overlap_rawp","rawp05","NKI.TNBCCL","nki_smc;tnbc_cl","Fun",0.3,"RNASE6"
"overlap_rawp","rawp05","NKI.TNBCCL","nki_smc;tnbc_cl","Fun",0.3,"RNF217-AS1"
"overlap_rawp","rawp05","NKI.TNBCCL","nki_smc;tnbc_cl","Fun",0.3,"ROR2"
"overlap_rawp","rawp05","NKI.TNBCCL","nki_smc;tnbc_cl","Fun",0.3,"RP1L1"
"overlap_rawp","rawp05","NKI.TNBCCL","nki_smc;tnbc_cl","Fun",0.3,"RPH3A"
"overlap_rawp","rawp05","NKI.TNBCCL","nki_smc;tnbc_cl","Fun",0.3,"RPS27L"
"overlap_rawp","rawp05","NKI.TNBCCL","nki_smc;tnbc_cl","Fun",0.3,"RTL5"
"overlap_rawp","rawp05","NKI.TNBCCL","nki_smc;tnbc_cl","Fun",0.3,"RYR3"
"overlap_rawp","rawp05","NKI.TNBCCL","nki_smc;tnbc_cl","Fun",0.3,"S1PR4"
"overlap_rawp","rawp05","NKI.TNBCCL","nki_smc;tnbc_cl","Fun",0.3,"SAFB2"
"overlap_rawp","rawp05","NKI.TNBCCL","nki_smc;tnbc_cl","Fun",0.3,"SAMD5"
"overlap_rawp","rawp05","NKI.TNBCCL","nki_smc;tnbc_cl","Fun",0.3,"SAMD9L"
"overlap_rawp","rawp05","NKI.TNBCCL","nki_smc;tnbc_cl","Fun",0.3,"SCN3A"
"overlap_rawp","rawp05","NKI.TNBCCL","nki_smc;tnbc_cl","Fun",0.3,"SCN7A"
"overlap_rawp","rawp05","NKI.TNBCCL","nki_smc;tnbc_cl","Fun",0.3,"SDHAP2"
"overlap_rawp","rawp05","NKI.TNBCCL","nki_smc;tnbc_cl","Fun",0.3,"SELP"
"overlap_rawp","rawp05","NKI.TNBCCL","nki_smc;tnbc_cl","Fun",0.3,"SELPLG"
"overlap_rawp","rawp05","NKI.TNBCCL","nki_smc;tnbc_cl","Fun",0.3,"SEMA5B"
"overlap_rawp","rawp05","NKI.TNBCCL","nki_smc;tnbc_cl","Fun",0.3,"SEMA6D"
"overlap_rawp","rawp05","NKI.TNBCCL","nki_smc;tnbc_cl","Fun",0.3,"SERPING1"
"overlap_rawp","rawp05","NKI.TNBCCL","nki_smc;tnbc_cl","Fun",0.3,"SERPINI1"
"overlap_rawp","rawp05","NKI.TNBCCL","nki_smc;tnbc_cl","Fun",0.3,"SH2B1"
"overlap_rawp","rawp05","NKI.TNBCCL","nki_smc;tnbc_cl","Fun",0.3,"SH2D1A"
"overlap_rawp","rawp05","NKI.TNBCCL","nki_smc;tnbc_cl","Fun",0.3,"SH2D1B"
"overlap_rawp","rawp05","NKI.TNBCCL","nki_smc;tnbc_cl","Fun",0.3,"SH2D4B"
"overlap_rawp","rawp05","NKI.TNBCCL","nki_smc;tnbc_cl","Fun",0.3,"SHE"
"overlap_rawp","rawp05","NKI.TNBCCL","nki_smc;tnbc_cl","Fun",0.3,"SHFL"
"overlap_rawp","rawp05","NKI.TNBCCL","nki_smc;tnbc_cl","Fun",0.3,"SHISA9"
"overlap_rawp","rawp05","NKI.TNBCCL","nki_smc;tnbc_cl","Fun",0.3,"SHROOM1"
"overlap_rawp","rawp05","NKI.TNBCCL","nki_smc;tnbc_cl","Fun",0.3,"SIDT1"
"overlap_rawp","rawp05","NKI.TNBCCL","nki_smc;tnbc_cl","Fun",0.3,"SIRPA"
"overlap_rawp","rawp05","NKI.TNBCCL","nki_smc;tnbc_cl","Fun",0.3,"SKAP1"
"overlap_rawp","rawp05","NKI.TNBCCL","nki_smc;tnbc_cl","Fun",0.3,"SLA2"
"overlap_rawp","rawp05","NKI.TNBCCL","nki_smc;tnbc_cl","Fun",0.3,"SLAMF6"
"overlap_rawp","rawp05","NKI.TNBCCL","nki_smc;tnbc_cl","Fun",0.3,"SLC15A3"
"overlap_rawp","rawp05","NKI.TNBCCL","nki_smc;tnbc_cl","Fun",0.3,"SLC25A27"
"overlap_rawp","rawp05","NKI.TNBCCL","nki_smc;tnbc_cl","Fun",0.3,"SLC25A53"
"overlap_rawp","rawp05","NKI.TNBCCL","nki_smc;tnbc_cl","Fun",0.3,"SLC2A5"
"overlap_rawp","rawp05","NKI.TNBCCL","nki_smc;tnbc_cl","Fun",0.3,"SLC30A3"
"overlap_rawp","rawp05","NKI.TNBCCL","nki_smc;tnbc_cl","Fun",0.3,"SLC47A1"
"overlap_rawp","rawp05","NKI.TNBCCL","nki_smc;tnbc_cl","Fun",0.3,"SLC6A1"
"overlap_rawp","rawp05","NKI.TNBCCL","nki_smc;tnbc_cl","Fun",0.3,"SLC7A9"
"overlap_rawp","rawp05","NKI.TNBCCL","nki_smc;tnbc_cl","Fun",0.3,"SLFN14"
"overlap_rawp","rawp05","NKI.TNBCCL","nki_smc;tnbc_cl","Fun",0.3,"SMAP2"
"overlap_rawp","rawp05","NKI.TNBCCL","nki_smc;tnbc_cl","Fun",0.3,"SNORA9"
"overlap_rawp","rawp05","NKI.TNBCCL","nki_smc;tnbc_cl","Fun",0.3,"SNRNP70"
"overlap_rawp","rawp05","NKI.TNBCCL","nki_smc;tnbc_cl","Fun",0.3,"SOD3"
"overlap_rawp","rawp05","NKI.TNBCCL","nki_smc;tnbc_cl","Fun",0.3,"SOWAHD"
"overlap_rawp","rawp05","NKI.TNBCCL","nki_smc;tnbc_cl","Fun",0.3,"SOX7"
"overlap_rawp","rawp05","NKI.TNBCCL","nki_smc;tnbc_cl","Fun",0.3,"SP140"
"overlap_rawp","rawp05","NKI.TNBCCL","nki_smc;tnbc_cl","Fun",0.3,"SPARCL1"
"overlap_rawp","rawp05","NKI.TNBCCL","nki_smc;tnbc_cl","Fun",0.3,"SPATA31F1"
"overlap_rawp","rawp05","NKI.TNBCCL","nki_smc;tnbc_cl","Fun",0.3,"SPMIP4"
"overlap_rawp","rawp05","NKI.TNBCCL","nki_smc;tnbc_cl","Fun",0.3,"SPX"
"overlap_rawp","rawp05","NKI.TNBCCL","nki_smc;tnbc_cl","Fun",0.3,"SSC5D"
"overlap_rawp","rawp05","NKI.TNBCCL","nki_smc;tnbc_cl","Fun",0.3,"SSH2"
"overlap_rawp","rawp05","NKI.TNBCCL","nki_smc;tnbc_cl","Fun",0.3,"SSTR3"
"overlap_rawp","rawp05","NKI.TNBCCL","nki_smc;tnbc_cl","Fun",0.3,"ST7-AS2"
"overlap_rawp","rawp05","NKI.TNBCCL","nki_smc;tnbc_cl","Fun",0.3,"STAT2"
"overlap_rawp","rawp05","NKI.TNBCCL","nki_smc;tnbc_cl","Fun",0.3,"STAT4"
"overlap_rawp","rawp05","NKI.TNBCCL","nki_smc;tnbc_cl","Fun",0.3,"STING1"
"overlap_rawp","rawp05","NKI.TNBCCL","nki_smc;tnbc_cl","Fun",0.3,"STX11"
"overlap_rawp","rawp05","NKI.TNBCCL","nki_smc;tnbc_cl","Fun",0.3,"SUCNR1"
"overlap_rawp","rawp05","NKI.TNBCCL","nki_smc;tnbc_cl","Fun",0.3,"SYK"
"overlap_rawp","rawp05","NKI.TNBCCL","nki_smc;tnbc_cl","Fun",0.3,"SYNE2"
"overlap_rawp","rawp05","NKI.TNBCCL","nki_smc;tnbc_cl","Fun",0.3,"SYPL2"
"overlap_rawp","rawp05","NKI.TNBCCL","nki_smc;tnbc_cl","Fun",0.3,"SYT11"
"overlap_rawp","rawp05","NKI.TNBCCL","nki_smc;tnbc_cl","Fun",0.3,"SYTL3"
"overlap_rawp","rawp05","NKI.TNBCCL","nki_smc;tnbc_cl","Fun",0.3,"SYVN1"
"overlap_rawp","rawp05","NKI.TNBCCL","nki_smc;tnbc_cl","Fun",0.3,"TAS1R1"
"overlap_rawp","rawp05","NKI.TNBCCL","nki_smc;tnbc_cl","Fun",0.3,"TASL"
"overlap_rawp","rawp05","NKI.TNBCCL","nki_smc;tnbc_cl","Fun",0.3,"TBX19"
"overlap_rawp","rawp05","NKI.TNBCCL","nki_smc;tnbc_cl","Fun",0.3,"TCEAL5"
"overlap_rawp","rawp05","NKI.TNBCCL","nki_smc;tnbc_cl","Fun",0.3,"TEK"
"overlap_rawp","rawp05","NKI.TNBCCL","nki_smc;tnbc_cl","Fun",0.3,"TEX11"
"overlap_rawp","rawp05","NKI.TNBCCL","nki_smc;tnbc_cl","Fun",0.3,"THEMIS"
"overlap_rawp","rawp05","NKI.TNBCCL","nki_smc;tnbc_cl","Fun",0.3,"TIGIT"
"overlap_rawp","rawp05","NKI.TNBCCL","nki_smc;tnbc_cl","Fun",0.3,"TJAP1"
"overlap_rawp","rawp05","NKI.TNBCCL","nki_smc;tnbc_cl","Fun",0.3,"TLR5"
"overlap_rawp","rawp05","NKI.TNBCCL","nki_smc;tnbc_cl","Fun",0.3,"TLR8"
"overlap_rawp","rawp05","NKI.TNBCCL","nki_smc;tnbc_cl","Fun",0.3,"TMEM132E"
"overlap_rawp","rawp05","NKI.TNBCCL","nki_smc;tnbc_cl","Fun",0.3,"TMEM140"
"overlap_rawp","rawp05","NKI.TNBCCL","nki_smc;tnbc_cl","Fun",0.3,"TMEM175"
"overlap_rawp","rawp05","NKI.TNBCCL","nki_smc;tnbc_cl","Fun",0.3,"TMEM176B"
"overlap_rawp","rawp05","NKI.TNBCCL","nki_smc;tnbc_cl","Fun",0.3,"TMEM236"
"overlap_rawp","rawp05","NKI.TNBCCL","nki_smc;tnbc_cl","Fun",0.3,"TMEM255A"
"overlap_rawp","rawp05","NKI.TNBCCL","nki_smc;tnbc_cl","Fun",0.3,"TMEM259"
"overlap_rawp","rawp05","NKI.TNBCCL","nki_smc;tnbc_cl","Fun",0.3,"TMEM35A"
"overlap_rawp","rawp05","NKI.TNBCCL","nki_smc;tnbc_cl","Fun",0.3,"TMEM37"
"overlap_rawp","rawp05","NKI.TNBCCL","nki_smc;tnbc_cl","Fun",0.3,"TMEM86B"
"overlap_rawp","rawp05","NKI.TNBCCL","nki_smc;tnbc_cl","Fun",0.3,"TMEM91"
"overlap_rawp","rawp05","NKI.TNBCCL","nki_smc;tnbc_cl","Fun",0.3,"TNFAIP2"
"overlap_rawp","rawp05","NKI.TNBCCL","nki_smc;tnbc_cl","Fun",0.3,"TNFAIP6"
"overlap_rawp","rawp05","NKI.TNBCCL","nki_smc;tnbc_cl","Fun",0.3,"TNFRSF14"
"overlap_rawp","rawp05","NKI.TNBCCL","nki_smc;tnbc_cl","Fun",0.3,"TNFRSF1B"
"overlap_rawp","rawp05","NKI.TNBCCL","nki_smc;tnbc_cl","Fun",0.3,"TNFSF8"
"overlap_rawp","rawp05","NKI.TNBCCL","nki_smc;tnbc_cl","Fun",0.3,"TNMD"
"overlap_rawp","rawp05","NKI.TNBCCL","nki_smc;tnbc_cl","Fun",0.3,"TNS1"
"overlap_rawp","rawp05","NKI.TNBCCL","nki_smc;tnbc_cl","Fun",0.3,"TOR4A"
"overlap_rawp","rawp05","NKI.TNBCCL","nki_smc;tnbc_cl","Fun",0.3,"TPH1"
"overlap_rawp","rawp05","NKI.TNBCCL","nki_smc;tnbc_cl","Fun",0.3,"TRANK1"
"overlap_rawp","rawp05","NKI.TNBCCL","nki_smc;tnbc_cl","Fun",0.3,"TRAT1"
"overlap_rawp","rawp05","NKI.TNBCCL","nki_smc;tnbc_cl","Fun",0.3,"TRBV9"
"overlap_rawp","rawp05","NKI.TNBCCL","nki_smc;tnbc_cl","Fun",0.3,"TREML2"
"overlap_rawp","rawp05","NKI.TNBCCL","nki_smc;tnbc_cl","Fun",0.3,"TRIM22"
"overlap_rawp","rawp05","NKI.TNBCCL","nki_smc;tnbc_cl","Fun",0.3,"TRIM38"
"overlap_rawp","rawp05","NKI.TNBCCL","nki_smc;tnbc_cl","Fun",0.3,"TRIM56"
"overlap_rawp","rawp05","NKI.TNBCCL","nki_smc;tnbc_cl","Fun",0.3,"TSHR"
"overlap_rawp","rawp05","NKI.TNBCCL","nki_smc;tnbc_cl","Fun",0.3,"TSHZ2"
"overlap_rawp","rawp05","NKI.TNBCCL","nki_smc;tnbc_cl","Fun",0.3,"TSNAXIP1"
"overlap_rawp","rawp05","NKI.TNBCCL","nki_smc;tnbc_cl","Fun",0.3,"TSPAN12"
"overlap_rawp","rawp05","NKI.TNBCCL","nki_smc;tnbc_cl","Fun",0.3,"TSPAN19"
"overlap_rawp","rawp05","NKI.TNBCCL","nki_smc;tnbc_cl","Fun",0.3,"TSPAN7"
"overlap_rawp","rawp05","NKI.TNBCCL","nki_smc;tnbc_cl","Fun",0.3,"TSPYL2"
"overlap_rawp","rawp05","NKI.TNBCCL","nki_smc;tnbc_cl","Fun",0.3,"TTC24"
"overlap_rawp","rawp05","NKI.TNBCCL","nki_smc;tnbc_cl","Fun",0.3,"TYK2"
"overlap_rawp","rawp05","NKI.TNBCCL","nki_smc;tnbc_cl","Fun",0.3,"UCP2"
"overlap_rawp","rawp05","NKI.TNBCCL","nki_smc;tnbc_cl","Fun",0.3,"UNC79"
"overlap_rawp","rawp05","NKI.TNBCCL","nki_smc;tnbc_cl","Fun",0.3,"USF1"
"overlap_rawp","rawp05","NKI.TNBCCL","nki_smc;tnbc_cl","Fun",0.3,"USP30-AS1"
"overlap_rawp","rawp05","NKI.TNBCCL","nki_smc;tnbc_cl","Fun",0.3,"USP6"
"overlap_rawp","rawp05","NKI.TNBCCL","nki_smc;tnbc_cl","Fun",0.3,"UTS2B"
"overlap_rawp","rawp05","NKI.TNBCCL","nki_smc;tnbc_cl","Fun",0.3,"VEGFD"
"overlap_rawp","rawp05","NKI.TNBCCL","nki_smc;tnbc_cl","Fun",0.3,"VILL"
"overlap_rawp","rawp05","NKI.TNBCCL","nki_smc;tnbc_cl","Fun",0.3,"VSIR"
"overlap_rawp","rawp05","NKI.TNBCCL","nki_smc;tnbc_cl","Fun",0.3,"WAS"
"overlap_rawp","rawp05","NKI.TNBCCL","nki_smc;tnbc_cl","Fun",0.3,"WASH5P"
"overlap_rawp","rawp05","NKI.TNBCCL","nki_smc;tnbc_cl","Fun",0.3,"WHRN"
"overlap_rawp","rawp05","NKI.TNBCCL","nki_smc;tnbc_cl","Fun",0.3,"WIF1"
"overlap_rawp","rawp05","NKI.TNBCCL","nki_smc;tnbc_cl","Fun",0.3,"WIPF3"
"overlap_rawp","rawp05","NKI.TNBCCL","nki_smc;tnbc_cl","Fun",0.3,"WNT2"
"overlap_rawp","rawp05","NKI.TNBCCL","nki_smc;tnbc_cl","Fun",0.3,"XAF1"
"overlap_rawp","rawp05","NKI.TNBCCL","nki_smc;tnbc_cl","Fun",0.3,"XCL1"
"overlap_rawp","rawp05","NKI.TNBCCL","nki_smc;tnbc_cl","Fun",0.3,"XCL2"
"overlap_rawp","rawp05","NKI.TNBCCL","nki_smc;tnbc_cl","Fun",0.3,"ZBTB40"
"overlap_rawp","rawp05","NKI.TNBCCL","nki_smc;tnbc_cl","Fun",0.3,"ZNF10"
"overlap_rawp","rawp05","NKI.TNBCCL","nki_smc;tnbc_cl","Fun",0.3,"ZNF211"
"overlap_rawp","rawp05","NKI.TNBCCL","nki_smc;tnbc_cl","Fun",0.3,"ZNF276"
"overlap_rawp","rawp05","NKI.TNBCCL","nki_smc;tnbc_cl","Fun",0.3,"ZNF335"
"overlap_rawp","rawp05","NKI.TNBCCL","nki_smc;tnbc_cl","Fun",0.3,"ZNF366"
"overlap_rawp","rawp05","NKI.TNBCCL","nki_smc;tnbc_cl","Fun",0.3,"ZNF44"
"overlap_rawp","rawp05","NKI.TNBCCL","nki_smc;tnbc_cl","Fun",0.3,"ZNF493"
"overlap_rawp","rawp05","NKI.TNBCCL","nki_smc;tnbc_cl","Fun",0.3,"ZNF557"
"overlap_rawp","rawp05","NKI.TNBCCL","nki_smc;tnbc_cl","Fun",0.3,"ZNF580"
"overlap_rawp","rawp05","NKI.TNBCCL","nki_smc;tnbc_cl","Fun",0.3,"ZNF582-DT"
"overlap_rawp","rawp05","NKI.TNBCCL","nki_smc;tnbc_cl","Fun",0.3,"ZNF589"
"overlap_rawp","rawp05","NKI.TNBCCL","nki_smc;tnbc_cl","Fun",0.3,"ZNF674"
"overlap_rawp","rawp05","NKI.TNBCCL","nki_smc;tnbc_cl","Fun",0.3,"ZNF677"
"overlap_rawp","rawp05","NKI.TNBCCL","nki_smc;tnbc_cl","Fun",0.3,"ZNF711"
"overlap_rawp","rawp05","NKI.TNBCCL","nki_smc;tnbc_cl","Fun",0.3,"ZNF852"
"overlap_rawp","rawp05","NKI.TNBCCL","nki_smc;tnbc_cl","Fun",0.3,"ZNF865"
"overlap_rawp","rawp05","NEO.TNBCCL","neo;tnbc_cl","Fun",0.3,"AADAT"
"overlap_rawp","rawp05","NEO.TNBCCL","neo;tnbc_cl","Fun",0.3,"ABCD1"
"overlap_rawp","rawp05","NEO.TNBCCL","neo;tnbc_cl","Fun",0.3,"ABHD11"
"overlap_rawp","rawp05","NEO.TNBCCL","neo;tnbc_cl","Fun",0.3,"ABHD16B"
"overlap_rawp","rawp05","NEO.TNBCCL","neo;tnbc_cl","Fun",0.3,"ABHD17A"
"overlap_rawp","rawp05","NEO.TNBCCL","neo;tnbc_cl","Fun",0.3,"ABHD4"
"overlap_rawp","rawp05","NEO.TNBCCL","neo;tnbc_cl","Fun",0.3,"ABHD6"
"overlap_rawp","rawp05","NEO.TNBCCL","neo;tnbc_cl","Fun",0.3,"ABHD8"
"overlap_rawp","rawp05","NEO.TNBCCL","neo;tnbc_cl","Fun",0.3,"ABO"
"overlap_rawp","rawp05","NEO.TNBCCL","neo;tnbc_cl","Fun",0.3,"ACADVL"
"overlap_rawp","rawp05","NEO.TNBCCL","neo;tnbc_cl","Fun",0.3,"ACBD7"
"overlap_rawp","rawp05","NEO.TNBCCL","neo;tnbc_cl","Fun",0.3,"ACD"
"overlap_rawp","rawp05","NEO.TNBCCL","neo;tnbc_cl","Fun",0.3,"ADAP2"
"overlap_rawp","rawp05","NEO.TNBCCL","neo;tnbc_cl","Fun",0.3,"ADAT3"
"overlap_rawp","rawp05","NEO.TNBCCL","neo;tnbc_cl","Fun",0.3,"ADPRS"
"overlap_rawp","rawp05","NEO.TNBCCL","neo;tnbc_cl","Fun",0.3,"ADRA2A"
"overlap_rawp","rawp05","NEO.TNBCCL","neo;tnbc_cl","Fun",0.3,"AGAP5"
"overlap_rawp","rawp05","NEO.TNBCCL","neo;tnbc_cl","Fun",0.3,"AJUBA"
"overlap_rawp","rawp05","NEO.TNBCCL","neo;tnbc_cl","Fun",0.3,"AK1"
"overlap_rawp","rawp05","NEO.TNBCCL","neo;tnbc_cl","Fun",0.3,"AKAP17A"
"overlap_rawp","rawp05","NEO.TNBCCL","neo;tnbc_cl","Fun",0.3,"AKAP8L"
"overlap_rawp","rawp05","NEO.TNBCCL","neo;tnbc_cl","Fun",0.3,"AKIP1"
"overlap_rawp","rawp05","NEO.TNBCCL","neo;tnbc_cl","Fun",0.3,"ALAD"
"overlap_rawp","rawp05","NEO.TNBCCL","neo;tnbc_cl","Fun",0.3,"ALDH3B1"
"overlap_rawp","rawp05","NEO.TNBCCL","neo;tnbc_cl","Fun",0.3,"ALKBH4"
"overlap_rawp","rawp05","NEO.TNBCCL","neo;tnbc_cl","Fun",0.3,"ANAPC2"
"overlap_rawp","rawp05","NEO.TNBCCL","neo;tnbc_cl","Fun",0.3,"ANKRD13C-DT"
"overlap_rawp","rawp05","NEO.TNBCCL","neo;tnbc_cl","Fun",0.3,"ANKRD18A"
"overlap_rawp","rawp05","NEO.TNBCCL","neo;tnbc_cl","Fun",0.3,"ANKRD54"
"overlap_rawp","rawp05","NEO.TNBCCL","neo;tnbc_cl","Fun",0.3,"AP1G2"
"overlap_rawp","rawp05","NEO.TNBCCL","neo;tnbc_cl","Fun",0.3,"AP2S1"
"overlap_rawp","rawp05","NEO.TNBCCL","neo;tnbc_cl","Fun",0.3,"AP5B1"
"overlap_rawp","rawp05","NEO.TNBCCL","neo;tnbc_cl","Fun",0.3,"AP5Z1"
"overlap_rawp","rawp05","NEO.TNBCCL","neo;tnbc_cl","Fun",0.3,"APEX2"
"overlap_rawp","rawp05","NEO.TNBCCL","neo;tnbc_cl","Fun",0.3,"APOBEC2"
"overlap_rawp","rawp05","NEO.TNBCCL","neo;tnbc_cl","Fun",0.3,"APOBEC3F"
"overlap_rawp","rawp05","NEO.TNBCCL","neo;tnbc_cl","Fun",0.3,"APOL1"
"overlap_rawp","rawp05","NEO.TNBCCL","neo;tnbc_cl","Fun",0.3,"APOL2"
"overlap_rawp","rawp05","NEO.TNBCCL","neo;tnbc_cl","Fun",0.3,"APOL3"
"overlap_rawp","rawp05","NEO.TNBCCL","neo;tnbc_cl","Fun",0.3,"APRT"
"overlap_rawp","rawp05","NEO.TNBCCL","neo;tnbc_cl","Fun",0.3,"AQP3"
"overlap_rawp","rawp05","NEO.TNBCCL","neo;tnbc_cl","Fun",0.3,"ARHGAP15-AS1"
"overlap_rawp","rawp05","NEO.TNBCCL","neo;tnbc_cl","Fun",0.3,"ARHGEF18"
"overlap_rawp","rawp05","NEO.TNBCCL","neo;tnbc_cl","Fun",0.3,"ARHGEF19"
"overlap_rawp","rawp05","NEO.TNBCCL","neo;tnbc_cl","Fun",0.3,"ARHGEF34P"
"overlap_rawp","rawp05","NEO.TNBCCL","neo;tnbc_cl","Fun",0.3,"ARHGEF5"
"overlap_rawp","rawp05","NEO.TNBCCL","neo;tnbc_cl","Fun",0.3,"ARL4D"
"overlap_rawp","rawp05","NEO.TNBCCL","neo;tnbc_cl","Fun",0.3,"ARMC5"
"overlap_rawp","rawp05","NEO.TNBCCL","neo;tnbc_cl","Fun",0.3,"ARMCX6"
"overlap_rawp","rawp05","NEO.TNBCCL","neo;tnbc_cl","Fun",0.3,"ARMH1"
"overlap_rawp","rawp05","NEO.TNBCCL","neo;tnbc_cl","Fun",0.3,"ARRDC1-AS1"
"overlap_rawp","rawp05","NEO.TNBCCL","neo;tnbc_cl","Fun",0.3,"ARSA"
"overlap_rawp","rawp05","NEO.TNBCCL","neo;tnbc_cl","Fun",0.3,"ASCC2"
"overlap_rawp","rawp05","NEO.TNBCCL","neo;tnbc_cl","Fun",0.3,"ASH2L"
"overlap_rawp","rawp05","NEO.TNBCCL","neo;tnbc_cl","Fun",0.3,"ASPHD2"
"overlap_rawp","rawp05","NEO.TNBCCL","neo;tnbc_cl","Fun",0.3,"ATF5"
"overlap_rawp","rawp05","NEO.TNBCCL","neo;tnbc_cl","Fun",0.3,"ATG14"
"overlap_rawp","rawp05","NEO.TNBCCL","neo;tnbc_cl","Fun",0.3,"ATP1A1-AS1"
"overlap_rawp","rawp05","NEO.TNBCCL","neo;tnbc_cl","Fun",0.3,"ATP6V0C"
"overlap_rawp","rawp05","NEO.TNBCCL","neo;tnbc_cl","Fun",0.3,"ATXN2L"
"overlap_rawp","rawp05","NEO.TNBCCL","neo;tnbc_cl","Fun",0.3,"ATXN7L2"
"overlap_rawp","rawp05","NEO.TNBCCL","neo;tnbc_cl","Fun",0.3,"BAIAP2"
"overlap_rawp","rawp05","NEO.TNBCCL","neo;tnbc_cl","Fun",0.3,"BANF1"
"overlap_rawp","rawp05","NEO.TNBCCL","neo;tnbc_cl","Fun",0.3,"BCL2L2"
"overlap_rawp","rawp05","NEO.TNBCCL","neo;tnbc_cl","Fun",0.3,"BCL6"
"overlap_rawp","rawp05","NEO.TNBCCL","neo;tnbc_cl","Fun",0.3,"BICRA"
"overlap_rawp","rawp05","NEO.TNBCCL","neo;tnbc_cl","Fun",0.3,"BLNK"
"overlap_rawp","rawp05","NEO.TNBCCL","neo;tnbc_cl","Fun",0.3,"BLOC1S3"
"overlap_rawp","rawp05","NEO.TNBCCL","neo;tnbc_cl","Fun",0.3,"BOD1L1"
"overlap_rawp","rawp05","NEO.TNBCCL","neo;tnbc_cl","Fun",0.3,"BOK-AS1"
"overlap_rawp","rawp05","NEO.TNBCCL","neo;tnbc_cl","Fun",0.3,"BORCS6"
"overlap_rawp","rawp05","NEO.TNBCCL","neo;tnbc_cl","Fun",0.3,"BRF2"
"overlap_rawp","rawp05","NEO.TNBCCL","neo;tnbc_cl","Fun",0.3,"BRPF1"
"overlap_rawp","rawp05","NEO.TNBCCL","neo;tnbc_cl","Fun",0.3,"BRPF3"
"overlap_rawp","rawp05","NEO.TNBCCL","neo;tnbc_cl","Fun",0.3,"BST1"
"overlap_rawp","rawp05","NEO.TNBCCL","neo;tnbc_cl","Fun",0.3,"BTBD6"
"overlap_rawp","rawp05","NEO.TNBCCL","neo;tnbc_cl","Fun",0.3,"C2CD3"
"overlap_rawp","rawp05","NEO.TNBCCL","neo;tnbc_cl","Fun",0.3,"C3"
"overlap_rawp","rawp05","NEO.TNBCCL","neo;tnbc_cl","Fun",0.3,"CA11"
"overlap_rawp","rawp05","NEO.TNBCCL","neo;tnbc_cl","Fun",0.3,"CA3"
"overlap_rawp","rawp05","NEO.TNBCCL","neo;tnbc_cl","Fun",0.3,"CA5BP1"
"overlap_rawp","rawp05","NEO.TNBCCL","neo;tnbc_cl","Fun",0.3,"CACNA1E"
"overlap_rawp","rawp05","NEO.TNBCCL","neo;tnbc_cl","Fun",0.3,"CALML4"
"overlap_rawp","rawp05","NEO.TNBCCL","neo;tnbc_cl","Fun",0.3,"CAMSAP3"
"overlap_rawp","rawp05","NEO.TNBCCL","neo;tnbc_cl","Fun",0.3,"CAPN3"
"overlap_rawp","rawp05","NEO.TNBCCL","neo;tnbc_cl","Fun",0.3,"CARMIL3"
"overlap_rawp","rawp05","NEO.TNBCCL","neo;tnbc_cl","Fun",0.3,"CASKIN2"
"overlap_rawp","rawp05","NEO.TNBCCL","neo;tnbc_cl","Fun",0.3,"CASP2"
"overlap_rawp","rawp05","NEO.TNBCCL","neo;tnbc_cl","Fun",0.3,"CASP7"
"overlap_rawp","rawp05","NEO.TNBCCL","neo;tnbc_cl","Fun",0.3,"CASP9"
"overlap_rawp","rawp05","NEO.TNBCCL","neo;tnbc_cl","Fun",0.3,"CASS4"
"overlap_rawp","rawp05","NEO.TNBCCL","neo;tnbc_cl","Fun",0.3,"CASTOR2"
"overlap_rawp","rawp05","NEO.TNBCCL","neo;tnbc_cl","Fun",0.3,"CASZ1"
"overlap_rawp","rawp05","NEO.TNBCCL","neo;tnbc_cl","Fun",0.3,"CBX4"
"overlap_rawp","rawp05","NEO.TNBCCL","neo;tnbc_cl","Fun",0.3,"CCDC137"
"overlap_rawp","rawp05","NEO.TNBCCL","neo;tnbc_cl","Fun",0.3,"CCDC142"
"overlap_rawp","rawp05","NEO.TNBCCL","neo;tnbc_cl","Fun",0.3,"CCDC157"
"overlap_rawp","rawp05","NEO.TNBCCL","neo;tnbc_cl","Fun",0.3,"CCDC159"
"overlap_rawp","rawp05","NEO.TNBCCL","neo;tnbc_cl","Fun",0.3,"CCDC184"
"overlap_rawp","rawp05","NEO.TNBCCL","neo;tnbc_cl","Fun",0.3,"CCDC22"
"overlap_rawp","rawp05","NEO.TNBCCL","neo;tnbc_cl","Fun",0.3,"CCDC57"
"overlap_rawp","rawp05","NEO.TNBCCL","neo;tnbc_cl","Fun",0.3,"CCDC81"
"overlap_rawp","rawp05","NEO.TNBCCL","neo;tnbc_cl","Fun",0.3,"CCDC88B"
"overlap_rawp","rawp05","NEO.TNBCCL","neo;tnbc_cl","Fun",0.3,"CCDC9"
"overlap_rawp","rawp05","NEO.TNBCCL","neo;tnbc_cl","Fun",0.3,"CCDC92"
"overlap_rawp","rawp05","NEO.TNBCCL","neo;tnbc_cl","Fun",0.3,"CCN3"
"overlap_rawp","rawp05","NEO.TNBCCL","neo;tnbc_cl","Fun",0.3,"CD27-AS1"
"overlap_rawp","rawp05","NEO.TNBCCL","neo;tnbc_cl","Fun",0.3,"CDC37"
"overlap_rawp","rawp05","NEO.TNBCCL","neo;tnbc_cl","Fun",0.3,"CDC42EP4"
"overlap_rawp","rawp05","NEO.TNBCCL","neo;tnbc_cl","Fun",0.3,"CDH24"
"overlap_rawp","rawp05","NEO.TNBCCL","neo;tnbc_cl","Fun",0.3,"CDIP1"
"overlap_rawp","rawp05","NEO.TNBCCL","neo;tnbc_cl","Fun",0.3,"CDIPT"
"overlap_rawp","rawp05","NEO.TNBCCL","neo;tnbc_cl","Fun",0.3,"CDK11A"
"overlap_rawp","rawp05","NEO.TNBCCL","neo;tnbc_cl","Fun",0.3,"CDK11B"
"overlap_rawp","rawp05","NEO.TNBCCL","neo;tnbc_cl","Fun",0.3,"CDK20"
"overlap_rawp","rawp05","NEO.TNBCCL","neo;tnbc_cl","Fun",0.3,"CDK2AP1"
"overlap_rawp","rawp05","NEO.TNBCCL","neo;tnbc_cl","Fun",0.3,"CDK2AP2"
"overlap_rawp","rawp05","NEO.TNBCCL","neo;tnbc_cl","Fun",0.3,"CDKN1A"
"overlap_rawp","rawp05","NEO.TNBCCL","neo;tnbc_cl","Fun",0.3,"CDKN2D"
"overlap_rawp","rawp05","NEO.TNBCCL","neo;tnbc_cl","Fun",0.3,"CDR2L"
"overlap_rawp","rawp05","NEO.TNBCCL","neo;tnbc_cl","Fun",0.3,"CEBPB"
"overlap_rawp","rawp05","NEO.TNBCCL","neo;tnbc_cl","Fun",0.3,"CENPT"
"overlap_rawp","rawp05","NEO.TNBCCL","neo;tnbc_cl","Fun",0.3,"CEP72"
"overlap_rawp","rawp05","NEO.TNBCCL","neo;tnbc_cl","Fun",0.3,"CFAP119"
"overlap_rawp","rawp05","NEO.TNBCCL","neo;tnbc_cl","Fun",0.3,"CFL1"
"overlap_rawp","rawp05","NEO.TNBCCL","neo;tnbc_cl","Fun",0.3,"CGAS"
"overlap_rawp","rawp05","NEO.TNBCCL","neo;tnbc_cl","Fun",0.3,"CGN"
"overlap_rawp","rawp05","NEO.TNBCCL","neo;tnbc_cl","Fun",0.3,"CGNL1"
"overlap_rawp","rawp05","NEO.TNBCCL","neo;tnbc_cl","Fun",0.3,"CH25H"
"overlap_rawp","rawp05","NEO.TNBCCL","neo;tnbc_cl","Fun",0.3,"CHAC1"
"overlap_rawp","rawp05","NEO.TNBCCL","neo;tnbc_cl","Fun",0.3,"CHADL"
"overlap_rawp","rawp05","NEO.TNBCCL","neo;tnbc_cl","Fun",0.3,"CHAF1A"
"overlap_rawp","rawp05","NEO.TNBCCL","neo;tnbc_cl","Fun",0.3,"CHD2"
"overlap_rawp","rawp05","NEO.TNBCCL","neo;tnbc_cl","Fun",0.3,"CHD3"
"overlap_rawp","rawp05","NEO.TNBCCL","neo;tnbc_cl","Fun",0.3,"CHKA"
"overlap_rawp","rawp05","NEO.TNBCCL","neo;tnbc_cl","Fun",0.3,"CHMP4B"
"overlap_rawp","rawp05","NEO.TNBCCL","neo;tnbc_cl","Fun",0.3,"CHRAC1"
"overlap_rawp","rawp05","NEO.TNBCCL","neo;tnbc_cl","Fun",0.3,"CHTOP"
"overlap_rawp","rawp05","NEO.TNBCCL","neo;tnbc_cl","Fun",0.3,"CIAO3"
"overlap_rawp","rawp05","NEO.TNBCCL","neo;tnbc_cl","Fun",0.3,"CIDECP1"
"overlap_rawp","rawp05","NEO.TNBCCL","neo;tnbc_cl","Fun",0.3,"CIZ1"
"overlap_rawp","rawp05","NEO.TNBCCL","neo;tnbc_cl","Fun",0.3,"CLDN10"
"overlap_rawp","rawp05","NEO.TNBCCL","neo;tnbc_cl","Fun",0.3,"CLDN15"
"overlap_rawp","rawp05","NEO.TNBCCL","neo;tnbc_cl","Fun",0.3,"CLIC3"
"overlap_rawp","rawp05","NEO.TNBCCL","neo;tnbc_cl","Fun",0.3,"CLU"
"overlap_rawp","rawp05","NEO.TNBCCL","neo;tnbc_cl","Fun",0.3,"CNP"
"overlap_rawp","rawp05","NEO.TNBCCL","neo;tnbc_cl","Fun",0.3,"CNPY3"
"overlap_rawp","rawp05","NEO.TNBCCL","neo;tnbc_cl","Fun",0.3,"COL16A1"
"overlap_rawp","rawp05","NEO.TNBCCL","neo;tnbc_cl","Fun",0.3,"COL24A1"
"overlap_rawp","rawp05","NEO.TNBCCL","neo;tnbc_cl","Fun",0.3,"COL28A1"
"overlap_rawp","rawp05","NEO.TNBCCL","neo;tnbc_cl","Fun",0.3,"COL5A3"
"overlap_rawp","rawp05","NEO.TNBCCL","neo;tnbc_cl","Fun",0.3,"COMMD4"
"overlap_rawp","rawp05","NEO.TNBCCL","neo;tnbc_cl","Fun",0.3,"COPE"
"overlap_rawp","rawp05","NEO.TNBCCL","neo;tnbc_cl","Fun",0.3,"COPS6"
"overlap_rawp","rawp05","NEO.TNBCCL","neo;tnbc_cl","Fun",0.3,"COPS7B"
"overlap_rawp","rawp05","NEO.TNBCCL","neo;tnbc_cl","Fun",0.3,"COQ9"
"overlap_rawp","rawp05","NEO.TNBCCL","neo;tnbc_cl","Fun",0.3,"CORO1A"
"overlap_rawp","rawp05","NEO.TNBCCL","neo;tnbc_cl","Fun",0.3,"CORO2A"
"overlap_rawp","rawp05","NEO.TNBCCL","neo;tnbc_cl","Fun",0.3,"CRABP2"
"overlap_rawp","rawp05","NEO.TNBCCL","neo;tnbc_cl","Fun",0.3,"CRACDL"
"overlap_rawp","rawp05","NEO.TNBCCL","neo;tnbc_cl","Fun",0.3,"CRAMP1"
"overlap_rawp","rawp05","NEO.TNBCCL","neo;tnbc_cl","Fun",0.3,"CREB3L1"
"overlap_rawp","rawp05","NEO.TNBCCL","neo;tnbc_cl","Fun",0.3,"CRLF1"
"overlap_rawp","rawp05","NEO.TNBCCL","neo;tnbc_cl","Fun",0.3,"CRTC1"
"overlap_rawp","rawp05","NEO.TNBCCL","neo;tnbc_cl","Fun",0.3,"CRYGS"
"overlap_rawp","rawp05","NEO.TNBCCL","neo;tnbc_cl","Fun",0.3,"CSMD2"
"overlap_rawp","rawp05","NEO.TNBCCL","neo;tnbc_cl","Fun",0.3,"CSNK2B"
"overlap_rawp","rawp05","NEO.TNBCCL","neo;tnbc_cl","Fun",0.3,"CSRNP2"
"overlap_rawp","rawp05","NEO.TNBCCL","neo;tnbc_cl","Fun",0.3,"CSRP1"
"overlap_rawp","rawp05","NEO.TNBCCL","neo;tnbc_cl","Fun",0.3,"CTDNEP1"
"overlap_rawp","rawp05","NEO.TNBCCL","neo;tnbc_cl","Fun",0.3,"CUBN"
"overlap_rawp","rawp05","NEO.TNBCCL","neo;tnbc_cl","Fun",0.3,"CUEDC2"
"overlap_rawp","rawp05","NEO.TNBCCL","neo;tnbc_cl","Fun",0.3,"CUTA"
"overlap_rawp","rawp05","NEO.TNBCCL","neo;tnbc_cl","Fun",0.3,"CXXC1"
"overlap_rawp","rawp05","NEO.TNBCCL","neo;tnbc_cl","Fun",0.3,"CYB561A3"
"overlap_rawp","rawp05","NEO.TNBCCL","neo;tnbc_cl","Fun",0.3,"CYBA"
"overlap_rawp","rawp05","NEO.TNBCCL","neo;tnbc_cl","Fun",0.3,"CYP20A1"
"overlap_rawp","rawp05","NEO.TNBCCL","neo;tnbc_cl","Fun",0.3,"DAGLB"
"overlap_rawp","rawp05","NEO.TNBCCL","neo;tnbc_cl","Fun",0.3,"DAZAP2"
"overlap_rawp","rawp05","NEO.TNBCCL","neo;tnbc_cl","Fun",0.3,"DBIL5P"
"overlap_rawp","rawp05","NEO.TNBCCL","neo;tnbc_cl","Fun",0.3,"DBNDD2"
"overlap_rawp","rawp05","NEO.TNBCCL","neo;tnbc_cl","Fun",0.3,"DCLRE1C"
"overlap_rawp","rawp05","NEO.TNBCCL","neo;tnbc_cl","Fun",0.3,"DDB2"
"overlap_rawp","rawp05","NEO.TNBCCL","neo;tnbc_cl","Fun",0.3,"DDIT3"
"overlap_rawp","rawp05","NEO.TNBCCL","neo;tnbc_cl","Fun",0.3,"DDR1"
"overlap_rawp","rawp05","NEO.TNBCCL","neo;tnbc_cl","Fun",0.3,"DDX27"
"overlap_rawp","rawp05","NEO.TNBCCL","neo;tnbc_cl","Fun",0.3,"DDX49"
"overlap_rawp","rawp05","NEO.TNBCCL","neo;tnbc_cl","Fun",0.3,"DEDD"
"overlap_rawp","rawp05","NEO.TNBCCL","neo;tnbc_cl","Fun",0.3,"DENND2D"
"overlap_rawp","rawp05","NEO.TNBCCL","neo;tnbc_cl","Fun",0.3,"DHRS1"
"overlap_rawp","rawp05","NEO.TNBCCL","neo;tnbc_cl","Fun",0.3,"DHX58"
"overlap_rawp","rawp05","NEO.TNBCCL","neo;tnbc_cl","Fun",0.3,"DLEC1"
"overlap_rawp","rawp05","NEO.TNBCCL","neo;tnbc_cl","Fun",0.3,"DLL1"
"overlap_rawp","rawp05","NEO.TNBCCL","neo;tnbc_cl","Fun",0.3,"DMAP1"
"overlap_rawp","rawp05","NEO.TNBCCL","neo;tnbc_cl","Fun",0.3,"DMPK"
"overlap_rawp","rawp05","NEO.TNBCCL","neo;tnbc_cl","Fun",0.3,"DMWD"
"overlap_rawp","rawp05","NEO.TNBCCL","neo;tnbc_cl","Fun",0.3,"DNAJB2"
"overlap_rawp","rawp05","NEO.TNBCCL","neo;tnbc_cl","Fun",0.3,"DNM1"
"overlap_rawp","rawp05","NEO.TNBCCL","neo;tnbc_cl","Fun",0.3,"DOCK2"
"overlap_rawp","rawp05","NEO.TNBCCL","neo;tnbc_cl","Fun",0.3,"DOCK8"
"overlap_rawp","rawp05","NEO.TNBCCL","neo;tnbc_cl","Fun",0.3,"DOHH"
"overlap_rawp","rawp05","NEO.TNBCCL","neo;tnbc_cl","Fun",0.3,"DOK3"
"overlap_rawp","rawp05","NEO.TNBCCL","neo;tnbc_cl","Fun",0.3,"DOK4"
"overlap_rawp","rawp05","NEO.TNBCCL","neo;tnbc_cl","Fun",0.3,"DOLPP1"
"overlap_rawp","rawp05","NEO.TNBCCL","neo;tnbc_cl","Fun",0.3,"DPF2"
"overlap_rawp","rawp05","NEO.TNBCCL","neo;tnbc_cl","Fun",0.3,"DPM3"
"overlap_rawp","rawp05","NEO.TNBCCL","neo;tnbc_cl","Fun",0.3,"DRD4"
"overlap_rawp","rawp05","NEO.TNBCCL","neo;tnbc_cl","Fun",0.3,"DTNBP1"
"overlap_rawp","rawp05","NEO.TNBCCL","neo;tnbc_cl","Fun",0.3,"DTX2"
"overlap_rawp","rawp05","NEO.TNBCCL","neo;tnbc_cl","Fun",0.3,"DTX3"
"overlap_rawp","rawp05","NEO.TNBCCL","neo;tnbc_cl","Fun",0.3,"DTX3L"
"overlap_rawp","rawp05","NEO.TNBCCL","neo;tnbc_cl","Fun",0.3,"DXO"
"overlap_rawp","rawp05","NEO.TNBCCL","neo;tnbc_cl","Fun",0.3,"DYNLRB1"
"overlap_rawp","rawp05","NEO.TNBCCL","neo;tnbc_cl","Fun",0.3,"DYRK3"
"overlap_rawp","rawp05","NEO.TNBCCL","neo;tnbc_cl","Fun",0.3,"E2F2"
"overlap_rawp","rawp05","NEO.TNBCCL","neo;tnbc_cl","Fun",0.3,"E4F1"
"overlap_rawp","rawp05","NEO.TNBCCL","neo;tnbc_cl","Fun",0.3,"ECEL1"
"overlap_rawp","rawp05","NEO.TNBCCL","neo;tnbc_cl","Fun",0.3,"ECM1"
"overlap_rawp","rawp05","NEO.TNBCCL","neo;tnbc_cl","Fun",0.3,"EEF1D"
"overlap_rawp","rawp05","NEO.TNBCCL","neo;tnbc_cl","Fun",0.3,"EEPD1"
"overlap_rawp","rawp05","NEO.TNBCCL","neo;tnbc_cl","Fun",0.3,"EGFLAM"
"overlap_rawp","rawp05","NEO.TNBCCL","neo;tnbc_cl","Fun",0.3,"EGR1"
"overlap_rawp","rawp05","NEO.TNBCCL","neo;tnbc_cl","Fun",0.3,"EGR2"
"overlap_rawp","rawp05","NEO.TNBCCL","neo;tnbc_cl","Fun",0.3,"EIF1B"
"overlap_rawp","rawp05","NEO.TNBCCL","neo;tnbc_cl","Fun",0.3,"EIF2B1"
"overlap_rawp","rawp05","NEO.TNBCCL","neo;tnbc_cl","Fun",0.3,"ELMO1"
"overlap_rawp","rawp05","NEO.TNBCCL","neo;tnbc_cl","Fun",0.3,"ELOF1"
"overlap_rawp","rawp05","NEO.TNBCCL","neo;tnbc_cl","Fun",0.3,"ELOVL7"
"overlap_rawp","rawp05","NEO.TNBCCL","neo;tnbc_cl","Fun",0.3,"EMC9"
"overlap_rawp","rawp05","NEO.TNBCCL","neo;tnbc_cl","Fun",0.3,"EMP2"
"overlap_rawp","rawp05","NEO.TNBCCL","neo;tnbc_cl","Fun",0.3,"EMP3"
"overlap_rawp","rawp05","NEO.TNBCCL","neo;tnbc_cl","Fun",0.3,"EOLA2"
"overlap_rawp","rawp05","NEO.TNBCCL","neo;tnbc_cl","Fun",0.3,"EPHA1"
"overlap_rawp","rawp05","NEO.TNBCCL","neo;tnbc_cl","Fun",0.3,"EPHX1"
"overlap_rawp","rawp05","NEO.TNBCCL","neo;tnbc_cl","Fun",0.3,"EPN1"
"overlap_rawp","rawp05","NEO.TNBCCL","neo;tnbc_cl","Fun",0.3,"ERAL1"
"overlap_rawp","rawp05","NEO.TNBCCL","neo;tnbc_cl","Fun",0.3,"ERICH1"
"overlap_rawp","rawp05","NEO.TNBCCL","neo;tnbc_cl","Fun",0.3,"EXOC7"
"overlap_rawp","rawp05","NEO.TNBCCL","neo;tnbc_cl","Fun",0.3,"F8A1"
"overlap_rawp","rawp05","NEO.TNBCCL","neo;tnbc_cl","Fun",0.3,"FA2H"
"overlap_rawp","rawp05","NEO.TNBCCL","neo;tnbc_cl","Fun",0.3,"FAAP24"
"overlap_rawp","rawp05","NEO.TNBCCL","neo;tnbc_cl","Fun",0.3,"FAM110A"
"overlap_rawp","rawp05","NEO.TNBCCL","neo;tnbc_cl","Fun",0.3,"FAM117A"
"overlap_rawp","rawp05","NEO.TNBCCL","neo;tnbc_cl","Fun",0.3,"FAM161B"
"overlap_rawp","rawp05","NEO.TNBCCL","neo;tnbc_cl","Fun",0.3,"FAM167A"
"overlap_rawp","rawp05","NEO.TNBCCL","neo;tnbc_cl","Fun",0.3,"FAM32A"
"overlap_rawp","rawp05","NEO.TNBCCL","neo;tnbc_cl","Fun",0.3,"FAM43A"
"overlap_rawp","rawp05","NEO.TNBCCL","neo;tnbc_cl","Fun",0.3,"FAM53C"
"overlap_rawp","rawp05","NEO.TNBCCL","neo;tnbc_cl","Fun",0.3,"FAM88B"
"overlap_rawp","rawp05","NEO.TNBCCL","neo;tnbc_cl","Fun",0.3,"FBLN1"
"overlap_rawp","rawp05","NEO.TNBCCL","neo;tnbc_cl","Fun",0.3,"FBLN7"
"overlap_rawp","rawp05","NEO.TNBCCL","neo;tnbc_cl","Fun",0.3,"FBRS"
"overlap_rawp","rawp05","NEO.TNBCCL","neo;tnbc_cl","Fun",0.3,"FBXL12"
"overlap_rawp","rawp05","NEO.TNBCCL","neo;tnbc_cl","Fun",0.3,"FBXW5"
"overlap_rawp","rawp05","NEO.TNBCCL","neo;tnbc_cl","Fun",0.3,"FEM1A"
"overlap_rawp","rawp05","NEO.TNBCCL","neo;tnbc_cl","Fun",0.3,"FFAR4"
"overlap_rawp","rawp05","NEO.TNBCCL","neo;tnbc_cl","Fun",0.3,"FHL3"
"overlap_rawp","rawp05","NEO.TNBCCL","neo;tnbc_cl","Fun",0.3,"FIZ1"
"overlap_rawp","rawp05","NEO.TNBCCL","neo;tnbc_cl","Fun",0.3,"FKBPL"
"overlap_rawp","rawp05","NEO.TNBCCL","neo;tnbc_cl","Fun",0.3,"FLACC1"
"overlap_rawp","rawp05","NEO.TNBCCL","neo;tnbc_cl","Fun",0.3,"FLCN"
"overlap_rawp","rawp05","NEO.TNBCCL","neo;tnbc_cl","Fun",0.3,"FLOT1"
"overlap_rawp","rawp05","NEO.TNBCCL","neo;tnbc_cl","Fun",0.3,"FN3KRP"
"overlap_rawp","rawp05","NEO.TNBCCL","neo;tnbc_cl","Fun",0.3,"FNBP4"
"overlap_rawp","rawp05","NEO.TNBCCL","neo;tnbc_cl","Fun",0.3,"FOXRED2"
"overlap_rawp","rawp05","NEO.TNBCCL","neo;tnbc_cl","Fun",0.3,"FRMD8"
"overlap_rawp","rawp05","NEO.TNBCCL","neo;tnbc_cl","Fun",0.3,"FYB1"
"overlap_rawp","rawp05","NEO.TNBCCL","neo;tnbc_cl","Fun",0.3,"GAA"
"overlap_rawp","rawp05","NEO.TNBCCL","neo;tnbc_cl","Fun",0.3,"GABARAPL1"
"overlap_rawp","rawp05","NEO.TNBCCL","neo;tnbc_cl","Fun",0.3,"GABARAPL3"
"overlap_rawp","rawp05","NEO.TNBCCL","neo;tnbc_cl","Fun",0.3,"GABPB1-AS1"
"overlap_rawp","rawp05","NEO.TNBCCL","neo;tnbc_cl","Fun",0.3,"GADD45G"
"overlap_rawp","rawp05","NEO.TNBCCL","neo;tnbc_cl","Fun",0.3,"GAK"
"overlap_rawp","rawp05","NEO.TNBCCL","neo;tnbc_cl","Fun",0.3,"GAL3ST4"
"overlap_rawp","rawp05","NEO.TNBCCL","neo;tnbc_cl","Fun",0.3,"GALT"
"overlap_rawp","rawp05","NEO.TNBCCL","neo;tnbc_cl","Fun",0.3,"GATA2"
"overlap_rawp","rawp05","NEO.TNBCCL","neo;tnbc_cl","Fun",0.3,"GATD1"
"overlap_rawp","rawp05","NEO.TNBCCL","neo;tnbc_cl","Fun",0.3,"GBA1"
"overlap_rawp","rawp05","NEO.TNBCCL","neo;tnbc_cl","Fun",0.3,"GCHFR"
"overlap_rawp","rawp05","NEO.TNBCCL","neo;tnbc_cl","Fun",0.3,"GFI1"
"overlap_rawp","rawp05","NEO.TNBCCL","neo;tnbc_cl","Fun",0.3,"GFRA3"
"overlap_rawp","rawp05","NEO.TNBCCL","neo;tnbc_cl","Fun",0.3,"GLIPR2"
"overlap_rawp","rawp05","NEO.TNBCCL","neo;tnbc_cl","Fun",0.3,"GLIS2"
"overlap_rawp","rawp05","NEO.TNBCCL","neo;tnbc_cl","Fun",0.3,"GLUL"
"overlap_rawp","rawp05","NEO.TNBCCL","neo;tnbc_cl","Fun",0.3,"GMPR2"
"overlap_rawp","rawp05","NEO.TNBCCL","neo;tnbc_cl","Fun",0.3,"GNA11"
"overlap_rawp","rawp05","NEO.TNBCCL","neo;tnbc_cl","Fun",0.3,"GNB2"
"overlap_rawp","rawp05","NEO.TNBCCL","neo;tnbc_cl","Fun",0.3,"GNB3"
"overlap_rawp","rawp05","NEO.TNBCCL","neo;tnbc_cl","Fun",0.3,"GNL1"
"overlap_rawp","rawp05","NEO.TNBCCL","neo;tnbc_cl","Fun",0.3,"GOLGA8B"
"overlap_rawp","rawp05","NEO.TNBCCL","neo;tnbc_cl","Fun",0.3,"GOT1"
"overlap_rawp","rawp05","NEO.TNBCCL","neo;tnbc_cl","Fun",0.3,"GPAA1"
"overlap_rawp","rawp05","NEO.TNBCCL","neo;tnbc_cl","Fun",0.3,"GPATCH3"
"overlap_rawp","rawp05","NEO.TNBCCL","neo;tnbc_cl","Fun",0.3,"GPC1"
"overlap_rawp","rawp05","NEO.TNBCCL","neo;tnbc_cl","Fun",0.3,"GPER1"
"overlap_rawp","rawp05","NEO.TNBCCL","neo;tnbc_cl","Fun",0.3,"GPR151"
"overlap_rawp","rawp05","NEO.TNBCCL","neo;tnbc_cl","Fun",0.3,"GPR162"
"overlap_rawp","rawp05","NEO.TNBCCL","neo;tnbc_cl","Fun",0.3,"GPS2"
"overlap_rawp","rawp05","NEO.TNBCCL","neo;tnbc_cl","Fun",0.3,"GPX4"
"overlap_rawp","rawp05","NEO.TNBCCL","neo;tnbc_cl","Fun",0.3,"GRIP2"
"overlap_rawp","rawp05","NEO.TNBCCL","neo;tnbc_cl","Fun",0.3,"GRIPAP1"
"overlap_rawp","rawp05","NEO.TNBCCL","neo;tnbc_cl","Fun",0.3,"GRN"
"overlap_rawp","rawp05","NEO.TNBCCL","neo;tnbc_cl","Fun",0.3,"GSDMD"
"overlap_rawp","rawp05","NEO.TNBCCL","neo;tnbc_cl","Fun",0.3,"GSK3A"
"overlap_rawp","rawp05","NEO.TNBCCL","neo;tnbc_cl","Fun",0.3,"GTF2F1"
"overlap_rawp","rawp05","NEO.TNBCCL","neo;tnbc_cl","Fun",0.3,"GTF3C5"
"overlap_rawp","rawp05","NEO.TNBCCL","neo;tnbc_cl","Fun",0.3,"GTSF1"
"overlap_rawp","rawp05","NEO.TNBCCL","neo;tnbc_cl","Fun",0.3,"GUCD1"
"overlap_rawp","rawp05","NEO.TNBCCL","neo;tnbc_cl","Fun",0.3,"GUSB"
"overlap_rawp","rawp05","NEO.TNBCCL","neo;tnbc_cl","Fun",0.3,"GUSBP11"
"overlap_rawp","rawp05","NEO.TNBCCL","neo;tnbc_cl","Fun",0.3,"H2AB1"
"overlap_rawp","rawp05","NEO.TNBCCL","neo;tnbc_cl","Fun",0.3,"HAAO"
"overlap_rawp","rawp05","NEO.TNBCCL","neo;tnbc_cl","Fun",0.3,"HAPLN3"
"overlap_rawp","rawp05","NEO.TNBCCL","neo;tnbc_cl","Fun",0.3,"HAUS5"
"overlap_rawp","rawp05","NEO.TNBCCL","neo;tnbc_cl","Fun",0.3,"HCFC1"
"overlap_rawp","rawp05","NEO.TNBCCL","neo;tnbc_cl","Fun",0.3,"HCFC1R1"
"overlap_rawp","rawp05","NEO.TNBCCL","neo;tnbc_cl","Fun",0.3,"HCK"
"overlap_rawp","rawp05","NEO.TNBCCL","neo;tnbc_cl","Fun",0.3,"HDAC1"
"overlap_rawp","rawp05","NEO.TNBCCL","neo;tnbc_cl","Fun",0.3,"HDGF"
"overlap_rawp","rawp05","NEO.TNBCCL","neo;tnbc_cl","Fun",0.3,"HDGFL2"
"overlap_rawp","rawp05","NEO.TNBCCL","neo;tnbc_cl","Fun",0.3,"HDHD3"
"overlap_rawp","rawp05","NEO.TNBCCL","neo;tnbc_cl","Fun",0.3,"HEPH"
"overlap_rawp","rawp05","NEO.TNBCCL","neo;tnbc_cl","Fun",0.3,"HES1"
"overlap_rawp","rawp05","NEO.TNBCCL","neo;tnbc_cl","Fun",0.3,"HEXIM2"
"overlap_rawp","rawp05","NEO.TNBCCL","neo;tnbc_cl","Fun",0.3,"HEYL"
"overlap_rawp","rawp05","NEO.TNBCCL","neo;tnbc_cl","Fun",0.3,"HINFP"
"overlap_rawp","rawp05","NEO.TNBCCL","neo;tnbc_cl","Fun",0.3,"HINT2"
"overlap_rawp","rawp05","NEO.TNBCCL","neo;tnbc_cl","Fun",0.3,"HIRIP3"
"overlap_rawp","rawp05","NEO.TNBCCL","neo;tnbc_cl","Fun",0.3,"HLA-E"
"overlap_rawp","rawp05","NEO.TNBCCL","neo;tnbc_cl","Fun",0.3,"HMCES"
"overlap_rawp","rawp05","NEO.TNBCCL","neo;tnbc_cl","Fun",0.3,"HMGN2"
"overlap_rawp","rawp05","NEO.TNBCCL","neo;tnbc_cl","Fun",0.3,"HOOK2"
"overlap_rawp","rawp05","NEO.TNBCCL","neo;tnbc_cl","Fun",0.3,"HOXA2"
"overlap_rawp","rawp05","NEO.TNBCCL","neo;tnbc_cl","Fun",0.3,"HOXA4"
"overlap_rawp","rawp05","NEO.TNBCCL","neo;tnbc_cl","Fun",0.3,"HOXC6"
"overlap_rawp","rawp05","NEO.TNBCCL","neo;tnbc_cl","Fun",0.3,"HPS1"
"overlap_rawp","rawp05","NEO.TNBCCL","neo;tnbc_cl","Fun",0.3,"HS6ST1"
"overlap_rawp","rawp05","NEO.TNBCCL","neo;tnbc_cl","Fun",0.3,"HSCB"
"overlap_rawp","rawp05","NEO.TNBCCL","neo;tnbc_cl","Fun",0.3,"HSD17B1"
"overlap_rawp","rawp05","NEO.TNBCCL","neo;tnbc_cl","Fun",0.3,"HSD17B6"
"overlap_rawp","rawp05","NEO.TNBCCL","neo;tnbc_cl","Fun",0.3,"HSF1"
"overlap_rawp","rawp05","NEO.TNBCCL","neo;tnbc_cl","Fun",0.3,"HSFX2"
"overlap_rawp","rawp05","NEO.TNBCCL","neo;tnbc_cl","Fun",0.3,"HSPA2"
"overlap_rawp","rawp05","NEO.TNBCCL","neo;tnbc_cl","Fun",0.3,"HSPB1"
"overlap_rawp","rawp05","NEO.TNBCCL","neo;tnbc_cl","Fun",0.3,"HTATSF1"
"overlap_rawp","rawp05","NEO.TNBCCL","neo;tnbc_cl","Fun",0.3,"HTD2"
"overlap_rawp","rawp05","NEO.TNBCCL","neo;tnbc_cl","Fun",0.3,"HYAL1"
"overlap_rawp","rawp05","NEO.TNBCCL","neo;tnbc_cl","Fun",0.3,"HYAL3"
"overlap_rawp","rawp05","NEO.TNBCCL","neo;tnbc_cl","Fun",0.3,"IDH2"
"overlap_rawp","rawp05","NEO.TNBCCL","neo;tnbc_cl","Fun",0.3,"IDNK"
"overlap_rawp","rawp05","NEO.TNBCCL","neo;tnbc_cl","Fun",0.3,"IFI35"
"overlap_rawp","rawp05","NEO.TNBCCL","neo;tnbc_cl","Fun",0.3,"IGBP1P1"
"overlap_rawp","rawp05","NEO.TNBCCL","neo;tnbc_cl","Fun",0.3,"IL20RB"
"overlap_rawp","rawp05","NEO.TNBCCL","neo;tnbc_cl","Fun",0.3,"IL5"
"overlap_rawp","rawp05","NEO.TNBCCL","neo;tnbc_cl","Fun",0.3,"ILDR1"
"overlap_rawp","rawp05","NEO.TNBCCL","neo;tnbc_cl","Fun",0.3,"ING2-DT"
"overlap_rawp","rawp05","NEO.TNBCCL","neo;tnbc_cl","Fun",0.3,"INKA2"
"overlap_rawp","rawp05","NEO.TNBCCL","neo;tnbc_cl","Fun",0.3,"INO80C"
"overlap_rawp","rawp05","NEO.TNBCCL","neo;tnbc_cl","Fun",0.3,"INPP5D"
"overlap_rawp","rawp05","NEO.TNBCCL","neo;tnbc_cl","Fun",0.3,"INPPL1"
"overlap_rawp","rawp05","NEO.TNBCCL","neo;tnbc_cl","Fun",0.3,"IP6K2"
"overlap_rawp","rawp05","NEO.TNBCCL","neo;tnbc_cl","Fun",0.3,"IQCC"
"overlap_rawp","rawp05","NEO.TNBCCL","neo;tnbc_cl","Fun",0.3,"IQCH-AS1"
"overlap_rawp","rawp05","NEO.TNBCCL","neo;tnbc_cl","Fun",0.3,"IRF2BP1"
"overlap_rawp","rawp05","NEO.TNBCCL","neo;tnbc_cl","Fun",0.3,"IRF7"
"overlap_rawp","rawp05","NEO.TNBCCL","neo;tnbc_cl","Fun",0.3,"IRX3"
"overlap_rawp","rawp05","NEO.TNBCCL","neo;tnbc_cl","Fun",0.3,"IRX5"
"overlap_rawp","rawp05","NEO.TNBCCL","neo;tnbc_cl","Fun",0.3,"ISLR2"
"overlap_rawp","rawp05","NEO.TNBCCL","neo;tnbc_cl","Fun",0.3,"ISYNA1"
"overlap_rawp","rawp05","NEO.TNBCCL","neo;tnbc_cl","Fun",0.3,"ITIH4"
"overlap_rawp","rawp05","NEO.TNBCCL","neo;tnbc_cl","Fun",0.3,"JAM2"
"overlap_rawp","rawp05","NEO.TNBCCL","neo;tnbc_cl","Fun",0.3,"JMJD1C-AS1"
"overlap_rawp","rawp05","NEO.TNBCCL","neo;tnbc_cl","Fun",0.3,"JMJD8"
"overlap_rawp","rawp05","NEO.TNBCCL","neo;tnbc_cl","Fun",0.3,"JUND"
"overlap_rawp","rawp05","NEO.TNBCCL","neo;tnbc_cl","Fun",0.3,"KCNE3"
"overlap_rawp","rawp05","NEO.TNBCCL","neo;tnbc_cl","Fun",0.3,"KCNJ10"
"overlap_rawp","rawp05","NEO.TNBCCL","neo;tnbc_cl","Fun",0.3,"KCNK6"
"overlap_rawp","rawp05","NEO.TNBCCL","neo;tnbc_cl","Fun",0.3,"KCTD13"
"overlap_rawp","rawp05","NEO.TNBCCL","neo;tnbc_cl","Fun",0.3,"KCTD5"
"overlap_rawp","rawp05","NEO.TNBCCL","neo;tnbc_cl","Fun",0.3,"KEAP1"
"overlap_rawp","rawp05","NEO.TNBCCL","neo;tnbc_cl","Fun",0.3,"KIAA0319"
"overlap_rawp","rawp05","NEO.TNBCCL","neo;tnbc_cl","Fun",0.3,"KIF22"
"overlap_rawp","rawp05","NEO.TNBCCL","neo;tnbc_cl","Fun",0.3,"KIF7"
"overlap_rawp","rawp05","NEO.TNBCCL","neo;tnbc_cl","Fun",0.3,"KLF10"
"overlap_rawp","rawp05","NEO.TNBCCL","neo;tnbc_cl","Fun",0.3,"KLF5"
"overlap_rawp","rawp05","NEO.TNBCCL","neo;tnbc_cl","Fun",0.3,"KLHL25"
"overlap_rawp","rawp05","NEO.TNBCCL","neo;tnbc_cl","Fun",0.3,"KMT2E-AS1"
"overlap_rawp","rawp05","NEO.TNBCCL","neo;tnbc_cl","Fun",0.3,"KMT5C"
"overlap_rawp","rawp05","NEO.TNBCCL","neo;tnbc_cl","Fun",0.3,"KRI1"
"overlap_rawp","rawp05","NEO.TNBCCL","neo;tnbc_cl","Fun",0.3,"KXD1"
"overlap_rawp","rawp05","NEO.TNBCCL","neo;tnbc_cl","Fun",0.3,"L2HGDH"
"overlap_rawp","rawp05","NEO.TNBCCL","neo;tnbc_cl","Fun",0.3,"L3MBTL2"
"overlap_rawp","rawp05","NEO.TNBCCL","neo;tnbc_cl","Fun",0.3,"LBX2-AS1"
"overlap_rawp","rawp05","NEO.TNBCCL","neo;tnbc_cl","Fun",0.3,"LCP2"
"overlap_rawp","rawp05","NEO.TNBCCL","neo;tnbc_cl","Fun",0.3,"LENG1"
"overlap_rawp","rawp05","NEO.TNBCCL","neo;tnbc_cl","Fun",0.3,"LENG8"
"overlap_rawp","rawp05","NEO.TNBCCL","neo;tnbc_cl","Fun",0.3,"LGALS9"
"overlap_rawp","rawp05","NEO.TNBCCL","neo;tnbc_cl","Fun",0.3,"LGI4"
"overlap_rawp","rawp05","NEO.TNBCCL","neo;tnbc_cl","Fun",0.3,"LGMN"
"overlap_rawp","rawp05","NEO.TNBCCL","neo;tnbc_cl","Fun",0.3,"LIN37"
"overlap_rawp","rawp05","NEO.TNBCCL","neo;tnbc_cl","Fun",0.3,"LINC00244"
"overlap_rawp","rawp05","NEO.TNBCCL","neo;tnbc_cl","Fun",0.3,"LINC00589"
"overlap_rawp","rawp05","NEO.TNBCCL","neo;tnbc_cl","Fun",0.3,"LINC00623"
"overlap_rawp","rawp05","NEO.TNBCCL","neo;tnbc_cl","Fun",0.3,"LINC00680"
"overlap_rawp","rawp05","NEO.TNBCCL","neo;tnbc_cl","Fun",0.3,"LINC00857"
"overlap_rawp","rawp05","NEO.TNBCCL","neo;tnbc_cl","Fun",0.3,"LINC00891"
"overlap_rawp","rawp05","NEO.TNBCCL","neo;tnbc_cl","Fun",0.3,"LINC00924"
"overlap_rawp","rawp05","NEO.TNBCCL","neo;tnbc_cl","Fun",0.3,"LINC01270"
"overlap_rawp","rawp05","NEO.TNBCCL","neo;tnbc_cl","Fun",0.3,"LINC01278"
"overlap_rawp","rawp05","NEO.TNBCCL","neo;tnbc_cl","Fun",0.3,"LINC02604"
"overlap_rawp","rawp05","NEO.TNBCCL","neo;tnbc_cl","Fun",0.3,"LITAF"
"overlap_rawp","rawp05","NEO.TNBCCL","neo;tnbc_cl","Fun",0.3,"LMCD1"
"overlap_rawp","rawp05","NEO.TNBCCL","neo;tnbc_cl","Fun",0.3,"LMF2"
"overlap_rawp","rawp05","NEO.TNBCCL","neo;tnbc_cl","Fun",0.3,"LMTK3"
"overlap_rawp","rawp05","NEO.TNBCCL","neo;tnbc_cl","Fun",0.3,"LPAR2"
"overlap_rawp","rawp05","NEO.TNBCCL","neo;tnbc_cl","Fun",0.3,"LPCAT3"
"overlap_rawp","rawp05","NEO.TNBCCL","neo;tnbc_cl","Fun",0.3,"LRRC25"
"overlap_rawp","rawp05","NEO.TNBCCL","neo;tnbc_cl","Fun",0.3,"LRRC37B"
"overlap_rawp","rawp05","NEO.TNBCCL","neo;tnbc_cl","Fun",0.3,"LRRC4"
"overlap_rawp","rawp05","NEO.TNBCCL","neo;tnbc_cl","Fun",0.3,"LRRC61"
"overlap_rawp","rawp05","NEO.TNBCCL","neo;tnbc_cl","Fun",0.3,"LTB4R"
"overlap_rawp","rawp05","NEO.TNBCCL","neo;tnbc_cl","Fun",0.3,"LYPD1"
"overlap_rawp","rawp05","NEO.TNBCCL","neo;tnbc_cl","Fun",0.3,"LYPD3"
"overlap_rawp","rawp05","NEO.TNBCCL","neo;tnbc_cl","Fun",0.3,"LZTS1"
"overlap_rawp","rawp05","NEO.TNBCCL","neo;tnbc_cl","Fun",0.3,"MAB21L3"
"overlap_rawp","rawp05","NEO.TNBCCL","neo;tnbc_cl","Fun",0.3,"MAF1"
"overlap_rawp","rawp05","NEO.TNBCCL","neo;tnbc_cl","Fun",0.3,"MAFK"
"overlap_rawp","rawp05","NEO.TNBCCL","neo;tnbc_cl","Fun",0.3,"MAGEF1"
"overlap_rawp","rawp05","NEO.TNBCCL","neo;tnbc_cl","Fun",0.3,"MAN1B1-DT"
"overlap_rawp","rawp05","NEO.TNBCCL","neo;tnbc_cl","Fun",0.3,"MANBAL"
"overlap_rawp","rawp05","NEO.TNBCCL","neo;tnbc_cl","Fun",0.3,"MAP1LC3A"
"overlap_rawp","rawp05","NEO.TNBCCL","neo;tnbc_cl","Fun",0.3,"MAP1LC3B"
"overlap_rawp","rawp05","NEO.TNBCCL","neo;tnbc_cl","Fun",0.3,"MAP2K2"
"overlap_rawp","rawp05","NEO.TNBCCL","neo;tnbc_cl","Fun",0.3,"MAP3K11"
"overlap_rawp","rawp05","NEO.TNBCCL","neo;tnbc_cl","Fun",0.3,"MAP3K14"
"overlap_rawp","rawp05","NEO.TNBCCL","neo;tnbc_cl","Fun",0.3,"MAP3K6"
"overlap_rawp","rawp05","NEO.TNBCCL","neo;tnbc_cl","Fun",0.3,"MAP6"
"overlap_rawp","rawp05","NEO.TNBCCL","neo;tnbc_cl","Fun",0.3,"MAPK13"
"overlap_rawp","rawp05","NEO.TNBCCL","neo;tnbc_cl","Fun",0.3,"MAPK1IP1L"
"overlap_rawp","rawp05","NEO.TNBCCL","neo;tnbc_cl","Fun",0.3,"MARK2"
"overlap_rawp","rawp05","NEO.TNBCCL","neo;tnbc_cl","Fun",0.3,"MARVELD3"
"overlap_rawp","rawp05","NEO.TNBCCL","neo;tnbc_cl","Fun",0.3,"MAU2"
"overlap_rawp","rawp05","NEO.TNBCCL","neo;tnbc_cl","Fun",0.3,"MAZ"
"overlap_rawp","rawp05","NEO.TNBCCL","neo;tnbc_cl","Fun",0.3,"MBD3"
"overlap_rawp","rawp05","NEO.TNBCCL","neo;tnbc_cl","Fun",0.3,"MBD6"
"overlap_rawp","rawp05","NEO.TNBCCL","neo;tnbc_cl","Fun",0.3,"MCIDAS"
"overlap_rawp","rawp05","NEO.TNBCCL","neo;tnbc_cl","Fun",0.3,"MCM7"
"overlap_rawp","rawp05","NEO.TNBCCL","neo;tnbc_cl","Fun",0.3,"MDGA1"
"overlap_rawp","rawp05","NEO.TNBCCL","neo;tnbc_cl","Fun",0.3,"MDK"
"overlap_rawp","rawp05","NEO.TNBCCL","neo;tnbc_cl","Fun",0.3,"MED25"
"overlap_rawp","rawp05","NEO.TNBCCL","neo;tnbc_cl","Fun",0.3,"MED26"
"overlap_rawp","rawp05","NEO.TNBCCL","neo;tnbc_cl","Fun",0.3,"MED6"
"overlap_rawp","rawp05","NEO.TNBCCL","neo;tnbc_cl","Fun",0.3,"MEF2B"
"overlap_rawp","rawp05","NEO.TNBCCL","neo;tnbc_cl","Fun",0.3,"MELTF"
"overlap_rawp","rawp05","NEO.TNBCCL","neo;tnbc_cl","Fun",0.3,"MELTF-AS1"
"overlap_rawp","rawp05","NEO.TNBCCL","neo;tnbc_cl","Fun",0.3,"MEP1A"
"overlap_rawp","rawp05","NEO.TNBCCL","neo;tnbc_cl","Fun",0.3,"MEPCE"
"overlap_rawp","rawp05","NEO.TNBCCL","neo;tnbc_cl","Fun",0.3,"METTL25B"
"overlap_rawp","rawp05","NEO.TNBCCL","neo;tnbc_cl","Fun",0.3,"MFGE8"
"overlap_rawp","rawp05","NEO.TNBCCL","neo;tnbc_cl","Fun",0.3,"MIB2"
"overlap_rawp","rawp05","NEO.TNBCCL","neo;tnbc_cl","Fun",0.3,"MICALL2"
"overlap_rawp","rawp05","NEO.TNBCCL","neo;tnbc_cl","Fun",0.3,"MIIP"
"overlap_rawp","rawp05","NEO.TNBCCL","neo;tnbc_cl","Fun",0.3,"MIR3936HG"
"overlap_rawp","rawp05","NEO.TNBCCL","neo;tnbc_cl","Fun",0.3,"MIRLET7BHG"
"overlap_rawp","rawp05","NEO.TNBCCL","neo;tnbc_cl","Fun",0.3,"MIS12"
"overlap_rawp","rawp05","NEO.TNBCCL","neo;tnbc_cl","Fun",0.3,"MLLT1"
"overlap_rawp","rawp05","NEO.TNBCCL","neo;tnbc_cl","Fun",0.3,"MLLT11"
"overlap_rawp","rawp05","NEO.TNBCCL","neo;tnbc_cl","Fun",0.3,"MLST8"
"overlap_rawp","rawp05","NEO.TNBCCL","neo;tnbc_cl","Fun",0.3,"MMACHC"
"overlap_rawp","rawp05","NEO.TNBCCL","neo;tnbc_cl","Fun",0.3,"MMP15"
"overlap_rawp","rawp05","NEO.TNBCCL","neo;tnbc_cl","Fun",0.3,"MORN1"
"overlap_rawp","rawp05","NEO.TNBCCL","neo;tnbc_cl","Fun",0.3,"MORN4"
"overlap_rawp","rawp05","NEO.TNBCCL","neo;tnbc_cl","Fun",0.3,"MOXD1"
"overlap_rawp","rawp05","NEO.TNBCCL","neo;tnbc_cl","Fun",0.3,"MPC1L"
"overlap_rawp","rawp05","NEO.TNBCCL","neo;tnbc_cl","Fun",0.3,"MRI1"
"overlap_rawp","rawp05","NEO.TNBCCL","neo;tnbc_cl","Fun",0.3,"MRPL37"
"overlap_rawp","rawp05","NEO.TNBCCL","neo;tnbc_cl","Fun",0.3,"MRPS18A"
"overlap_rawp","rawp05","NEO.TNBCCL","neo;tnbc_cl","Fun",0.3,"MRS2P2"
"overlap_rawp","rawp05","NEO.TNBCCL","neo;tnbc_cl","Fun",0.3,"MSC"
"overlap_rawp","rawp05","NEO.TNBCCL","neo;tnbc_cl","Fun",0.3,"MSI1"
"overlap_rawp","rawp05","NEO.TNBCCL","neo;tnbc_cl","Fun",0.3,"MT-ATP6"
"overlap_rawp","rawp05","NEO.TNBCCL","neo;tnbc_cl","Fun",0.3,"MT-ATP8"
"overlap_rawp","rawp05","NEO.TNBCCL","neo;tnbc_cl","Fun",0.3,"MT-CO1"
"overlap_rawp","rawp05","NEO.TNBCCL","neo;tnbc_cl","Fun",0.3,"MT-CYB"
"overlap_rawp","rawp05","NEO.TNBCCL","neo;tnbc_cl","Fun",0.3,"MT-ND2"
"overlap_rawp","rawp05","NEO.TNBCCL","neo;tnbc_cl","Fun",0.3,"MT-ND4"
"overlap_rawp","rawp05","NEO.TNBCCL","neo;tnbc_cl","Fun",0.3,"MT-ND5"
"overlap_rawp","rawp05","NEO.TNBCCL","neo;tnbc_cl","Fun",0.3,"MT-ND6"
"overlap_rawp","rawp05","NEO.TNBCCL","neo;tnbc_cl","Fun",0.3,"MTCH1"
"overlap_rawp","rawp05","NEO.TNBCCL","neo;tnbc_cl","Fun",0.3,"MTCP1"
"overlap_rawp","rawp05","NEO.TNBCCL","neo;tnbc_cl","Fun",0.3,"MTG2"
"overlap_rawp","rawp05","NEO.TNBCCL","neo;tnbc_cl","Fun",0.3,"MTRFR"
"overlap_rawp","rawp05","NEO.TNBCCL","neo;tnbc_cl","Fun",0.3,"MTSS2"
"overlap_rawp","rawp05","NEO.TNBCCL","neo;tnbc_cl","Fun",0.3,"MUC12"
"overlap_rawp","rawp05","NEO.TNBCCL","neo;tnbc_cl","Fun",0.3,"MYCL-AS1"
"overlap_rawp","rawp05","NEO.TNBCCL","neo;tnbc_cl","Fun",0.3,"MYH3"
"overlap_rawp","rawp05","NEO.TNBCCL","neo;tnbc_cl","Fun",0.3,"MYLK4"
"overlap_rawp","rawp05","NEO.TNBCCL","neo;tnbc_cl","Fun",0.3,"MYOCD"
"overlap_rawp","rawp05","NEO.TNBCCL","neo;tnbc_cl","Fun",0.3,"MYPOP"
"overlap_rawp","rawp05","NEO.TNBCCL","neo;tnbc_cl","Fun",0.3,"MZF1"
"overlap_rawp","rawp05","NEO.TNBCCL","neo;tnbc_cl","Fun",0.3,"NAA60"
"overlap_rawp","rawp05","NEO.TNBCCL","neo;tnbc_cl","Fun",0.3,"NAA80"
"overlap_rawp","rawp05","NEO.TNBCCL","neo;tnbc_cl","Fun",0.3,"NAB2"
"overlap_rawp","rawp05","NEO.TNBCCL","neo;tnbc_cl","Fun",0.3,"NABP2"
"overlap_rawp","rawp05","NEO.TNBCCL","neo;tnbc_cl","Fun",0.3,"NAGK"
"overlap_rawp","rawp05","NEO.TNBCCL","neo;tnbc_cl","Fun",0.3,"NAGS"
"overlap_rawp","rawp05","NEO.TNBCCL","neo;tnbc_cl","Fun",0.3,"NAPA"
"overlap_rawp","rawp05","NEO.TNBCCL","neo;tnbc_cl","Fun",0.3,"NAPB"
"overlap_rawp","rawp05","NEO.TNBCCL","neo;tnbc_cl","Fun",0.3,"NAXE"
"overlap_rawp","rawp05","NEO.TNBCCL","neo;tnbc_cl","Fun",0.3,"NBPF1"
"overlap_rawp","rawp05","NEO.TNBCCL","neo;tnbc_cl","Fun",0.3,"NBPF11"
"overlap_rawp","rawp05","NEO.TNBCCL","neo;tnbc_cl","Fun",0.3,"NBPF12"
"overlap_rawp","rawp05","NEO.TNBCCL","neo;tnbc_cl","Fun",0.3,"NCAPH2"
"overlap_rawp","rawp05","NEO.TNBCCL","neo;tnbc_cl","Fun",0.3,"NCBP2"
"overlap_rawp","rawp05","NEO.TNBCCL","neo;tnbc_cl","Fun",0.3,"NCBP2AS2"
"overlap_rawp","rawp05","NEO.TNBCCL","neo;tnbc_cl","Fun",0.3,"NCKAP1L"
"overlap_rawp","rawp05","NEO.TNBCCL","neo;tnbc_cl","Fun",0.3,"NCKAP5L"
"overlap_rawp","rawp05","NEO.TNBCCL","neo;tnbc_cl","Fun",0.3,"NDOR1"
"overlap_rawp","rawp05","NEO.TNBCCL","neo;tnbc_cl","Fun",0.3,"NDUFS6"
"overlap_rawp","rawp05","NEO.TNBCCL","neo;tnbc_cl","Fun",0.3,"NDUFS7"
"overlap_rawp","rawp05","NEO.TNBCCL","neo;tnbc_cl","Fun",0.3,"NDUFS8"
"overlap_rawp","rawp05","NEO.TNBCCL","neo;tnbc_cl","Fun",0.3,"NDUFV1"
"overlap_rawp","rawp05","NEO.TNBCCL","neo;tnbc_cl","Fun",0.3,"NECAB3"
"overlap_rawp","rawp05","NEO.TNBCCL","neo;tnbc_cl","Fun",0.3,"NECAP2"
"overlap_rawp","rawp05","NEO.TNBCCL","neo;tnbc_cl","Fun",0.3,"NELFA"
"overlap_rawp","rawp05","NEO.TNBCCL","neo;tnbc_cl","Fun",0.3,"NEU1"
"overlap_rawp","rawp05","NEO.TNBCCL","neo;tnbc_cl","Fun",0.3,"NEURL1B"
"overlap_rawp","rawp05","NEO.TNBCCL","neo;tnbc_cl","Fun",0.3,"NEXN-AS1"
"overlap_rawp","rawp05","NEO.TNBCCL","neo;tnbc_cl","Fun",0.3,"NFAM1"
"overlap_rawp","rawp05","NEO.TNBCCL","neo;tnbc_cl","Fun",0.3,"NFASC"
"overlap_rawp","rawp05","NEO.TNBCCL","neo;tnbc_cl","Fun",0.3,"NFATC2IP"
"overlap_rawp","rawp05","NEO.TNBCCL","neo;tnbc_cl","Fun",0.3,"NFYC"
"overlap_rawp","rawp05","NEO.TNBCCL","neo;tnbc_cl","Fun",0.3,"NGRN"
"overlap_rawp","rawp05","NEO.TNBCCL","neo;tnbc_cl","Fun",0.3,"NHSL3"
"overlap_rawp","rawp05","NEO.TNBCCL","neo;tnbc_cl","Fun",0.3,"NINJ1"
"overlap_rawp","rawp05","NEO.TNBCCL","neo;tnbc_cl","Fun",0.3,"NINJ2"
"overlap_rawp","rawp05","NEO.TNBCCL","neo;tnbc_cl","Fun",0.3,"NMNAT1"
"overlap_rawp","rawp05","NEO.TNBCCL","neo;tnbc_cl","Fun",0.3,"NOL4L"
"overlap_rawp","rawp05","NEO.TNBCCL","neo;tnbc_cl","Fun",0.3,"NOSIP"
"overlap_rawp","rawp05","NEO.TNBCCL","neo;tnbc_cl","Fun",0.3,"NOTCH4"
"overlap_rawp","rawp05","NEO.TNBCCL","neo;tnbc_cl","Fun",0.3,"NPIPA1"
"overlap_rawp","rawp05","NEO.TNBCCL","neo;tnbc_cl","Fun",0.3,"NPIPA8"
"overlap_rawp","rawp05","NEO.TNBCCL","neo;tnbc_cl","Fun",0.3,"NPIPB15"
"overlap_rawp","rawp05","NEO.TNBCCL","neo;tnbc_cl","Fun",0.3,"NPIPB8"
"overlap_rawp","rawp05","NEO.TNBCCL","neo;tnbc_cl","Fun",0.3,"NR2C2AP"
"overlap_rawp","rawp05","NEO.TNBCCL","neo;tnbc_cl","Fun",0.3,"NR2F6"
"overlap_rawp","rawp05","NEO.TNBCCL","neo;tnbc_cl","Fun",0.3,"NRGN"
"overlap_rawp","rawp05","NEO.TNBCCL","neo;tnbc_cl","Fun",0.3,"NRM"
"overlap_rawp","rawp05","NEO.TNBCCL","neo;tnbc_cl","Fun",0.3,"NTN1"
"overlap_rawp","rawp05","NEO.TNBCCL","neo;tnbc_cl","Fun",0.3,"NTN3"
"overlap_rawp","rawp05","NEO.TNBCCL","neo;tnbc_cl","Fun",0.3,"NUBP1"
"overlap_rawp","rawp05","NEO.TNBCCL","neo;tnbc_cl","Fun",0.3,"NUBP2"
"overlap_rawp","rawp05","NEO.TNBCCL","neo;tnbc_cl","Fun",0.3,"NUP210L"
"overlap_rawp","rawp05","NEO.TNBCCL","neo;tnbc_cl","Fun",0.3,"NUTM2D"
"overlap_rawp","rawp05","NEO.TNBCCL","neo;tnbc_cl","Fun",0.3,"NXF1"
"overlap_rawp","rawp05","NEO.TNBCCL","neo;tnbc_cl","Fun",0.3,"NYAP2"
"overlap_rawp","rawp05","NEO.TNBCCL","neo;tnbc_cl","Fun",0.3,"OGFR"
"overlap_rawp","rawp05","NEO.TNBCCL","neo;tnbc_cl","Fun",0.3,"OGG1"
"overlap_rawp","rawp05","NEO.TNBCCL","neo;tnbc_cl","Fun",0.3,"OPTN"
"overlap_rawp","rawp05","NEO.TNBCCL","neo;tnbc_cl","Fun",0.3,"OR2M1P"
"overlap_rawp","rawp05","NEO.TNBCCL","neo;tnbc_cl","Fun",0.3,"OS9"
"overlap_rawp","rawp05","NEO.TNBCCL","neo;tnbc_cl","Fun",0.3,"OSGIN1"
"overlap_rawp","rawp05","NEO.TNBCCL","neo;tnbc_cl","Fun",0.3,"OSR2"
"overlap_rawp","rawp05","NEO.TNBCCL","neo;tnbc_cl","Fun",0.3,"OTUB1"
"overlap_rawp","rawp05","NEO.TNBCCL","neo;tnbc_cl","Fun",0.3,"OTUD5"
"overlap_rawp","rawp05","NEO.TNBCCL","neo;tnbc_cl","Fun",0.3,"OXER1"
"overlap_rawp","rawp05","NEO.TNBCCL","neo;tnbc_cl","Fun",0.3,"P2RY11"
"overlap_rawp","rawp05","NEO.TNBCCL","neo;tnbc_cl","Fun",0.3,"PABIR2"
"overlap_rawp","rawp05","NEO.TNBCCL","neo;tnbc_cl","Fun",0.3,"PANK2"
"overlap_rawp","rawp05","NEO.TNBCCL","neo;tnbc_cl","Fun",0.3,"PARP10"
"overlap_rawp","rawp05","NEO.TNBCCL","neo;tnbc_cl","Fun",0.3,"PCBP2-OT1"
"overlap_rawp","rawp05","NEO.TNBCCL","neo;tnbc_cl","Fun",0.3,"PCED1A"
"overlap_rawp","rawp05","NEO.TNBCCL","neo;tnbc_cl","Fun",0.3,"PCNT"
"overlap_rawp","rawp05","NEO.TNBCCL","neo;tnbc_cl","Fun",0.3,"PDE1B"
"overlap_rawp","rawp05","NEO.TNBCCL","neo;tnbc_cl","Fun",0.3,"PDK2"
"overlap_rawp","rawp05","NEO.TNBCCL","neo;tnbc_cl","Fun",0.3,"PEDS1"
"overlap_rawp","rawp05","NEO.TNBCCL","neo;tnbc_cl","Fun",0.3,"PELP1"
"overlap_rawp","rawp05","NEO.TNBCCL","neo;tnbc_cl","Fun",0.3,"PER3"
"overlap_rawp","rawp05","NEO.TNBCCL","neo;tnbc_cl","Fun",0.3,"PET117"
"overlap_rawp","rawp05","NEO.TNBCCL","neo;tnbc_cl","Fun",0.3,"PEX10"
"overlap_rawp","rawp05","NEO.TNBCCL","neo;tnbc_cl","Fun",0.3,"PGD"
"overlap_rawp","rawp05","NEO.TNBCCL","neo;tnbc_cl","Fun",0.3,"PHACTR4"
"overlap_rawp","rawp05","NEO.TNBCCL","neo;tnbc_cl","Fun",0.3,"PHAF1"
"overlap_rawp","rawp05","NEO.TNBCCL","neo;tnbc_cl","Fun",0.3,"PHF12"
"overlap_rawp","rawp05","NEO.TNBCCL","neo;tnbc_cl","Fun",0.3,"PHLDB1"
"overlap_rawp","rawp05","NEO.TNBCCL","neo;tnbc_cl","Fun",0.3,"PHLDB3"
"overlap_rawp","rawp05","NEO.TNBCCL","neo;tnbc_cl","Fun",0.3,"PIDD1"
"overlap_rawp","rawp05","NEO.TNBCCL","neo;tnbc_cl","Fun",0.3,"PIGT"
"overlap_rawp","rawp05","NEO.TNBCCL","neo;tnbc_cl","Fun",0.3,"PIGX"
"overlap_rawp","rawp05","NEO.TNBCCL","neo;tnbc_cl","Fun",0.3,"PIH1D1"
"overlap_rawp","rawp05","NEO.TNBCCL","neo;tnbc_cl","Fun",0.3,"PIN1"
"overlap_rawp","rawp05","NEO.TNBCCL","neo;tnbc_cl","Fun",0.3,"PINK1-AS"
"overlap_rawp","rawp05","NEO.TNBCCL","neo;tnbc_cl","Fun",0.3,"PIP4K2C"
"overlap_rawp","rawp05","NEO.TNBCCL","neo;tnbc_cl","Fun",0.3,"PITHD1"
"overlap_rawp","rawp05","NEO.TNBCCL","neo;tnbc_cl","Fun",0.3,"PITX1-AS1"
"overlap_rawp","rawp05","NEO.TNBCCL","neo;tnbc_cl","Fun",0.3,"PLCE1"
"overlap_rawp","rawp05","NEO.TNBCCL","neo;tnbc_cl","Fun",0.3,"PLEKHA4"
"overlap_rawp","rawp05","NEO.TNBCCL","neo;tnbc_cl","Fun",0.3,"PLEKHA6"
"overlap_rawp","rawp05","NEO.TNBCCL","neo;tnbc_cl","Fun",0.3,"PLEKHG3"
"overlap_rawp","rawp05","NEO.TNBCCL","neo;tnbc_cl","Fun",0.3,"PLEKHG4B"
"overlap_rawp","rawp05","NEO.TNBCCL","neo;tnbc_cl","Fun",0.3,"PLEKHG6"
"overlap_rawp","rawp05","NEO.TNBCCL","neo;tnbc_cl","Fun",0.3,"PLEKHO2"
"overlap_rawp","rawp05","NEO.TNBCCL","neo;tnbc_cl","Fun",0.3,"PML"
"overlap_rawp","rawp05","NEO.TNBCCL","neo;tnbc_cl","Fun",0.3,"PNKD"
"overlap_rawp","rawp05","NEO.TNBCCL","neo;tnbc_cl","Fun",0.3,"PNPLA1"
"overlap_rawp","rawp05","NEO.TNBCCL","neo;tnbc_cl","Fun",0.3,"PNPLA2"
"overlap_rawp","rawp05","NEO.TNBCCL","neo;tnbc_cl","Fun",0.3,"POLA2"
"overlap_rawp","rawp05","NEO.TNBCCL","neo;tnbc_cl","Fun",0.3,"POLD1"
"overlap_rawp","rawp05","NEO.TNBCCL","neo;tnbc_cl","Fun",0.3,"POLE"
"overlap_rawp","rawp05","NEO.TNBCCL","neo;tnbc_cl","Fun",0.3,"POLG"
"overlap_rawp","rawp05","NEO.TNBCCL","neo;tnbc_cl","Fun",0.3,"POLR2A"
"overlap_rawp","rawp05","NEO.TNBCCL","neo;tnbc_cl","Fun",0.3,"POLR2E"
"overlap_rawp","rawp05","NEO.TNBCCL","neo;tnbc_cl","Fun",0.3,"POLR2L"
"overlap_rawp","rawp05","NEO.TNBCCL","neo;tnbc_cl","Fun",0.3,"POU4F3"
"overlap_rawp","rawp05","NEO.TNBCCL","neo;tnbc_cl","Fun",0.3,"POU5F1"
"overlap_rawp","rawp05","NEO.TNBCCL","neo;tnbc_cl","Fun",0.3,"PPCDC"
"overlap_rawp","rawp05","NEO.TNBCCL","neo;tnbc_cl","Fun",0.3,"PPDPF"
"overlap_rawp","rawp05","NEO.TNBCCL","neo;tnbc_cl","Fun",0.3,"PPP1R11"
"overlap_rawp","rawp05","NEO.TNBCCL","neo;tnbc_cl","Fun",0.3,"PPP1R12C"
"overlap_rawp","rawp05","NEO.TNBCCL","neo;tnbc_cl","Fun",0.3,"PPP1R15A"
"overlap_rawp","rawp05","NEO.TNBCCL","neo;tnbc_cl","Fun",0.3,"PPP1R1C"
"overlap_rawp","rawp05","NEO.TNBCCL","neo;tnbc_cl","Fun",0.3,"PPP1R3E"
"overlap_rawp","rawp05","NEO.TNBCCL","neo;tnbc_cl","Fun",0.3,"PPP1R7"
"overlap_rawp","rawp05","NEO.TNBCCL","neo;tnbc_cl","Fun",0.3,"PRCC"
"overlap_rawp","rawp05","NEO.TNBCCL","neo;tnbc_cl","Fun",0.3,"PRKACA"
"overlap_rawp","rawp05","NEO.TNBCCL","neo;tnbc_cl","Fun",0.3,"PRKAR1B"
"overlap_rawp","rawp05","NEO.TNBCCL","neo;tnbc_cl","Fun",0.3,"PROCA1"
"overlap_rawp","rawp05","NEO.TNBCCL","neo;tnbc_cl","Fun",0.3,"PRPF38B"
"overlap_rawp","rawp05","NEO.TNBCCL","neo;tnbc_cl","Fun",0.3,"PRPH2"
"overlap_rawp","rawp05","NEO.TNBCCL","neo;tnbc_cl","Fun",0.3,"PRR13"
"overlap_rawp","rawp05","NEO.TNBCCL","neo;tnbc_cl","Fun",0.3,"PRR14"
"overlap_rawp","rawp05","NEO.TNBCCL","neo;tnbc_cl","Fun",0.3,"PRR19"
"overlap_rawp","rawp05","NEO.TNBCCL","neo;tnbc_cl","Fun",0.3,"PRRT1"
"overlap_rawp","rawp05","NEO.TNBCCL","neo;tnbc_cl","Fun",0.3,"PRRT2"
"overlap_rawp","rawp05","NEO.TNBCCL","neo;tnbc_cl","Fun",0.3,"PRSS36"
"overlap_rawp","rawp05","NEO.TNBCCL","neo;tnbc_cl","Fun",0.3,"PRTFDC1"
"overlap_rawp","rawp05","NEO.TNBCCL","neo;tnbc_cl","Fun",0.3,"PSCA"
"overlap_rawp","rawp05","NEO.TNBCCL","neo;tnbc_cl","Fun",0.3,"PSD4"
"overlap_rawp","rawp05","NEO.TNBCCL","neo;tnbc_cl","Fun",0.3,"PSMB4"
"overlap_rawp","rawp05","NEO.TNBCCL","neo;tnbc_cl","Fun",0.3,"PSMB8"
"overlap_rawp","rawp05","NEO.TNBCCL","neo;tnbc_cl","Fun",0.3,"PSME3IP1"
"overlap_rawp","rawp05","NEO.TNBCCL","neo;tnbc_cl","Fun",0.3,"PTAFR"
"overlap_rawp","rawp05","NEO.TNBCCL","neo;tnbc_cl","Fun",0.3,"PTGR1"
"overlap_rawp","rawp05","NEO.TNBCCL","neo;tnbc_cl","Fun",0.3,"PTPN6"
"overlap_rawp","rawp05","NEO.TNBCCL","neo;tnbc_cl","Fun",0.3,"PTPN7"
"overlap_rawp","rawp05","NEO.TNBCCL","neo;tnbc_cl","Fun",0.3,"PURA"
"overlap_rawp","rawp05","NEO.TNBCCL","neo;tnbc_cl","Fun",0.3,"PVRIG2P"
"overlap_rawp","rawp05","NEO.TNBCCL","neo;tnbc_cl","Fun",0.3,"PYCR2"
"overlap_rawp","rawp05","NEO.TNBCCL","neo;tnbc_cl","Fun",0.3,"PYGO2"
"overlap_rawp","rawp05","NEO.TNBCCL","neo;tnbc_cl","Fun",0.3,"RAB11B"
"overlap_rawp","rawp05","NEO.TNBCCL","neo;tnbc_cl","Fun",0.3,"RAB11FIP3"
"overlap_rawp","rawp05","NEO.TNBCCL","neo;tnbc_cl","Fun",0.3,"RAB15"
"overlap_rawp","rawp05","NEO.TNBCCL","neo;tnbc_cl","Fun",0.3,"RAB19"
"overlap_rawp","rawp05","NEO.TNBCCL","neo;tnbc_cl","Fun",0.3,"RABEP2"
"overlap_rawp","rawp05","NEO.TNBCCL","neo;tnbc_cl","Fun",0.3,"RABL6"
"overlap_rawp","rawp05","NEO.TNBCCL","neo;tnbc_cl","Fun",0.3,"RAD51-AS1"
"overlap_rawp","rawp05","NEO.TNBCCL","neo;tnbc_cl","Fun",0.3,"RAET1E-AS1"
"overlap_rawp","rawp05","NEO.TNBCCL","neo;tnbc_cl","Fun",0.3,"RAET1G"
"overlap_rawp","rawp05","NEO.TNBCCL","neo;tnbc_cl","Fun",0.3,"RARA"
"overlap_rawp","rawp05","NEO.TNBCCL","neo;tnbc_cl","Fun",0.3,"RARG"
"overlap_rawp","rawp05","NEO.TNBCCL","neo;tnbc_cl","Fun",0.3,"RASSF1"
"overlap_rawp","rawp05","NEO.TNBCCL","neo;tnbc_cl","Fun",0.3,"RASSF5"
"overlap_rawp","rawp05","NEO.TNBCCL","neo;tnbc_cl","Fun",0.3,"RBBP6"
"overlap_rawp","rawp05","NEO.TNBCCL","neo;tnbc_cl","Fun",0.3,"RBM10"
"overlap_rawp","rawp05","NEO.TNBCCL","neo;tnbc_cl","Fun",0.3,"RBM15B"
"overlap_rawp","rawp05","NEO.TNBCCL","neo;tnbc_cl","Fun",0.3,"RBM22"
"overlap_rawp","rawp05","NEO.TNBCCL","neo;tnbc_cl","Fun",0.3,"RBM25-AS1"
"overlap_rawp","rawp05","NEO.TNBCCL","neo;tnbc_cl","Fun",0.3,"RBM48"
"overlap_rawp","rawp05","NEO.TNBCCL","neo;tnbc_cl","Fun",0.3,"RBM8A"
"overlap_rawp","rawp05","NEO.TNBCCL","neo;tnbc_cl","Fun",0.3,"RCBTB2"
"overlap_rawp","rawp05","NEO.TNBCCL","neo;tnbc_cl","Fun",0.3,"RCCD1"
"overlap_rawp","rawp05","NEO.TNBCCL","neo;tnbc_cl","Fun",0.3,"REXO1"
"overlap_rawp","rawp05","NEO.TNBCCL","neo;tnbc_cl","Fun",0.3,"REXO5"
"overlap_rawp","rawp05","NEO.TNBCCL","neo;tnbc_cl","Fun",0.3,"RFC2"
"overlap_rawp","rawp05","NEO.TNBCCL","neo;tnbc_cl","Fun",0.3,"RFESD"
"overlap_rawp","rawp05","NEO.TNBCCL","neo;tnbc_cl","Fun",0.3,"RFPL1"
"overlap_rawp","rawp05","NEO.TNBCCL","neo;tnbc_cl","Fun",0.3,"RFPL1S"
"overlap_rawp","rawp05","NEO.TNBCCL","neo;tnbc_cl","Fun",0.3,"RFX1"
"overlap_rawp","rawp05","NEO.TNBCCL","neo;tnbc_cl","Fun",0.3,"RGMA"
"overlap_rawp","rawp05","NEO.TNBCCL","neo;tnbc_cl","Fun",0.3,"RHBDD2"
"overlap_rawp","rawp05","NEO.TNBCCL","neo;tnbc_cl","Fun",0.3,"RHBDD3"
"overlap_rawp","rawp05","NEO.TNBCCL","neo;tnbc_cl","Fun",0.3,"RHBDF1"
"overlap_rawp","rawp05","NEO.TNBCCL","neo;tnbc_cl","Fun",0.3,"RHOG"
"overlap_rawp","rawp05","NEO.TNBCCL","neo;tnbc_cl","Fun",0.3,"RIC8A"
"overlap_rawp","rawp05","NEO.TNBCCL","neo;tnbc_cl","Fun",0.3,"RING1"
"overlap_rawp","rawp05","NEO.TNBCCL","neo;tnbc_cl","Fun",0.3,"RMI2"
"overlap_rawp","rawp05","NEO.TNBCCL","neo;tnbc_cl","Fun",0.3,"RMND5B"
"overlap_rawp","rawp05","NEO.TNBCCL","neo;tnbc_cl","Fun",0.3,"RNASEK"
"overlap_rawp","rawp05","NEO.TNBCCL","neo;tnbc_cl","Fun",0.3,"RNF113A"
"overlap_rawp","rawp05","NEO.TNBCCL","neo;tnbc_cl","Fun",0.3,"RNF114"
"overlap_rawp","rawp05","NEO.TNBCCL","neo;tnbc_cl","Fun",0.3,"RNF167"
"overlap_rawp","rawp05","NEO.TNBCCL","neo;tnbc_cl","Fun",0.3,"RNF25"
"overlap_rawp","rawp05","NEO.TNBCCL","neo;tnbc_cl","Fun",0.3,"RNF40"
"overlap_rawp","rawp05","NEO.TNBCCL","neo;tnbc_cl","Fun",0.3,"RNH1"
"overlap_rawp","rawp05","NEO.TNBCCL","neo;tnbc_cl","Fun",0.3,"ROM1"
"overlap_rawp","rawp05","NEO.TNBCCL","neo;tnbc_cl","Fun",0.3,"ROR2"
"overlap_rawp","rawp05","NEO.TNBCCL","neo;tnbc_cl","Fun",0.3,"RSPH9"
"overlap_rawp","rawp05","NEO.TNBCCL","neo;tnbc_cl","Fun",0.3,"RTL10"
"overlap_rawp","rawp05","NEO.TNBCCL","neo;tnbc_cl","Fun",0.3,"RTL8A"
"overlap_rawp","rawp05","NEO.TNBCCL","neo;tnbc_cl","Fun",0.3,"RTN4R"
"overlap_rawp","rawp05","NEO.TNBCCL","neo;tnbc_cl","Fun",0.3,"RUNDC1"
"overlap_rawp","rawp05","NEO.TNBCCL","neo;tnbc_cl","Fun",0.3,"RUSC1"
"overlap_rawp","rawp05","NEO.TNBCCL","neo;tnbc_cl","Fun",0.3,"S100A10"
"overlap_rawp","rawp05","NEO.TNBCCL","neo;tnbc_cl","Fun",0.3,"SAC3D1"
"overlap_rawp","rawp05","NEO.TNBCCL","neo;tnbc_cl","Fun",0.3,"SAMD1"
"overlap_rawp","rawp05","NEO.TNBCCL","neo;tnbc_cl","Fun",0.3,"SCAMP3"
"overlap_rawp","rawp05","NEO.TNBCCL","neo;tnbc_cl","Fun",0.3,"SCAMP4"
"overlap_rawp","rawp05","NEO.TNBCCL","neo;tnbc_cl","Fun",0.3,"SCNM1"
"overlap_rawp","rawp05","NEO.TNBCCL","neo;tnbc_cl","Fun",0.3,"SCNN1A"
"overlap_rawp","rawp05","NEO.TNBCCL","neo;tnbc_cl","Fun",0.3,"SCNN1B"
"overlap_rawp","rawp05","NEO.TNBCCL","neo;tnbc_cl","Fun",0.3,"SCNN1D"
"overlap_rawp","rawp05","NEO.TNBCCL","neo;tnbc_cl","Fun",0.3,"SDF4"
"overlap_rawp","rawp05","NEO.TNBCCL","neo;tnbc_cl","Fun",0.3,"SDHAP2"
"overlap_rawp","rawp05","NEO.TNBCCL","neo;tnbc_cl","Fun",0.3,"SDR39U1"
"overlap_rawp","rawp05","NEO.TNBCCL","neo;tnbc_cl","Fun",0.3,"SECTM1"
"overlap_rawp","rawp05","NEO.TNBCCL","neo;tnbc_cl","Fun",0.3,"SELPLG"
"overlap_rawp","rawp05","NEO.TNBCCL","neo;tnbc_cl","Fun",0.3,"SEMA4A"
"overlap_rawp","rawp05","NEO.TNBCCL","neo;tnbc_cl","Fun",0.3,"SEMA5B"
"overlap_rawp","rawp05","NEO.TNBCCL","neo;tnbc_cl","Fun",0.3,"SEMA6D"
"overlap_rawp","rawp05","NEO.TNBCCL","neo;tnbc_cl","Fun",0.3,"SEPHS2"
"overlap_rawp","rawp05","NEO.TNBCCL","neo;tnbc_cl","Fun",0.3,"SERPINB6"
"overlap_rawp","rawp05","NEO.TNBCCL","neo;tnbc_cl","Fun",0.3,"SERPING1"
"overlap_rawp","rawp05","NEO.TNBCCL","neo;tnbc_cl","Fun",0.3,"SERTAD1"
"overlap_rawp","rawp05","NEO.TNBCCL","neo;tnbc_cl","Fun",0.3,"SF3B4"
"overlap_rawp","rawp05","NEO.TNBCCL","neo;tnbc_cl","Fun",0.3,"SGF29"
"overlap_rawp","rawp05","NEO.TNBCCL","neo;tnbc_cl","Fun",0.3,"SGPP2"
"overlap_rawp","rawp05","NEO.TNBCCL","neo;tnbc_cl","Fun",0.3,"SGTA"
"overlap_rawp","rawp05","NEO.TNBCCL","neo;tnbc_cl","Fun",0.3,"SH2B1"
"overlap_rawp","rawp05","NEO.TNBCCL","neo;tnbc_cl","Fun",0.3,"SH2D4A"
"overlap_rawp","rawp05","NEO.TNBCCL","neo;tnbc_cl","Fun",0.3,"SHARPIN"
"overlap_rawp","rawp05","NEO.TNBCCL","neo;tnbc_cl","Fun",0.3,"SHFL"
"overlap_rawp","rawp05","NEO.TNBCCL","neo;tnbc_cl","Fun",0.3,"SHMT1"
"overlap_rawp","rawp05","NEO.TNBCCL","neo;tnbc_cl","Fun",0.3,"SHROOM1"
"overlap_rawp","rawp05","NEO.TNBCCL","neo;tnbc_cl","Fun",0.3,"SIRPA"
"overlap_rawp","rawp05","NEO.TNBCCL","neo;tnbc_cl","Fun",0.3,"SIRT7"
"overlap_rawp","rawp05","NEO.TNBCCL","neo;tnbc_cl","Fun",0.3,"SLC10A3"
"overlap_rawp","rawp05","NEO.TNBCCL","neo;tnbc_cl","Fun",0.3,"SLC15A3"
"overlap_rawp","rawp05","NEO.TNBCCL","neo;tnbc_cl","Fun",0.3,"SLC25A10"
"overlap_rawp","rawp05","NEO.TNBCCL","neo;tnbc_cl","Fun",0.3,"SLC25A28"
"overlap_rawp","rawp05","NEO.TNBCCL","neo;tnbc_cl","Fun",0.3,"SLC25A29"
"overlap_rawp","rawp05","NEO.TNBCCL","neo;tnbc_cl","Fun",0.3,"SLC25A42"
"overlap_rawp","rawp05","NEO.TNBCCL","neo;tnbc_cl","Fun",0.3,"SLC2A11"
"overlap_rawp","rawp05","NEO.TNBCCL","neo;tnbc_cl","Fun",0.3,"SLC35G1"
"overlap_rawp","rawp05","NEO.TNBCCL","neo;tnbc_cl","Fun",0.3,"SLC39A1"
"overlap_rawp","rawp05","NEO.TNBCCL","neo;tnbc_cl","Fun",0.3,"SLC43A2"
"overlap_rawp","rawp05","NEO.TNBCCL","neo;tnbc_cl","Fun",0.3,"SLC50A1"
"overlap_rawp","rawp05","NEO.TNBCCL","neo;tnbc_cl","Fun",0.3,"SLC52A3"
"overlap_rawp","rawp05","NEO.TNBCCL","neo;tnbc_cl","Fun",0.3,"SLC66A1"
"overlap_rawp","rawp05","NEO.TNBCCL","neo;tnbc_cl","Fun",0.3,"SLC6A1"
"overlap_rawp","rawp05","NEO.TNBCCL","neo;tnbc_cl","Fun",0.3,"SLC7A5"
"overlap_rawp","rawp05","NEO.TNBCCL","neo;tnbc_cl","Fun",0.3,"SLC8A3"
"overlap_rawp","rawp05","NEO.TNBCCL","neo;tnbc_cl","Fun",0.3,"SLC9A1"
"overlap_rawp","rawp05","NEO.TNBCCL","neo;tnbc_cl","Fun",0.3,"SLTM"
"overlap_rawp","rawp05","NEO.TNBCCL","neo;tnbc_cl","Fun",0.3,"SMAP2"
"overlap_rawp","rawp05","NEO.TNBCCL","neo;tnbc_cl","Fun",0.3,"SMG1P2"
"overlap_rawp","rawp05","NEO.TNBCCL","neo;tnbc_cl","Fun",0.3,"SMG5"
"overlap_rawp","rawp05","NEO.TNBCCL","neo;tnbc_cl","Fun",0.3,"SNAI1"
"overlap_rawp","rawp05","NEO.TNBCCL","neo;tnbc_cl","Fun",0.3,"SNAP29"
"overlap_rawp","rawp05","NEO.TNBCCL","neo;tnbc_cl","Fun",0.3,"SNAPC5"
"overlap_rawp","rawp05","NEO.TNBCCL","neo;tnbc_cl","Fun",0.3,"SNRNP70"
"overlap_rawp","rawp05","NEO.TNBCCL","neo;tnbc_cl","Fun",0.3,"SOD3"
"overlap_rawp","rawp05","NEO.TNBCCL","neo;tnbc_cl","Fun",0.3,"SORBS3"
"overlap_rawp","rawp05","NEO.TNBCCL","neo;tnbc_cl","Fun",0.3,"SOWAHD"
"overlap_rawp","rawp05","NEO.TNBCCL","neo;tnbc_cl","Fun",0.3,"SOX18"
"overlap_rawp","rawp05","NEO.TNBCCL","neo;tnbc_cl","Fun",0.3,"SOX30"
"overlap_rawp","rawp05","NEO.TNBCCL","neo;tnbc_cl","Fun",0.3,"SOX7"
"overlap_rawp","rawp05","NEO.TNBCCL","neo;tnbc_cl","Fun",0.3,"SP2"
"overlap_rawp","rawp05","NEO.TNBCCL","neo;tnbc_cl","Fun",0.3,"SPATA2"
"overlap_rawp","rawp05","NEO.TNBCCL","neo;tnbc_cl","Fun",0.3,"SPEN-AS1"
"overlap_rawp","rawp05","NEO.TNBCCL","neo;tnbc_cl","Fun",0.3,"SPHK2"
"overlap_rawp","rawp05","NEO.TNBCCL","neo;tnbc_cl","Fun",0.3,"SPRYD4"
"overlap_rawp","rawp05","NEO.TNBCCL","neo;tnbc_cl","Fun",0.3,"SPSB1"
"overlap_rawp","rawp05","NEO.TNBCCL","neo;tnbc_cl","Fun",0.3,"SPTAN1"
"overlap_rawp","rawp05","NEO.TNBCCL","neo;tnbc_cl","Fun",0.3,"SSC5D"
"overlap_rawp","rawp05","NEO.TNBCCL","neo;tnbc_cl","Fun",0.3,"SSU72"
"overlap_rawp","rawp05","NEO.TNBCCL","neo;tnbc_cl","Fun",0.3,"ST6GALNAC1"
"overlap_rawp","rawp05","NEO.TNBCCL","neo;tnbc_cl","Fun",0.3,"ST7L"
"overlap_rawp","rawp05","NEO.TNBCCL","neo;tnbc_cl","Fun",0.3,"STAG3L5P-PVRIG2P-PILRB"
"overlap_rawp","rawp05","NEO.TNBCCL","neo;tnbc_cl","Fun",0.3,"STAT2"
"overlap_rawp","rawp05","NEO.TNBCCL","neo;tnbc_cl","Fun",0.3,"STING1"
"overlap_rawp","rawp05","NEO.TNBCCL","neo;tnbc_cl","Fun",0.3,"STK35"
"overlap_rawp","rawp05","NEO.TNBCCL","neo;tnbc_cl","Fun",0.3,"STX3"
"overlap_rawp","rawp05","NEO.TNBCCL","neo;tnbc_cl","Fun",0.3,"STX5"
"overlap_rawp","rawp05","NEO.TNBCCL","neo;tnbc_cl","Fun",0.3,"STXBP2"
"overlap_rawp","rawp05","NEO.TNBCCL","neo;tnbc_cl","Fun",0.3,"SUGCT"
"overlap_rawp","rawp05","NEO.TNBCCL","neo;tnbc_cl","Fun",0.3,"SULT1A3"
"overlap_rawp","rawp05","NEO.TNBCCL","neo;tnbc_cl","Fun",0.3,"SUMO3"
"overlap_rawp","rawp05","NEO.TNBCCL","neo;tnbc_cl","Fun",0.3,"SUPT7L"
"overlap_rawp","rawp05","NEO.TNBCCL","neo;tnbc_cl","Fun",0.3,"SUPV3L1"
"overlap_rawp","rawp05","NEO.TNBCCL","neo;tnbc_cl","Fun",0.3,"SURF6"
"overlap_rawp","rawp05","NEO.TNBCCL","neo;tnbc_cl","Fun",0.3,"SUV39H1"
"overlap_rawp","rawp05","NEO.TNBCCL","neo;tnbc_cl","Fun",0.3,"SYK"
"overlap_rawp","rawp05","NEO.TNBCCL","neo;tnbc_cl","Fun",0.3,"SYS1"
"overlap_rawp","rawp05","NEO.TNBCCL","neo;tnbc_cl","Fun",0.3,"SYT11"
"overlap_rawp","rawp05","NEO.TNBCCL","neo;tnbc_cl","Fun",0.3,"SYT15B"
"overlap_rawp","rawp05","NEO.TNBCCL","neo;tnbc_cl","Fun",0.3,"SYVN1"
"overlap_rawp","rawp05","NEO.TNBCCL","neo;tnbc_cl","Fun",0.3,"TACO1"
"overlap_rawp","rawp05","NEO.TNBCCL","neo;tnbc_cl","Fun",0.3,"TAF12"
"overlap_rawp","rawp05","NEO.TNBCCL","neo;tnbc_cl","Fun",0.3,"TAS2R5"
"overlap_rawp","rawp05","NEO.TNBCCL","neo;tnbc_cl","Fun",0.3,"TAS2R60"
"overlap_rawp","rawp05","NEO.TNBCCL","neo;tnbc_cl","Fun",0.3,"TAX1BP3"
"overlap_rawp","rawp05","NEO.TNBCCL","neo;tnbc_cl","Fun",0.3,"TBC1D10B"
"overlap_rawp","rawp05","NEO.TNBCCL","neo;tnbc_cl","Fun",0.3,"TBC1D2"
"overlap_rawp","rawp05","NEO.TNBCCL","neo;tnbc_cl","Fun",0.3,"TBX19"
"overlap_rawp","rawp05","NEO.TNBCCL","neo;tnbc_cl","Fun",0.3,"TCEA2"
"overlap_rawp","rawp05","NEO.TNBCCL","neo;tnbc_cl","Fun",0.3,"TCEAL3"
"overlap_rawp","rawp05","NEO.TNBCCL","neo;tnbc_cl","Fun",0.3,"TCF19"
"overlap_rawp","rawp05","NEO.TNBCCL","neo;tnbc_cl","Fun",0.3,"TCOF1"
"overlap_rawp","rawp05","NEO.TNBCCL","neo;tnbc_cl","Fun",0.3,"TCTA"
"overlap_rawp","rawp05","NEO.TNBCCL","neo;tnbc_cl","Fun",0.3,"TDRD7"
"overlap_rawp","rawp05","NEO.TNBCCL","neo;tnbc_cl","Fun",0.3,"TDRD9"
"overlap_rawp","rawp05","NEO.TNBCCL","neo;tnbc_cl","Fun",0.3,"TECR"
"overlap_rawp","rawp05","NEO.TNBCCL","neo;tnbc_cl","Fun",0.3,"TEDC2"
"overlap_rawp","rawp05","NEO.TNBCCL","neo;tnbc_cl","Fun",0.3,"TENT5B"
"overlap_rawp","rawp05","NEO.TNBCCL","neo;tnbc_cl","Fun",0.3,"TERF2IP"
"overlap_rawp","rawp05","NEO.TNBCCL","neo;tnbc_cl","Fun",0.3,"TEX11"
"overlap_rawp","rawp05","NEO.TNBCCL","neo;tnbc_cl","Fun",0.3,"TFAP2E"
"overlap_rawp","rawp05","NEO.TNBCCL","neo;tnbc_cl","Fun",0.3,"TFE3"
"overlap_rawp","rawp05","NEO.TNBCCL","neo;tnbc_cl","Fun",0.3,"THAP10"
"overlap_rawp","rawp05","NEO.TNBCCL","neo;tnbc_cl","Fun",0.3,"THAP7"
"overlap_rawp","rawp05","NEO.TNBCCL","neo;tnbc_cl","Fun",0.3,"THOC6"
"overlap_rawp","rawp05","NEO.TNBCCL","neo;tnbc_cl","Fun",0.3,"TIMELESS"
"overlap_rawp","rawp05","NEO.TNBCCL","neo;tnbc_cl","Fun",0.3,"TJAP1"
"overlap_rawp","rawp05","NEO.TNBCCL","neo;tnbc_cl","Fun",0.3,"TLCD2"
"overlap_rawp","rawp05","NEO.TNBCCL","neo;tnbc_cl","Fun",0.3,"TMCC2"
"overlap_rawp","rawp05","NEO.TNBCCL","neo;tnbc_cl","Fun",0.3,"TMCO4"
"overlap_rawp","rawp05","NEO.TNBCCL","neo;tnbc_cl","Fun",0.3,"TMEM115"
"overlap_rawp","rawp05","NEO.TNBCCL","neo;tnbc_cl","Fun",0.3,"TMEM140"
"overlap_rawp","rawp05","NEO.TNBCCL","neo;tnbc_cl","Fun",0.3,"TMEM175"
"overlap_rawp","rawp05","NEO.TNBCCL","neo;tnbc_cl","Fun",0.3,"TMEM221"
"overlap_rawp","rawp05","NEO.TNBCCL","neo;tnbc_cl","Fun",0.3,"TMEM222"
"overlap_rawp","rawp05","NEO.TNBCCL","neo;tnbc_cl","Fun",0.3,"TMEM229B"
"overlap_rawp","rawp05","NEO.TNBCCL","neo;tnbc_cl","Fun",0.3,"TMEM259"
"overlap_rawp","rawp05","NEO.TNBCCL","neo;tnbc_cl","Fun",0.3,"TMEM31"
"overlap_rawp","rawp05","NEO.TNBCCL","neo;tnbc_cl","Fun",0.3,"TMEM35A"
"overlap_rawp","rawp05","NEO.TNBCCL","neo;tnbc_cl","Fun",0.3,"TMEM45B"
"overlap_rawp","rawp05","NEO.TNBCCL","neo;tnbc_cl","Fun",0.3,"TMEM79"
"overlap_rawp","rawp05","NEO.TNBCCL","neo;tnbc_cl","Fun",0.3,"TMEM91"
"overlap_rawp","rawp05","NEO.TNBCCL","neo;tnbc_cl","Fun",0.3,"TMOD1"
"overlap_rawp","rawp05","NEO.TNBCCL","neo;tnbc_cl","Fun",0.3,"TMUB1"
"overlap_rawp","rawp05","NEO.TNBCCL","neo;tnbc_cl","Fun",0.3,"TMUB2"
"overlap_rawp","rawp05","NEO.TNBCCL","neo;tnbc_cl","Fun",0.3,"TNFAIP2"
"overlap_rawp","rawp05","NEO.TNBCCL","neo;tnbc_cl","Fun",0.3,"TNFRSF14"
"overlap_rawp","rawp05","NEO.TNBCCL","neo;tnbc_cl","Fun",0.3,"TNFRSF1B"
"overlap_rawp","rawp05","NEO.TNBCCL","neo;tnbc_cl","Fun",0.3,"TOP3A"
"overlap_rawp","rawp05","NEO.TNBCCL","neo;tnbc_cl","Fun",0.3,"TOR3A"
"overlap_rawp","rawp05","NEO.TNBCCL","neo;tnbc_cl","Fun",0.3,"TP53I11"
"overlap_rawp","rawp05","NEO.TNBCCL","neo;tnbc_cl","Fun",0.3,"TP53I3"
"overlap_rawp","rawp05","NEO.TNBCCL","neo;tnbc_cl","Fun",0.3,"TRAF4"
"overlap_rawp","rawp05","NEO.TNBCCL","neo;tnbc_cl","Fun",0.3,"TRANK1"
"overlap_rawp","rawp05","NEO.TNBCCL","neo;tnbc_cl","Fun",0.3,"TRIM11"
"overlap_rawp","rawp05","NEO.TNBCCL","neo;tnbc_cl","Fun",0.3,"TRIM26"
"overlap_rawp","rawp05","NEO.TNBCCL","neo;tnbc_cl","Fun",0.3,"TRIM38"
"overlap_rawp","rawp05","NEO.TNBCCL","neo;tnbc_cl","Fun",0.3,"TRIM39"
"overlap_rawp","rawp05","NEO.TNBCCL","neo;tnbc_cl","Fun",0.3,"TRIM4"
"overlap_rawp","rawp05","NEO.TNBCCL","neo;tnbc_cl","Fun",0.3,"TRIM41"
"overlap_rawp","rawp05","NEO.TNBCCL","neo;tnbc_cl","Fun",0.3,"TRIM56"
"overlap_rawp","rawp05","NEO.TNBCCL","neo;tnbc_cl","Fun",0.3,"TRIOBP"
"overlap_rawp","rawp05","NEO.TNBCCL","neo;tnbc_cl","Fun",0.3,"TRIP6"
"overlap_rawp","rawp05","NEO.TNBCCL","neo;tnbc_cl","Fun",0.3,"TRMT2A"
"overlap_rawp","rawp05","NEO.TNBCCL","neo;tnbc_cl","Fun",0.3,"TRNP1"
"overlap_rawp","rawp05","NEO.TNBCCL","neo;tnbc_cl","Fun",0.3,"TROAP"
"overlap_rawp","rawp05","NEO.TNBCCL","neo;tnbc_cl","Fun",0.3,"TRPV1"
"overlap_rawp","rawp05","NEO.TNBCCL","neo;tnbc_cl","Fun",0.3,"TSC22D4"
"overlap_rawp","rawp05","NEO.TNBCCL","neo;tnbc_cl","Fun",0.3,"TSPYL2"
"overlap_rawp","rawp05","NEO.TNBCCL","neo;tnbc_cl","Fun",0.3,"TSR2"
"overlap_rawp","rawp05","NEO.TNBCCL","neo;tnbc_cl","Fun",0.3,"TSSC4"
"overlap_rawp","rawp05","NEO.TNBCCL","neo;tnbc_cl","Fun",0.3,"TTC28-AS1"
"overlap_rawp","rawp05","NEO.TNBCCL","neo;tnbc_cl","Fun",0.3,"TTF1"
"overlap_rawp","rawp05","NEO.TNBCCL","neo;tnbc_cl","Fun",0.3,"TUBG1"
"overlap_rawp","rawp05","NEO.TNBCCL","neo;tnbc_cl","Fun",0.3,"TUSC2"
"overlap_rawp","rawp05","NEO.TNBCCL","neo;tnbc_cl","Fun",0.3,"TXLNA"
"overlap_rawp","rawp05","NEO.TNBCCL","neo;tnbc_cl","Fun",0.3,"TYK2"
"overlap_rawp","rawp05","NEO.TNBCCL","neo;tnbc_cl","Fun",0.3,"TYSND1"
"overlap_rawp","rawp05","NEO.TNBCCL","neo;tnbc_cl","Fun",0.3,"U2AF2"
"overlap_rawp","rawp05","NEO.TNBCCL","neo;tnbc_cl","Fun",0.3,"UBALD1"
"overlap_rawp","rawp05","NEO.TNBCCL","neo;tnbc_cl","Fun",0.3,"UBB"
"overlap_rawp","rawp05","NEO.TNBCCL","neo;tnbc_cl","Fun",0.3,"UBE2A"
"overlap_rawp","rawp05","NEO.TNBCCL","neo;tnbc_cl","Fun",0.3,"UBE2Q1"
"overlap_rawp","rawp05","NEO.TNBCCL","neo;tnbc_cl","Fun",0.3,"UBE2U"
"overlap_rawp","rawp05","NEO.TNBCCL","neo;tnbc_cl","Fun",0.3,"UBR4"
"overlap_rawp","rawp05","NEO.TNBCCL","neo;tnbc_cl","Fun",0.3,"UBR7"
"overlap_rawp","rawp05","NEO.TNBCCL","neo;tnbc_cl","Fun",0.3,"UCK1"
"overlap_rawp","rawp05","NEO.TNBCCL","neo;tnbc_cl","Fun",0.3,"UCP2"
"overlap_rawp","rawp05","NEO.TNBCCL","neo;tnbc_cl","Fun",0.3,"UFD1"
"overlap_rawp","rawp05","NEO.TNBCCL","neo;tnbc_cl","Fun",0.3,"UHRF1"
"overlap_rawp","rawp05","NEO.TNBCCL","neo;tnbc_cl","Fun",0.3,"UNK"
"overlap_rawp","rawp05","NEO.TNBCCL","neo;tnbc_cl","Fun",0.3,"UPF2"
"overlap_rawp","rawp05","NEO.TNBCCL","neo;tnbc_cl","Fun",0.3,"URM1"
"overlap_rawp","rawp05","NEO.TNBCCL","neo;tnbc_cl","Fun",0.3,"USF1"
"overlap_rawp","rawp05","NEO.TNBCCL","neo;tnbc_cl","Fun",0.3,"USF2"
"overlap_rawp","rawp05","NEO.TNBCCL","neo;tnbc_cl","Fun",0.3,"USP11"
"overlap_rawp","rawp05","NEO.TNBCCL","neo;tnbc_cl","Fun",0.3,"VILL"
"overlap_rawp","rawp05","NEO.TNBCCL","neo;tnbc_cl","Fun",0.3,"VPS37C"
"overlap_rawp","rawp05","NEO.TNBCCL","neo;tnbc_cl","Fun",0.3,"VSIG10L"
"overlap_rawp","rawp05","NEO.TNBCCL","neo;tnbc_cl","Fun",0.3,"VSIR"
"overlap_rawp","rawp05","NEO.TNBCCL","neo;tnbc_cl","Fun",0.3,"WAS"
"overlap_rawp","rawp05","NEO.TNBCCL","neo;tnbc_cl","Fun",0.3,"WASF1"
"overlap_rawp","rawp05","NEO.TNBCCL","neo;tnbc_cl","Fun",0.3,"WASH5P"
"overlap_rawp","rawp05","NEO.TNBCCL","neo;tnbc_cl","Fun",0.3,"WDR24"
"overlap_rawp","rawp05","NEO.TNBCCL","neo;tnbc_cl","Fun",0.3,"WDR83"
"overlap_rawp","rawp05","NEO.TNBCCL","neo;tnbc_cl","Fun",0.3,"WDR90"
"overlap_rawp","rawp05","NEO.TNBCCL","neo;tnbc_cl","Fun",0.3,"WHRN"
"overlap_rawp","rawp05","NEO.TNBCCL","neo;tnbc_cl","Fun",0.3,"WIZ"
"overlap_rawp","rawp05","NEO.TNBCCL","neo;tnbc_cl","Fun",0.3,"WRNIP1"
"overlap_rawp","rawp05","NEO.TNBCCL","neo;tnbc_cl","Fun",0.3,"XRCC3"
"overlap_rawp","rawp05","NEO.TNBCCL","neo;tnbc_cl","Fun",0.3,"YJEFN3"
"overlap_rawp","rawp05","NEO.TNBCCL","neo;tnbc_cl","Fun",0.3,"YJU2"
"overlap_rawp","rawp05","NEO.TNBCCL","neo;tnbc_cl","Fun",0.3,"YJU2B"
"overlap_rawp","rawp05","NEO.TNBCCL","neo;tnbc_cl","Fun",0.3,"YY1AP1"
"overlap_rawp","rawp05","NEO.TNBCCL","neo;tnbc_cl","Fun",0.3,"ZBED3"
"overlap_rawp","rawp05","NEO.TNBCCL","neo;tnbc_cl","Fun",0.3,"ZBTB17"
"overlap_rawp","rawp05","NEO.TNBCCL","neo;tnbc_cl","Fun",0.3,"ZCCHC3"
"overlap_rawp","rawp05","NEO.TNBCCL","neo;tnbc_cl","Fun",0.3,"ZCCHC8"
"overlap_rawp","rawp05","NEO.TNBCCL","neo;tnbc_cl","Fun",0.3,"ZDHHC12"
"overlap_rawp","rawp05","NEO.TNBCCL","neo;tnbc_cl","Fun",0.3,"ZFAND2A"
"overlap_rawp","rawp05","NEO.TNBCCL","neo;tnbc_cl","Fun",0.3,"ZFAND2B"
"overlap_rawp","rawp05","NEO.TNBCCL","neo;tnbc_cl","Fun",0.3,"ZFTRAF1"
"overlap_rawp","rawp05","NEO.TNBCCL","neo;tnbc_cl","Fun",0.3,"ZFYVE1"
"overlap_rawp","rawp05","NEO.TNBCCL","neo;tnbc_cl","Fun",0.3,"ZFYVE19"
"overlap_rawp","rawp05","NEO.TNBCCL","neo;tnbc_cl","Fun",0.3,"ZKSCAN5"
"overlap_rawp","rawp05","NEO.TNBCCL","neo;tnbc_cl","Fun",0.3,"ZNF101"
"overlap_rawp","rawp05","NEO.TNBCCL","neo;tnbc_cl","Fun",0.3,"ZNF114"
"overlap_rawp","rawp05","NEO.TNBCCL","neo;tnbc_cl","Fun",0.3,"ZNF142"
"overlap_rawp","rawp05","NEO.TNBCCL","neo;tnbc_cl","Fun",0.3,"ZNF143"
"overlap_rawp","rawp05","NEO.TNBCCL","neo;tnbc_cl","Fun",0.3,"ZNF205"
"overlap_rawp","rawp05","NEO.TNBCCL","neo;tnbc_cl","Fun",0.3,"ZNF211"
"overlap_rawp","rawp05","NEO.TNBCCL","neo;tnbc_cl","Fun",0.3,"ZNF212"
"overlap_rawp","rawp05","NEO.TNBCCL","neo;tnbc_cl","Fun",0.3,"ZNF213"
"overlap_rawp","rawp05","NEO.TNBCCL","neo;tnbc_cl","Fun",0.3,"ZNF221"
"overlap_rawp","rawp05","NEO.TNBCCL","neo;tnbc_cl","Fun",0.3,"ZNF251"
"overlap_rawp","rawp05","NEO.TNBCCL","neo;tnbc_cl","Fun",0.3,"ZNF263"
"overlap_rawp","rawp05","NEO.TNBCCL","neo;tnbc_cl","Fun",0.3,"ZNF274"
"overlap_rawp","rawp05","NEO.TNBCCL","neo;tnbc_cl","Fun",0.3,"ZNF276"
"overlap_rawp","rawp05","NEO.TNBCCL","neo;tnbc_cl","Fun",0.3,"ZNF296"
"overlap_rawp","rawp05","NEO.TNBCCL","neo;tnbc_cl","Fun",0.3,"ZNF317"
"overlap_rawp","rawp05","NEO.TNBCCL","neo;tnbc_cl","Fun",0.3,"ZNF329"
"overlap_rawp","rawp05","NEO.TNBCCL","neo;tnbc_cl","Fun",0.3,"ZNF335"
"overlap_rawp","rawp05","NEO.TNBCCL","neo;tnbc_cl","Fun",0.3,"ZNF341"
"overlap_rawp","rawp05","NEO.TNBCCL","neo;tnbc_cl","Fun",0.3,"ZNF346"
"overlap_rawp","rawp05","NEO.TNBCCL","neo;tnbc_cl","Fun",0.3,"ZNF358"
"overlap_rawp","rawp05","NEO.TNBCCL","neo;tnbc_cl","Fun",0.3,"ZNF384"
"overlap_rawp","rawp05","NEO.TNBCCL","neo;tnbc_cl","Fun",0.3,"ZNF385A"
"overlap_rawp","rawp05","NEO.TNBCCL","neo;tnbc_cl","Fun",0.3,"ZNF408"
"overlap_rawp","rawp05","NEO.TNBCCL","neo;tnbc_cl","Fun",0.3,"ZNF419"
"overlap_rawp","rawp05","NEO.TNBCCL","neo;tnbc_cl","Fun",0.3,"ZNF428"
"overlap_rawp","rawp05","NEO.TNBCCL","neo;tnbc_cl","Fun",0.3,"ZNF470-DT"
"overlap_rawp","rawp05","NEO.TNBCCL","neo;tnbc_cl","Fun",0.3,"ZNF513"
"overlap_rawp","rawp05","NEO.TNBCCL","neo;tnbc_cl","Fun",0.3,"ZNF530"
"overlap_rawp","rawp05","NEO.TNBCCL","neo;tnbc_cl","Fun",0.3,"ZNF557"
"overlap_rawp","rawp05","NEO.TNBCCL","neo;tnbc_cl","Fun",0.3,"ZNF574"
"overlap_rawp","rawp05","NEO.TNBCCL","neo;tnbc_cl","Fun",0.3,"ZNF589"
"overlap_rawp","rawp05","NEO.TNBCCL","neo;tnbc_cl","Fun",0.3,"ZNF622"
"overlap_rawp","rawp05","NEO.TNBCCL","neo;tnbc_cl","Fun",0.3,"ZNF629"
"overlap_rawp","rawp05","NEO.TNBCCL","neo;tnbc_cl","Fun",0.3,"ZNF646"
"overlap_rawp","rawp05","NEO.TNBCCL","neo;tnbc_cl","Fun",0.3,"ZNF653"
"overlap_rawp","rawp05","NEO.TNBCCL","neo;tnbc_cl","Fun",0.3,"ZNF672"
"overlap_rawp","rawp05","NEO.TNBCCL","neo;tnbc_cl","Fun",0.3,"ZNF7"
"overlap_rawp","rawp05","NEO.TNBCCL","neo;tnbc_cl","Fun",0.3,"ZNF738"
"overlap_rawp","rawp05","NEO.TNBCCL","neo;tnbc_cl","Fun",0.3,"ZNF747"
"overlap_rawp","rawp05","NEO.TNBCCL","neo;tnbc_cl","Fun",0.3,"ZNF750"
"overlap_rawp","rawp05","NEO.TNBCCL","neo;tnbc_cl","Fun",0.3,"ZNF76"
"overlap_rawp","rawp05","NEO.TNBCCL","neo;tnbc_cl","Fun",0.3,"ZNF768"
"overlap_rawp","rawp05","NEO.TNBCCL","neo;tnbc_cl","Fun",0.3,"ZNF773"
"overlap_rawp","rawp05","NEO.TNBCCL","neo;tnbc_cl","Fun",0.3,"ZNFX1"
"overlap_rawp","rawp05","NEO.TNBCCL","neo;tnbc_cl","Fun",0.3,"ZPLD1"
"overlap_rawp","rawp05","NEO.TNBCCL","neo;tnbc_cl","Fun",0.3,"ZSCAN18"
"overlap_rawp","rawp05","NEO.TNBCCL","neo;tnbc_cl","Fun",0.3,"ZSCAN22"
"overlap_rawp","rawp05","NEO.TNBCCL","neo;tnbc_cl","Fun",0.3,"ZXDC"
"overlap_rawp","rawp05","NKI.NEO","nki_smc;neo","Dys",0.3,"CLPSL2"
"overlap_rawp","rawp05","NKI.NEO","nki_smc;neo","Dys",0.3,"MIX23"
"overlap_rawp","rawp05","NKI.NEO","nki_smc;neo","Dys",0.3,"MTX2"
"overlap_rawp","rawp05","NKI.TNBCCL","nki_smc;tnbc_cl","Dys",0.3,"ACBD6"
"overlap_rawp","rawp05","NKI.TNBCCL","nki_smc;tnbc_cl","Dys",0.3,"ACTG1"
"overlap_rawp","rawp05","NKI.TNBCCL","nki_smc;tnbc_cl","Dys",0.3,"ADK"
"overlap_rawp","rawp05","NKI.TNBCCL","nki_smc;tnbc_cl","Dys",0.3,"AMZ2"
"overlap_rawp","rawp05","NKI.TNBCCL","nki_smc;tnbc_cl","Dys",0.3,"ANKRD39"
"overlap_rawp","rawp05","NKI.TNBCCL","nki_smc;tnbc_cl","Dys",0.3,"AP1S1"
"overlap_rawp","rawp05","NKI.TNBCCL","nki_smc;tnbc_cl","Dys",0.3,"APEH"
"overlap_rawp","rawp05","NKI.TNBCCL","nki_smc;tnbc_cl","Dys",0.3,"ASB13"
"overlap_rawp","rawp05","NKI.TNBCCL","nki_smc;tnbc_cl","Dys",0.3,"ASL"
"overlap_rawp","rawp05","NKI.TNBCCL","nki_smc;tnbc_cl","Dys",0.3,"ATG5"
"overlap_rawp","rawp05","NKI.TNBCCL","nki_smc;tnbc_cl","Dys",0.3,"ATP5F1A"
"overlap_rawp","rawp05","NKI.TNBCCL","nki_smc;tnbc_cl","Dys",0.3,"ATP5F1B"
"overlap_rawp","rawp05","NKI.TNBCCL","nki_smc;tnbc_cl","Dys",0.3,"ATP5F1C"
"overlap_rawp","rawp05","NKI.TNBCCL","nki_smc;tnbc_cl","Dys",0.3,"ATP6V1H"
"overlap_rawp","rawp05","NKI.TNBCCL","nki_smc;tnbc_cl","Dys",0.3,"B9D1"
"overlap_rawp","rawp05","NKI.TNBCCL","nki_smc;tnbc_cl","Dys",0.3,"BCAP31"
"overlap_rawp","rawp05","NKI.TNBCCL","nki_smc;tnbc_cl","Dys",0.3,"BCAT2"
"overlap_rawp","rawp05","NKI.TNBCCL","nki_smc;tnbc_cl","Dys",0.3,"BNIP1"
"overlap_rawp","rawp05","NKI.TNBCCL","nki_smc;tnbc_cl","Dys",0.3,"BPHL"
"overlap_rawp","rawp05","NKI.TNBCCL","nki_smc;tnbc_cl","Dys",0.3,"BZW1"
"overlap_rawp","rawp05","NKI.TNBCCL","nki_smc;tnbc_cl","Dys",0.3,"BZW2"
"overlap_rawp","rawp05","NKI.TNBCCL","nki_smc;tnbc_cl","Dys",0.3,"CALM2"
"overlap_rawp","rawp05","NKI.TNBCCL","nki_smc;tnbc_cl","Dys",0.3,"CAMKMT"
"overlap_rawp","rawp05","NKI.TNBCCL","nki_smc;tnbc_cl","Dys",0.3,"CANT1"
"overlap_rawp","rawp05","NKI.TNBCCL","nki_smc;tnbc_cl","Dys",0.3,"CAPN1"
"overlap_rawp","rawp05","NKI.TNBCCL","nki_smc;tnbc_cl","Dys",0.3,"CBLC"
"overlap_rawp","rawp05","NKI.TNBCCL","nki_smc;tnbc_cl","Dys",0.3,"CCT4"
"overlap_rawp","rawp05","NKI.TNBCCL","nki_smc;tnbc_cl","Dys",0.3,"CCT8"
"overlap_rawp","rawp05","NKI.TNBCCL","nki_smc;tnbc_cl","Dys",0.3,"CDK8"
"overlap_rawp","rawp05","NKI.TNBCCL","nki_smc;tnbc_cl","Dys",0.3,"CHCHD3"
"overlap_rawp","rawp05","NKI.TNBCCL","nki_smc;tnbc_cl","Dys",0.3,"CLIC1"
"overlap_rawp","rawp05","NKI.TNBCCL","nki_smc;tnbc_cl","Dys",0.3,"CLNS1A"
"overlap_rawp","rawp05","NKI.TNBCCL","nki_smc;tnbc_cl","Dys",0.3,"CMC1"
"overlap_rawp","rawp05","NKI.TNBCCL","nki_smc;tnbc_cl","Dys",0.3,"CMSS1"
"overlap_rawp","rawp05","NKI.TNBCCL","nki_smc;tnbc_cl","Dys",0.3,"COA1"
"overlap_rawp","rawp05","NKI.TNBCCL","nki_smc;tnbc_cl","Dys",0.3,"COIL"
"overlap_rawp","rawp05","NKI.TNBCCL","nki_smc;tnbc_cl","Dys",0.3,"COP1"
"overlap_rawp","rawp05","NKI.TNBCCL","nki_smc;tnbc_cl","Dys",0.3,"COPS2"
"overlap_rawp","rawp05","NKI.TNBCCL","nki_smc;tnbc_cl","Dys",0.3,"COPS4"
"overlap_rawp","rawp05","NKI.TNBCCL","nki_smc;tnbc_cl","Dys",0.3,"COPS5"
"overlap_rawp","rawp05","NKI.TNBCCL","nki_smc;tnbc_cl","Dys",0.3,"CPNE3"
"overlap_rawp","rawp05","NKI.TNBCCL","nki_smc;tnbc_cl","Dys",0.3,"CRLS1"
"overlap_rawp","rawp05","NKI.TNBCCL","nki_smc;tnbc_cl","Dys",0.3,"CTPS2"
"overlap_rawp","rawp05","NKI.TNBCCL","nki_smc;tnbc_cl","Dys",0.3,"CUL2"
"overlap_rawp","rawp05","NKI.TNBCCL","nki_smc;tnbc_cl","Dys",0.3,"DAP3"
"overlap_rawp","rawp05","NKI.TNBCCL","nki_smc;tnbc_cl","Dys",0.3,"DARS1"
"overlap_rawp","rawp05","NKI.TNBCCL","nki_smc;tnbc_cl","Dys",0.3,"DAZAP1"
"overlap_rawp","rawp05","NKI.TNBCCL","nki_smc;tnbc_cl","Dys",0.3,"DCAF13"
"overlap_rawp","rawp05","NKI.TNBCCL","nki_smc;tnbc_cl","Dys",0.3,"DCUN1D5"
"overlap_rawp","rawp05","NKI.TNBCCL","nki_smc;tnbc_cl","Dys",0.3,"DDB1"
"overlap_rawp","rawp05","NKI.TNBCCL","nki_smc;tnbc_cl","Dys",0.3,"DDX1"
"overlap_rawp","rawp05","NKI.TNBCCL","nki_smc;tnbc_cl","Dys",0.3,"DDX10"
"overlap_rawp","rawp05","NKI.TNBCCL","nki_smc;tnbc_cl","Dys",0.3,"DHX15"
"overlap_rawp","rawp05","NKI.TNBCCL","nki_smc;tnbc_cl","Dys",0.3,"DIAPH3"
"overlap_rawp","rawp05","NKI.TNBCCL","nki_smc;tnbc_cl","Dys",0.3,"DLAT"
"overlap_rawp","rawp05","NKI.TNBCCL","nki_smc;tnbc_cl","Dys",0.3,"DLD"
"overlap_rawp","rawp05","NKI.TNBCCL","nki_smc;tnbc_cl","Dys",0.3,"DLL3"
"overlap_rawp","rawp05","NKI.TNBCCL","nki_smc;tnbc_cl","Dys",0.3,"DNAAF2"
"overlap_rawp","rawp05","NKI.TNBCCL","nki_smc;tnbc_cl","Dys",0.3,"DNPEP"
"overlap_rawp","rawp05","NKI.TNBCCL","nki_smc;tnbc_cl","Dys",0.3,"DPH5"
"overlap_rawp","rawp05","NKI.TNBCCL","nki_smc;tnbc_cl","Dys",0.3,"DPH6"
"overlap_rawp","rawp05","NKI.TNBCCL","nki_smc;tnbc_cl","Dys",0.3,"DVL1"
"overlap_rawp","rawp05","NKI.TNBCCL","nki_smc;tnbc_cl","Dys",0.3,"DYNC1I2"
"overlap_rawp","rawp05","NKI.TNBCCL","nki_smc;tnbc_cl","Dys",0.3,"E2F5"
"overlap_rawp","rawp05","NKI.TNBCCL","nki_smc;tnbc_cl","Dys",0.3,"EBPL"
"overlap_rawp","rawp05","NKI.TNBCCL","nki_smc;tnbc_cl","Dys",0.3,"ECHDC3"
"overlap_rawp","rawp05","NKI.TNBCCL","nki_smc;tnbc_cl","Dys",0.3,"ECT2"
"overlap_rawp","rawp05","NKI.TNBCCL","nki_smc;tnbc_cl","Dys",0.3,"EFCAB11"
"overlap_rawp","rawp05","NKI.TNBCCL","nki_smc;tnbc_cl","Dys",0.3,"EI24"
"overlap_rawp","rawp05","NKI.TNBCCL","nki_smc;tnbc_cl","Dys",0.3,"EIF2B3"
"overlap_rawp","rawp05","NKI.TNBCCL","nki_smc;tnbc_cl","Dys",0.3,"EIF3C"
"overlap_rawp","rawp05","NKI.TNBCCL","nki_smc;tnbc_cl","Dys",0.3,"EIF3E"
"overlap_rawp","rawp05","NKI.TNBCCL","nki_smc;tnbc_cl","Dys",0.3,"EIF3H"
"overlap_rawp","rawp05","NKI.TNBCCL","nki_smc;tnbc_cl","Dys",0.3,"EIF3M"
"overlap_rawp","rawp05","NKI.TNBCCL","nki_smc;tnbc_cl","Dys",0.3,"EIF5A"
"overlap_rawp","rawp05","NKI.TNBCCL","nki_smc;tnbc_cl","Dys",0.3,"ELP4"
"overlap_rawp","rawp05","NKI.TNBCCL","nki_smc;tnbc_cl","Dys",0.3,"ENO1"
"overlap_rawp","rawp05","NKI.TNBCCL","nki_smc;tnbc_cl","Dys",0.3,"ETFA"
"overlap_rawp","rawp05","NKI.TNBCCL","nki_smc;tnbc_cl","Dys",0.3,"ETV4"
"overlap_rawp","rawp05","NKI.TNBCCL","nki_smc;tnbc_cl","Dys",0.3,"EXOSC7"
"overlap_rawp","rawp05","NKI.TNBCCL","nki_smc;tnbc_cl","Dys",0.3,"FADS3"
"overlap_rawp","rawp05","NKI.TNBCCL","nki_smc;tnbc_cl","Dys",0.3,"FARS2"
"overlap_rawp","rawp05","NKI.TNBCCL","nki_smc;tnbc_cl","Dys",0.3,"FARSB"
"overlap_rawp","rawp05","NKI.TNBCCL","nki_smc;tnbc_cl","Dys",0.3,"FIS1"
"overlap_rawp","rawp05","NKI.TNBCCL","nki_smc;tnbc_cl","Dys",0.3,"FOXK2"
"overlap_rawp","rawp05","NKI.TNBCCL","nki_smc;tnbc_cl","Dys",0.3,"FXR1"
"overlap_rawp","rawp05","NKI.TNBCCL","nki_smc;tnbc_cl","Dys",0.3,"GALK1"
"overlap_rawp","rawp05","NKI.TNBCCL","nki_smc;tnbc_cl","Dys",0.3,"GCAT"
"overlap_rawp","rawp05","NKI.TNBCCL","nki_smc;tnbc_cl","Dys",0.3,"GCDH"
"overlap_rawp","rawp05","NKI.TNBCCL","nki_smc;tnbc_cl","Dys",0.3,"GCSH"
"overlap_rawp","rawp05","NKI.TNBCCL","nki_smc;tnbc_cl","Dys",0.3,"GDI2"
"overlap_rawp","rawp05","NKI.TNBCCL","nki_smc;tnbc_cl","Dys",0.3,"GFUS"
"overlap_rawp","rawp05","NKI.TNBCCL","nki_smc;tnbc_cl","Dys",0.3,"GLRX3"
"overlap_rawp","rawp05","NKI.TNBCCL","nki_smc;tnbc_cl","Dys",0.3,"GMPS"
"overlap_rawp","rawp05","NKI.TNBCCL","nki_smc;tnbc_cl","Dys",0.3,"GOT2"
"overlap_rawp","rawp05","NKI.TNBCCL","nki_smc;tnbc_cl","Dys",0.3,"GPN1"
"overlap_rawp","rawp05","NKI.TNBCCL","nki_smc;tnbc_cl","Dys",0.3,"GPSM2"
"overlap_rawp","rawp05","NKI.TNBCCL","nki_smc;tnbc_cl","Dys",0.3,"GRSF1"
"overlap_rawp","rawp05","NKI.TNBCCL","nki_smc;tnbc_cl","Dys",0.3,"GTF2F2"
"overlap_rawp","rawp05","NKI.TNBCCL","nki_smc;tnbc_cl","Dys",0.3,"HDAC2"
"overlap_rawp","rawp05","NKI.TNBCCL","nki_smc;tnbc_cl","Dys",0.3,"HDDC3"
"overlap_rawp","rawp05","NKI.TNBCCL","nki_smc;tnbc_cl","Dys",0.3,"HDHD5"
"overlap_rawp","rawp05","NKI.TNBCCL","nki_smc;tnbc_cl","Dys",0.3,"HEBP2"
"overlap_rawp","rawp05","NKI.TNBCCL","nki_smc;tnbc_cl","Dys",0.3,"HIBADH"
"overlap_rawp","rawp05","NKI.TNBCCL","nki_smc;tnbc_cl","Dys",0.3,"HIBCH"
"overlap_rawp","rawp05","NKI.TNBCCL","nki_smc;tnbc_cl","Dys",0.3,"HMGA1"
"overlap_rawp","rawp05","NKI.TNBCCL","nki_smc;tnbc_cl","Dys",0.3,"HSP90AB1"
"overlap_rawp","rawp05","NKI.TNBCCL","nki_smc;tnbc_cl","Dys",0.3,"HSPA4"
"overlap_rawp","rawp05","NKI.TNBCCL","nki_smc;tnbc_cl","Dys",0.3,"HSPD1"
"overlap_rawp","rawp05","NKI.TNBCCL","nki_smc;tnbc_cl","Dys",0.3,"IAH1"
"overlap_rawp","rawp05","NKI.TNBCCL","nki_smc;tnbc_cl","Dys",0.3,"IPO5"
"overlap_rawp","rawp05","NKI.TNBCCL","nki_smc;tnbc_cl","Dys",0.3,"KCMF1"
"overlap_rawp","rawp05","NKI.TNBCCL","nki_smc;tnbc_cl","Dys",0.3,"LDHA"
"overlap_rawp","rawp05","NKI.TNBCCL","nki_smc;tnbc_cl","Dys",0.3,"LRPPRC"
"overlap_rawp","rawp05","NKI.TNBCCL","nki_smc;tnbc_cl","Dys",0.3,"LRRC8E"
"overlap_rawp","rawp05","NKI.TNBCCL","nki_smc;tnbc_cl","Dys",0.3,"LYPLA1"
"overlap_rawp","rawp05","NKI.TNBCCL","nki_smc;tnbc_cl","Dys",0.3,"MAPKAP1"
"overlap_rawp","rawp05","NKI.TNBCCL","nki_smc;tnbc_cl","Dys",0.3,"MEAF6"
"overlap_rawp","rawp05","NKI.TNBCCL","nki_smc;tnbc_cl","Dys",0.3,"MEAK7"
"overlap_rawp","rawp05","NKI.TNBCCL","nki_smc;tnbc_cl","Dys",0.3,"MEMO1"
"overlap_rawp","rawp05","NKI.TNBCCL","nki_smc;tnbc_cl","Dys",0.3,"METTL5"
"overlap_rawp","rawp05","NKI.TNBCCL","nki_smc;tnbc_cl","Dys",0.3,"MGAT4B"
"overlap_rawp","rawp05","NKI.TNBCCL","nki_smc;tnbc_cl","Dys",0.3,"MIPEP"
"overlap_rawp","rawp05","NKI.TNBCCL","nki_smc;tnbc_cl","Dys",0.3,"MRPL19"
"overlap_rawp","rawp05","NKI.TNBCCL","nki_smc;tnbc_cl","Dys",0.3,"MRPL24"
"overlap_rawp","rawp05","NKI.TNBCCL","nki_smc;tnbc_cl","Dys",0.3,"MRPL3"
"overlap_rawp","rawp05","NKI.TNBCCL","nki_smc;tnbc_cl","Dys",0.3,"MRPL30"
"overlap_rawp","rawp05","NKI.TNBCCL","nki_smc;tnbc_cl","Dys",0.3,"MRPL39"
"overlap_rawp","rawp05","NKI.TNBCCL","nki_smc;tnbc_cl","Dys",0.3,"MRPS28"
"overlap_rawp","rawp05","NKI.TNBCCL","nki_smc;tnbc_cl","Dys",0.3,"MRPS35"
"overlap_rawp","rawp05","NKI.TNBCCL","nki_smc;tnbc_cl","Dys",0.3,"MRS2"
"overlap_rawp","rawp05","NKI.TNBCCL","nki_smc;tnbc_cl","Dys",0.3,"MTA3"
"overlap_rawp","rawp05","NKI.TNBCCL","nki_smc;tnbc_cl","Dys",0.3,"MTFR1"
"overlap_rawp","rawp05","NKI.TNBCCL","nki_smc;tnbc_cl","Dys",0.3,"MVB12A"
"overlap_rawp","rawp05","NKI.TNBCCL","nki_smc;tnbc_cl","Dys",0.3,"MYCBP"
"overlap_rawp","rawp05","NKI.TNBCCL","nki_smc;tnbc_cl","Dys",0.3,"MZT1"
"overlap_rawp","rawp05","NKI.TNBCCL","nki_smc;tnbc_cl","Dys",0.3,"NAA20"
"overlap_rawp","rawp05","NKI.TNBCCL","nki_smc;tnbc_cl","Dys",0.3,"NAE1"
"overlap_rawp","rawp05","NKI.TNBCCL","nki_smc;tnbc_cl","Dys",0.3,"NARS2"
"overlap_rawp","rawp05","NKI.TNBCCL","nki_smc;tnbc_cl","Dys",0.3,"NDUFAF2"
"overlap_rawp","rawp05","NKI.TNBCCL","nki_smc;tnbc_cl","Dys",0.3,"NDUFS1"
"overlap_rawp","rawp05","NKI.TNBCCL","nki_smc;tnbc_cl","Dys",0.3,"NDUFS2"
"overlap_rawp","rawp05","NKI.TNBCCL","nki_smc;tnbc_cl","Dys",0.3,"NOA1"
"overlap_rawp","rawp05","NKI.TNBCCL","nki_smc;tnbc_cl","Dys",0.3,"NOL10"
"overlap_rawp","rawp05","NKI.TNBCCL","nki_smc;tnbc_cl","Dys",0.3,"NPM1"
"overlap_rawp","rawp05","NKI.TNBCCL","nki_smc;tnbc_cl","Dys",0.3,"NPM3"
"overlap_rawp","rawp05","NKI.TNBCCL","nki_smc;tnbc_cl","Dys",0.3,"NSMCE2"
"overlap_rawp","rawp05","NKI.TNBCCL","nki_smc;tnbc_cl","Dys",0.3,"NSMF"
"overlap_rawp","rawp05","NKI.TNBCCL","nki_smc;tnbc_cl","Dys",0.3,"NTAQ1"
"overlap_rawp","rawp05","NKI.TNBCCL","nki_smc;tnbc_cl","Dys",0.3,"NTHL1"
"overlap_rawp","rawp05","NKI.TNBCCL","nki_smc;tnbc_cl","Dys",0.3,"NUDCD1"
"overlap_rawp","rawp05","NKI.TNBCCL","nki_smc;tnbc_cl","Dys",0.3,"NUDCD2"
"overlap_rawp","rawp05","NKI.TNBCCL","nki_smc;tnbc_cl","Dys",0.3,"NUP37"
"overlap_rawp","rawp05","NKI.TNBCCL","nki_smc;tnbc_cl","Dys",0.3,"OLA1"
"overlap_rawp","rawp05","NKI.TNBCCL","nki_smc;tnbc_cl","Dys",0.3,"OTUD6B"
"overlap_rawp","rawp05","NKI.TNBCCL","nki_smc;tnbc_cl","Dys",0.3,"PAIP1"
"overlap_rawp","rawp05","NKI.TNBCCL","nki_smc;tnbc_cl","Dys",0.3,"PARD3"
"overlap_rawp","rawp05","NKI.TNBCCL","nki_smc;tnbc_cl","Dys",0.3,"PCBD1"
"overlap_rawp","rawp05","NKI.TNBCCL","nki_smc;tnbc_cl","Dys",0.3,"PCCB"
"overlap_rawp","rawp05","NKI.TNBCCL","nki_smc;tnbc_cl","Dys",0.3,"PCMT1"
"overlap_rawp","rawp05","NKI.TNBCCL","nki_smc;tnbc_cl","Dys",0.3,"PDCD10"
"overlap_rawp","rawp05","NKI.TNBCCL","nki_smc;tnbc_cl","Dys",0.3,"PDIA4"
"overlap_rawp","rawp05","NKI.TNBCCL","nki_smc;tnbc_cl","Dys",0.3,"PFKFB4"
"overlap_rawp","rawp05","NKI.TNBCCL","nki_smc;tnbc_cl","Dys",0.3,"PGK1"
"overlap_rawp","rawp05","NKI.TNBCCL","nki_smc;tnbc_cl","Dys",0.3,"PHF14"
"overlap_rawp","rawp05","NKI.TNBCCL","nki_smc;tnbc_cl","Dys",0.3,"PMM2"
"overlap_rawp","rawp05","NKI.TNBCCL","nki_smc;tnbc_cl","Dys",0.3,"POLR2I"
"overlap_rawp","rawp05","NKI.TNBCCL","nki_smc;tnbc_cl","Dys",0.3,"POMGNT1"
"overlap_rawp","rawp05","NKI.TNBCCL","nki_smc;tnbc_cl","Dys",0.3,"PPA2"
"overlap_rawp","rawp05","NKI.TNBCCL","nki_smc;tnbc_cl","Dys",0.3,"PPAT"
"overlap_rawp","rawp05","NKI.TNBCCL","nki_smc;tnbc_cl","Dys",0.3,"PPP1R14B"
"overlap_rawp","rawp05","NKI.TNBCCL","nki_smc;tnbc_cl","Dys",0.3,"PPP2R1A"
"overlap_rawp","rawp05","NKI.TNBCCL","nki_smc;tnbc_cl","Dys",0.3,"PPP2R2C"
"overlap_rawp","rawp05","NKI.TNBCCL","nki_smc;tnbc_cl","Dys",0.3,"PPP2R5C"
"overlap_rawp","rawp05","NKI.TNBCCL","nki_smc;tnbc_cl","Dys",0.3,"PREP"
"overlap_rawp","rawp05","NKI.TNBCCL","nki_smc;tnbc_cl","Dys",0.3,"PRIM2"
"overlap_rawp","rawp05","NKI.TNBCCL","nki_smc;tnbc_cl","Dys",0.3,"PRKAG1"
"overlap_rawp","rawp05","NKI.TNBCCL","nki_smc;tnbc_cl","Dys",0.3,"PRMT3"
"overlap_rawp","rawp05","NKI.TNBCCL","nki_smc;tnbc_cl","Dys",0.3,"PRSS27"
"overlap_rawp","rawp05","NKI.TNBCCL","nki_smc;tnbc_cl","Dys",0.3,"PSMD10"
"overlap_rawp","rawp05","NKI.TNBCCL","nki_smc;tnbc_cl","Dys",0.3,"PSMD14"
"overlap_rawp","rawp05","NKI.TNBCCL","nki_smc;tnbc_cl","Dys",0.3,"PSMG2"
"overlap_rawp","rawp05","NKI.TNBCCL","nki_smc;tnbc_cl","Dys",0.3,"PTGES2"
"overlap_rawp","rawp05","NKI.TNBCCL","nki_smc;tnbc_cl","Dys",0.3,"PTGES3"
"overlap_rawp","rawp05","NKI.TNBCCL","nki_smc;tnbc_cl","Dys",0.3,"PTRH1"
"overlap_rawp","rawp05","NKI.TNBCCL","nki_smc;tnbc_cl","Dys",0.3,"PTTG1IP"
"overlap_rawp","rawp05","NKI.TNBCCL","nki_smc;tnbc_cl","Dys",0.3,"PWP1"
"overlap_rawp","rawp05","NKI.TNBCCL","nki_smc;tnbc_cl","Dys",0.3,"R3HDM4"
"overlap_rawp","rawp05","NKI.TNBCCL","nki_smc;tnbc_cl","Dys",0.3,"RAB2A"
"overlap_rawp","rawp05","NKI.TNBCCL","nki_smc;tnbc_cl","Dys",0.3,"RAC3"
"overlap_rawp","rawp05","NKI.TNBCCL","nki_smc;tnbc_cl","Dys",0.3,"RARS1"
"overlap_rawp","rawp05","NKI.TNBCCL","nki_smc;tnbc_cl","Dys",0.3,"RCN2"
"overlap_rawp","rawp05","NKI.TNBCCL","nki_smc;tnbc_cl","Dys",0.3,"RHOC"
"overlap_rawp","rawp05","NKI.TNBCCL","nki_smc;tnbc_cl","Dys",0.3,"RIPPLY2"
"overlap_rawp","rawp05","NKI.TNBCCL","nki_smc;tnbc_cl","Dys",0.3,"RITA1"
"overlap_rawp","rawp05","NKI.TNBCCL","nki_smc;tnbc_cl","Dys",0.3,"RNASEH1"
"overlap_rawp","rawp05","NKI.TNBCCL","nki_smc;tnbc_cl","Dys",0.3,"RPL4"
"overlap_rawp","rawp05","NKI.TNBCCL","nki_smc;tnbc_cl","Dys",0.3,"RPLP0"
"overlap_rawp","rawp05","NKI.TNBCCL","nki_smc;tnbc_cl","Dys",0.3,"RPN1"
"overlap_rawp","rawp05","NKI.TNBCCL","nki_smc;tnbc_cl","Dys",0.3,"RPS10-NUDT3"
"overlap_rawp","rawp05","NKI.TNBCCL","nki_smc;tnbc_cl","Dys",0.3,"RPS14"
"overlap_rawp","rawp05","NKI.TNBCCL","nki_smc;tnbc_cl","Dys",0.3,"RPS16"
"overlap_rawp","rawp05","NKI.TNBCCL","nki_smc;tnbc_cl","Dys",0.3,"RPS18"
"overlap_rawp","rawp05","NKI.TNBCCL","nki_smc;tnbc_cl","Dys",0.3,"RPS18P9"
"overlap_rawp","rawp05","NKI.TNBCCL","nki_smc;tnbc_cl","Dys",0.3,"RPS7"
"overlap_rawp","rawp05","NKI.TNBCCL","nki_smc;tnbc_cl","Dys",0.3,"RPUSD3"
"overlap_rawp","rawp05","NKI.TNBCCL","nki_smc;tnbc_cl","Dys",0.3,"RTN4IP1"
"overlap_rawp","rawp05","NKI.TNBCCL","nki_smc;tnbc_cl","Dys",0.3,"S100A14"
"overlap_rawp","rawp05","NKI.TNBCCL","nki_smc;tnbc_cl","Dys",0.3,"SAAL1"
"overlap_rawp","rawp05","NKI.TNBCCL","nki_smc;tnbc_cl","Dys",0.3,"SENP3-EIF4A1"
"overlap_rawp","rawp05","NKI.TNBCCL","nki_smc;tnbc_cl","Dys",0.3,"SHPK"
"overlap_rawp","rawp05","NKI.TNBCCL","nki_smc;tnbc_cl","Dys",0.3,"SINHCAF"
"overlap_rawp","rawp05","NKI.TNBCCL","nki_smc;tnbc_cl","Dys",0.3,"SLC19A2"
"overlap_rawp","rawp05","NKI.TNBCCL","nki_smc;tnbc_cl","Dys",0.3,"SLC25A13"
"overlap_rawp","rawp05","NKI.TNBCCL","nki_smc;tnbc_cl","Dys",0.3,"SLC25A15"
"overlap_rawp","rawp05","NKI.TNBCCL","nki_smc;tnbc_cl","Dys",0.3,"SLC25A3"
"overlap_rawp","rawp05","NKI.TNBCCL","nki_smc;tnbc_cl","Dys",0.3,"SLC30A9"
"overlap_rawp","rawp05","NKI.TNBCCL","nki_smc;tnbc_cl","Dys",0.3,"SLC37A4"
"overlap_rawp","rawp05","NKI.TNBCCL","nki_smc;tnbc_cl","Dys",0.3,"SMS"
"overlap_rawp","rawp05","NKI.TNBCCL","nki_smc;tnbc_cl","Dys",0.3,"SNHG16"
"overlap_rawp","rawp05","NKI.TNBCCL","nki_smc;tnbc_cl","Dys",0.3,"SORD"
"overlap_rawp","rawp05","NKI.TNBCCL","nki_smc;tnbc_cl","Dys",0.3,"SPATC1L"
"overlap_rawp","rawp05","NKI.TNBCCL","nki_smc;tnbc_cl","Dys",0.3,"SRPK1"
"overlap_rawp","rawp05","NKI.TNBCCL","nki_smc;tnbc_cl","Dys",0.3,"SRSF9"
"overlap_rawp","rawp05","NKI.TNBCCL","nki_smc;tnbc_cl","Dys",0.3,"STRAP"
"overlap_rawp","rawp05","NKI.TNBCCL","nki_smc;tnbc_cl","Dys",0.3,"SUCLG2"
"overlap_rawp","rawp05","NKI.TNBCCL","nki_smc;tnbc_cl","Dys",0.3,"SULT1E1"
"overlap_rawp","rawp05","NKI.TNBCCL","nki_smc;tnbc_cl","Dys",0.3,"SYNGR2"
"overlap_rawp","rawp05","NKI.TNBCCL","nki_smc;tnbc_cl","Dys",0.3,"TATDN1"
"overlap_rawp","rawp05","NKI.TNBCCL","nki_smc;tnbc_cl","Dys",0.3,"TBC1D7"
"overlap_rawp","rawp05","NKI.TNBCCL","nki_smc;tnbc_cl","Dys",0.3,"TBCA"
"overlap_rawp","rawp05","NKI.TNBCCL","nki_smc;tnbc_cl","Dys",0.3,"TBCB"
"overlap_rawp","rawp05","NKI.TNBCCL","nki_smc;tnbc_cl","Dys",0.3,"TCEA1"
"overlap_rawp","rawp05","NKI.TNBCCL","nki_smc;tnbc_cl","Dys",0.3,"TFB1M"
"overlap_rawp","rawp05","NKI.TNBCCL","nki_smc;tnbc_cl","Dys",0.3,"TIPRL"
"overlap_rawp","rawp05","NKI.TNBCCL","nki_smc;tnbc_cl","Dys",0.3,"TMED3"
"overlap_rawp","rawp05","NKI.TNBCCL","nki_smc;tnbc_cl","Dys",0.3,"TMEM102"
"overlap_rawp","rawp05","NKI.TNBCCL","nki_smc;tnbc_cl","Dys",0.3,"TMEM147"
"overlap_rawp","rawp05","NKI.TNBCCL","nki_smc;tnbc_cl","Dys",0.3,"TOM1L1"
"overlap_rawp","rawp05","NKI.TNBCCL","nki_smc;tnbc_cl","Dys",0.3,"TOP1MT"
"overlap_rawp","rawp05","NKI.TNBCCL","nki_smc;tnbc_cl","Dys",0.3,"TRAP1"
"overlap_rawp","rawp05","NKI.TNBCCL","nki_smc;tnbc_cl","Dys",0.3,"TRIM37"
"overlap_rawp","rawp05","NKI.TNBCCL","nki_smc;tnbc_cl","Dys",0.3,"TSPAN17"
"overlap_rawp","rawp05","NKI.TNBCCL","nki_smc;tnbc_cl","Dys",0.3,"TTLL12"
"overlap_rawp","rawp05","NKI.TNBCCL","nki_smc;tnbc_cl","Dys",0.3,"TWF1"
"overlap_rawp","rawp05","NKI.TNBCCL","nki_smc;tnbc_cl","Dys",0.3,"TXNL1"
"overlap_rawp","rawp05","NKI.TNBCCL","nki_smc;tnbc_cl","Dys",0.3,"TYRO3"
"overlap_rawp","rawp05","NKI.TNBCCL","nki_smc;tnbc_cl","Dys",0.3,"UCHL3"
"overlap_rawp","rawp05","NKI.TNBCCL","nki_smc;tnbc_cl","Dys",0.3,"UQCRC2"
"overlap_rawp","rawp05","NKI.TNBCCL","nki_smc;tnbc_cl","Dys",0.3,"USP14"
"overlap_rawp","rawp05","NKI.TNBCCL","nki_smc;tnbc_cl","Dys",0.3,"UTP18"
"overlap_rawp","rawp05","NKI.TNBCCL","nki_smc;tnbc_cl","Dys",0.3,"VAPA"
"overlap_rawp","rawp05","NKI.TNBCCL","nki_smc;tnbc_cl","Dys",0.3,"VDAC1"
"overlap_rawp","rawp05","NKI.TNBCCL","nki_smc;tnbc_cl","Dys",0.3,"VDAC2"
"overlap_rawp","rawp05","NKI.TNBCCL","nki_smc;tnbc_cl","Dys",0.3,"VPS28"
"overlap_rawp","rawp05","NKI.TNBCCL","nki_smc;tnbc_cl","Dys",0.3,"VPS35"
"overlap_rawp","rawp05","NKI.TNBCCL","nki_smc;tnbc_cl","Dys",0.3,"VTA1"
"overlap_rawp","rawp05","NKI.TNBCCL","nki_smc;tnbc_cl","Dys",0.3,"WDR12"
"overlap_rawp","rawp05","NKI.TNBCCL","nki_smc;tnbc_cl","Dys",0.3,"XPO5"
"overlap_rawp","rawp05","NKI.TNBCCL","nki_smc;tnbc_cl","Dys",0.3,"XRCC5"
"overlap_rawp","rawp05","NKI.TNBCCL","nki_smc;tnbc_cl","Dys",0.3,"YIF1A"
"overlap_rawp","rawp05","NKI.TNBCCL","nki_smc;tnbc_cl","Dys",0.3,"YWHAE"
"overlap_rawp","rawp05","NKI.TNBCCL","nki_smc;tnbc_cl","Dys",0.3,"YWHAQ"
"overlap_rawp","rawp05","NKI.TNBCCL","nki_smc;tnbc_cl","Dys",0.3,"YWHAZ"
"overlap_rawp","rawp05","NKI.TNBCCL","nki_smc;tnbc_cl","Dys",0.3,"ZFAND1"
"overlap_rawp","rawp05","NKI.TNBCCL","nki_smc;tnbc_cl","Dys",0.3,"ZRANB3"
"overlap_rawp","rawp01","ALL3_NKI.NEO.TNBCCL","nki_smc;neo;tnbc_cl","Fun",0.3,"APOL1"
"overlap_rawp","rawp01","ALL3_NKI.NEO.TNBCCL","nki_smc;neo;tnbc_cl","Fun",0.3,"APOL2"
"overlap_rawp","rawp01","ALL3_NKI.NEO.TNBCCL","nki_smc;neo;tnbc_cl","Fun",0.3,"BLNK"
"overlap_rawp","rawp01","ALL3_NKI.NEO.TNBCCL","nki_smc;neo;tnbc_cl","Fun",0.3,"BOD1L1"
"overlap_rawp","rawp01","ALL3_NKI.NEO.TNBCCL","nki_smc;neo;tnbc_cl","Fun",0.3,"CCDC159"
"overlap_rawp","rawp01","ALL3_NKI.NEO.TNBCCL","nki_smc;neo;tnbc_cl","Fun",0.3,"CDIP1"
"overlap_rawp","rawp01","ALL3_NKI.NEO.TNBCCL","nki_smc;neo;tnbc_cl","Fun",0.3,"CHD3"
"overlap_rawp","rawp01","ALL3_NKI.NEO.TNBCCL","nki_smc;neo;tnbc_cl","Fun",0.3,"CLDN15"
"overlap_rawp","rawp01","ALL3_NKI.NEO.TNBCCL","nki_smc;neo;tnbc_cl","Fun",0.3,"DDB2"
"overlap_rawp","rawp01","ALL3_NKI.NEO.TNBCCL","nki_smc;neo;tnbc_cl","Fun",0.3,"DNM1"
"overlap_rawp","rawp01","ALL3_NKI.NEO.TNBCCL","nki_smc;neo;tnbc_cl","Fun",0.3,"EEPD1"
"overlap_rawp","rawp01","ALL3_NKI.NEO.TNBCCL","nki_smc;neo;tnbc_cl","Fun",0.3,"FBLN7"
"overlap_rawp","rawp01","ALL3_NKI.NEO.TNBCCL","nki_smc;neo;tnbc_cl","Fun",0.3,"LENG8"
"overlap_rawp","rawp01","ALL3_NKI.NEO.TNBCCL","nki_smc;neo;tnbc_cl","Fun",0.3,"MSC"
"overlap_rawp","rawp01","ALL3_NKI.NEO.TNBCCL","nki_smc;neo;tnbc_cl","Fun",0.3,"PHF12"
"overlap_rawp","rawp01","ALL3_NKI.NEO.TNBCCL","nki_smc;neo;tnbc_cl","Fun",0.3,"PML"
"overlap_rawp","rawp01","ALL3_NKI.NEO.TNBCCL","nki_smc;neo;tnbc_cl","Fun",0.3,"SHFL"
"overlap_rawp","rawp01","ALL3_NKI.NEO.TNBCCL","nki_smc;neo;tnbc_cl","Fun",0.3,"SIRPA"
"overlap_rawp","rawp01","ALL3_NKI.NEO.TNBCCL","nki_smc;neo;tnbc_cl","Fun",0.3,"STAT2"
"overlap_rawp","rawp01","ALL3_NKI.NEO.TNBCCL","nki_smc;neo;tnbc_cl","Fun",0.3,"STING1"
"overlap_rawp","rawp01","ALL3_NKI.NEO.TNBCCL","nki_smc;neo;tnbc_cl","Fun",0.3,"SYK"
"overlap_rawp","rawp01","ALL3_NKI.NEO.TNBCCL","nki_smc;neo;tnbc_cl","Fun",0.3,"SYT11"
"overlap_rawp","rawp01","ALL3_NKI.NEO.TNBCCL","nki_smc;neo;tnbc_cl","Fun",0.3,"TMEM140"
"overlap_rawp","rawp01","ALL3_NKI.NEO.TNBCCL","nki_smc;neo;tnbc_cl","Fun",0.3,"TMEM175"
"overlap_rawp","rawp01","ALL3_NKI.NEO.TNBCCL","nki_smc;neo;tnbc_cl","Fun",0.3,"TMEM259"
"overlap_rawp","rawp01","ALL3_NKI.NEO.TNBCCL","nki_smc;neo;tnbc_cl","Fun",0.3,"TNFAIP2"
"overlap_rawp","rawp01","ALL3_NKI.NEO.TNBCCL","nki_smc;neo;tnbc_cl","Fun",0.3,"TRIM56"
"overlap_rawp","rawp01","ALL3_NKI.NEO.TNBCCL","nki_smc;neo;tnbc_cl","Fun",0.3,"TSPYL2"
"overlap_rawp","rawp01","ALL3_NKI.NEO.TNBCCL","nki_smc;neo;tnbc_cl","Fun",0.3,"TYK2"
"overlap_rawp","rawp01","ALL3_NKI.NEO.TNBCCL","nki_smc;neo;tnbc_cl","Fun",0.3,"VSIR"
"overlap_rawp","rawp01","ALL3_NKI.NEO.TNBCCL","nki_smc;neo;tnbc_cl","Fun",0.3,"ZNF211"
"overlap_rawp","rawp01","ALL3_NKI.NEO.TNBCCL","nki_smc;neo;tnbc_cl","Fun",0.3,"ZNF589"
"overlap_rawp","rawp01","NKI.NEO","nki_smc;neo","Fun",0.3,"ABCA1"
"overlap_rawp","rawp01","NKI.NEO","nki_smc;neo","Fun",0.3,"ABCC1"
"overlap_rawp","rawp01","NKI.NEO","nki_smc;neo","Fun",0.3,"ABCD4"
"overlap_rawp","rawp01","NKI.NEO","nki_smc;neo","Fun",0.3,"ABI3"
"overlap_rawp","rawp01","NKI.NEO","nki_smc;neo","Fun",0.3,"ABR"
"overlap_rawp","rawp01","NKI.NEO","nki_smc;neo","Fun",0.3,"ABTB1"
"overlap_rawp","rawp01","NKI.NEO","nki_smc;neo","Fun",0.3,"ACAD11"
"overlap_rawp","rawp01","NKI.NEO","nki_smc;neo","Fun",0.3,"ACAP1"
"overlap_rawp","rawp01","NKI.NEO","nki_smc;neo","Fun",0.3,"ACAP2"
"overlap_rawp","rawp01","NKI.NEO","nki_smc;neo","Fun",0.3,"ACBD4"
"overlap_rawp","rawp01","NKI.NEO","nki_smc;neo","Fun",0.3,"ADAM19"
"overlap_rawp","rawp01","NKI.NEO","nki_smc;neo","Fun",0.3,"ADAMTS10"
"overlap_rawp","rawp01","NKI.NEO","nki_smc;neo","Fun",0.3,"ADAMTS2"
"overlap_rawp","rawp01","NKI.NEO","nki_smc;neo","Fun",0.3,"ADAMTSL4"
"overlap_rawp","rawp01","NKI.NEO","nki_smc;neo","Fun",0.3,"ADCY3"
"overlap_rawp","rawp01","NKI.NEO","nki_smc;neo","Fun",0.3,"ADCY4"
"overlap_rawp","rawp01","NKI.NEO","nki_smc;neo","Fun",0.3,"ADCY7"
"overlap_rawp","rawp01","NKI.NEO","nki_smc;neo","Fun",0.3,"ADGRE1"
"overlap_rawp","rawp01","NKI.NEO","nki_smc;neo","Fun",0.3,"ADGRE2"
"overlap_rawp","rawp01","NKI.NEO","nki_smc;neo","Fun",0.3,"ADGRE5"
"overlap_rawp","rawp01","NKI.NEO","nki_smc;neo","Fun",0.3,"ADPRH"
"overlap_rawp","rawp01","NKI.NEO","nki_smc;neo","Fun",0.3,"AFF1"
"overlap_rawp","rawp01","NKI.NEO","nki_smc;neo","Fun",0.3,"AGAP2"
"overlap_rawp","rawp01","NKI.NEO","nki_smc;neo","Fun",0.3,"AGAP5"
"overlap_rawp","rawp01","NKI.NEO","nki_smc;neo","Fun",0.3,"AGAP6"
"overlap_rawp","rawp01","NKI.NEO","nki_smc;neo","Fun",0.3,"AGER"
"overlap_rawp","rawp01","NKI.NEO","nki_smc;neo","Fun",0.3,"AGFG2"
"overlap_rawp","rawp01","NKI.NEO","nki_smc;neo","Fun",0.3,"AGO1"
"overlap_rawp","rawp01","NKI.NEO","nki_smc;neo","Fun",0.3,"AGO4"
"overlap_rawp","rawp01","NKI.NEO","nki_smc;neo","Fun",0.3,"AHSA2P"
"overlap_rawp","rawp01","NKI.NEO","nki_smc;neo","Fun",0.3,"AKAP11"
"overlap_rawp","rawp01","NKI.NEO","nki_smc;neo","Fun",0.3,"AKNA"
"overlap_rawp","rawp01","NKI.NEO","nki_smc;neo","Fun",0.3,"ALDH1L2"
"overlap_rawp","rawp01","NKI.NEO","nki_smc;neo","Fun",0.3,"ALPK1"
"overlap_rawp","rawp01","NKI.NEO","nki_smc;neo","Fun",0.3,"AMPD2"
"overlap_rawp","rawp01","NKI.NEO","nki_smc;neo","Fun",0.3,"AMPD3"
"overlap_rawp","rawp01","NKI.NEO","nki_smc;neo","Fun",0.3,"AMT"
"overlap_rawp","rawp01","NKI.NEO","nki_smc;neo","Fun",0.3,"ANGPTL2"
"overlap_rawp","rawp01","NKI.NEO","nki_smc;neo","Fun",0.3,"ANKDD1A"
"overlap_rawp","rawp01","NKI.NEO","nki_smc;neo","Fun",0.3,"ANKRD11"
"overlap_rawp","rawp01","NKI.NEO","nki_smc;neo","Fun",0.3,"APC"
"overlap_rawp","rawp01","NKI.NEO","nki_smc;neo","Fun",0.3,"APH1B"
"overlap_rawp","rawp01","NKI.NEO","nki_smc;neo","Fun",0.3,"APOBR"
"overlap_rawp","rawp01","NKI.NEO","nki_smc;neo","Fun",0.3,"APOL1"
"overlap_rawp","rawp01","NKI.NEO","nki_smc;neo","Fun",0.3,"APOL2"
"overlap_rawp","rawp01","NKI.NEO","nki_smc;neo","Fun",0.3,"ARAP1"
"overlap_rawp","rawp01","NKI.NEO","nki_smc;neo","Fun",0.3,"ARAP3"
"overlap_rawp","rawp01","NKI.NEO","nki_smc;neo","Fun",0.3,"ARHGAP18"
"overlap_rawp","rawp01","NKI.NEO","nki_smc;neo","Fun",0.3,"ARHGAP27"
"overlap_rawp","rawp01","NKI.NEO","nki_smc;neo","Fun",0.3,"ARHGAP30"
"overlap_rawp","rawp01","NKI.NEO","nki_smc;neo","Fun",0.3,"ARHGAP31"
"overlap_rawp","rawp01","NKI.NEO","nki_smc;neo","Fun",0.3,"ARHGAP4"
"overlap_rawp","rawp01","NKI.NEO","nki_smc;neo","Fun",0.3,"ARHGAP45"
"overlap_rawp","rawp01","NKI.NEO","nki_smc;neo","Fun",0.3,"ARHGAP9"
"overlap_rawp","rawp01","NKI.NEO","nki_smc;neo","Fun",0.3,"ARHGEF1"
"overlap_rawp","rawp01","NKI.NEO","nki_smc;neo","Fun",0.3,"ARHGEF17"
"overlap_rawp","rawp01","NKI.NEO","nki_smc;neo","Fun",0.3,"ARHGEF40"
"overlap_rawp","rawp01","NKI.NEO","nki_smc;neo","Fun",0.3,"ARHGEF7"
"overlap_rawp","rawp01","NKI.NEO","nki_smc;neo","Fun",0.3,"ARID1B"
"overlap_rawp","rawp01","NKI.NEO","nki_smc;neo","Fun",0.3,"ARID5A"
"overlap_rawp","rawp01","NKI.NEO","nki_smc;neo","Fun",0.3,"ARRB1"
"overlap_rawp","rawp01","NKI.NEO","nki_smc;neo","Fun",0.3,"ARRDC4"
"overlap_rawp","rawp01","NKI.NEO","nki_smc;neo","Fun",0.3,"ARSA"
"overlap_rawp","rawp01","NKI.NEO","nki_smc;neo","Fun",0.3,"ARSB"
"overlap_rawp","rawp01","NKI.NEO","nki_smc;neo","Fun",0.3,"ASAP1"
"overlap_rawp","rawp01","NKI.NEO","nki_smc;neo","Fun",0.3,"ASPHD2"
"overlap_rawp","rawp01","NKI.NEO","nki_smc;neo","Fun",0.3,"ASXL1"
"overlap_rawp","rawp01","NKI.NEO","nki_smc;neo","Fun",0.3,"ASXL2"
"overlap_rawp","rawp01","NKI.NEO","nki_smc;neo","Fun",0.3,"ATG7"
"overlap_rawp","rawp01","NKI.NEO","nki_smc;neo","Fun",0.3,"ATP2A3"
"overlap_rawp","rawp01","NKI.NEO","nki_smc;neo","Fun",0.3,"ATP8B2"
"overlap_rawp","rawp01","NKI.NEO","nki_smc;neo","Fun",0.3,"ATXN1L"
"overlap_rawp","rawp01","NKI.NEO","nki_smc;neo","Fun",0.3,"BACE1"
"overlap_rawp","rawp01","NKI.NEO","nki_smc;neo","Fun",0.3,"BACH1"
"overlap_rawp","rawp01","NKI.NEO","nki_smc;neo","Fun",0.3,"BAHCC1"
"overlap_rawp","rawp01","NKI.NEO","nki_smc;neo","Fun",0.3,"BAZ2B"
"overlap_rawp","rawp01","NKI.NEO","nki_smc;neo","Fun",0.3,"BCAT1"
"overlap_rawp","rawp01","NKI.NEO","nki_smc;neo","Fun",0.3,"BCL3"
"overlap_rawp","rawp01","NKI.NEO","nki_smc;neo","Fun",0.3,"BCL6"
"overlap_rawp","rawp01","NKI.NEO","nki_smc;neo","Fun",0.3,"BCRP3"
"overlap_rawp","rawp01","NKI.NEO","nki_smc;neo","Fun",0.3,"BEAN1"
"overlap_rawp","rawp01","NKI.NEO","nki_smc;neo","Fun",0.3,"BHLHE41"
"overlap_rawp","rawp01","NKI.NEO","nki_smc;neo","Fun",0.3,"BICRAL"
"overlap_rawp","rawp01","NKI.NEO","nki_smc;neo","Fun",0.3,"BIN2"
"overlap_rawp","rawp01","NKI.NEO","nki_smc;neo","Fun",0.3,"BLNK"
"overlap_rawp","rawp01","NKI.NEO","nki_smc;neo","Fun",0.3,"BMF"
"overlap_rawp","rawp01","NKI.NEO","nki_smc;neo","Fun",0.3,"BMP1"
"overlap_rawp","rawp01","NKI.NEO","nki_smc;neo","Fun",0.3,"BMS1P4"
"overlap_rawp","rawp01","NKI.NEO","nki_smc;neo","Fun",0.3,"BOD1L1"
"overlap_rawp","rawp01","NKI.NEO","nki_smc;neo","Fun",0.3,"BTBD19"
"overlap_rawp","rawp01","NKI.NEO","nki_smc;neo","Fun",0.3,"BTN2A1"
"overlap_rawp","rawp01","NKI.NEO","nki_smc;neo","Fun",0.3,"BTN2A3P"
"overlap_rawp","rawp01","NKI.NEO","nki_smc;neo","Fun",0.3,"BTN3A2"
"overlap_rawp","rawp01","NKI.NEO","nki_smc;neo","Fun",0.3,"C19ORF38"
"overlap_rawp","rawp01","NKI.NEO","nki_smc;neo","Fun",0.3,"C1R"
"overlap_rawp","rawp01","NKI.NEO","nki_smc;neo","Fun",0.3,"C1RL"
"overlap_rawp","rawp01","NKI.NEO","nki_smc;neo","Fun",0.3,"C1RL-AS1"
"overlap_rawp","rawp01","NKI.NEO","nki_smc;neo","Fun",0.3,"C3ORF80"
"overlap_rawp","rawp01","NKI.NEO","nki_smc;neo","Fun",0.3,"CADPS2"
"overlap_rawp","rawp01","NKI.NEO","nki_smc;neo","Fun",0.3,"CAMK1"
"overlap_rawp","rawp01","NKI.NEO","nki_smc;neo","Fun",0.3,"CARD11"
"overlap_rawp","rawp01","NKI.NEO","nki_smc;neo","Fun",0.3,"CARD6"
"overlap_rawp","rawp01","NKI.NEO","nki_smc;neo","Fun",0.3,"CARD8"
"overlap_rawp","rawp01","NKI.NEO","nki_smc;neo","Fun",0.3,"CBL"
"overlap_rawp","rawp01","NKI.NEO","nki_smc;neo","Fun",0.3,"CBX6"
"overlap_rawp","rawp01","NKI.NEO","nki_smc;neo","Fun",0.3,"CCDC142"
"overlap_rawp","rawp01","NKI.NEO","nki_smc;neo","Fun",0.3,"CCDC159"
"overlap_rawp","rawp01","NKI.NEO","nki_smc;neo","Fun",0.3,"CCDC17"
"overlap_rawp","rawp01","NKI.NEO","nki_smc;neo","Fun",0.3,"CCDC88B"
"overlap_rawp","rawp01","NKI.NEO","nki_smc;neo","Fun",0.3,"CCND2"
"overlap_rawp","rawp01","NKI.NEO","nki_smc;neo","Fun",0.3,"CD1D"
"overlap_rawp","rawp01","NKI.NEO","nki_smc;neo","Fun",0.3,"CD33"
"overlap_rawp","rawp01","NKI.NEO","nki_smc;neo","Fun",0.3,"CD37"
"overlap_rawp","rawp01","NKI.NEO","nki_smc;neo","Fun",0.3,"CD40"
"overlap_rawp","rawp01","NKI.NEO","nki_smc;neo","Fun",0.3,"CD6"
"overlap_rawp","rawp01","NKI.NEO","nki_smc;neo","Fun",0.3,"CD93"
"overlap_rawp","rawp01","NKI.NEO","nki_smc;neo","Fun",0.3,"CD99L2"
"overlap_rawp","rawp01","NKI.NEO","nki_smc;neo","Fun",0.3,"CDC42EP3"
"overlap_rawp","rawp01","NKI.NEO","nki_smc;neo","Fun",0.3,"CDIP1"
"overlap_rawp","rawp01","NKI.NEO","nki_smc;neo","Fun",0.3,"CDKN1A"
"overlap_rawp","rawp01","NKI.NEO","nki_smc;neo","Fun",0.3,"CENPT"
"overlap_rawp","rawp01","NKI.NEO","nki_smc;neo","Fun",0.3,"CEP164"
"overlap_rawp","rawp01","NKI.NEO","nki_smc;neo","Fun",0.3,"CEP68"
"overlap_rawp","rawp01","NKI.NEO","nki_smc;neo","Fun",0.3,"CFLAR"
"overlap_rawp","rawp01","NKI.NEO","nki_smc;neo","Fun",0.3,"CHD3"
"overlap_rawp","rawp01","NKI.NEO","nki_smc;neo","Fun",0.3,"CHKB"
"overlap_rawp","rawp01","NKI.NEO","nki_smc;neo","Fun",0.3,"CHKB-CPT1B"
"overlap_rawp","rawp01","NKI.NEO","nki_smc;neo","Fun",0.3,"CHST11"
"overlap_rawp","rawp01","NKI.NEO","nki_smc;neo","Fun",0.3,"CIC"
"overlap_rawp","rawp01","NKI.NEO","nki_smc;neo","Fun",0.3,"CIITA"
"overlap_rawp","rawp01","NKI.NEO","nki_smc;neo","Fun",0.3,"CLCN6"
"overlap_rawp","rawp01","NKI.NEO","nki_smc;neo","Fun",0.3,"CLDN15"
"overlap_rawp","rawp01","NKI.NEO","nki_smc;neo","Fun",0.3,"CLIP3"
"overlap_rawp","rawp01","NKI.NEO","nki_smc;neo","Fun",0.3,"CLN8"
"overlap_rawp","rawp01","NKI.NEO","nki_smc;neo","Fun",0.3,"CNTNAP1"
"overlap_rawp","rawp01","NKI.NEO","nki_smc;neo","Fun",0.3,"COL5A1"
"overlap_rawp","rawp01","NKI.NEO","nki_smc;neo","Fun",0.3,"COL5A3"
"overlap_rawp","rawp01","NKI.NEO","nki_smc;neo","Fun",0.3,"COL6A2"
"overlap_rawp","rawp01","NKI.NEO","nki_smc;neo","Fun",0.3,"COLQ"
"overlap_rawp","rawp01","NKI.NEO","nki_smc;neo","Fun",0.3,"CPD"
"overlap_rawp","rawp01","NKI.NEO","nki_smc;neo","Fun",0.3,"CPEB3"
"overlap_rawp","rawp01","NKI.NEO","nki_smc;neo","Fun",0.3,"CPNE5"
"overlap_rawp","rawp01","NKI.NEO","nki_smc;neo","Fun",0.3,"CPT1C"
"overlap_rawp","rawp01","NKI.NEO","nki_smc;neo","Fun",0.3,"CREB3L2"
"overlap_rawp","rawp01","NKI.NEO","nki_smc;neo","Fun",0.3,"CROCCP3"
"overlap_rawp","rawp01","NKI.NEO","nki_smc;neo","Fun",0.3,"CRTAP"
"overlap_rawp","rawp01","NKI.NEO","nki_smc;neo","Fun",0.3,"CRTC3"
"overlap_rawp","rawp01","NKI.NEO","nki_smc;neo","Fun",0.3,"CRY2"
"overlap_rawp","rawp01","NKI.NEO","nki_smc;neo","Fun",0.3,"CSF1"
"overlap_rawp","rawp01","NKI.NEO","nki_smc;neo","Fun",0.3,"CSF2RB"
"overlap_rawp","rawp01","NKI.NEO","nki_smc;neo","Fun",0.3,"CSGALNACT1"
"overlap_rawp","rawp01","NKI.NEO","nki_smc;neo","Fun",0.3,"CSGALNACT2"
"overlap_rawp","rawp01","NKI.NEO","nki_smc;neo","Fun",0.3,"CTC1"
"overlap_rawp","rawp01","NKI.NEO","nki_smc;neo","Fun",0.3,"CUL9"
"overlap_rawp","rawp01","NKI.NEO","nki_smc;neo","Fun",0.3,"CYLD"
"overlap_rawp","rawp01","NKI.NEO","nki_smc;neo","Fun",0.3,"CYP1B1"
"overlap_rawp","rawp01","NKI.NEO","nki_smc;neo","Fun",0.3,"DAPK1"
"overlap_rawp","rawp01","NKI.NEO","nki_smc;neo","Fun",0.3,"DCHS1"
"overlap_rawp","rawp01","NKI.NEO","nki_smc;neo","Fun",0.3,"DCUN1D3"
"overlap_rawp","rawp01","NKI.NEO","nki_smc;neo","Fun",0.3,"DDB2"
"overlap_rawp","rawp01","NKI.NEO","nki_smc;neo","Fun",0.3,"DDR2"
"overlap_rawp","rawp01","NKI.NEO","nki_smc;neo","Fun",0.3,"DDX3X"
"overlap_rawp","rawp01","NKI.NEO","nki_smc;neo","Fun",0.3,"DENND1C"
"overlap_rawp","rawp01","NKI.NEO","nki_smc;neo","Fun",0.3,"DENND3"
"overlap_rawp","rawp01","NKI.NEO","nki_smc;neo","Fun",0.3,"DENND4B"
"overlap_rawp","rawp01","NKI.NEO","nki_smc;neo","Fun",0.3,"DENND5A"
"overlap_rawp","rawp01","NKI.NEO","nki_smc;neo","Fun",0.3,"DEPP1"
"overlap_rawp","rawp01","NKI.NEO","nki_smc;neo","Fun",0.3,"DGKA"
"overlap_rawp","rawp01","NKI.NEO","nki_smc;neo","Fun",0.3,"DISC1"
"overlap_rawp","rawp01","NKI.NEO","nki_smc;neo","Fun",0.3,"DLEC1"
"overlap_rawp","rawp01","NKI.NEO","nki_smc;neo","Fun",0.3,"DLL1"
"overlap_rawp","rawp01","NKI.NEO","nki_smc;neo","Fun",0.3,"DMXL2"
"overlap_rawp","rawp01","NKI.NEO","nki_smc;neo","Fun",0.3,"DNAH1"
"overlap_rawp","rawp01","NKI.NEO","nki_smc;neo","Fun",0.3,"DNM1"
"overlap_rawp","rawp01","NKI.NEO","nki_smc;neo","Fun",0.3,"DOCK4"
"overlap_rawp","rawp01","NKI.NEO","nki_smc;neo","Fun",0.3,"DOK3"
"overlap_rawp","rawp01","NKI.NEO","nki_smc;neo","Fun",0.3,"DPYD"
"overlap_rawp","rawp01","NKI.NEO","nki_smc;neo","Fun",0.3,"DPYSL2"
"overlap_rawp","rawp01","NKI.NEO","nki_smc;neo","Fun",0.3,"DRAM1"
"overlap_rawp","rawp01","NKI.NEO","nki_smc;neo","Fun",0.3,"DSE"
"overlap_rawp","rawp01","NKI.NEO","nki_smc;neo","Fun",0.3,"DST"
"overlap_rawp","rawp01","NKI.NEO","nki_smc;neo","Fun",0.3,"DTX2"
"overlap_rawp","rawp01","NKI.NEO","nki_smc;neo","Fun",0.3,"DTX2P1-UPK3BP1-PMS2P11"
"overlap_rawp","rawp01","NKI.NEO","nki_smc;neo","Fun",0.3,"DUSP18"
"overlap_rawp","rawp01","NKI.NEO","nki_smc;neo","Fun",0.3,"DYSF"
"overlap_rawp","rawp01","NKI.NEO","nki_smc;neo","Fun",0.3,"EDEM1"
"overlap_rawp","rawp01","NKI.NEO","nki_smc;neo","Fun",0.3,"EEF1AKMT3"
"overlap_rawp","rawp01","NKI.NEO","nki_smc;neo","Fun",0.3,"EEF2K"
"overlap_rawp","rawp01","NKI.NEO","nki_smc;neo","Fun",0.3,"EEPD1"
"overlap_rawp","rawp01","NKI.NEO","nki_smc;neo","Fun",0.3,"EHBP1L1"
"overlap_rawp","rawp01","NKI.NEO","nki_smc;neo","Fun",0.3,"EHD2"
"overlap_rawp","rawp01","NKI.NEO","nki_smc;neo","Fun",0.3,"EHD3"
"overlap_rawp","rawp01","NKI.NEO","nki_smc;neo","Fun",0.3,"EIF4G3"
"overlap_rawp","rawp01","NKI.NEO","nki_smc;neo","Fun",0.3,"ELMO1"
"overlap_rawp","rawp01","NKI.NEO","nki_smc;neo","Fun",0.3,"EMILIN1"
"overlap_rawp","rawp01","NKI.NEO","nki_smc;neo","Fun",0.3,"EML4"
"overlap_rawp","rawp01","NKI.NEO","nki_smc;neo","Fun",0.3,"ENG"
"overlap_rawp","rawp01","NKI.NEO","nki_smc;neo","Fun",0.3,"ENGASE"
"overlap_rawp","rawp01","NKI.NEO","nki_smc;neo","Fun",0.3,"ENTPD4"
"overlap_rawp","rawp01","NKI.NEO","nki_smc;neo","Fun",0.3,"EP400"
"overlap_rawp","rawp01","NKI.NEO","nki_smc;neo","Fun",0.3,"EP400P1"
"overlap_rawp","rawp01","NKI.NEO","nki_smc;neo","Fun",0.3,"EPAS1"
"overlap_rawp","rawp01","NKI.NEO","nki_smc;neo","Fun",0.3,"EPG5"
"overlap_rawp","rawp01","NKI.NEO","nki_smc;neo","Fun",0.3,"ERAP1"
"overlap_rawp","rawp01","NKI.NEO","nki_smc;neo","Fun",0.3,"ERN1"
"overlap_rawp","rawp01","NKI.NEO","nki_smc;neo","Fun",0.3,"ETS2"
"overlap_rawp","rawp01","NKI.NEO","nki_smc;neo","Fun",0.3,"ETV6"
"overlap_rawp","rawp01","NKI.NEO","nki_smc;neo","Fun",0.3,"EVC"
"overlap_rawp","rawp01","NKI.NEO","nki_smc;neo","Fun",0.3,"EXOC8"
"overlap_rawp","rawp01","NKI.NEO","nki_smc;neo","Fun",0.3,"EXOG"
"overlap_rawp","rawp01","NKI.NEO","nki_smc;neo","Fun",0.3,"EXTL3"
"overlap_rawp","rawp01","NKI.NEO","nki_smc;neo","Fun",0.3,"FAM124A"
"overlap_rawp","rawp01","NKI.NEO","nki_smc;neo","Fun",0.3,"FAM193B"
"overlap_rawp","rawp01","NKI.NEO","nki_smc;neo","Fun",0.3,"FAM20A"
"overlap_rawp","rawp01","NKI.NEO","nki_smc;neo","Fun",0.3,"FAM66B"
"overlap_rawp","rawp01","NKI.NEO","nki_smc;neo","Fun",0.3,"FAM78A"
"overlap_rawp","rawp01","NKI.NEO","nki_smc;neo","Fun",0.3,"FBLN7"
"overlap_rawp","rawp01","NKI.NEO","nki_smc;neo","Fun",0.3,"FBXO10"
"overlap_rawp","rawp01","NKI.NEO","nki_smc;neo","Fun",0.3,"FBXO11"
"overlap_rawp","rawp01","NKI.NEO","nki_smc;neo","Fun",0.3,"FBXO31"
"overlap_rawp","rawp01","NKI.NEO","nki_smc;neo","Fun",0.3,"FCGRT"
"overlap_rawp","rawp01","NKI.NEO","nki_smc;neo","Fun",0.3,"FCHSD1"
"overlap_rawp","rawp01","NKI.NEO","nki_smc;neo","Fun",0.3,"FERMT3"
"overlap_rawp","rawp01","NKI.NEO","nki_smc;neo","Fun",0.3,"FES"
"overlap_rawp","rawp01","NKI.NEO","nki_smc;neo","Fun",0.3,"FHIP1B"
"overlap_rawp","rawp01","NKI.NEO","nki_smc;neo","Fun",0.3,"FHIP2B"
"overlap_rawp","rawp01","NKI.NEO","nki_smc;neo","Fun",0.3,"FLT3LG"
"overlap_rawp","rawp01","NKI.NEO","nki_smc;neo","Fun",0.3,"FMNL1"
"overlap_rawp","rawp01","NKI.NEO","nki_smc;neo","Fun",0.3,"FMNL3"
"overlap_rawp","rawp01","NKI.NEO","nki_smc;neo","Fun",0.3,"FNBP1"
"overlap_rawp","rawp01","NKI.NEO","nki_smc;neo","Fun",0.3,"FNBP4"
"overlap_rawp","rawp01","NKI.NEO","nki_smc;neo","Fun",0.3,"FNDC3A"
"overlap_rawp","rawp01","NKI.NEO","nki_smc;neo","Fun",0.3,"FNDC3B"
"overlap_rawp","rawp01","NKI.NEO","nki_smc;neo","Fun",0.3,"FOXN3"
"overlap_rawp","rawp01","NKI.NEO","nki_smc;neo","Fun",0.3,"FOXO3B"
"overlap_rawp","rawp01","NKI.NEO","nki_smc;neo","Fun",0.3,"FRMD4B"
"overlap_rawp","rawp01","NKI.NEO","nki_smc;neo","Fun",0.3,"GABBR1"
"overlap_rawp","rawp01","NKI.NEO","nki_smc;neo","Fun",0.3,"GADD45G"
"overlap_rawp","rawp01","NKI.NEO","nki_smc;neo","Fun",0.3,"GAL3ST4"
"overlap_rawp","rawp01","NKI.NEO","nki_smc;neo","Fun",0.3,"GALNT12"
"overlap_rawp","rawp01","NKI.NEO","nki_smc;neo","Fun",0.3,"GAS6"
"overlap_rawp","rawp01","NKI.NEO","nki_smc;neo","Fun",0.3,"GAS6-AS1"
"overlap_rawp","rawp01","NKI.NEO","nki_smc;neo","Fun",0.3,"GGT5"
"overlap_rawp","rawp01","NKI.NEO","nki_smc;neo","Fun",0.3,"GIGYF1"
"overlap_rawp","rawp01","NKI.NEO","nki_smc;neo","Fun",0.3,"GIMAP1"
"overlap_rawp","rawp01","NKI.NEO","nki_smc;neo","Fun",0.3,"GIPC3"
"overlap_rawp","rawp01","NKI.NEO","nki_smc;neo","Fun",0.3,"GIT2"
"overlap_rawp","rawp01","NKI.NEO","nki_smc;neo","Fun",0.3,"GLG1"
"overlap_rawp","rawp01","NKI.NEO","nki_smc;neo","Fun",0.3,"GLI2"
"overlap_rawp","rawp01","NKI.NEO","nki_smc;neo","Fun",0.3,"GLIS3"
"overlap_rawp","rawp01","NKI.NEO","nki_smc;neo","Fun",0.3,"GM2A"
"overlap_rawp","rawp01","NKI.NEO","nki_smc;neo","Fun",0.3,"GNB4"
"overlap_rawp","rawp01","NKI.NEO","nki_smc;neo","Fun",0.3,"GNE"
"overlap_rawp","rawp01","NKI.NEO","nki_smc;neo","Fun",0.3,"GNPTAB"
"overlap_rawp","rawp01","NKI.NEO","nki_smc;neo","Fun",0.3,"GOLGA6L4"
"overlap_rawp","rawp01","NKI.NEO","nki_smc;neo","Fun",0.3,"GOLGA6L5P"
"overlap_rawp","rawp01","NKI.NEO","nki_smc;neo","Fun",0.3,"GON4L"
"overlap_rawp","rawp01","NKI.NEO","nki_smc;neo","Fun",0.3,"GPR132"
"overlap_rawp","rawp01","NKI.NEO","nki_smc;neo","Fun",0.3,"GPR141"
"overlap_rawp","rawp01","NKI.NEO","nki_smc;neo","Fun",0.3,"GPR162"
"overlap_rawp","rawp01","NKI.NEO","nki_smc;neo","Fun",0.3,"GPRIN3"
"overlap_rawp","rawp01","NKI.NEO","nki_smc;neo","Fun",0.3,"GPSM3"
"overlap_rawp","rawp01","NKI.NEO","nki_smc;neo","Fun",0.3,"GRASLND"
"overlap_rawp","rawp01","NKI.NEO","nki_smc;neo","Fun",0.3,"GTPBP1"
"overlap_rawp","rawp01","NKI.NEO","nki_smc;neo","Fun",0.3,"GUSBP11"
"overlap_rawp","rawp01","NKI.NEO","nki_smc;neo","Fun",0.3,"H6PD"
"overlap_rawp","rawp01","NKI.NEO","nki_smc;neo","Fun",0.3,"HCLS1"
"overlap_rawp","rawp01","NKI.NEO","nki_smc;neo","Fun",0.3,"HDAC10"
"overlap_rawp","rawp01","NKI.NEO","nki_smc;neo","Fun",0.3,"HDAC4"
"overlap_rawp","rawp01","NKI.NEO","nki_smc;neo","Fun",0.3,"HDAC7"
"overlap_rawp","rawp01","NKI.NEO","nki_smc;neo","Fun",0.3,"HECA"
"overlap_rawp","rawp01","NKI.NEO","nki_smc;neo","Fun",0.3,"HECW2"
"overlap_rawp","rawp01","NKI.NEO","nki_smc;neo","Fun",0.3,"HERC1"
"overlap_rawp","rawp01","NKI.NEO","nki_smc;neo","Fun",0.3,"HERC2P2"
"overlap_rawp","rawp01","NKI.NEO","nki_smc;neo","Fun",0.3,"HERC2P3"
"overlap_rawp","rawp01","NKI.NEO","nki_smc;neo","Fun",0.3,"HIC1"
"overlap_rawp","rawp01","NKI.NEO","nki_smc;neo","Fun",0.3,"HIC2"
"overlap_rawp","rawp01","NKI.NEO","nki_smc;neo","Fun",0.3,"HK3"
"overlap_rawp","rawp01","NKI.NEO","nki_smc;neo","Fun",0.3,"HLA-F-AS1"
"overlap_rawp","rawp01","NKI.NEO","nki_smc;neo","Fun",0.3,"HLA-L"
"overlap_rawp","rawp01","NKI.NEO","nki_smc;neo","Fun",0.3,"HMBOX1"
"overlap_rawp","rawp01","NKI.NEO","nki_smc;neo","Fun",0.3,"HOXA4"
"overlap_rawp","rawp01","NKI.NEO","nki_smc;neo","Fun",0.3,"HOXD3"
"overlap_rawp","rawp01","NKI.NEO","nki_smc;neo","Fun",0.3,"HP1BP3"
"overlap_rawp","rawp01","NKI.NEO","nki_smc;neo","Fun",0.3,"HPS4"
"overlap_rawp","rawp01","NKI.NEO","nki_smc;neo","Fun",0.3,"HPS5"
"overlap_rawp","rawp01","NKI.NEO","nki_smc;neo","Fun",0.3,"HRH1"
"overlap_rawp","rawp01","NKI.NEO","nki_smc;neo","Fun",0.3,"HSF4"
"overlap_rawp","rawp01","NKI.NEO","nki_smc;neo","Fun",0.3,"HSPG2"
"overlap_rawp","rawp01","NKI.NEO","nki_smc;neo","Fun",0.3,"ICAM1"
"overlap_rawp","rawp01","NKI.NEO","nki_smc;neo","Fun",0.3,"IDUA"
"overlap_rawp","rawp01","NKI.NEO","nki_smc;neo","Fun",0.3,"IFFO1"
"overlap_rawp","rawp01","NKI.NEO","nki_smc;neo","Fun",0.3,"IGDCC4"
"overlap_rawp","rawp01","NKI.NEO","nki_smc;neo","Fun",0.3,"IKZF4"
"overlap_rawp","rawp01","NKI.NEO","nki_smc;neo","Fun",0.3,"IL10RB-DT"
"overlap_rawp","rawp01","NKI.NEO","nki_smc;neo","Fun",0.3,"IL15RA"
"overlap_rawp","rawp01","NKI.NEO","nki_smc;neo","Fun",0.3,"IL17RA"
"overlap_rawp","rawp01","NKI.NEO","nki_smc;neo","Fun",0.3,"IL4R"
"overlap_rawp","rawp01","NKI.NEO","nki_smc;neo","Fun",0.3,"INO80D"
"overlap_rawp","rawp01","NKI.NEO","nki_smc;neo","Fun",0.3,"INPP4A"
"overlap_rawp","rawp01","NKI.NEO","nki_smc;neo","Fun",0.3,"INPP5B"
"overlap_rawp","rawp01","NKI.NEO","nki_smc;neo","Fun",0.3,"INPP5D"
"overlap_rawp","rawp01","NKI.NEO","nki_smc;neo","Fun",0.3,"INPP5E"
"overlap_rawp","rawp01","NKI.NEO","nki_smc;neo","Fun",0.3,"IQSEC1"
"overlap_rawp","rawp01","NKI.NEO","nki_smc;neo","Fun",0.3,"IRAK2"
"overlap_rawp","rawp01","NKI.NEO","nki_smc;neo","Fun",0.3,"IRF2"
"overlap_rawp","rawp01","NKI.NEO","nki_smc;neo","Fun",0.3,"IRF5"
"overlap_rawp","rawp01","NKI.NEO","nki_smc;neo","Fun",0.3,"ITGA5"
"overlap_rawp","rawp01","NKI.NEO","nki_smc;neo","Fun",0.3,"ITGAM"
"overlap_rawp","rawp01","NKI.NEO","nki_smc;neo","Fun",0.3,"ITGB2"
"overlap_rawp","rawp01","NKI.NEO","nki_smc;neo","Fun",0.3,"ITPRIP"
"overlap_rawp","rawp01","NKI.NEO","nki_smc;neo","Fun",0.3,"JADE1"
"overlap_rawp","rawp01","NKI.NEO","nki_smc;neo","Fun",0.3,"JAK3"
"overlap_rawp","rawp01","NKI.NEO","nki_smc;neo","Fun",0.3,"JAZF1"
"overlap_rawp","rawp01","NKI.NEO","nki_smc;neo","Fun",0.3,"JMY"
"overlap_rawp","rawp01","NKI.NEO","nki_smc;neo","Fun",0.3,"KCNAB2"
"overlap_rawp","rawp01","NKI.NEO","nki_smc;neo","Fun",0.3,"KCNAB3"
"overlap_rawp","rawp01","NKI.NEO","nki_smc;neo","Fun",0.3,"KCND1"
"overlap_rawp","rawp01","NKI.NEO","nki_smc;neo","Fun",0.3,"KCNJ2"
"overlap_rawp","rawp01","NKI.NEO","nki_smc;neo","Fun",0.3,"KDM8"
"overlap_rawp","rawp01","NKI.NEO","nki_smc;neo","Fun",0.3,"KIAA0513"
"overlap_rawp","rawp01","NKI.NEO","nki_smc;neo","Fun",0.3,"KIRREL1"
"overlap_rawp","rawp01","NKI.NEO","nki_smc;neo","Fun",0.3,"KLF13"
"overlap_rawp","rawp01","NKI.NEO","nki_smc;neo","Fun",0.3,"KLF3"
"overlap_rawp","rawp01","NKI.NEO","nki_smc;neo","Fun",0.3,"KLF9"
"overlap_rawp","rawp01","NKI.NEO","nki_smc;neo","Fun",0.3,"KMT2A"
"overlap_rawp","rawp01","NKI.NEO","nki_smc;neo","Fun",0.3,"KMT2E"
"overlap_rawp","rawp01","NKI.NEO","nki_smc;neo","Fun",0.3,"LAPTM5"
"overlap_rawp","rawp01","NKI.NEO","nki_smc;neo","Fun",0.3,"LAT2"
"overlap_rawp","rawp01","NKI.NEO","nki_smc;neo","Fun",0.3,"LCAT"
"overlap_rawp","rawp01","NKI.NEO","nki_smc;neo","Fun",0.3,"LENG8"
"overlap_rawp","rawp01","NKI.NEO","nki_smc;neo","Fun",0.3,"LETMD1"
"overlap_rawp","rawp01","NKI.NEO","nki_smc;neo","Fun",0.3,"LILRB1"
"overlap_rawp","rawp01","NKI.NEO","nki_smc;neo","Fun",0.3,"LILRB2"
"overlap_rawp","rawp01","NKI.NEO","nki_smc;neo","Fun",0.3,"LINC00265"
"overlap_rawp","rawp01","NKI.NEO","nki_smc;neo","Fun",0.3,"LINC00667"
"overlap_rawp","rawp01","NKI.NEO","nki_smc;neo","Fun",0.3,"LINC00852"
"overlap_rawp","rawp01","NKI.NEO","nki_smc;neo","Fun",0.3,"LINC02693"
"overlap_rawp","rawp01","NKI.NEO","nki_smc;neo","Fun",0.3,"LIX1L"
"overlap_rawp","rawp01","NKI.NEO","nki_smc;neo","Fun",0.3,"LMBR1L"
"overlap_rawp","rawp01","NKI.NEO","nki_smc;neo","Fun",0.3,"LPCAT2"
"overlap_rawp","rawp01","NKI.NEO","nki_smc;neo","Fun",0.3,"LPP"
"overlap_rawp","rawp01","NKI.NEO","nki_smc;neo","Fun",0.3,"LRP1"
"overlap_rawp","rawp01","NKI.NEO","nki_smc;neo","Fun",0.3,"LRRK1"
"overlap_rawp","rawp01","NKI.NEO","nki_smc;neo","Fun",0.3,"LSP1"
"overlap_rawp","rawp01","NKI.NEO","nki_smc;neo","Fun",0.3,"LY6G5B"
"overlap_rawp","rawp01","NKI.NEO","nki_smc;neo","Fun",0.3,"LYL1"
"overlap_rawp","rawp01","NKI.NEO","nki_smc;neo","Fun",0.3,"LZTR1"
"overlap_rawp","rawp01","NKI.NEO","nki_smc;neo","Fun",0.3,"LZTS1"
"overlap_rawp","rawp01","NKI.NEO","nki_smc;neo","Fun",0.3,"MACF1"
"overlap_rawp","rawp01","NKI.NEO","nki_smc;neo","Fun",0.3,"MAGEL2"
"overlap_rawp","rawp01","NKI.NEO","nki_smc;neo","Fun",0.3,"MAMDC4"
"overlap_rawp","rawp01","NKI.NEO","nki_smc;neo","Fun",0.3,"MAML3"
"overlap_rawp","rawp01","NKI.NEO","nki_smc;neo","Fun",0.3,"MAN1C1"
"overlap_rawp","rawp01","NKI.NEO","nki_smc;neo","Fun",0.3,"MAN2C1"
"overlap_rawp","rawp01","NKI.NEO","nki_smc;neo","Fun",0.3,"MAP3K14"
"overlap_rawp","rawp01","NKI.NEO","nki_smc;neo","Fun",0.3,"MAP3K2"
"overlap_rawp","rawp01","NKI.NEO","nki_smc;neo","Fun",0.3,"MAP3K5"
"overlap_rawp","rawp01","NKI.NEO","nki_smc;neo","Fun",0.3,"MAPKBP1"
"overlap_rawp","rawp01","NKI.NEO","nki_smc;neo","Fun",0.3,"MARCKS"
"overlap_rawp","rawp01","NKI.NEO","nki_smc;neo","Fun",0.3,"MARF1"
"overlap_rawp","rawp01","NKI.NEO","nki_smc;neo","Fun",0.3,"MAST3"
"overlap_rawp","rawp01","NKI.NEO","nki_smc;neo","Fun",0.3,"MCC"
"overlap_rawp","rawp01","NKI.NEO","nki_smc;neo","Fun",0.3,"MCL1"
"overlap_rawp","rawp01","NKI.NEO","nki_smc;neo","Fun",0.3,"MEF2B"
"overlap_rawp","rawp01","NKI.NEO","nki_smc;neo","Fun",0.3,"MEGF8"
"overlap_rawp","rawp01","NKI.NEO","nki_smc;neo","Fun",0.3,"MEIS2"
"overlap_rawp","rawp01","NKI.NEO","nki_smc;neo","Fun",0.3,"MEX3B"
"overlap_rawp","rawp01","NKI.NEO","nki_smc;neo","Fun",0.3,"MGA"
"overlap_rawp","rawp01","NKI.NEO","nki_smc;neo","Fun",0.3,"MIAT"
"overlap_rawp","rawp01","NKI.NEO","nki_smc;neo","Fun",0.3,"MICAL1"
"overlap_rawp","rawp01","NKI.NEO","nki_smc;neo","Fun",0.3,"MINAR1"
"overlap_rawp","rawp01","NKI.NEO","nki_smc;neo","Fun",0.3,"MLKL"
"overlap_rawp","rawp01","NKI.NEO","nki_smc;neo","Fun",0.3,"MLXIP"
"overlap_rawp","rawp01","NKI.NEO","nki_smc;neo","Fun",0.3,"MOB3A"
"overlap_rawp","rawp01","NKI.NEO","nki_smc;neo","Fun",0.3,"MOB3C"
"overlap_rawp","rawp01","NKI.NEO","nki_smc;neo","Fun",0.3,"MPP1"
"overlap_rawp","rawp01","NKI.NEO","nki_smc;neo","Fun",0.3,"MR1"
"overlap_rawp","rawp01","NKI.NEO","nki_smc;neo","Fun",0.3,"MROH7"
"overlap_rawp","rawp01","NKI.NEO","nki_smc;neo","Fun",0.3,"MSC"
"overlap_rawp","rawp01","NKI.NEO","nki_smc;neo","Fun",0.3,"MSL2"
"overlap_rawp","rawp01","NKI.NEO","nki_smc;neo","Fun",0.3,"MSMP"
"overlap_rawp","rawp01","NKI.NEO","nki_smc;neo","Fun",0.3,"MTMR3"
"overlap_rawp","rawp01","NKI.NEO","nki_smc;neo","Fun",0.3,"MTR"
"overlap_rawp","rawp01","NKI.NEO","nki_smc;neo","Fun",0.3,"MVP"
"overlap_rawp","rawp01","NKI.NEO","nki_smc;neo","Fun",0.3,"MXRA5"
"overlap_rawp","rawp01","NKI.NEO","nki_smc;neo","Fun",0.3,"MYLIP"
"overlap_rawp","rawp01","NKI.NEO","nki_smc;neo","Fun",0.3,"MYLK"
"overlap_rawp","rawp01","NKI.NEO","nki_smc;neo","Fun",0.3,"MYO18A"
"overlap_rawp","rawp01","NKI.NEO","nki_smc;neo","Fun",0.3,"MYO1F"
"overlap_rawp","rawp01","NKI.NEO","nki_smc;neo","Fun",0.3,"MYO5A"
"overlap_rawp","rawp01","NKI.NEO","nki_smc;neo","Fun",0.3,"MYO9B"
"overlap_rawp","rawp01","NKI.NEO","nki_smc;neo","Fun",0.3,"N4BP2"
"overlap_rawp","rawp01","NKI.NEO","nki_smc;neo","Fun",0.3,"NATD1"
"overlap_rawp","rawp01","NKI.NEO","nki_smc;neo","Fun",0.3,"NBEAL2"
"overlap_rawp","rawp01","NKI.NEO","nki_smc;neo","Fun",0.3,"NBPF1"
"overlap_rawp","rawp01","NKI.NEO","nki_smc;neo","Fun",0.3,"NBPF10"
"overlap_rawp","rawp01","NKI.NEO","nki_smc;neo","Fun",0.3,"NBPF11"
"overlap_rawp","rawp01","NKI.NEO","nki_smc;neo","Fun",0.3,"NBPF12"
"overlap_rawp","rawp01","NKI.NEO","nki_smc;neo","Fun",0.3,"NBPF14"
"overlap_rawp","rawp01","NKI.NEO","nki_smc;neo","Fun",0.3,"NBPF9"
"overlap_rawp","rawp01","NKI.NEO","nki_smc;neo","Fun",0.3,"NCF4"
"overlap_rawp","rawp01","NKI.NEO","nki_smc;neo","Fun",0.3,"NCOA1"
"overlap_rawp","rawp01","NKI.NEO","nki_smc;neo","Fun",0.3,"NDST2"
"overlap_rawp","rawp01","NKI.NEO","nki_smc;neo","Fun",0.3,"NEK9"
"overlap_rawp","rawp01","NKI.NEO","nki_smc;neo","Fun",0.3,"NFAM1"
"overlap_rawp","rawp01","NKI.NEO","nki_smc;neo","Fun",0.3,"NFKB1"
"overlap_rawp","rawp01","NKI.NEO","nki_smc;neo","Fun",0.3,"NFKBIA"
"overlap_rawp","rawp01","NKI.NEO","nki_smc;neo","Fun",0.3,"NFKBID"
"overlap_rawp","rawp01","NKI.NEO","nki_smc;neo","Fun",0.3,"NFKBIZ"
"overlap_rawp","rawp01","NKI.NEO","nki_smc;neo","Fun",0.3,"NHSL2"
"overlap_rawp","rawp01","NKI.NEO","nki_smc;neo","Fun",0.3,"NISCH"
"overlap_rawp","rawp01","NKI.NEO","nki_smc;neo","Fun",0.3,"NLGN2"
"overlap_rawp","rawp01","NKI.NEO","nki_smc;neo","Fun",0.3,"NLRC5"
"overlap_rawp","rawp01","NKI.NEO","nki_smc;neo","Fun",0.3,"NLRP1"
"overlap_rawp","rawp01","NKI.NEO","nki_smc;neo","Fun",0.3,"NLRP12"
"overlap_rawp","rawp01","NKI.NEO","nki_smc;neo","Fun",0.3,"NLRP3"
"overlap_rawp","rawp01","NKI.NEO","nki_smc;neo","Fun",0.3,"NOD1"
"overlap_rawp","rawp01","NKI.NEO","nki_smc;neo","Fun",0.3,"NOTCH1"
"overlap_rawp","rawp01","NKI.NEO","nki_smc;neo","Fun",0.3,"NPC1"
"overlap_rawp","rawp01","NKI.NEO","nki_smc;neo","Fun",0.3,"NPIPA1"
"overlap_rawp","rawp01","NKI.NEO","nki_smc;neo","Fun",0.3,"NR2C2"
"overlap_rawp","rawp01","NKI.NEO","nki_smc;neo","Fun",0.3,"NRP1"
"overlap_rawp","rawp01","NKI.NEO","nki_smc;neo","Fun",0.3,"NXF1"
"overlap_rawp","rawp01","NKI.NEO","nki_smc;neo","Fun",0.3,"OAF"
"overlap_rawp","rawp01","NKI.NEO","nki_smc;neo","Fun",0.3,"OSBPL3"
"overlap_rawp","rawp01","NKI.NEO","nki_smc;neo","Fun",0.3,"OSBPL7"
"overlap_rawp","rawp01","NKI.NEO","nki_smc;neo","Fun",0.3,"OSCAR"
"overlap_rawp","rawp01","NKI.NEO","nki_smc;neo","Fun",0.3,"OSMR"
"overlap_rawp","rawp01","NKI.NEO","nki_smc;neo","Fun",0.3,"OTUD1"
"overlap_rawp","rawp01","NKI.NEO","nki_smc;neo","Fun",0.3,"P2RY1"
"overlap_rawp","rawp01","NKI.NEO","nki_smc;neo","Fun",0.3,"PAG1"
"overlap_rawp","rawp01","NKI.NEO","nki_smc;neo","Fun",0.3,"PALD1"
"overlap_rawp","rawp01","NKI.NEO","nki_smc;neo","Fun",0.3,"PARVG"
"overlap_rawp","rawp01","NKI.NEO","nki_smc;neo","Fun",0.3,"PCDHGA11"
"overlap_rawp","rawp01","NKI.NEO","nki_smc;neo","Fun",0.3,"PCDHGA12"
"overlap_rawp","rawp01","NKI.NEO","nki_smc;neo","Fun",0.3,"PCDHGA2"
"overlap_rawp","rawp01","NKI.NEO","nki_smc;neo","Fun",0.3,"PCDHGA3"
"overlap_rawp","rawp01","NKI.NEO","nki_smc;neo","Fun",0.3,"PCDHGA6"
"overlap_rawp","rawp01","NKI.NEO","nki_smc;neo","Fun",0.3,"PCDHGA7"
"overlap_rawp","rawp01","NKI.NEO","nki_smc;neo","Fun",0.3,"PCDHGA9"
"overlap_rawp","rawp01","NKI.NEO","nki_smc;neo","Fun",0.3,"PCDHGB6"
"overlap_rawp","rawp01","NKI.NEO","nki_smc;neo","Fun",0.3,"PCDHGB7"
"overlap_rawp","rawp01","NKI.NEO","nki_smc;neo","Fun",0.3,"PCDHGB8P"
"overlap_rawp","rawp01","NKI.NEO","nki_smc;neo","Fun",0.3,"PCOLCE"
"overlap_rawp","rawp01","NKI.NEO","nki_smc;neo","Fun",0.3,"PCOLCE-AS1"
"overlap_rawp","rawp01","NKI.NEO","nki_smc;neo","Fun",0.3,"PCSK7"
"overlap_rawp","rawp01","NKI.NEO","nki_smc;neo","Fun",0.3,"PDE4A"
"overlap_rawp","rawp01","NKI.NEO","nki_smc;neo","Fun",0.3,"PDE4DIP"
"overlap_rawp","rawp01","NKI.NEO","nki_smc;neo","Fun",0.3,"PDE8A"
"overlap_rawp","rawp01","NKI.NEO","nki_smc;neo","Fun",0.3,"PDGFRB"
"overlap_rawp","rawp01","NKI.NEO","nki_smc;neo","Fun",0.3,"PDPN"
"overlap_rawp","rawp01","NKI.NEO","nki_smc;neo","Fun",0.3,"PDPR"
"overlap_rawp","rawp01","NKI.NEO","nki_smc;neo","Fun",0.3,"PEAK1"
"overlap_rawp","rawp01","NKI.NEO","nki_smc;neo","Fun",0.3,"PECAM1"
"overlap_rawp","rawp01","NKI.NEO","nki_smc;neo","Fun",0.3,"PGGHG"
"overlap_rawp","rawp01","NKI.NEO","nki_smc;neo","Fun",0.3,"PHC1"
"overlap_rawp","rawp01","NKI.NEO","nki_smc;neo","Fun",0.3,"PHC3"
"overlap_rawp","rawp01","NKI.NEO","nki_smc;neo","Fun",0.3,"PHF12"
"overlap_rawp","rawp01","NKI.NEO","nki_smc;neo","Fun",0.3,"PHF21A"
"overlap_rawp","rawp01","NKI.NEO","nki_smc;neo","Fun",0.3,"PHLDB1"
"overlap_rawp","rawp01","NKI.NEO","nki_smc;neo","Fun",0.3,"PHYKPL"
"overlap_rawp","rawp01","NKI.NEO","nki_smc;neo","Fun",0.3,"PI4KAP1"
"overlap_rawp","rawp01","NKI.NEO","nki_smc;neo","Fun",0.3,"PI4KAP2"
"overlap_rawp","rawp01","NKI.NEO","nki_smc;neo","Fun",0.3,"PIK3CD"
"overlap_rawp","rawp01","NKI.NEO","nki_smc;neo","Fun",0.3,"PKD1"
"overlap_rawp","rawp01","NKI.NEO","nki_smc;neo","Fun",0.3,"PKD1P1"
"overlap_rawp","rawp01","NKI.NEO","nki_smc;neo","Fun",0.3,"PLA2G4B"
"overlap_rawp","rawp01","NKI.NEO","nki_smc;neo","Fun",0.3,"PLAGL1"
"overlap_rawp","rawp01","NKI.NEO","nki_smc;neo","Fun",0.3,"PLCB2"
"overlap_rawp","rawp01","NKI.NEO","nki_smc;neo","Fun",0.3,"PLD3"
"overlap_rawp","rawp01","NKI.NEO","nki_smc;neo","Fun",0.3,"PLEKHG1"
"overlap_rawp","rawp01","NKI.NEO","nki_smc;neo","Fun",0.3,"PLEKHG2"
"overlap_rawp","rawp01","NKI.NEO","nki_smc;neo","Fun",0.3,"PLEKHM1"
"overlap_rawp","rawp01","NKI.NEO","nki_smc;neo","Fun",0.3,"PLEKHM3"
"overlap_rawp","rawp01","NKI.NEO","nki_smc;neo","Fun",0.3,"PLEKHO2"
"overlap_rawp","rawp01","NKI.NEO","nki_smc;neo","Fun",0.3,"PLPP7"
"overlap_rawp","rawp01","NKI.NEO","nki_smc;neo","Fun",0.3,"PLTP"
"overlap_rawp","rawp01","NKI.NEO","nki_smc;neo","Fun",0.3,"PLXND1"
"overlap_rawp","rawp01","NKI.NEO","nki_smc;neo","Fun",0.3,"PML"
"overlap_rawp","rawp01","NKI.NEO","nki_smc;neo","Fun",0.3,"PNMA2"
"overlap_rawp","rawp01","NKI.NEO","nki_smc;neo","Fun",0.3,"PNPLA6"
"overlap_rawp","rawp01","NKI.NEO","nki_smc;neo","Fun",0.3,"POU5F1P3"
"overlap_rawp","rawp01","NKI.NEO","nki_smc;neo","Fun",0.3,"POU6F1"
"overlap_rawp","rawp01","NKI.NEO","nki_smc;neo","Fun",0.3,"PPARA"
"overlap_rawp","rawp01","NKI.NEO","nki_smc;neo","Fun",0.3,"PPARGC1B"
"overlap_rawp","rawp01","NKI.NEO","nki_smc;neo","Fun",0.3,"PPM1F"
"overlap_rawp","rawp01","NKI.NEO","nki_smc;neo","Fun",0.3,"PPM1M"
"overlap_rawp","rawp01","NKI.NEO","nki_smc;neo","Fun",0.3,"PPP1R12C"
"overlap_rawp","rawp01","NKI.NEO","nki_smc;neo","Fun",0.3,"PPP1R18"
"overlap_rawp","rawp01","NKI.NEO","nki_smc;neo","Fun",0.3,"PPP4R1L"
"overlap_rawp","rawp01","NKI.NEO","nki_smc;neo","Fun",0.3,"PRDM1"
"overlap_rawp","rawp01","NKI.NEO","nki_smc;neo","Fun",0.3,"PRDM15"
"overlap_rawp","rawp01","NKI.NEO","nki_smc;neo","Fun",0.3,"PRDM2"
"overlap_rawp","rawp01","NKI.NEO","nki_smc;neo","Fun",0.3,"PRDM8"
"overlap_rawp","rawp01","NKI.NEO","nki_smc;neo","Fun",0.3,"PRKCA"
"overlap_rawp","rawp01","NKI.NEO","nki_smc;neo","Fun",0.3,"PRKD2"
"overlap_rawp","rawp01","NKI.NEO","nki_smc;neo","Fun",0.3,"PRKD3"
"overlap_rawp","rawp01","NKI.NEO","nki_smc;neo","Fun",0.3,"PRR16"
"overlap_rawp","rawp01","NKI.NEO","nki_smc;neo","Fun",0.3,"PRR5L"
"overlap_rawp","rawp01","NKI.NEO","nki_smc;neo","Fun",0.3,"PSTPIP1"
"overlap_rawp","rawp01","NKI.NEO","nki_smc;neo","Fun",0.3,"PTCH1"
"overlap_rawp","rawp01","NKI.NEO","nki_smc;neo","Fun",0.3,"PTGER4"
"overlap_rawp","rawp01","NKI.NEO","nki_smc;neo","Fun",0.3,"PTGIR"
"overlap_rawp","rawp01","NKI.NEO","nki_smc;neo","Fun",0.3,"PTK2B"
"overlap_rawp","rawp01","NKI.NEO","nki_smc;neo","Fun",0.3,"PTPN21"
"overlap_rawp","rawp01","NKI.NEO","nki_smc;neo","Fun",0.3,"PTPRE"
"overlap_rawp","rawp01","NKI.NEO","nki_smc;neo","Fun",0.3,"PTPRJ"
"overlap_rawp","rawp01","NKI.NEO","nki_smc;neo","Fun",0.3,"PXK"
"overlap_rawp","rawp01","NKI.NEO","nki_smc;neo","Fun",0.3,"RAB27A"
"overlap_rawp","rawp01","NKI.NEO","nki_smc;neo","Fun",0.3,"RAB29"
"overlap_rawp","rawp01","NKI.NEO","nki_smc;neo","Fun",0.3,"RALGDS"
"overlap_rawp","rawp01","NKI.NEO","nki_smc;neo","Fun",0.3,"RANBP10"
"overlap_rawp","rawp01","NKI.NEO","nki_smc;neo","Fun",0.3,"RAPGEF2"
"overlap_rawp","rawp01","NKI.NEO","nki_smc;neo","Fun",0.3,"RASA3"
"overlap_rawp","rawp01","NKI.NEO","nki_smc;neo","Fun",0.3,"RASA4"
"overlap_rawp","rawp01","NKI.NEO","nki_smc;neo","Fun",0.3,"RASAL3"
"overlap_rawp","rawp01","NKI.NEO","nki_smc;neo","Fun",0.3,"RASSF4"
"overlap_rawp","rawp01","NKI.NEO","nki_smc;neo","Fun",0.3,"RASSF5"
"overlap_rawp","rawp01","NKI.NEO","nki_smc;neo","Fun",0.3,"RBL2"
"overlap_rawp","rawp01","NKI.NEO","nki_smc;neo","Fun",0.3,"RBM26"
"overlap_rawp","rawp01","NKI.NEO","nki_smc;neo","Fun",0.3,"RBM5"
"overlap_rawp","rawp01","NKI.NEO","nki_smc;neo","Fun",0.3,"RBM6"
"overlap_rawp","rawp01","NKI.NEO","nki_smc;neo","Fun",0.3,"RBMS1"
"overlap_rawp","rawp01","NKI.NEO","nki_smc;neo","Fun",0.3,"RBMS2"
"overlap_rawp","rawp01","NKI.NEO","nki_smc;neo","Fun",0.3,"RCAN2"
"overlap_rawp","rawp01","NKI.NEO","nki_smc;neo","Fun",0.3,"RFFL"
"overlap_rawp","rawp01","NKI.NEO","nki_smc;neo","Fun",0.3,"RFTN1"
"overlap_rawp","rawp01","NKI.NEO","nki_smc;neo","Fun",0.3,"RGL1"
"overlap_rawp","rawp01","NKI.NEO","nki_smc;neo","Fun",0.3,"RIN3"
"overlap_rawp","rawp01","NKI.NEO","nki_smc;neo","Fun",0.3,"RIPK3"
"overlap_rawp","rawp01","NKI.NEO","nki_smc;neo","Fun",0.3,"RNF144A"
"overlap_rawp","rawp01","NKI.NEO","nki_smc;neo","Fun",0.3,"RNF207"
"overlap_rawp","rawp01","NKI.NEO","nki_smc;neo","Fun",0.3,"ROBO1"
"overlap_rawp","rawp01","NKI.NEO","nki_smc;neo","Fun",0.3,"ROBO4"
"overlap_rawp","rawp01","NKI.NEO","nki_smc;neo","Fun",0.3,"ROR2"
"overlap_rawp","rawp01","NKI.NEO","nki_smc;neo","Fun",0.3,"RPL23AP64"
"overlap_rawp","rawp01","NKI.NEO","nki_smc;neo","Fun",0.3,"RPS6KA2"
"overlap_rawp","rawp01","NKI.NEO","nki_smc;neo","Fun",0.3,"RSKR"
"overlap_rawp","rawp01","NKI.NEO","nki_smc;neo","Fun",0.3,"RUBCN"
"overlap_rawp","rawp01","NKI.NEO","nki_smc;neo","Fun",0.3,"RUNX3"
"overlap_rawp","rawp01","NKI.NEO","nki_smc;neo","Fun",0.3,"RXRA"
"overlap_rawp","rawp01","NKI.NEO","nki_smc;neo","Fun",0.3,"S100PBP"
"overlap_rawp","rawp01","NKI.NEO","nki_smc;neo","Fun",0.3,"SAMD4A"
"overlap_rawp","rawp01","NKI.NEO","nki_smc;neo","Fun",0.3,"SAP25"
"overlap_rawp","rawp01","NKI.NEO","nki_smc;neo","Fun",0.3,"SARM1"
"overlap_rawp","rawp01","NKI.NEO","nki_smc;neo","Fun",0.3,"SASH1"
"overlap_rawp","rawp01","NKI.NEO","nki_smc;neo","Fun",0.3,"SATB1"
"overlap_rawp","rawp01","NKI.NEO","nki_smc;neo","Fun",0.3,"SBF1"
"overlap_rawp","rawp01","NKI.NEO","nki_smc;neo","Fun",0.3,"SCAND2P"
"overlap_rawp","rawp01","NKI.NEO","nki_smc;neo","Fun",0.3,"SCARF1"
"overlap_rawp","rawp01","NKI.NEO","nki_smc;neo","Fun",0.3,"SDC3"
"overlap_rawp","rawp01","NKI.NEO","nki_smc;neo","Fun",0.3,"SDCBP"
"overlap_rawp","rawp01","NKI.NEO","nki_smc;neo","Fun",0.3,"SEC14L1P1"
"overlap_rawp","rawp01","NKI.NEO","nki_smc;neo","Fun",0.3,"SEC16B"
"overlap_rawp","rawp01","NKI.NEO","nki_smc;neo","Fun",0.3,"SEMA4D"
"overlap_rawp","rawp01","NKI.NEO","nki_smc;neo","Fun",0.3,"SEMA6B"
"overlap_rawp","rawp01","NKI.NEO","nki_smc;neo","Fun",0.3,"SERPINB9"
"overlap_rawp","rawp01","NKI.NEO","nki_smc;neo","Fun",0.3,"SERPING1"
"overlap_rawp","rawp01","NKI.NEO","nki_smc;neo","Fun",0.3,"SGPP1"
"overlap_rawp","rawp01","NKI.NEO","nki_smc;neo","Fun",0.3,"SGTB"
"overlap_rawp","rawp01","NKI.NEO","nki_smc;neo","Fun",0.3,"SH2B3"
"overlap_rawp","rawp01","NKI.NEO","nki_smc;neo","Fun",0.3,"SH3BP2"
"overlap_rawp","rawp01","NKI.NEO","nki_smc;neo","Fun",0.3,"SH3TC1"
"overlap_rawp","rawp01","NKI.NEO","nki_smc;neo","Fun",0.3,"SHC3"
"overlap_rawp","rawp01","NKI.NEO","nki_smc;neo","Fun",0.3,"SHFL"
"overlap_rawp","rawp01","NKI.NEO","nki_smc;neo","Fun",0.3,"SHOX2"
"overlap_rawp","rawp01","NKI.NEO","nki_smc;neo","Fun",0.3,"SIDT2"
"overlap_rawp","rawp01","NKI.NEO","nki_smc;neo","Fun",0.3,"SIGLEC10"
"overlap_rawp","rawp01","NKI.NEO","nki_smc;neo","Fun",0.3,"SIGLEC5"
"overlap_rawp","rawp01","NKI.NEO","nki_smc;neo","Fun",0.3,"SIK3"
"overlap_rawp","rawp01","NKI.NEO","nki_smc;neo","Fun",0.3,"SIRPA"
"overlap_rawp","rawp01","NKI.NEO","nki_smc;neo","Fun",0.3,"SLC12A4"
"overlap_rawp","rawp01","NKI.NEO","nki_smc;neo","Fun",0.3,"SLC12A6"
"overlap_rawp","rawp01","NKI.NEO","nki_smc;neo","Fun",0.3,"SLC15A4"
"overlap_rawp","rawp01","NKI.NEO","nki_smc;neo","Fun",0.3,"SLC16A2"
"overlap_rawp","rawp01","NKI.NEO","nki_smc;neo","Fun",0.3,"SLC23A2"
"overlap_rawp","rawp01","NKI.NEO","nki_smc;neo","Fun",0.3,"SLC25A37"
"overlap_rawp","rawp01","NKI.NEO","nki_smc;neo","Fun",0.3,"SLC27A1"
"overlap_rawp","rawp01","NKI.NEO","nki_smc;neo","Fun",0.3,"SLC35B4"
"overlap_rawp","rawp01","NKI.NEO","nki_smc;neo","Fun",0.3,"SLC36A1"
"overlap_rawp","rawp01","NKI.NEO","nki_smc;neo","Fun",0.3,"SLC38A5"
"overlap_rawp","rawp01","NKI.NEO","nki_smc;neo","Fun",0.3,"SLC51A"
"overlap_rawp","rawp01","NKI.NEO","nki_smc;neo","Fun",0.3,"SLC6A6"
"overlap_rawp","rawp01","NKI.NEO","nki_smc;neo","Fun",0.3,"SLFN11"
"overlap_rawp","rawp01","NKI.NEO","nki_smc;neo","Fun",0.3,"SLFN5"
"overlap_rawp","rawp01","NKI.NEO","nki_smc;neo","Fun",0.3,"SNED1"
"overlap_rawp","rawp01","NKI.NEO","nki_smc;neo","Fun",0.3,"SNTB2"
"overlap_rawp","rawp01","NKI.NEO","nki_smc;neo","Fun",0.3,"SNX27"
"overlap_rawp","rawp01","NKI.NEO","nki_smc;neo","Fun",0.3,"SNX29"
"overlap_rawp","rawp01","NKI.NEO","nki_smc;neo","Fun",0.3,"SOCS3"
"overlap_rawp","rawp01","NKI.NEO","nki_smc;neo","Fun",0.3,"SOS1"
"overlap_rawp","rawp01","NKI.NEO","nki_smc;neo","Fun",0.3,"SPATA13"
"overlap_rawp","rawp01","NKI.NEO","nki_smc;neo","Fun",0.3,"SPATC1"
"overlap_rawp","rawp01","NKI.NEO","nki_smc;neo","Fun",0.3,"SPG11"
"overlap_rawp","rawp01","NKI.NEO","nki_smc;neo","Fun",0.3,"SPG7"
"overlap_rawp","rawp01","NKI.NEO","nki_smc;neo","Fun",0.3,"SPI1"
"overlap_rawp","rawp01","NKI.NEO","nki_smc;neo","Fun",0.3,"SPPL2A"
"overlap_rawp","rawp01","NKI.NEO","nki_smc;neo","Fun",0.3,"SRGAP2"
"overlap_rawp","rawp01","NKI.NEO","nki_smc;neo","Fun",0.3,"SRGAP3"
"overlap_rawp","rawp01","NKI.NEO","nki_smc;neo","Fun",0.3,"ST3GAL2"
"overlap_rawp","rawp01","NKI.NEO","nki_smc;neo","Fun",0.3,"ST6GALNAC6"
"overlap_rawp","rawp01","NKI.NEO","nki_smc;neo","Fun",0.3,"STAB1"
"overlap_rawp","rawp01","NKI.NEO","nki_smc;neo","Fun",0.3,"STARD5"
"overlap_rawp","rawp01","NKI.NEO","nki_smc;neo","Fun",0.3,"STARD8"
"overlap_rawp","rawp01","NKI.NEO","nki_smc;neo","Fun",0.3,"STARD9"
"overlap_rawp","rawp01","NKI.NEO","nki_smc;neo","Fun",0.3,"STAT2"
"overlap_rawp","rawp01","NKI.NEO","nki_smc;neo","Fun",0.3,"STAT5A"
"overlap_rawp","rawp01","NKI.NEO","nki_smc;neo","Fun",0.3,"STAT5B"
"overlap_rawp","rawp01","NKI.NEO","nki_smc;neo","Fun",0.3,"STAT6"
"overlap_rawp","rawp01","NKI.NEO","nki_smc;neo","Fun",0.3,"STIMATE-MUSTN1"
"overlap_rawp","rawp01","NKI.NEO","nki_smc;neo","Fun",0.3,"STING1"
"overlap_rawp","rawp01","NKI.NEO","nki_smc;neo","Fun",0.3,"STK10"
"overlap_rawp","rawp01","NKI.NEO","nki_smc;neo","Fun",0.3,"SUFU"
"overlap_rawp","rawp01","NKI.NEO","nki_smc;neo","Fun",0.3,"SULT1A4"
"overlap_rawp","rawp01","NKI.NEO","nki_smc;neo","Fun",0.3,"SUSD6"
"overlap_rawp","rawp01","NKI.NEO","nki_smc;neo","Fun",0.3,"SWAP70"
"overlap_rawp","rawp01","NKI.NEO","nki_smc;neo","Fun",0.3,"SYK"
"overlap_rawp","rawp01","NKI.NEO","nki_smc;neo","Fun",0.3,"SYNGAP1"
"overlap_rawp","rawp01","NKI.NEO","nki_smc;neo","Fun",0.3,"SYT11"
"overlap_rawp","rawp01","NKI.NEO","nki_smc;neo","Fun",0.3,"SZT2"
"overlap_rawp","rawp01","NKI.NEO","nki_smc;neo","Fun",0.3,"TAF1"
"overlap_rawp","rawp01","NKI.NEO","nki_smc;neo","Fun",0.3,"TAF1C"
"overlap_rawp","rawp01","NKI.NEO","nki_smc;neo","Fun",0.3,"TAGAP"
"overlap_rawp","rawp01","NKI.NEO","nki_smc;neo","Fun",0.3,"TANGO6"
"overlap_rawp","rawp01","NKI.NEO","nki_smc;neo","Fun",0.3,"TBC1D2B"
"overlap_rawp","rawp01","NKI.NEO","nki_smc;neo","Fun",0.3,"TBKBP1"
"overlap_rawp","rawp01","NKI.NEO","nki_smc;neo","Fun",0.3,"TBRG1"
"overlap_rawp","rawp01","NKI.NEO","nki_smc;neo","Fun",0.3,"TCF4"
"overlap_rawp","rawp01","NKI.NEO","nki_smc;neo","Fun",0.3,"TCF7L2"
"overlap_rawp","rawp01","NKI.NEO","nki_smc;neo","Fun",0.3,"TCN2"
"overlap_rawp","rawp01","NKI.NEO","nki_smc;neo","Fun",0.3,"TECPR1"
"overlap_rawp","rawp01","NKI.NEO","nki_smc;neo","Fun",0.3,"TENM4"
"overlap_rawp","rawp01","NKI.NEO","nki_smc;neo","Fun",0.3,"TENT2"
"overlap_rawp","rawp01","NKI.NEO","nki_smc;neo","Fun",0.3,"TEP1"
"overlap_rawp","rawp01","NKI.NEO","nki_smc;neo","Fun",0.3,"TGFBR2"
"overlap_rawp","rawp01","NKI.NEO","nki_smc;neo","Fun",0.3,"THEMIS2"
"overlap_rawp","rawp01","NKI.NEO","nki_smc;neo","Fun",0.3,"TLE4"
"overlap_rawp","rawp01","NKI.NEO","nki_smc;neo","Fun",0.3,"TLN1"
"overlap_rawp","rawp01","NKI.NEO","nki_smc;neo","Fun",0.3,"TMC8"
"overlap_rawp","rawp01","NKI.NEO","nki_smc;neo","Fun",0.3,"TMEM106A"
"overlap_rawp","rawp01","NKI.NEO","nki_smc;neo","Fun",0.3,"TMEM140"
"overlap_rawp","rawp01","NKI.NEO","nki_smc;neo","Fun",0.3,"TMEM175"
"overlap_rawp","rawp01","NKI.NEO","nki_smc;neo","Fun",0.3,"TMEM255B"
"overlap_rawp","rawp01","NKI.NEO","nki_smc;neo","Fun",0.3,"TMEM259"
"overlap_rawp","rawp01","NKI.NEO","nki_smc;neo","Fun",0.3,"TMEM59L"
"overlap_rawp","rawp01","NKI.NEO","nki_smc;neo","Fun",0.3,"TMEM74B"
"overlap_rawp","rawp01","NKI.NEO","nki_smc;neo","Fun",0.3,"TMEM91"
"overlap_rawp","rawp01","NKI.NEO","nki_smc;neo","Fun",0.3,"TNFAIP2"
"overlap_rawp","rawp01","NKI.NEO","nki_smc;neo","Fun",0.3,"TNFAIP3"
"overlap_rawp","rawp01","NKI.NEO","nki_smc;neo","Fun",0.3,"TNFRSF10B"
"overlap_rawp","rawp01","NKI.NEO","nki_smc;neo","Fun",0.3,"TNFRSF14"
"overlap_rawp","rawp01","NKI.NEO","nki_smc;neo","Fun",0.3,"TNFRSF25"
"overlap_rawp","rawp01","NKI.NEO","nki_smc;neo","Fun",0.3,"TNFSF12"
"overlap_rawp","rawp01","NKI.NEO","nki_smc;neo","Fun",0.3,"TNFSF13"
"overlap_rawp","rawp01","NKI.NEO","nki_smc;neo","Fun",0.3,"TNIK"
"overlap_rawp","rawp01","NKI.NEO","nki_smc;neo","Fun",0.3,"TNKS"
"overlap_rawp","rawp01","NKI.NEO","nki_smc;neo","Fun",0.3,"TNRC6A"
"overlap_rawp","rawp01","NKI.NEO","nki_smc;neo","Fun",0.3,"TNS3"
"overlap_rawp","rawp01","NKI.NEO","nki_smc;neo","Fun",0.3,"TOX2"
"overlap_rawp","rawp01","NKI.NEO","nki_smc;neo","Fun",0.3,"TPCN1"
"overlap_rawp","rawp01","NKI.NEO","nki_smc;neo","Fun",0.3,"TPP1"
"overlap_rawp","rawp01","NKI.NEO","nki_smc;neo","Fun",0.3,"TRAF1"
"overlap_rawp","rawp01","NKI.NEO","nki_smc;neo","Fun",0.3,"TRAM2"
"overlap_rawp","rawp01","NKI.NEO","nki_smc;neo","Fun",0.3,"TRANK1"
"overlap_rawp","rawp01","NKI.NEO","nki_smc;neo","Fun",0.3,"TRIM35"
"overlap_rawp","rawp01","NKI.NEO","nki_smc;neo","Fun",0.3,"TRIM38"
"overlap_rawp","rawp01","NKI.NEO","nki_smc;neo","Fun",0.3,"TRIM56"
"overlap_rawp","rawp01","NKI.NEO","nki_smc;neo","Fun",0.3,"TRIM61"
"overlap_rawp","rawp01","NKI.NEO","nki_smc;neo","Fun",0.3,"TRIO"
"overlap_rawp","rawp01","NKI.NEO","nki_smc;neo","Fun",0.3,"TRMT10B"
"overlap_rawp","rawp01","NKI.NEO","nki_smc;neo","Fun",0.3,"TSHZ3"
"overlap_rawp","rawp01","NKI.NEO","nki_smc;neo","Fun",0.3,"TSPAN11"
"overlap_rawp","rawp01","NKI.NEO","nki_smc;neo","Fun",0.3,"TSPAN18"
"overlap_rawp","rawp01","NKI.NEO","nki_smc;neo","Fun",0.3,"TSPYL2"
"overlap_rawp","rawp01","NKI.NEO","nki_smc;neo","Fun",0.3,"TTBK2"
"overlap_rawp","rawp01","NKI.NEO","nki_smc;neo","Fun",0.3,"TTC21A"
"overlap_rawp","rawp01","NKI.NEO","nki_smc;neo","Fun",0.3,"TTC23"
"overlap_rawp","rawp01","NKI.NEO","nki_smc;neo","Fun",0.3,"TTC28"
"overlap_rawp","rawp01","NKI.NEO","nki_smc;neo","Fun",0.3,"TTC7A"
"overlap_rawp","rawp01","NKI.NEO","nki_smc;neo","Fun",0.3,"TTLL3"
"overlap_rawp","rawp01","NKI.NEO","nki_smc;neo","Fun",0.3,"TTYH3"
"overlap_rawp","rawp01","NKI.NEO","nki_smc;neo","Fun",0.3,"TUBG2"
"overlap_rawp","rawp01","NKI.NEO","nki_smc;neo","Fun",0.3,"TUBGCP6"
"overlap_rawp","rawp01","NKI.NEO","nki_smc;neo","Fun",0.3,"TVP23A"
"overlap_rawp","rawp01","NKI.NEO","nki_smc;neo","Fun",0.3,"TXNDC5"
"overlap_rawp","rawp01","NKI.NEO","nki_smc;neo","Fun",0.3,"TYK2"
"overlap_rawp","rawp01","NKI.NEO","nki_smc;neo","Fun",0.3,"UBE4A"
"overlap_rawp","rawp01","NKI.NEO","nki_smc;neo","Fun",0.3,"UBXN7"
"overlap_rawp","rawp01","NKI.NEO","nki_smc;neo","Fun",0.3,"USP20"
"overlap_rawp","rawp01","NKI.NEO","nki_smc;neo","Fun",0.3,"UVSSA"
"overlap_rawp","rawp01","NKI.NEO","nki_smc;neo","Fun",0.3,"VAMP2"
"overlap_rawp","rawp01","NKI.NEO","nki_smc;neo","Fun",0.3,"VASH1"
"overlap_rawp","rawp01","NKI.NEO","nki_smc;neo","Fun",0.3,"VAV1"
"overlap_rawp","rawp01","NKI.NEO","nki_smc;neo","Fun",0.3,"VENTX"
"overlap_rawp","rawp01","NKI.NEO","nki_smc;neo","Fun",0.3,"VGLL3"
"overlap_rawp","rawp01","NKI.NEO","nki_smc;neo","Fun",0.3,"VILL"
"overlap_rawp","rawp01","NKI.NEO","nki_smc;neo","Fun",0.3,"VOPP1"
"overlap_rawp","rawp01","NKI.NEO","nki_smc;neo","Fun",0.3,"VPS39"
"overlap_rawp","rawp01","NKI.NEO","nki_smc;neo","Fun",0.3,"VPS9D1"
"overlap_rawp","rawp01","NKI.NEO","nki_smc;neo","Fun",0.3,"VSIR"
"overlap_rawp","rawp01","NKI.NEO","nki_smc;neo","Fun",0.3,"WAS"
"overlap_rawp","rawp01","NKI.NEO","nki_smc;neo","Fun",0.3,"WASF2"
"overlap_rawp","rawp01","NKI.NEO","nki_smc;neo","Fun",0.3,"WDFY1"
"overlap_rawp","rawp01","NKI.NEO","nki_smc;neo","Fun",0.3,"WDR27"
"overlap_rawp","rawp01","NKI.NEO","nki_smc;neo","Fun",0.3,"WDR44"
"overlap_rawp","rawp01","NKI.NEO","nki_smc;neo","Fun",0.3,"WDR7"
"overlap_rawp","rawp01","NKI.NEO","nki_smc;neo","Fun",0.3,"WDR81"
"overlap_rawp","rawp01","NKI.NEO","nki_smc;neo","Fun",0.3,"WIPF1"
"overlap_rawp","rawp01","NKI.NEO","nki_smc;neo","Fun",0.3,"WNT2B"
"overlap_rawp","rawp01","NKI.NEO","nki_smc;neo","Fun",0.3,"WWP2"
"overlap_rawp","rawp01","NKI.NEO","nki_smc;neo","Fun",0.3,"XPC"
"overlap_rawp","rawp01","NKI.NEO","nki_smc;neo","Fun",0.3,"ZBTB38"
"overlap_rawp","rawp01","NKI.NEO","nki_smc;neo","Fun",0.3,"ZDHHC15"
"overlap_rawp","rawp01","NKI.NEO","nki_smc;neo","Fun",0.3,"ZFP36L1"
"overlap_rawp","rawp01","NKI.NEO","nki_smc;neo","Fun",0.3,"ZFP36L2"
"overlap_rawp","rawp01","NKI.NEO","nki_smc;neo","Fun",0.3,"ZFYVE26"
"overlap_rawp","rawp01","NKI.NEO","nki_smc;neo","Fun",0.3,"ZFYVE28"
"overlap_rawp","rawp01","NKI.NEO","nki_smc;neo","Fun",0.3,"ZHX2"
"overlap_rawp","rawp01","NKI.NEO","nki_smc;neo","Fun",0.3,"ZKSCAN7"
"overlap_rawp","rawp01","NKI.NEO","nki_smc;neo","Fun",0.3,"ZKSCAN8"
"overlap_rawp","rawp01","NKI.NEO","nki_smc;neo","Fun",0.3,"ZMAT3"
"overlap_rawp","rawp01","NKI.NEO","nki_smc;neo","Fun",0.3,"ZMIZ2"
"overlap_rawp","rawp01","NKI.NEO","nki_smc;neo","Fun",0.3,"ZNF132"
"overlap_rawp","rawp01","NKI.NEO","nki_smc;neo","Fun",0.3,"ZNF154"
"overlap_rawp","rawp01","NKI.NEO","nki_smc;neo","Fun",0.3,"ZNF202"
"overlap_rawp","rawp01","NKI.NEO","nki_smc;neo","Fun",0.3,"ZNF211"
"overlap_rawp","rawp01","NKI.NEO","nki_smc;neo","Fun",0.3,"ZNF234"
"overlap_rawp","rawp01","NKI.NEO","nki_smc;neo","Fun",0.3,"ZNF276"
"overlap_rawp","rawp01","NKI.NEO","nki_smc;neo","Fun",0.3,"ZNF333"
"overlap_rawp","rawp01","NKI.NEO","nki_smc;neo","Fun",0.3,"ZNF335"
"overlap_rawp","rawp01","NKI.NEO","nki_smc;neo","Fun",0.3,"ZNF37BP"
"overlap_rawp","rawp01","NKI.NEO","nki_smc;neo","Fun",0.3,"ZNF438"
"overlap_rawp","rawp01","NKI.NEO","nki_smc;neo","Fun",0.3,"ZNF445"
"overlap_rawp","rawp01","NKI.NEO","nki_smc;neo","Fun",0.3,"ZNF550"
"overlap_rawp","rawp01","NKI.NEO","nki_smc;neo","Fun",0.3,"ZNF589"
"overlap_rawp","rawp01","NKI.NEO","nki_smc;neo","Fun",0.3,"ZNF608"
"overlap_rawp","rawp01","NKI.NEO","nki_smc;neo","Fun",0.3,"ZNF611"
"overlap_rawp","rawp01","NKI.NEO","nki_smc;neo","Fun",0.3,"ZNF621"
"overlap_rawp","rawp01","NKI.NEO","nki_smc;neo","Fun",0.3,"ZNF641"
"overlap_rawp","rawp01","NKI.NEO","nki_smc;neo","Fun",0.3,"ZNF671"
"overlap_rawp","rawp01","NKI.NEO","nki_smc;neo","Fun",0.3,"ZNF70"
"overlap_rawp","rawp01","NKI.NEO","nki_smc;neo","Fun",0.3,"ZNF75D"
"overlap_rawp","rawp01","NKI.NEO","nki_smc;neo","Fun",0.3,"ZNF767P"
"overlap_rawp","rawp01","NKI.NEO","nki_smc;neo","Fun",0.3,"ZNF79"
"overlap_rawp","rawp01","NKI.NEO","nki_smc;neo","Fun",0.3,"ZNF805"
"overlap_rawp","rawp01","NKI.NEO","nki_smc;neo","Fun",0.3,"ZNF827"
"overlap_rawp","rawp01","NKI.NEO","nki_smc;neo","Fun",0.3,"ZNF862"
"overlap_rawp","rawp01","NKI.NEO","nki_smc;neo","Fun",0.3,"ZSCAN30"
"overlap_rawp","rawp01","NKI.NEO","nki_smc;neo","Fun",0.3,"ZZEF1"
"overlap_rawp","rawp01","NKI.TNBCCL","nki_smc;tnbc_cl","Fun",0.3,"ABCC3"
"overlap_rawp","rawp01","NKI.TNBCCL","nki_smc;tnbc_cl","Fun",0.3,"ABO"
"overlap_rawp","rawp01","NKI.TNBCCL","nki_smc;tnbc_cl","Fun",0.3,"ADAP2"
"overlap_rawp","rawp01","NKI.TNBCCL","nki_smc;tnbc_cl","Fun",0.3,"ADGRG5"
"overlap_rawp","rawp01","NKI.TNBCCL","nki_smc;tnbc_cl","Fun",0.3,"ADGRL4"
"overlap_rawp","rawp01","NKI.TNBCCL","nki_smc;tnbc_cl","Fun",0.3,"AIM2"
"overlap_rawp","rawp01","NKI.TNBCCL","nki_smc;tnbc_cl","Fun",0.3,"AKAP17A"
"overlap_rawp","rawp01","NKI.TNBCCL","nki_smc;tnbc_cl","Fun",0.3,"ALDH1A1"
"overlap_rawp","rawp01","NKI.TNBCCL","nki_smc;tnbc_cl","Fun",0.3,"AMPD1"
"overlap_rawp","rawp01","NKI.TNBCCL","nki_smc;tnbc_cl","Fun",0.3,"AP3B2"
"overlap_rawp","rawp01","NKI.TNBCCL","nki_smc;tnbc_cl","Fun",0.3,"APOBEC3G"
"overlap_rawp","rawp01","NKI.TNBCCL","nki_smc;tnbc_cl","Fun",0.3,"APOL1"
"overlap_rawp","rawp01","NKI.TNBCCL","nki_smc;tnbc_cl","Fun",0.3,"APOL2"
"overlap_rawp","rawp01","NKI.TNBCCL","nki_smc;tnbc_cl","Fun",0.3,"APOL3"
"overlap_rawp","rawp01","NKI.TNBCCL","nki_smc;tnbc_cl","Fun",0.3,"APOL6"
"overlap_rawp","rawp01","NKI.TNBCCL","nki_smc;tnbc_cl","Fun",0.3,"ARHGAP15"
"overlap_rawp","rawp01","NKI.TNBCCL","nki_smc;tnbc_cl","Fun",0.3,"ARHGAP6"
"overlap_rawp","rawp01","NKI.TNBCCL","nki_smc;tnbc_cl","Fun",0.3,"ATP8B4"
"overlap_rawp","rawp01","NKI.TNBCCL","nki_smc;tnbc_cl","Fun",0.3,"BLNK"
"overlap_rawp","rawp01","NKI.TNBCCL","nki_smc;tnbc_cl","Fun",0.3,"BOD1L1"
"overlap_rawp","rawp01","NKI.TNBCCL","nki_smc;tnbc_cl","Fun",0.3,"BST1"
"overlap_rawp","rawp01","NKI.TNBCCL","nki_smc;tnbc_cl","Fun",0.3,"BTG2"
"overlap_rawp","rawp01","NKI.TNBCCL","nki_smc;tnbc_cl","Fun",0.3,"C1QTNF2"
"overlap_rawp","rawp01","NKI.TNBCCL","nki_smc;tnbc_cl","Fun",0.3,"C3"
"overlap_rawp","rawp01","NKI.TNBCCL","nki_smc;tnbc_cl","Fun",0.3,"CAPN3"
"overlap_rawp","rawp01","NKI.TNBCCL","nki_smc;tnbc_cl","Fun",0.3,"CARINH"
"overlap_rawp","rawp01","NKI.TNBCCL","nki_smc;tnbc_cl","Fun",0.3,"CCDC146"
"overlap_rawp","rawp01","NKI.TNBCCL","nki_smc;tnbc_cl","Fun",0.3,"CCDC159"
"overlap_rawp","rawp01","NKI.TNBCCL","nki_smc;tnbc_cl","Fun",0.3,"CCR2"
"overlap_rawp","rawp01","NKI.TNBCCL","nki_smc;tnbc_cl","Fun",0.3,"CD4"
"overlap_rawp","rawp01","NKI.TNBCCL","nki_smc;tnbc_cl","Fun",0.3,"CDIP1"
"overlap_rawp","rawp01","NKI.TNBCCL","nki_smc;tnbc_cl","Fun",0.3,"CHD3"
"overlap_rawp","rawp01","NKI.TNBCCL","nki_smc;tnbc_cl","Fun",0.3,"CLDN15"
"overlap_rawp","rawp01","NKI.TNBCCL","nki_smc;tnbc_cl","Fun",0.3,"CLIC2"
"overlap_rawp","rawp01","NKI.TNBCCL","nki_smc;tnbc_cl","Fun",0.3,"CNTRL"
"overlap_rawp","rawp01","NKI.TNBCCL","nki_smc;tnbc_cl","Fun",0.3,"COL17A1"
"overlap_rawp","rawp01","NKI.TNBCCL","nki_smc;tnbc_cl","Fun",0.3,"COL24A1"
"overlap_rawp","rawp01","NKI.TNBCCL","nki_smc;tnbc_cl","Fun",0.3,"COL6A5"
"overlap_rawp","rawp01","NKI.TNBCCL","nki_smc;tnbc_cl","Fun",0.3,"CSAD"
"overlap_rawp","rawp01","NKI.TNBCCL","nki_smc;tnbc_cl","Fun",0.3,"CYSLTR2"
"overlap_rawp","rawp01","NKI.TNBCCL","nki_smc;tnbc_cl","Fun",0.3,"DDB2"
"overlap_rawp","rawp01","NKI.TNBCCL","nki_smc;tnbc_cl","Fun",0.3,"DIRAS3"
"overlap_rawp","rawp01","NKI.TNBCCL","nki_smc;tnbc_cl","Fun",0.3,"DNAI3"
"overlap_rawp","rawp01","NKI.TNBCCL","nki_smc;tnbc_cl","Fun",0.3,"DNM1"
"overlap_rawp","rawp01","NKI.TNBCCL","nki_smc;tnbc_cl","Fun",0.3,"DOCK8"
"overlap_rawp","rawp01","NKI.TNBCCL","nki_smc;tnbc_cl","Fun",0.3,"DSG1"
"overlap_rawp","rawp01","NKI.TNBCCL","nki_smc;tnbc_cl","Fun",0.3,"ECM2"
"overlap_rawp","rawp01","NKI.TNBCCL","nki_smc;tnbc_cl","Fun",0.3,"EEPD1"
"overlap_rawp","rawp01","NKI.TNBCCL","nki_smc;tnbc_cl","Fun",0.3,"EGFLAM"
"overlap_rawp","rawp01","NKI.TNBCCL","nki_smc;tnbc_cl","Fun",0.3,"EMILIN2"
"overlap_rawp","rawp01","NKI.TNBCCL","nki_smc;tnbc_cl","Fun",0.3,"FBLN7"
"overlap_rawp","rawp01","NKI.TNBCCL","nki_smc;tnbc_cl","Fun",0.3,"FLT4"
"overlap_rawp","rawp01","NKI.TNBCCL","nki_smc;tnbc_cl","Fun",0.3,"FRZB"
"overlap_rawp","rawp01","NKI.TNBCCL","nki_smc;tnbc_cl","Fun",0.3,"FYB1"
"overlap_rawp","rawp01","NKI.TNBCCL","nki_smc;tnbc_cl","Fun",0.3,"FZD4"
"overlap_rawp","rawp01","NKI.TNBCCL","nki_smc;tnbc_cl","Fun",0.3,"GABPB2"
"overlap_rawp","rawp01","NKI.TNBCCL","nki_smc;tnbc_cl","Fun",0.3,"GCNT4"
"overlap_rawp","rawp01","NKI.TNBCCL","nki_smc;tnbc_cl","Fun",0.3,"GFI1"
"overlap_rawp","rawp01","NKI.TNBCCL","nki_smc;tnbc_cl","Fun",0.3,"GIPC2"
"overlap_rawp","rawp01","NKI.TNBCCL","nki_smc;tnbc_cl","Fun",0.3,"GNB3"
"overlap_rawp","rawp01","NKI.TNBCCL","nki_smc;tnbc_cl","Fun",0.3,"GPX3"
"overlap_rawp","rawp01","NKI.TNBCCL","nki_smc;tnbc_cl","Fun",0.3,"GTSF1"
"overlap_rawp","rawp01","NKI.TNBCCL","nki_smc;tnbc_cl","Fun",0.3,"HAPLN3"
"overlap_rawp","rawp01","NKI.TNBCCL","nki_smc;tnbc_cl","Fun",0.3,"HCK"
"overlap_rawp","rawp01","NKI.TNBCCL","nki_smc;tnbc_cl","Fun",0.3,"HLA-DQB1"
"overlap_rawp","rawp01","NKI.TNBCCL","nki_smc;tnbc_cl","Fun",0.3,"HLA-DQB2"
"overlap_rawp","rawp01","NKI.TNBCCL","nki_smc;tnbc_cl","Fun",0.3,"HLA-E"
"overlap_rawp","rawp01","NKI.TNBCCL","nki_smc;tnbc_cl","Fun",0.3,"HPSE2"
"overlap_rawp","rawp01","NKI.TNBCCL","nki_smc;tnbc_cl","Fun",0.3,"HSPA12B"
"overlap_rawp","rawp01","NKI.TNBCCL","nki_smc;tnbc_cl","Fun",0.3,"IPCEF1"
"overlap_rawp","rawp01","NKI.TNBCCL","nki_smc;tnbc_cl","Fun",0.3,"IQGAP2"
"overlap_rawp","rawp01","NKI.TNBCCL","nki_smc;tnbc_cl","Fun",0.3,"ITGA7"
"overlap_rawp","rawp01","NKI.TNBCCL","nki_smc;tnbc_cl","Fun",0.3,"JAML"
"overlap_rawp","rawp01","NKI.TNBCCL","nki_smc;tnbc_cl","Fun",0.3,"JCHAIN"
"overlap_rawp","rawp01","NKI.TNBCCL","nki_smc;tnbc_cl","Fun",0.3,"KMO"
"overlap_rawp","rawp01","NKI.TNBCCL","nki_smc;tnbc_cl","Fun",0.3,"LENG8"
"overlap_rawp","rawp01","NKI.TNBCCL","nki_smc;tnbc_cl","Fun",0.3,"LGALS9"
"overlap_rawp","rawp01","NKI.TNBCCL","nki_smc;tnbc_cl","Fun",0.3,"LGMN"
"overlap_rawp","rawp01","NKI.TNBCCL","nki_smc;tnbc_cl","Fun",0.3,"LIMA1"
"overlap_rawp","rawp01","NKI.TNBCCL","nki_smc;tnbc_cl","Fun",0.3,"LYZ"
"overlap_rawp","rawp01","NKI.TNBCCL","nki_smc;tnbc_cl","Fun",0.3,"MIXL1"
"overlap_rawp","rawp01","NKI.TNBCCL","nki_smc;tnbc_cl","Fun",0.3,"MOXD1"
"overlap_rawp","rawp01","NKI.TNBCCL","nki_smc;tnbc_cl","Fun",0.3,"MSC"
"overlap_rawp","rawp01","NKI.TNBCCL","nki_smc;tnbc_cl","Fun",0.3,"MYH11"
"overlap_rawp","rawp01","NKI.TNBCCL","nki_smc;tnbc_cl","Fun",0.3,"MYH3"
"overlap_rawp","rawp01","NKI.TNBCCL","nki_smc;tnbc_cl","Fun",0.3,"MYOM1"
"overlap_rawp","rawp01","NKI.TNBCCL","nki_smc;tnbc_cl","Fun",0.3,"NAPB"
"overlap_rawp","rawp01","NKI.TNBCCL","nki_smc;tnbc_cl","Fun",0.3,"NCKAP5L"
"overlap_rawp","rawp01","NKI.TNBCCL","nki_smc;tnbc_cl","Fun",0.3,"NECAB1"
"overlap_rawp","rawp01","NKI.TNBCCL","nki_smc;tnbc_cl","Fun",0.3,"NFASC"
"overlap_rawp","rawp01","NKI.TNBCCL","nki_smc;tnbc_cl","Fun",0.3,"NOTCH4"
"overlap_rawp","rawp01","NKI.TNBCCL","nki_smc;tnbc_cl","Fun",0.3,"NR5A2"
"overlap_rawp","rawp01","NKI.TNBCCL","nki_smc;tnbc_cl","Fun",0.3,"NRG4"
"overlap_rawp","rawp01","NKI.TNBCCL","nki_smc;tnbc_cl","Fun",0.3,"OXER1"
"overlap_rawp","rawp01","NKI.TNBCCL","nki_smc;tnbc_cl","Fun",0.3,"PCED1B-AS1"
"overlap_rawp","rawp01","NKI.TNBCCL","nki_smc;tnbc_cl","Fun",0.3,"PDE1B"
"overlap_rawp","rawp01","NKI.TNBCCL","nki_smc;tnbc_cl","Fun",0.3,"PENK"
"overlap_rawp","rawp01","NKI.TNBCCL","nki_smc;tnbc_cl","Fun",0.3,"PHF12"
"overlap_rawp","rawp01","NKI.TNBCCL","nki_smc;tnbc_cl","Fun",0.3,"PIP5K1B"
"overlap_rawp","rawp01","NKI.TNBCCL","nki_smc;tnbc_cl","Fun",0.3,"PLAAT4"
"overlap_rawp","rawp01","NKI.TNBCCL","nki_smc;tnbc_cl","Fun",0.3,"PLBD1"
"overlap_rawp","rawp01","NKI.TNBCCL","nki_smc;tnbc_cl","Fun",0.3,"PLPPR4"
"overlap_rawp","rawp01","NKI.TNBCCL","nki_smc;tnbc_cl","Fun",0.3,"PML"
"overlap_rawp","rawp01","NKI.TNBCCL","nki_smc;tnbc_cl","Fun",0.3,"PROCA1"
"overlap_rawp","rawp01","NKI.TNBCCL","nki_smc;tnbc_cl","Fun",0.3,"PTAFR"
"overlap_rawp","rawp01","NKI.TNBCCL","nki_smc;tnbc_cl","Fun",0.3,"RFTN2"
"overlap_rawp","rawp01","NKI.TNBCCL","nki_smc;tnbc_cl","Fun",0.3,"RHOH"
"overlap_rawp","rawp01","NKI.TNBCCL","nki_smc;tnbc_cl","Fun",0.3,"RPH3A"
"overlap_rawp","rawp01","NKI.TNBCCL","nki_smc;tnbc_cl","Fun",0.3,"RTL5"
"overlap_rawp","rawp01","NKI.TNBCCL","nki_smc;tnbc_cl","Fun",0.3,"SAMD9L"
"overlap_rawp","rawp01","NKI.TNBCCL","nki_smc;tnbc_cl","Fun",0.3,"SCN3A"
"overlap_rawp","rawp01","NKI.TNBCCL","nki_smc;tnbc_cl","Fun",0.3,"SELP"
"overlap_rawp","rawp01","NKI.TNBCCL","nki_smc;tnbc_cl","Fun",0.3,"SHFL"
"overlap_rawp","rawp01","NKI.TNBCCL","nki_smc;tnbc_cl","Fun",0.3,"SIRPA"
"overlap_rawp","rawp01","NKI.TNBCCL","nki_smc;tnbc_cl","Fun",0.3,"SLA2"
"overlap_rawp","rawp01","NKI.TNBCCL","nki_smc;tnbc_cl","Fun",0.3,"SLC15A3"
"overlap_rawp","rawp01","NKI.TNBCCL","nki_smc;tnbc_cl","Fun",0.3,"SLC25A27"
"overlap_rawp","rawp01","NKI.TNBCCL","nki_smc;tnbc_cl","Fun",0.3,"SLC7A9"
"overlap_rawp","rawp01","NKI.TNBCCL","nki_smc;tnbc_cl","Fun",0.3,"SOD3"
"overlap_rawp","rawp01","NKI.TNBCCL","nki_smc;tnbc_cl","Fun",0.3,"SOX7"
"overlap_rawp","rawp01","NKI.TNBCCL","nki_smc;tnbc_cl","Fun",0.3,"SSC5D"
"overlap_rawp","rawp01","NKI.TNBCCL","nki_smc;tnbc_cl","Fun",0.3,"STAT2"
"overlap_rawp","rawp01","NKI.TNBCCL","nki_smc;tnbc_cl","Fun",0.3,"STAT4"
"overlap_rawp","rawp01","NKI.TNBCCL","nki_smc;tnbc_cl","Fun",0.3,"STING1"
"overlap_rawp","rawp01","NKI.TNBCCL","nki_smc;tnbc_cl","Fun",0.3,"SUCNR1"
"overlap_rawp","rawp01","NKI.TNBCCL","nki_smc;tnbc_cl","Fun",0.3,"SYK"
"overlap_rawp","rawp01","NKI.TNBCCL","nki_smc;tnbc_cl","Fun",0.3,"SYT11"
"overlap_rawp","rawp01","NKI.TNBCCL","nki_smc;tnbc_cl","Fun",0.3,"TMEM140"
"overlap_rawp","rawp01","NKI.TNBCCL","nki_smc;tnbc_cl","Fun",0.3,"TMEM175"
"overlap_rawp","rawp01","NKI.TNBCCL","nki_smc;tnbc_cl","Fun",0.3,"TMEM259"
"overlap_rawp","rawp01","NKI.TNBCCL","nki_smc;tnbc_cl","Fun",0.3,"TMEM86B"
"overlap_rawp","rawp01","NKI.TNBCCL","nki_smc;tnbc_cl","Fun",0.3,"TNFAIP2"
"overlap_rawp","rawp01","NKI.TNBCCL","nki_smc;tnbc_cl","Fun",0.3,"TRIM56"
"overlap_rawp","rawp01","NKI.TNBCCL","nki_smc;tnbc_cl","Fun",0.3,"TSHZ2"
"overlap_rawp","rawp01","NKI.TNBCCL","nki_smc;tnbc_cl","Fun",0.3,"TSPYL2"
"overlap_rawp","rawp01","NKI.TNBCCL","nki_smc;tnbc_cl","Fun",0.3,"TYK2"
"overlap_rawp","rawp01","NKI.TNBCCL","nki_smc;tnbc_cl","Fun",0.3,"UNC79"
"overlap_rawp","rawp01","NKI.TNBCCL","nki_smc;tnbc_cl","Fun",0.3,"USP30-AS1"
"overlap_rawp","rawp01","NKI.TNBCCL","nki_smc;tnbc_cl","Fun",0.3,"VSIR"
"overlap_rawp","rawp01","NKI.TNBCCL","nki_smc;tnbc_cl","Fun",0.3,"WASH5P"
"overlap_rawp","rawp01","NKI.TNBCCL","nki_smc;tnbc_cl","Fun",0.3,"XAF1"
"overlap_rawp","rawp01","NKI.TNBCCL","nki_smc;tnbc_cl","Fun",0.3,"ZBTB40"
"overlap_rawp","rawp01","NKI.TNBCCL","nki_smc;tnbc_cl","Fun",0.3,"ZNF211"
"overlap_rawp","rawp01","NKI.TNBCCL","nki_smc;tnbc_cl","Fun",0.3,"ZNF44"
"overlap_rawp","rawp01","NKI.TNBCCL","nki_smc;tnbc_cl","Fun",0.3,"ZNF582-DT"
"overlap_rawp","rawp01","NKI.TNBCCL","nki_smc;tnbc_cl","Fun",0.3,"ZNF589"
"overlap_rawp","rawp01","NKI.TNBCCL","nki_smc;tnbc_cl","Fun",0.3,"ZNF711"
"overlap_rawp","rawp01","NKI.TNBCCL","nki_smc;tnbc_cl","Fun",0.3,"ZNF865"
"overlap_rawp","rawp01","NEO.TNBCCL","neo;tnbc_cl","Fun",0.3,"ABHD4"
"overlap_rawp","rawp01","NEO.TNBCCL","neo;tnbc_cl","Fun",0.3,"ABHD8"
"overlap_rawp","rawp01","NEO.TNBCCL","neo;tnbc_cl","Fun",0.3,"ACADVL"
"overlap_rawp","rawp01","NEO.TNBCCL","neo;tnbc_cl","Fun",0.3,"AKAP8L"
"overlap_rawp","rawp01","NEO.TNBCCL","neo;tnbc_cl","Fun",0.3,"AKIP1"
"overlap_rawp","rawp01","NEO.TNBCCL","neo;tnbc_cl","Fun",0.3,"ALAD"
"overlap_rawp","rawp01","NEO.TNBCCL","neo;tnbc_cl","Fun",0.3,"ANKRD13C-DT"
"overlap_rawp","rawp01","NEO.TNBCCL","neo;tnbc_cl","Fun",0.3,"ANKRD54"
"overlap_rawp","rawp01","NEO.TNBCCL","neo;tnbc_cl","Fun",0.3,"AP5B1"
"overlap_rawp","rawp01","NEO.TNBCCL","neo;tnbc_cl","Fun",0.3,"APEX2"
"overlap_rawp","rawp01","NEO.TNBCCL","neo;tnbc_cl","Fun",0.3,"APOL1"
"overlap_rawp","rawp01","NEO.TNBCCL","neo;tnbc_cl","Fun",0.3,"APOL2"
"overlap_rawp","rawp01","NEO.TNBCCL","neo;tnbc_cl","Fun",0.3,"AQP3"
"overlap_rawp","rawp01","NEO.TNBCCL","neo;tnbc_cl","Fun",0.3,"ARHGEF34P"
"overlap_rawp","rawp01","NEO.TNBCCL","neo;tnbc_cl","Fun",0.3,"ARMC5"
"overlap_rawp","rawp01","NEO.TNBCCL","neo;tnbc_cl","Fun",0.3,"ASCC2"
"overlap_rawp","rawp01","NEO.TNBCCL","neo;tnbc_cl","Fun",0.3,"ATF5"
"overlap_rawp","rawp01","NEO.TNBCCL","neo;tnbc_cl","Fun",0.3,"ATP1A1-AS1"
"overlap_rawp","rawp01","NEO.TNBCCL","neo;tnbc_cl","Fun",0.3,"ATP6V0C"
"overlap_rawp","rawp01","NEO.TNBCCL","neo;tnbc_cl","Fun",0.3,"ATXN2L"
"overlap_rawp","rawp01","NEO.TNBCCL","neo;tnbc_cl","Fun",0.3,"BANF1"
"overlap_rawp","rawp01","NEO.TNBCCL","neo;tnbc_cl","Fun",0.3,"BLNK"
"overlap_rawp","rawp01","NEO.TNBCCL","neo;tnbc_cl","Fun",0.3,"BOD1L1"
"overlap_rawp","rawp01","NEO.TNBCCL","neo;tnbc_cl","Fun",0.3,"BORCS6"
"overlap_rawp","rawp01","NEO.TNBCCL","neo;tnbc_cl","Fun",0.3,"BRPF1"
"overlap_rawp","rawp01","NEO.TNBCCL","neo;tnbc_cl","Fun",0.3,"BRPF3"
"overlap_rawp","rawp01","NEO.TNBCCL","neo;tnbc_cl","Fun",0.3,"BTBD6"
"overlap_rawp","rawp01","NEO.TNBCCL","neo;tnbc_cl","Fun",0.3,"CA11"
"overlap_rawp","rawp01","NEO.TNBCCL","neo;tnbc_cl","Fun",0.3,"CASP2"
"overlap_rawp","rawp01","NEO.TNBCCL","neo;tnbc_cl","Fun",0.3,"CASP7"
"overlap_rawp","rawp01","NEO.TNBCCL","neo;tnbc_cl","Fun",0.3,"CBX4"
"overlap_rawp","rawp01","NEO.TNBCCL","neo;tnbc_cl","Fun",0.3,"CCDC157"
"overlap_rawp","rawp01","NEO.TNBCCL","neo;tnbc_cl","Fun",0.3,"CCDC159"
"overlap_rawp","rawp01","NEO.TNBCCL","neo;tnbc_cl","Fun",0.3,"CCDC22"
"overlap_rawp","rawp01","NEO.TNBCCL","neo;tnbc_cl","Fun",0.3,"CCDC9"
"overlap_rawp","rawp01","NEO.TNBCCL","neo;tnbc_cl","Fun",0.3,"CDH24"
"overlap_rawp","rawp01","NEO.TNBCCL","neo;tnbc_cl","Fun",0.3,"CDIP1"
"overlap_rawp","rawp01","NEO.TNBCCL","neo;tnbc_cl","Fun",0.3,"CDIPT"
"overlap_rawp","rawp01","NEO.TNBCCL","neo;tnbc_cl","Fun",0.3,"CDK11B"
"overlap_rawp","rawp01","NEO.TNBCCL","neo;tnbc_cl","Fun",0.3,"CDK2AP2"
"overlap_rawp","rawp01","NEO.TNBCCL","neo;tnbc_cl","Fun",0.3,"CDR2L"
"overlap_rawp","rawp01","NEO.TNBCCL","neo;tnbc_cl","Fun",0.3,"CFL1"
"overlap_rawp","rawp01","NEO.TNBCCL","neo;tnbc_cl","Fun",0.3,"CHD3"
"overlap_rawp","rawp01","NEO.TNBCCL","neo;tnbc_cl","Fun",0.3,"CHRAC1"
"overlap_rawp","rawp01","NEO.TNBCCL","neo;tnbc_cl","Fun",0.3,"CHTOP"
"overlap_rawp","rawp01","NEO.TNBCCL","neo;tnbc_cl","Fun",0.3,"CIZ1"
"overlap_rawp","rawp01","NEO.TNBCCL","neo;tnbc_cl","Fun",0.3,"CLDN15"
"overlap_rawp","rawp01","NEO.TNBCCL","neo;tnbc_cl","Fun",0.3,"CNP"
"overlap_rawp","rawp01","NEO.TNBCCL","neo;tnbc_cl","Fun",0.3,"COPS7B"
"overlap_rawp","rawp01","NEO.TNBCCL","neo;tnbc_cl","Fun",0.3,"COQ9"
"overlap_rawp","rawp01","NEO.TNBCCL","neo;tnbc_cl","Fun",0.3,"CREB3L1"
"overlap_rawp","rawp01","NEO.TNBCCL","neo;tnbc_cl","Fun",0.3,"CSMD2"
"overlap_rawp","rawp01","NEO.TNBCCL","neo;tnbc_cl","Fun",0.3,"CSRNP2"
"overlap_rawp","rawp01","NEO.TNBCCL","neo;tnbc_cl","Fun",0.3,"CUTA"
"overlap_rawp","rawp01","NEO.TNBCCL","neo;tnbc_cl","Fun",0.3,"DDB2"
"overlap_rawp","rawp01","NEO.TNBCCL","neo;tnbc_cl","Fun",0.3,"DENND2D"
"overlap_rawp","rawp01","NEO.TNBCCL","neo;tnbc_cl","Fun",0.3,"DMPK"
"overlap_rawp","rawp01","NEO.TNBCCL","neo;tnbc_cl","Fun",0.3,"DNM1"
"overlap_rawp","rawp01","NEO.TNBCCL","neo;tnbc_cl","Fun",0.3,"DPF2"
"overlap_rawp","rawp01","NEO.TNBCCL","neo;tnbc_cl","Fun",0.3,"DYNLRB1"
"overlap_rawp","rawp01","NEO.TNBCCL","neo;tnbc_cl","Fun",0.3,"EEPD1"
"overlap_rawp","rawp01","NEO.TNBCCL","neo;tnbc_cl","Fun",0.3,"ERAL1"
"overlap_rawp","rawp01","NEO.TNBCCL","neo;tnbc_cl","Fun",0.3,"FAM110A"
"overlap_rawp","rawp01","NEO.TNBCCL","neo;tnbc_cl","Fun",0.3,"FAM161B"
"overlap_rawp","rawp01","NEO.TNBCCL","neo;tnbc_cl","Fun",0.3,"FBLN7"
"overlap_rawp","rawp01","NEO.TNBCCL","neo;tnbc_cl","Fun",0.3,"FBXW5"
"overlap_rawp","rawp01","NEO.TNBCCL","neo;tnbc_cl","Fun",0.3,"FEM1A"
"overlap_rawp","rawp01","NEO.TNBCCL","neo;tnbc_cl","Fun",0.3,"FHL3"
"overlap_rawp","rawp01","NEO.TNBCCL","neo;tnbc_cl","Fun",0.3,"FIZ1"
"overlap_rawp","rawp01","NEO.TNBCCL","neo;tnbc_cl","Fun",0.3,"FLOT1"
"overlap_rawp","rawp01","NEO.TNBCCL","neo;tnbc_cl","Fun",0.3,"GAA"
"overlap_rawp","rawp01","NEO.TNBCCL","neo;tnbc_cl","Fun",0.3,"GAK"
"overlap_rawp","rawp01","NEO.TNBCCL","neo;tnbc_cl","Fun",0.3,"GCHFR"
"overlap_rawp","rawp01","NEO.TNBCCL","neo;tnbc_cl","Fun",0.3,"GLIS2"
"overlap_rawp","rawp01","NEO.TNBCCL","neo;tnbc_cl","Fun",0.3,"GPAA1"
"overlap_rawp","rawp01","NEO.TNBCCL","neo;tnbc_cl","Fun",0.3,"GPATCH3"
"overlap_rawp","rawp01","NEO.TNBCCL","neo;tnbc_cl","Fun",0.3,"GPS2"
"overlap_rawp","rawp01","NEO.TNBCCL","neo;tnbc_cl","Fun",0.3,"GUCD1"
"overlap_rawp","rawp01","NEO.TNBCCL","neo;tnbc_cl","Fun",0.3,"GUSB"
"overlap_rawp","rawp01","NEO.TNBCCL","neo;tnbc_cl","Fun",0.3,"HCFC1R1"
"overlap_rawp","rawp01","NEO.TNBCCL","neo;tnbc_cl","Fun",0.3,"HIRIP3"
"overlap_rawp","rawp01","NEO.TNBCCL","neo;tnbc_cl","Fun",0.3,"HMGN2"
"overlap_rawp","rawp01","NEO.TNBCCL","neo;tnbc_cl","Fun",0.3,"HOXC6"
"overlap_rawp","rawp01","NEO.TNBCCL","neo;tnbc_cl","Fun",0.3,"HPS1"
"overlap_rawp","rawp01","NEO.TNBCCL","neo;tnbc_cl","Fun",0.3,"HSPB1"
"overlap_rawp","rawp01","NEO.TNBCCL","neo;tnbc_cl","Fun",0.3,"HYAL3"
"overlap_rawp","rawp01","NEO.TNBCCL","neo;tnbc_cl","Fun",0.3,"ILDR1"
"overlap_rawp","rawp01","NEO.TNBCCL","neo;tnbc_cl","Fun",0.3,"INO80C"
"overlap_rawp","rawp01","NEO.TNBCCL","neo;tnbc_cl","Fun",0.3,"IP6K2"
"overlap_rawp","rawp01","NEO.TNBCCL","neo;tnbc_cl","Fun",0.3,"IQCC"
"overlap_rawp","rawp01","NEO.TNBCCL","neo;tnbc_cl","Fun",0.3,"IRF2BP1"
"overlap_rawp","rawp01","NEO.TNBCCL","neo;tnbc_cl","Fun",0.3,"IRX3"
"overlap_rawp","rawp01","NEO.TNBCCL","neo;tnbc_cl","Fun",0.3,"ISYNA1"
"overlap_rawp","rawp01","NEO.TNBCCL","neo;tnbc_cl","Fun",0.3,"JMJD1C-AS1"
"overlap_rawp","rawp01","NEO.TNBCCL","neo;tnbc_cl","Fun",0.3,"KCTD13"
"overlap_rawp","rawp01","NEO.TNBCCL","neo;tnbc_cl","Fun",0.3,"KEAP1"
"overlap_rawp","rawp01","NEO.TNBCCL","neo;tnbc_cl","Fun",0.3,"KIAA0319"
"overlap_rawp","rawp01","NEO.TNBCCL","neo;tnbc_cl","Fun",0.3,"KIF22"
"overlap_rawp","rawp01","NEO.TNBCCL","neo;tnbc_cl","Fun",0.3,"LENG8"
"overlap_rawp","rawp01","NEO.TNBCCL","neo;tnbc_cl","Fun",0.3,"LINC01278"
"overlap_rawp","rawp01","NEO.TNBCCL","neo;tnbc_cl","Fun",0.3,"LITAF"
"overlap_rawp","rawp01","NEO.TNBCCL","neo;tnbc_cl","Fun",0.3,"LMF2"
"overlap_rawp","rawp01","NEO.TNBCCL","neo;tnbc_cl","Fun",0.3,"LPCAT3"
"overlap_rawp","rawp01","NEO.TNBCCL","neo;tnbc_cl","Fun",0.3,"MAP1LC3A"
"overlap_rawp","rawp01","NEO.TNBCCL","neo;tnbc_cl","Fun",0.3,"MAP3K11"
"overlap_rawp","rawp01","NEO.TNBCCL","neo;tnbc_cl","Fun",0.3,"MAP3K6"
"overlap_rawp","rawp01","NEO.TNBCCL","neo;tnbc_cl","Fun",0.3,"MBD3"
"overlap_rawp","rawp01","NEO.TNBCCL","neo;tnbc_cl","Fun",0.3,"MDK"
"overlap_rawp","rawp01","NEO.TNBCCL","neo;tnbc_cl","Fun",0.3,"MEPCE"
"overlap_rawp","rawp01","NEO.TNBCCL","neo;tnbc_cl","Fun",0.3,"METTL25B"
"overlap_rawp","rawp01","NEO.TNBCCL","neo;tnbc_cl","Fun",0.3,"MIB2"
"overlap_rawp","rawp01","NEO.TNBCCL","neo;tnbc_cl","Fun",0.3,"MIIP"
"overlap_rawp","rawp01","NEO.TNBCCL","neo;tnbc_cl","Fun",0.3,"MLLT1"
"overlap_rawp","rawp01","NEO.TNBCCL","neo;tnbc_cl","Fun",0.3,"MORN1"
"overlap_rawp","rawp01","NEO.TNBCCL","neo;tnbc_cl","Fun",0.3,"MSC"
"overlap_rawp","rawp01","NEO.TNBCCL","neo;tnbc_cl","Fun",0.3,"MT-ND5"
"overlap_rawp","rawp01","NEO.TNBCCL","neo;tnbc_cl","Fun",0.3,"MTCH1"
"overlap_rawp","rawp01","NEO.TNBCCL","neo;tnbc_cl","Fun",0.3,"MTSS2"
"overlap_rawp","rawp01","NEO.TNBCCL","neo;tnbc_cl","Fun",0.3,"MYLK4"
"overlap_rawp","rawp01","NEO.TNBCCL","neo;tnbc_cl","Fun",0.3,"MYPOP"
"overlap_rawp","rawp01","NEO.TNBCCL","neo;tnbc_cl","Fun",0.3,"NAPA"
"overlap_rawp","rawp01","NEO.TNBCCL","neo;tnbc_cl","Fun",0.3,"NCAPH2"
"overlap_rawp","rawp01","NEO.TNBCCL","neo;tnbc_cl","Fun",0.3,"NDOR1"
"overlap_rawp","rawp01","NEO.TNBCCL","neo;tnbc_cl","Fun",0.3,"NDUFV1"
"overlap_rawp","rawp01","NEO.TNBCCL","neo;tnbc_cl","Fun",0.3,"NELFA"
"overlap_rawp","rawp01","NEO.TNBCCL","neo;tnbc_cl","Fun",0.3,"NEU1"
"overlap_rawp","rawp01","NEO.TNBCCL","neo;tnbc_cl","Fun",0.3,"NFATC2IP"
"overlap_rawp","rawp01","NEO.TNBCCL","neo;tnbc_cl","Fun",0.3,"NGRN"
"overlap_rawp","rawp01","NEO.TNBCCL","neo;tnbc_cl","Fun",0.3,"NMNAT1"
"overlap_rawp","rawp01","NEO.TNBCCL","neo;tnbc_cl","Fun",0.3,"NUBP1"
"overlap_rawp","rawp01","NEO.TNBCCL","neo;tnbc_cl","Fun",0.3,"OS9"
"overlap_rawp","rawp01","NEO.TNBCCL","neo;tnbc_cl","Fun",0.3,"OTUD5"
"overlap_rawp","rawp01","NEO.TNBCCL","neo;tnbc_cl","Fun",0.3,"PCED1A"
"overlap_rawp","rawp01","NEO.TNBCCL","neo;tnbc_cl","Fun",0.3,"PCNT"
"overlap_rawp","rawp01","NEO.TNBCCL","neo;tnbc_cl","Fun",0.3,"PER3"
"overlap_rawp","rawp01","NEO.TNBCCL","neo;tnbc_cl","Fun",0.3,"PGD"
"overlap_rawp","rawp01","NEO.TNBCCL","neo;tnbc_cl","Fun",0.3,"PHACTR4"
"overlap_rawp","rawp01","NEO.TNBCCL","neo;tnbc_cl","Fun",0.3,"PHF12"
"overlap_rawp","rawp01","NEO.TNBCCL","neo;tnbc_cl","Fun",0.3,"PHLDB3"
"overlap_rawp","rawp01","NEO.TNBCCL","neo;tnbc_cl","Fun",0.3,"PIDD1"
"overlap_rawp","rawp01","NEO.TNBCCL","neo;tnbc_cl","Fun",0.3,"PIGT"
"overlap_rawp","rawp01","NEO.TNBCCL","neo;tnbc_cl","Fun",0.3,"PIN1"
"overlap_rawp","rawp01","NEO.TNBCCL","neo;tnbc_cl","Fun",0.3,"PITHD1"
"overlap_rawp","rawp01","NEO.TNBCCL","neo;tnbc_cl","Fun",0.3,"PLEKHA4"
"overlap_rawp","rawp01","NEO.TNBCCL","neo;tnbc_cl","Fun",0.3,"PML"
"overlap_rawp","rawp01","NEO.TNBCCL","neo;tnbc_cl","Fun",0.3,"PNKD"
"overlap_rawp","rawp01","NEO.TNBCCL","neo;tnbc_cl","Fun",0.3,"POLD1"
"overlap_rawp","rawp01","NEO.TNBCCL","neo;tnbc_cl","Fun",0.3,"POLR2A"
"overlap_rawp","rawp01","NEO.TNBCCL","neo;tnbc_cl","Fun",0.3,"PPCDC"
"overlap_rawp","rawp01","NEO.TNBCCL","neo;tnbc_cl","Fun",0.3,"PPDPF"
"overlap_rawp","rawp01","NEO.TNBCCL","neo;tnbc_cl","Fun",0.3,"PPP1R11"
"overlap_rawp","rawp01","NEO.TNBCCL","neo;tnbc_cl","Fun",0.3,"PPP1R3E"
"overlap_rawp","rawp01","NEO.TNBCCL","neo;tnbc_cl","Fun",0.3,"PPP1R7"
"overlap_rawp","rawp01","NEO.TNBCCL","neo;tnbc_cl","Fun",0.3,"PRKACA"
"overlap_rawp","rawp01","NEO.TNBCCL","neo;tnbc_cl","Fun",0.3,"PSME3IP1"
"overlap_rawp","rawp01","NEO.TNBCCL","neo;tnbc_cl","Fun",0.3,"PYCR2"
"overlap_rawp","rawp01","NEO.TNBCCL","neo;tnbc_cl","Fun",0.3,"PYGO2"
"overlap_rawp","rawp01","NEO.TNBCCL","neo;tnbc_cl","Fun",0.3,"RAD51-AS1"
"overlap_rawp","rawp01","NEO.TNBCCL","neo;tnbc_cl","Fun",0.3,"RAET1E-AS1"
"overlap_rawp","rawp01","NEO.TNBCCL","neo;tnbc_cl","Fun",0.3,"REXO1"
"overlap_rawp","rawp01","NEO.TNBCCL","neo;tnbc_cl","Fun",0.3,"RIC8A"
"overlap_rawp","rawp01","NEO.TNBCCL","neo;tnbc_cl","Fun",0.3,"RNF167"
"overlap_rawp","rawp01","NEO.TNBCCL","neo;tnbc_cl","Fun",0.3,"RNF25"
"overlap_rawp","rawp01","NEO.TNBCCL","neo;tnbc_cl","Fun",0.3,"RNF40"
"overlap_rawp","rawp01","NEO.TNBCCL","neo;tnbc_cl","Fun",0.3,"ROM1"
"overlap_rawp","rawp01","NEO.TNBCCL","neo;tnbc_cl","Fun",0.3,"RTN4R"
"overlap_rawp","rawp01","NEO.TNBCCL","neo;tnbc_cl","Fun",0.3,"RUSC1"
"overlap_rawp","rawp01","NEO.TNBCCL","neo;tnbc_cl","Fun",0.3,"S100A10"
"overlap_rawp","rawp01","NEO.TNBCCL","neo;tnbc_cl","Fun",0.3,"SCAMP3"
"overlap_rawp","rawp01","NEO.TNBCCL","neo;tnbc_cl","Fun",0.3,"SCAMP4"
"overlap_rawp","rawp01","NEO.TNBCCL","neo;tnbc_cl","Fun",0.3,"SCNM1"
"overlap_rawp","rawp01","NEO.TNBCCL","neo;tnbc_cl","Fun",0.3,"SEMA5B"
"overlap_rawp","rawp01","NEO.TNBCCL","neo;tnbc_cl","Fun",0.3,"SERTAD1"
"overlap_rawp","rawp01","NEO.TNBCCL","neo;tnbc_cl","Fun",0.3,"SGF29"
"overlap_rawp","rawp01","NEO.TNBCCL","neo;tnbc_cl","Fun",0.3,"SHFL"
"overlap_rawp","rawp01","NEO.TNBCCL","neo;tnbc_cl","Fun",0.3,"SIRPA"
"overlap_rawp","rawp01","NEO.TNBCCL","neo;tnbc_cl","Fun",0.3,"SIRT7"
"overlap_rawp","rawp01","NEO.TNBCCL","neo;tnbc_cl","Fun",0.3,"SLC25A28"
"overlap_rawp","rawp01","NEO.TNBCCL","neo;tnbc_cl","Fun",0.3,"SLC52A3"
"overlap_rawp","rawp01","NEO.TNBCCL","neo;tnbc_cl","Fun",0.3,"SLC7A5"
"overlap_rawp","rawp01","NEO.TNBCCL","neo;tnbc_cl","Fun",0.3,"SLC9A1"
"overlap_rawp","rawp01","NEO.TNBCCL","neo;tnbc_cl","Fun",0.3,"SLTM"
"overlap_rawp","rawp01","NEO.TNBCCL","neo;tnbc_cl","Fun",0.3,"SMG5"
"overlap_rawp","rawp01","NEO.TNBCCL","neo;tnbc_cl","Fun",0.3,"SNAI1"
"overlap_rawp","rawp01","NEO.TNBCCL","neo;tnbc_cl","Fun",0.3,"SNAPC5"
"overlap_rawp","rawp01","NEO.TNBCCL","neo;tnbc_cl","Fun",0.3,"SNRNP70"
"overlap_rawp","rawp01","NEO.TNBCCL","neo;tnbc_cl","Fun",0.3,"SP2"
"overlap_rawp","rawp01","NEO.TNBCCL","neo;tnbc_cl","Fun",0.3,"SPATA2"
"overlap_rawp","rawp01","NEO.TNBCCL","neo;tnbc_cl","Fun",0.3,"SPTAN1"
"overlap_rawp","rawp01","NEO.TNBCCL","neo;tnbc_cl","Fun",0.3,"STAT2"
"overlap_rawp","rawp01","NEO.TNBCCL","neo;tnbc_cl","Fun",0.3,"STING1"
"overlap_rawp","rawp01","NEO.TNBCCL","neo;tnbc_cl","Fun",0.3,"STX5"
"overlap_rawp","rawp01","NEO.TNBCCL","neo;tnbc_cl","Fun",0.3,"SULT1A3"
"overlap_rawp","rawp01","NEO.TNBCCL","neo;tnbc_cl","Fun",0.3,"SUPT7L"
"overlap_rawp","rawp01","NEO.TNBCCL","neo;tnbc_cl","Fun",0.3,"SURF6"
"overlap_rawp","rawp01","NEO.TNBCCL","neo;tnbc_cl","Fun",0.3,"SYK"
"overlap_rawp","rawp01","NEO.TNBCCL","neo;tnbc_cl","Fun",0.3,"SYT11"
"overlap_rawp","rawp01","NEO.TNBCCL","neo;tnbc_cl","Fun",0.3,"SYT15B"
"overlap_rawp","rawp01","NEO.TNBCCL","neo;tnbc_cl","Fun",0.3,"TBC1D2"
"overlap_rawp","rawp01","NEO.TNBCCL","neo;tnbc_cl","Fun",0.3,"TCEA2"
"overlap_rawp","rawp01","NEO.TNBCCL","neo;tnbc_cl","Fun",0.3,"TDRD9"
"overlap_rawp","rawp01","NEO.TNBCCL","neo;tnbc_cl","Fun",0.3,"TECR"
"overlap_rawp","rawp01","NEO.TNBCCL","neo;tnbc_cl","Fun",0.3,"TERF2IP"
"overlap_rawp","rawp01","NEO.TNBCCL","neo;tnbc_cl","Fun",0.3,"TFAP2E"
"overlap_rawp","rawp01","NEO.TNBCCL","neo;tnbc_cl","Fun",0.3,"THOC6"
"overlap_rawp","rawp01","NEO.TNBCCL","neo;tnbc_cl","Fun",0.3,"TJAP1"
"overlap_rawp","rawp01","NEO.TNBCCL","neo;tnbc_cl","Fun",0.3,"TLCD2"
"overlap_rawp","rawp01","NEO.TNBCCL","neo;tnbc_cl","Fun",0.3,"TMCO4"
"overlap_rawp","rawp01","NEO.TNBCCL","neo;tnbc_cl","Fun",0.3,"TMEM115"
"overlap_rawp","rawp01","NEO.TNBCCL","neo;tnbc_cl","Fun",0.3,"TMEM140"
"overlap_rawp","rawp01","NEO.TNBCCL","neo;tnbc_cl","Fun",0.3,"TMEM175"
"overlap_rawp","rawp01","NEO.TNBCCL","neo;tnbc_cl","Fun",0.3,"TMEM222"
"overlap_rawp","rawp01","NEO.TNBCCL","neo;tnbc_cl","Fun",0.3,"TMEM259"
"overlap_rawp","rawp01","NEO.TNBCCL","neo;tnbc_cl","Fun",0.3,"TMOD1"
"overlap_rawp","rawp01","NEO.TNBCCL","neo;tnbc_cl","Fun",0.3,"TMUB1"
"overlap_rawp","rawp01","NEO.TNBCCL","neo;tnbc_cl","Fun",0.3,"TMUB2"
"overlap_rawp","rawp01","NEO.TNBCCL","neo;tnbc_cl","Fun",0.3,"TNFAIP2"
"overlap_rawp","rawp01","NEO.TNBCCL","neo;tnbc_cl","Fun",0.3,"TRIM11"
"overlap_rawp","rawp01","NEO.TNBCCL","neo;tnbc_cl","Fun",0.3,"TRIM26"
"overlap_rawp","rawp01","NEO.TNBCCL","neo;tnbc_cl","Fun",0.3,"TRIM39"
"overlap_rawp","rawp01","NEO.TNBCCL","neo;tnbc_cl","Fun",0.3,"TRIM41"
"overlap_rawp","rawp01","NEO.TNBCCL","neo;tnbc_cl","Fun",0.3,"TRIM56"
"overlap_rawp","rawp01","NEO.TNBCCL","neo;tnbc_cl","Fun",0.3,"TRMT2A"
"overlap_rawp","rawp01","NEO.TNBCCL","neo;tnbc_cl","Fun",0.3,"TSC22D4"
"overlap_rawp","rawp01","NEO.TNBCCL","neo;tnbc_cl","Fun",0.3,"TSPYL2"
"overlap_rawp","rawp01","NEO.TNBCCL","neo;tnbc_cl","Fun",0.3,"TSR2"
"overlap_rawp","rawp01","NEO.TNBCCL","neo;tnbc_cl","Fun",0.3,"TUBG1"
"overlap_rawp","rawp01","NEO.TNBCCL","neo;tnbc_cl","Fun",0.3,"TYK2"
"overlap_rawp","rawp01","NEO.TNBCCL","neo;tnbc_cl","Fun",0.3,"UBE2Q1"
"overlap_rawp","rawp01","NEO.TNBCCL","neo;tnbc_cl","Fun",0.3,"UNK"
"overlap_rawp","rawp01","NEO.TNBCCL","neo;tnbc_cl","Fun",0.3,"USP11"
"overlap_rawp","rawp01","NEO.TNBCCL","neo;tnbc_cl","Fun",0.3,"VPS37C"
"overlap_rawp","rawp01","NEO.TNBCCL","neo;tnbc_cl","Fun",0.3,"VSIR"
"overlap_rawp","rawp01","NEO.TNBCCL","neo;tnbc_cl","Fun",0.3,"WDR83"
"overlap_rawp","rawp01","NEO.TNBCCL","neo;tnbc_cl","Fun",0.3,"WIZ"
"overlap_rawp","rawp01","NEO.TNBCCL","neo;tnbc_cl","Fun",0.3,"YJU2"
"overlap_rawp","rawp01","NEO.TNBCCL","neo;tnbc_cl","Fun",0.3,"YJU2B"
"overlap_rawp","rawp01","NEO.TNBCCL","neo;tnbc_cl","Fun",0.3,"YY1AP1"
"overlap_rawp","rawp01","NEO.TNBCCL","neo;tnbc_cl","Fun",0.3,"ZBTB17"
"overlap_rawp","rawp01","NEO.TNBCCL","neo;tnbc_cl","Fun",0.3,"ZCCHC3"
"overlap_rawp","rawp01","NEO.TNBCCL","neo;tnbc_cl","Fun",0.3,"ZFAND2B"
"overlap_rawp","rawp01","NEO.TNBCCL","neo;tnbc_cl","Fun",0.3,"ZFYVE19"
"overlap_rawp","rawp01","NEO.TNBCCL","neo;tnbc_cl","Fun",0.3,"ZNF101"
"overlap_rawp","rawp01","NEO.TNBCCL","neo;tnbc_cl","Fun",0.3,"ZNF205"
"overlap_rawp","rawp01","NEO.TNBCCL","neo;tnbc_cl","Fun",0.3,"ZNF211"
"overlap_rawp","rawp01","NEO.TNBCCL","neo;tnbc_cl","Fun",0.3,"ZNF263"
"overlap_rawp","rawp01","NEO.TNBCCL","neo;tnbc_cl","Fun",0.3,"ZNF274"
"overlap_rawp","rawp01","NEO.TNBCCL","neo;tnbc_cl","Fun",0.3,"ZNF317"
"overlap_rawp","rawp01","NEO.TNBCCL","neo;tnbc_cl","Fun",0.3,"ZNF341"
"overlap_rawp","rawp01","NEO.TNBCCL","neo;tnbc_cl","Fun",0.3,"ZNF384"
"overlap_rawp","rawp01","NEO.TNBCCL","neo;tnbc_cl","Fun",0.3,"ZNF385A"
"overlap_rawp","rawp01","NEO.TNBCCL","neo;tnbc_cl","Fun",0.3,"ZNF408"
"overlap_rawp","rawp01","NEO.TNBCCL","neo;tnbc_cl","Fun",0.3,"ZNF574"
"overlap_rawp","rawp01","NEO.TNBCCL","neo;tnbc_cl","Fun",0.3,"ZNF589"
"overlap_rawp","rawp01","NEO.TNBCCL","neo;tnbc_cl","Fun",0.3,"ZNF653"
"overlap_rawp","rawp01","NEO.TNBCCL","neo;tnbc_cl","Fun",0.3,"ZNF672"
"overlap_rawp","rawp01","NEO.TNBCCL","neo;tnbc_cl","Fun",0.3,"ZNF747"
"overlap_rawp","rawp01","NEO.TNBCCL","neo;tnbc_cl","Fun",0.3,"ZNF750"
"overlap_rawp","rawp01","NEO.TNBCCL","neo;tnbc_cl","Fun",0.3,"ZNF76"
"overlap_rawp","rawp01","NEO.TNBCCL","neo;tnbc_cl","Fun",0.3,"ZNF768"
"overlap_rawp","rawp01","NEO.TNBCCL","neo;tnbc_cl","Fun",0.3,"ZSCAN18"
"overlap_rawp","rawp01","NEO.TNBCCL","neo;tnbc_cl","Fun",0.3,"ZSCAN22"
"overlap_rawp","rawp01","NKI.TNBCCL","nki_smc;tnbc_cl","Dys",0.3,"ACBD6"
"overlap_rawp","rawp01","NKI.TNBCCL","nki_smc;tnbc_cl","Dys",0.3,"ADK"
"overlap_rawp","rawp01","NKI.TNBCCL","nki_smc;tnbc_cl","Dys",0.3,"APEH"
"overlap_rawp","rawp01","NKI.TNBCCL","nki_smc;tnbc_cl","Dys",0.3,"ASB13"
"overlap_rawp","rawp01","NKI.TNBCCL","nki_smc;tnbc_cl","Dys",0.3,"ATP5F1A"
"overlap_rawp","rawp01","NKI.TNBCCL","nki_smc;tnbc_cl","Dys",0.3,"ATP5F1C"
"overlap_rawp","rawp01","NKI.TNBCCL","nki_smc;tnbc_cl","Dys",0.3,"BCAT2"
"overlap_rawp","rawp01","NKI.TNBCCL","nki_smc;tnbc_cl","Dys",0.3,"BZW2"
"overlap_rawp","rawp01","NKI.TNBCCL","nki_smc;tnbc_cl","Dys",0.3,"CAPN1"
"overlap_rawp","rawp01","NKI.TNBCCL","nki_smc;tnbc_cl","Dys",0.3,"CCT4"
"overlap_rawp","rawp01","NKI.TNBCCL","nki_smc;tnbc_cl","Dys",0.3,"CCT8"
"overlap_rawp","rawp01","NKI.TNBCCL","nki_smc;tnbc_cl","Dys",0.3,"CLNS1A"
"overlap_rawp","rawp01","NKI.TNBCCL","nki_smc;tnbc_cl","Dys",0.3,"CMSS1"
"overlap_rawp","rawp01","NKI.TNBCCL","nki_smc;tnbc_cl","Dys",0.3,"DAP3"
"overlap_rawp","rawp01","NKI.TNBCCL","nki_smc;tnbc_cl","Dys",0.3,"DARS1"
"overlap_rawp","rawp01","NKI.TNBCCL","nki_smc;tnbc_cl","Dys",0.3,"DAZAP1"
"overlap_rawp","rawp01","NKI.TNBCCL","nki_smc;tnbc_cl","Dys",0.3,"DCAF13"
"overlap_rawp","rawp01","NKI.TNBCCL","nki_smc;tnbc_cl","Dys",0.3,"DDX1"
"overlap_rawp","rawp01","NKI.TNBCCL","nki_smc;tnbc_cl","Dys",0.3,"DIAPH3"
"overlap_rawp","rawp01","NKI.TNBCCL","nki_smc;tnbc_cl","Dys",0.3,"DPH5"
"overlap_rawp","rawp01","NKI.TNBCCL","nki_smc;tnbc_cl","Dys",0.3,"E2F5"
"overlap_rawp","rawp01","NKI.TNBCCL","nki_smc;tnbc_cl","Dys",0.3,"EBPL"
"overlap_rawp","rawp01","NKI.TNBCCL","nki_smc;tnbc_cl","Dys",0.3,"EIF3C"
"overlap_rawp","rawp01","NKI.TNBCCL","nki_smc;tnbc_cl","Dys",0.3,"EIF3E"
"overlap_rawp","rawp01","NKI.TNBCCL","nki_smc;tnbc_cl","Dys",0.3,"EIF3H"
"overlap_rawp","rawp01","NKI.TNBCCL","nki_smc;tnbc_cl","Dys",0.3,"EIF3M"
"overlap_rawp","rawp01","NKI.TNBCCL","nki_smc;tnbc_cl","Dys",0.3,"GTF2F2"
"overlap_rawp","rawp01","NKI.TNBCCL","nki_smc;tnbc_cl","Dys",0.3,"HEBP2"
"overlap_rawp","rawp01","NKI.TNBCCL","nki_smc;tnbc_cl","Dys",0.3,"HMGA1"
"overlap_rawp","rawp01","NKI.TNBCCL","nki_smc;tnbc_cl","Dys",0.3,"LDHA"
"overlap_rawp","rawp01","NKI.TNBCCL","nki_smc;tnbc_cl","Dys",0.3,"LRPPRC"
"overlap_rawp","rawp01","NKI.TNBCCL","nki_smc;tnbc_cl","Dys",0.3,"METTL5"
"overlap_rawp","rawp01","NKI.TNBCCL","nki_smc;tnbc_cl","Dys",0.3,"MIPEP"
"overlap_rawp","rawp01","NKI.TNBCCL","nki_smc;tnbc_cl","Dys",0.3,"MRPL3"
"overlap_rawp","rawp01","NKI.TNBCCL","nki_smc;tnbc_cl","Dys",0.3,"MRPL30"
"overlap_rawp","rawp01","NKI.TNBCCL","nki_smc;tnbc_cl","Dys",0.3,"MRPS35"
"overlap_rawp","rawp01","NKI.TNBCCL","nki_smc;tnbc_cl","Dys",0.3,"NDUFAF2"
"overlap_rawp","rawp01","NKI.TNBCCL","nki_smc;tnbc_cl","Dys",0.3,"NOL10"
"overlap_rawp","rawp01","NKI.TNBCCL","nki_smc;tnbc_cl","Dys",0.3,"NPM3"
"overlap_rawp","rawp01","NKI.TNBCCL","nki_smc;tnbc_cl","Dys",0.3,"NTAQ1"
"overlap_rawp","rawp01","NKI.TNBCCL","nki_smc;tnbc_cl","Dys",0.3,"NTHL1"
"overlap_rawp","rawp01","NKI.TNBCCL","nki_smc;tnbc_cl","Dys",0.3,"NUDCD1"
"overlap_rawp","rawp01","NKI.TNBCCL","nki_smc;tnbc_cl","Dys",0.3,"NUP37"
"overlap_rawp","rawp01","NKI.TNBCCL","nki_smc;tnbc_cl","Dys",0.3,"OLA1"
"overlap_rawp","rawp01","NKI.TNBCCL","nki_smc;tnbc_cl","Dys",0.3,"PAIP1"
"overlap_rawp","rawp01","NKI.TNBCCL","nki_smc;tnbc_cl","Dys",0.3,"PCMT1"
"overlap_rawp","rawp01","NKI.TNBCCL","nki_smc;tnbc_cl","Dys",0.3,"PGK1"
"overlap_rawp","rawp01","NKI.TNBCCL","nki_smc;tnbc_cl","Dys",0.3,"PPA2"
"overlap_rawp","rawp01","NKI.TNBCCL","nki_smc;tnbc_cl","Dys",0.3,"PPP1R14B"
"overlap_rawp","rawp01","NKI.TNBCCL","nki_smc;tnbc_cl","Dys",0.3,"PREP"
"overlap_rawp","rawp01","NKI.TNBCCL","nki_smc;tnbc_cl","Dys",0.3,"PRMT3"
"overlap_rawp","rawp01","NKI.TNBCCL","nki_smc;tnbc_cl","Dys",0.3,"PSMD14"
"overlap_rawp","rawp01","NKI.TNBCCL","nki_smc;tnbc_cl","Dys",0.3,"PTRH1"
"overlap_rawp","rawp01","NKI.TNBCCL","nki_smc;tnbc_cl","Dys",0.3,"RAC3"
"overlap_rawp","rawp01","NKI.TNBCCL","nki_smc;tnbc_cl","Dys",0.3,"RPS10-NUDT3"
"overlap_rawp","rawp01","NKI.TNBCCL","nki_smc;tnbc_cl","Dys",0.3,"RPS16"
"overlap_rawp","rawp01","NKI.TNBCCL","nki_smc;tnbc_cl","Dys",0.3,"RPS18"
"overlap_rawp","rawp01","NKI.TNBCCL","nki_smc;tnbc_cl","Dys",0.3,"RTN4IP1"
"overlap_rawp","rawp01","NKI.TNBCCL","nki_smc;tnbc_cl","Dys",0.3,"SAAL1"
"overlap_rawp","rawp01","NKI.TNBCCL","nki_smc;tnbc_cl","Dys",0.3,"SENP3-EIF4A1"
"overlap_rawp","rawp01","NKI.TNBCCL","nki_smc;tnbc_cl","Dys",0.3,"SLC25A3"
"overlap_rawp","rawp01","NKI.TNBCCL","nki_smc;tnbc_cl","Dys",0.3,"SMS"
"overlap_rawp","rawp01","NKI.TNBCCL","nki_smc;tnbc_cl","Dys",0.3,"SNHG16"
"overlap_rawp","rawp01","NKI.TNBCCL","nki_smc;tnbc_cl","Dys",0.3,"SRSF9"
"overlap_rawp","rawp01","NKI.TNBCCL","nki_smc;tnbc_cl","Dys",0.3,"STRAP"
"overlap_rawp","rawp01","NKI.TNBCCL","nki_smc;tnbc_cl","Dys",0.3,"TBC1D7"
"overlap_rawp","rawp01","NKI.TNBCCL","nki_smc;tnbc_cl","Dys",0.3,"TBCA"
"overlap_rawp","rawp01","NKI.TNBCCL","nki_smc;tnbc_cl","Dys",0.3,"TBCB"
"overlap_rawp","rawp01","NKI.TNBCCL","nki_smc;tnbc_cl","Dys",0.3,"TCEA1"
"overlap_rawp","rawp01","NKI.TNBCCL","nki_smc;tnbc_cl","Dys",0.3,"TMEM147"
"overlap_rawp","rawp01","NKI.TNBCCL","nki_smc;tnbc_cl","Dys",0.3,"TOM1L1"
"overlap_rawp","rawp01","NKI.TNBCCL","nki_smc;tnbc_cl","Dys",0.3,"TRAP1"
"overlap_rawp","rawp01","NKI.TNBCCL","nki_smc;tnbc_cl","Dys",0.3,"TTLL12"
"overlap_rawp","rawp01","NKI.TNBCCL","nki_smc;tnbc_cl","Dys",0.3,"UTP18"
"overlap_rawp","rawp01","NKI.TNBCCL","nki_smc;tnbc_cl","Dys",0.3,"VDAC1"
"overlap_rawp","rawp01","NKI.TNBCCL","nki_smc;tnbc_cl","Dys",0.3,"WDR12"
"overlap_rawp","rawp01","NKI.TNBCCL","nki_smc;tnbc_cl","Dys",0.3,"XPO5"
"overlap_rawp","rawp01","NKI.TNBCCL","nki_smc;tnbc_cl","Dys",0.3,"YWHAE"
"overlap_rawp","rawp01","NKI.TNBCCL","nki_smc;tnbc_cl","Dys",0.3,"YWHAQ"
"overlap_rawp","rawp01","NKI.TNBCCL","nki_smc;tnbc_cl","Dys",0.3,"YWHAZ"
