"Method","Cell_Type","Timepoint","comparison","cluster1","cluster2","n1","mean1","sd1","n2","mean2","sd2","z","p_unadj","fdr"
"CIBERSORTx","B cells memory","Biopsy","C1 - C2","C1","C2",14,0.00945458092180325,0.0175037244702338,11,0.0226813920537093,0.0233969602510068,-2.02669481480712,0.0426936330911668,0.0640404496367503
"CIBERSORTx","B cells memory","Biopsy","C3 - C2","C3","C2",11,0.00905349650964005,0.0194844760543362,11,0.0226813920537093,0.0233969602510068,-2.29922898890206,0.0214919397131092,0.0644758191393275
"CIBERSORTx","B cells memory","Biopsy","C1 - C3","C1","C3",14,0.00945458092180325,0.0175037244702338,11,0.00905349650964005,0.0194844760543362,0.40658042992302,0.684316173136203,0.684316173136203
"CIBERSORTx","B cells naive","Biopsy","C1 - C2","C1","C2",14,0.0453794029893852,0.0592991301708806,11,0.0204770093036824,0.0344391769101266,2.01514238207412,0.0438897325928918,0.131669197778675
"CIBERSORTx","B cells naive","Biopsy","C3 - C2","C3","C2",11,0.0235250898431259,0.0177642247605011,11,0.0204770093036824,0.0344391769101266,1.51809954423532,0.128989306059143,0.193483959088715
"CIBERSORTx","B cells naive","Biopsy","C1 - C3","C1","C3",14,0.0453794029893852,0.0592991301708806,11,0.0235250898431259,0.0177642247605011,0.408536838279264,0.682879590943468,0.682879590943468
"CIBERSORTx","Dendritic cells activated","Biopsy","C1 - C2","C1","C2",14,0.00131458549817593,0.00372995627851324,11,0.00324231153983111,0.00724862540178718,-0.834589757731231,0.403948730923083,1
"CIBERSORTx","Dendritic cells activated","Biopsy","C3 - C2","C3","C2",11,0.00100198654501351,0.00289074847913995,11,0.00324231153983111,0.00724862540178718,-0.673563524556036,0.500588849451389,0.750883274177084
"CIBERSORTx","Dendritic cells activated","Biopsy","C1 - C3","C1","C3",14,0.00131458549817593,0.00372995627851324,11,0.00100198654501351,0.00289074847913995,-0.121757126459464,0.903091369371645,0.903091369371645
"CIBERSORTx","Dendritic cells resting","Biopsy","C1 - C2","C1","C2",14,0.0066836784596822,0.00736463432796184,11,0.0206559146500413,0.0284500921115006,-1.02554636698587,0.305105459094678,0.915316377284034
"CIBERSORTx","Dendritic cells resting","Biopsy","C3 - C2","C3","C2",11,0.00733150779034588,0.00619209899024235,11,0.0206559146500413,0.0284500921115006,-0.528045335106811,0.597467870612368,0.896201805918552
"CIBERSORTx","Dendritic cells resting","Biopsy","C1 - C3","C1","C3",14,0.0066836784596822,0.00736463432796184,11,0.00733150779034588,0.00619209899024235,-0.466715711921712,0.640703287045108,0.640703287045108
"CIBERSORTx","Eosinophils","Biopsy","C1 - C2","C1","C2",14,0,0,11,0.0000488238858387372,0.000161930510134238,-1.35378257956264,0.175805753010681,0.527417259032042
"CIBERSORTx","Eosinophils","Biopsy","C3 - C2","C3","C2",11,0,0,11,0.0000488238858387372,0.000161930510134238,-1.27920429813366,0.200825122695145,0.301237684042718
"CIBERSORTx","Eosinophils","Biopsy","C1 - C3","C1","C3",14,0,0,11,0,0,0,1,1
"CIBERSORTx","Macrophages M0","Biopsy","C1 - C2","C1","C2",14,0.0537480360821381,0.0570488282936572,11,0.0739402078378143,0.0469827469906172,-1.11307676448921,0.265675461944393,0.39851319291659
"CIBERSORTx","Macrophages M0","Biopsy","C3 - C2","C3","C2",11,0.089791819525869,0.0766375883548996,11,0.0739402078378143,0.0469827469906172,0.243382174294451,0.807709351565494,0.807709351565494
"CIBERSORTx","Macrophages M0","Biopsy","C1 - C3","C1","C3",14,0.0537480360821381,0.0570488282936572,11,0.089791819525869,0.0766375883548996,-1.37064824718093,0.17048463504245,0.511453905127351
"CIBERSORTx","Macrophages M1","Biopsy","C1 - C2","C1","C2",14,0.0598673468905101,0.0380862086620361,11,0.101119985216593,0.0393632045240564,-2.59591213232648,0.00943401874277822,0.0283020562283346
"CIBERSORTx","Macrophages M1","Biopsy","C3 - C2","C3","C2",11,0.0588018327327176,0.0321675110260583,11,0.101119985216593,0.0393632045240564,-2.40809785908615,0.016035882001004,0.0240538230015059
"CIBERSORTx","Macrophages M1","Biopsy","C1 - C3","C1","C3",14,0.0598673468905101,0.0380862086620361,11,0.0588018327327176,0.0321675110260583,-0.0474209051868716,0.962177767831636,0.962177767831636
"CIBERSORTx","Macrophages M2","Biopsy","C1 - C2","C1","C2",14,0.321312765297235,0.115500303714776,11,0.272239793624829,0.0897817003240465,1.28495355990232,0.198808512859478,0.298212769289217
"CIBERSORTx","Macrophages M2","Biopsy","C3 - C2","C3","C2",11,0.307647598115033,0.0620570587292194,11,0.272239793624829,0.0897817003240465,1.33558368655198,0.181685385183339,0.545056155550016
"CIBERSORTx","Macrophages M2","Biopsy","C1 - C3","C1","C3",14,0.321312765297235,0.115500303714776,11,0.307647598115033,0.0620570587292194,-0.128495355990233,0.897756973143168,0.897756973143168
"CIBERSORTx","Mast cells activated","Biopsy","C1 - C2","C1","C2",14,0.0013621997488069,0.00388922628775105,11,0.00326732802525327,0.00587462932236714,-1.16869507527428,0.242526506830684,0.363789760246026
"CIBERSORTx","Mast cells activated","Biopsy","C3 - C2","C3","C2",11,0.00480801838761939,0.00781990009692088,11,0.00326732802525327,0.00587462932236714,0.211786063537099,0.832273941591932,0.832273941591932
"CIBERSORTx","Mast cells activated","Biopsy","C1 - C3","C1","C3",14,0.0013621997488069,0.00388922628775105,11,0.00480801838761939,0.00781990009692088,-1.39282837738167,0.163671694982321,0.491015084946962
"CIBERSORTx","Mast cells resting","Biopsy","C1 - C2","C1","C2",14,0.105479657306419,0.0906800274613016,11,0.0367337213184849,0.0375405933416907,2.63874391765655,0.00832138132615645,0.0249641439784693
"CIBERSORTx","Mast cells resting","Biopsy","C3 - C2","C3","C2",11,0.127835557879919,0.119954964218189,11,0.0367337213184849,0.0375405933416907,2.48904232493779,0.0128087716093563,0.0192131574140344
"CIBERSORTx","Mast cells resting","Biopsy","C1 - C3","C1","C3",14,0.105479657306419,0.0906800274613016,11,0.127835557879919,0.119954964218189,0.00458911985679342,0.996338424970736,0.996338424970736
"CIBERSORTx","Monocytes","Biopsy","C1 - C2","C1","C2",14,0.0228179405936467,0.0273164191779419,11,0.0194499196801955,0.0215869220812097,0.256386591746467,0.797652340173351,0.797652340173351
"CIBERSORTx","Monocytes","Biopsy","C3 - C2","C3","C2",11,0.0100165974755036,0.00902219833013993,11,0.0194499196801955,0.0215869220812097,-0.873305746522803,0.382496449171184,0.573744673756776
"CIBERSORTx","Monocytes","Biopsy","C1 - C3","C1","C3",14,0.0228179405936467,0.0273164191779419,11,0.0100165974755036,0.00902219833013993,1.18060652127565,0.237759071802254,0.713277215406761
"CIBERSORTx","NK cells activated","Biopsy","C1 - C2","C1","C2",14,0.0172504789897525,0.0155754063236122,11,0.0352836208235052,0.025393604618729,-2.06776686888221,0.0386619505360785,0.0579929258041177
"CIBERSORTx","NK cells activated","Biopsy","C3 - C2","C3","C2",11,0.015193602562867,0.0102136044142065,11,0.0352836208235052,0.025393604618729,-2.18831876172841,0.028646391190258,0.0859391735707739
"CIBERSORTx","NK cells activated","Biopsy","C1 - C3","C1","C3",14,0.0172504789897525,0.0155754063236122,11,0.015193602562867,0.0102136044142065,0.248132024265864,0.804032258468463,0.804032258468463
"CIBERSORTx","NK cells resting","Biopsy","C1 - C2","C1","C2",14,0.0110829317994427,0.01095275551687,11,0.00313765641306731,0.00385226518394863,1.91365411203817,0.0556643659972107,0.166993097991632
"CIBERSORTx","NK cells resting","Biopsy","C3 - C2","C3","C2",11,0.00739553174859477,0.0107187801216324,11,0.00313765641306731,0.00385226518394863,0.783819901282081,0.433145794609701,0.433145794609701
"CIBERSORTx","NK cells resting","Biopsy","C1 - C3","C1","C3",14,0.0110829317994427,0.01095275551687,11,0.00739553174859477,0.0107187801216324,1.08413709945593,0.278304015669348,0.417456023504022
"CIBERSORTx","Neutrophils","Biopsy","C1 - C2","C1","C2",14,0.00481513733445415,0.00463677708821696,11,0.00196312996613605,0.00429942853884294,1.89013344903144,0.0587401145668975,0.176220343700693
"CIBERSORTx","Neutrophils","Biopsy","C3 - C2","C3","C2",11,0.00403702262586266,0.00373739582642968,11,0.00196312996613605,0.00429942853884294,1.72442174167654,0.0846317354140352,0.126947603121053
"CIBERSORTx","Neutrophils","Biopsy","C1 - C3","C1","C3",14,0.00481513733445415,0.00463677708821696,11,0.00403702262586266,0.00373739582642968,0.0651770154838431,0.948033061196415,0.948033061196415
"CIBERSORTx","Plasma cells","Biopsy","C1 - C2","C1","C2",14,0.00472485460392193,0.00768340894254565,11,0.00560769977956455,0.00922874059947654,0.362064437518931,0.717303878038368,0.717303878038368
"CIBERSORTx","Plasma cells","Biopsy","C3 - C2","C3","C2",11,0.0114288923274988,0.0186066914260361,11,0.00560769977956455,0.00922874059947654,1.38648119247517,0.165600019292153,0.496800057876458
"CIBERSORTx","Plasma cells","Biopsy","C1 - C3","C1","C3",14,0.00472485460392193,0.00768340894254565,11,0.0114288923274988,0.0186066914260361,-1.1052493355841,0.269051564623886,0.403577346935829
"CIBERSORTx","T cells CD4+ (general)","Biopsy","C1 - C2","C1","C2",14,0.149970395554944,0.0681524794402321,11,0.14456721707441,0.0462097034911995,0.584347928431771,0.558986252426337,1
"CIBERSORTx","T cells CD4+ (general)","Biopsy","C3 - C2","C3","C2",11,0.145709065788034,0.0504247851302615,11,0.14456721707441,0.0462097034911995,0.323777863406542,0.746106216630774,1
"CIBERSORTx","T cells CD4+ (general)","Biopsy","C1 - C3","C1","C3",14,0.149970395554944,0.0681524794402321,11,0.145709065788034,0.0504247851302615,0.241693645791151,0.809017553543022,0.809017553543022
"CIBERSORTx","T cells CD8+ (total)","Biopsy","C1 - C2","C1","C2",14,0.0879176044748044,0.0359591322546678,11,0.120083996038496,0.0304767576438416,-1.90142532733165,0.0572463247127903,0.0858694870691854
"CIBERSORTx","T cells CD8+ (total)","Biopsy","C3 - C2","C3","C2",11,0.0850286919987375,0.0322635783160669,11,0.120083996038496,0.0304767576438416,-2.44857009201197,0.0143424521227722,0.0430273563683165
"CIBERSORTx","T cells CD8+ (total)","Biopsy","C1 - C3","C1","C3",14,0.0879176044748044,0.0359591322546678,11,0.0850286919987375,0.0322635783160669,0.689897685138032,0.490258531682921,0.490258531682921
"CIBERSORTx","T cells follicular helper","Biopsy","C1 - C2","C1","C2",14,0.0648498398324561,0.0326682203373247,11,0.074103393514171,0.0291139262836468,-1.04784903396797,0.294708166945698,0.442062250418546
"CIBERSORTx","T cells follicular helper","Biopsy","C3 - C2","C3","C2",11,0.0613063059462416,0.0311274787614807,11,0.074103393514171,0.0291139262836468,-1.35581980301489,0.175156508909558,0.525469526728674
"CIBERSORTx","T cells follicular helper","Biopsy","C1 - C3","C1","C3",14,0.0648498398324561,0.0326682203373247,11,0.0613063059462416,0.0311274787614807,0.387015774589628,0.69874452978032,0.69874452978032
"CIBERSORTx","T cells gamma delta","Biopsy","C1 - C2","C1","C2",14,0.00455733979591168,0.0132573471578412,11,0.0212611900715018,0.0329275626461239,-1.62625949962268,0.103894463531486,0.15584169529723
"CIBERSORTx","T cells gamma delta","Biopsy","C3 - C2","C3","C2",11,0.00379140883237874,0.00851262684842701,11,0.0212611900715018,0.0329275626461239,-1.83297950363007,0.0668056192223983,0.200416857667195
"CIBERSORTx","T cells gamma delta","Biopsy","C1 - C3","C1","C3",14,0.00455733979591168,0.0132573471578412,11,0.00379140883237874,0.00851262684842701,0.313583670330831,0.753837263581223,0.753837263581223
"CIBERSORTx","T cells regulatory (Tregs)","Biopsy","C1 - C2","C1","C2",14,0.0274112238265097,0.0184131465321771,11,0.0201356891828751,0.0148367914938519,0.925472504453458,0.354720179563468,1
"CIBERSORTx","T cells regulatory (Tregs)","Biopsy","C3 - C2","C3","C2",11,0.026295973364998,0.019567747555501,11,0.0201356891828751,0.0148367914938519,0.708264076201809,0.478781281351321,0.718171922026982
"CIBERSORTx","T cells regulatory (Tregs)","Biopsy","C1 - C3","C1","C3",14,0.0274112238265097,0.0184131465321771,11,0.026295973364998,0.019567747555501,0.175916261177103,0.860359730003821,0.860359730003821
"consensus_tme","B cell","Biopsy","C1 - C2","C1","C2",14,-0.0604241524705152,0.0840405675881478,11,0.0437145632248607,0.119424011694826,-2.14923779959853,0.0316155543181231,0.0474233314771847
"consensus_tme","B cell","Biopsy","C3 - C2","C3","C2",11,-0.100256622176346,0.0996464433413083,11,0.0437145632248607,0.119424011694826,-2.81282018834433,0.00491091040687095,0.0147327312206129
"consensus_tme","B cell","Biopsy","C1 - C3","C1","C3",14,-0.0604241524705152,0.0840405675881478,11,-0.100256622176346,0.0996464433413083,0.827571280841852,0.407913338287918,0.407913338287918
"consensus_tme","Cancer associated fibroblast","Biopsy","C1 - C2","C1","C2",14,0.251876393853267,0.160155548049647,11,0.235818751170768,0.0774916797303338,0.874992186028725,0.381578157379441,0.572367236069162
"consensus_tme","Cancer associated fibroblast","Biopsy","C3 - C2","C3","C2",11,0.298535941960495,0.106361359515952,11,0.235818751170768,0.0774916797303338,1.49747261825525,0.134270325193516,0.402810975580549
"consensus_tme","Cancer associated fibroblast","Biopsy","C1 - C3","C1","C3",14,0.251876393853267,0.160155548049647,11,0.298535941960495,0.106361359515952,-0.70978387118414,0.477838172387106,0.477838172387106
"consensus_tme","Endothelial cell","Biopsy","C1 - C2","C1","C2",14,0.222782881132555,0.138356714521691,11,0.179386855029594,0.120469272468514,1.22223558852614,0.221618549248784,0.664855647746351
"consensus_tme","Endothelial cell","Biopsy","C3 - C2","C3","C2",11,0.170155431598567,0.103649540466789,11,0.179386855029594,0.120469272468514,0.0202361164629094,0.983855017007347,0.983855017007347
"consensus_tme","Endothelial cell","Biopsy","C1 - C3","C1","C3",14,0.222782881132555,0.138356714521691,11,0.170155431598567,0.103649540466789,1.2008196958611,0.229821149985248,0.344731724977872
"consensus_tme","Eosinophil","Biopsy","C1 - C2","C1","C2",14,-0.0209267774572914,0.108909652653911,11,0.199856922258674,0.129563237605627,-3.21085419313687,0.00132341065079978,0.00198511597619967
"consensus_tme","Eosinophil","Biopsy","C3 - C2","C3","C2",11,-0.0201649586143456,0.130588314148264,11,0.199856922258674,0.129563237605627,-3.25801475052832,0.0011219457439034,0.0033658372317102
"consensus_tme","Eosinophil","Biopsy","C1 - C3","C1","C3",14,-0.0209267774572914,0.108909652653911,11,-0.0201649586143456,0.130588314148264,0.237104525934357,0.812575701285277,0.812575701285277
"consensus_tme","Macrophage","Biopsy","C1 - C2","C1","C2",14,0.118578502785332,0.0811216100988484,11,0.289918338777707,0.117015074503723,-2.90644257596954,0.00365563990223011,0.00548345985334516
"consensus_tme","Macrophage","Biopsy","C3 - C2","C3","C2",11,0.0888301693074222,0.126035702164691,11,0.289918338777707,0.117015074503723,-3.35919533284286,0.000781697927157318,0.00234509378147195
"consensus_tme","Macrophage","Biopsy","C1 - C3","C1","C3",14,0.118578502785332,0.0811216100988484,11,0.0888301693074222,0.126035702164691,0.648595606426886,0.516599796105188,0.516599796105188
"consensus_tme","Macrophage M1","Biopsy","C1 - C2","C1","C2",14,0.0603820104332073,0.0983548836781695,11,0.252351441757264,0.127907162152425,-2.9095019892074,0.00362005083176233,0.0054300762476435
"consensus_tme","Macrophage M1","Biopsy","C3 - C2","C3","C2",11,0.0389138065286513,0.152761971146693,11,0.252351441757264,0.127907162152425,-3.15683416821378,0.00159492022084087,0.00478476066252261
"consensus_tme","Macrophage M1","Biopsy","C1 - C3","C1","C3",14,0.0603820104332073,0.0983548836781695,11,0.0389138065286513,0.152761971146693,0.431377266538637,0.666194076969481,0.666194076969481
"consensus_tme","Macrophage M2","Biopsy","C1 - C2","C1","C2",14,0.177933699699855,0.0831221124784625,11,0.324724829679866,0.128040372748278,-2.52401592123671,0.0116022673839571,0.0174034010759356
"consensus_tme","Macrophage M2","Biopsy","C3 - C2","C3","C2",11,0.141176949941541,0.127665117801562,11,0.324724829679866,0.128040372748278,-3.15683416821378,0.00159492022084087,0.00478476066252261
"consensus_tme","Macrophage M2","Biopsy","C1 - C3","C1","C3",14,0.177933699699855,0.0831221124784625,11,0.141176949941541,0.127665117801562,0.816863334509333,0.414006533215788,0.414006533215788
"consensus_tme","Mast cell","Biopsy","C1 - C2","C1","C2",14,-0.0628601532817891,0.0836978119465158,11,0.110026433617789,0.123157412150382,-2.77794721997931,0.00547035031734291,0.00820552547601436
"consensus_tme","Mast cell","Biopsy","C3 - C2","C3","C2",11,-0.0786303899441766,0.131277665767141,11,0.110026433617789,0.123157412150382,-3.11636193528796,0.00183097395718302,0.00549292187154907
"consensus_tme","Mast cell","Biopsy","C1 - C3","C1","C3",14,-0.0628601532817891,0.0836978119465158,11,-0.0786303899441766,0.131277665767141,0.520100250436654,0.602993703862117,0.602993703862117
"consensus_tme","Monocyte","Biopsy","C1 - C2","C1","C2",14,0.0875588818757357,0.0764178655274514,11,0.196979924822643,0.114403392650641,-2.20124782464219,0.027718484316399,0.0415777264745985
"consensus_tme","Monocyte","Biopsy","C3 - C2","C3","C2",11,0.0412479796609627,0.111086976732507,11,0.196979924822643,0.114403392650641,-3.01518135297341,0.0025682564241045,0.00770476927231351
"consensus_tme","Monocyte","Biopsy","C1 - C3","C1","C3",14,0.0875588818757357,0.0764178655274514,11,0.0412479796609627,0.111086976732507,0.989720182448574,0.322310907384681,0.322310907384681
"consensus_tme","Myeloid dendritic cell","Biopsy","C1 - C2","C1","C2",14,0.0546330710779878,0.0776439177565666,11,0.231645802923711,0.116390486667437,-3.0410567584355,0.00235749385621859,0.00353624078432788
"consensus_tme","Myeloid dendritic cell","Biopsy","C3 - C2","C3","C2",11,0.0424915987029916,0.12732932541501,11,0.231645802923711,0.116390486667437,-3.19730640113959,0.00138717492672011,0.00416152478016034
"consensus_tme","Myeloid dendritic cell","Biopsy","C1 - C3","C1","C3",14,0.0546330710779878,0.0776439177565666,11,0.0424915987029916,0.12732932541501,0.342654282640619,0.731858559844929,0.731858559844929
"consensus_tme","NK cell","Biopsy","C1 - C2","C1","C2",14,-0.138745866213857,0.0953785614225522,11,0.0322786050773546,0.110757533889851,-2.81313047221473,0.00490617398884099,0.00735926098326149
"consensus_tme","NK cell","Biopsy","C3 - C2","C3","C2",11,-0.1711105137723,0.134776063152826,11,0.0322786050773546,0.110757533889851,-3.33895921637996,0.000840929095085291,0.00252278728525587
"consensus_tme","NK cell","Biopsy","C1 - C3","C1","C3",14,-0.138745866213857,0.0953785614225522,11,-0.1711105137723,0.134776063152826,0.72049181751666,0.471222235893925,0.471222235893925
"consensus_tme","Neutrophil","Biopsy","C1 - C2","C1","C2",14,-0.0469431296243017,0.0644354502481428,11,0.104291841627489,0.0784473166988402,-3.4999687441149,0.000465312713995171,0.00139593814198551
"consensus_tme","Neutrophil","Biopsy","C3 - C2","C3","C2",11,-0.0523453816413718,0.0999401500953954,11,0.104291841627489,0.0784473166988402,-3.4401397986945,0.000581413782961499,0.000872120674442248
"consensus_tme","Neutrophil","Biopsy","C1 - C3","C1","C3",14,-0.0469431296243017,0.0644354502481428,11,-0.0523453816413718,0.0999401500953954,0.140733008941683,0.88808086723881,0.88808086723881
"consensus_tme","T cell CD4+","Biopsy","C1 - C2","C1","C2",14,0.00956577746508167,0.0959680477155523,11,0.171098555905008,0.113820269889862,-2.6555706904648,0.00791743373754965,0.0118761506063245
"consensus_tme","T cell CD4+","Biopsy","C3 - C2","C3","C2",11,-0.0212508810484737,0.13308852382277,11,0.171098555905008,0.113820269889862,-3.19730640113959,0.00138717492672011,0.00416152478016034
"consensus_tme","T cell CD4+","Biopsy","C1 - C3","C1","C3",14,0.00956577746508167,0.0959680477155523,11,-0.0212508810484737,0.13308852382277,0.728140350611316,0.466527675521167,0.466527675521167
"consensus_tme","T cell CD8+","Biopsy","C1 - C2","C1","C2",14,0.00524391182698505,0.0949175912124893,11,0.156509683146624,0.11418020761691,-2.64792215737014,0.00809881712565003,0.012148225688475
"consensus_tme","T cell CD8+","Biopsy","C3 - C2","C3","C2",11,-0.0375252131563462,0.130578290240156,11,0.156509683146624,0.11418020761691,-3.33895921637996,0.000840929095085291,0.00252278728525587
"consensus_tme","T cell CD8+","Biopsy","C1 - C3","C1","C3",14,0.00524391182698505,0.0949175912124893,11,-0.0375252131563462,0.130578290240156,0.885700132361244,0.375779136982612,0.375779136982612
"consensus_tme","T cell gamma delta","Biopsy","C1 - C2","C1","C2",14,-0.0836715831296931,0.102478161801772,11,0.108622392170843,0.124877505167848,-2.8850266833045,0.00391380487847715,0.00587070731771573
"consensus_tme","T cell gamma delta","Biopsy","C3 - C2","C3","C2",11,-0.118847004692078,0.148258592054659,11,0.108622392170843,0.124877505167848,-3.31872309991705,0.000904300526459196,0.00271290157937759
"consensus_tme","T cell gamma delta","Biopsy","C1 - C3","C1","C3",14,-0.0836715831296931,0.102478161801772,11,-0.118847004692078,0.148258592054659,0.627179713761848,0.530541439292379,0.530541439292379
"consensus_tme","T cell regulatory (Tregs)","Biopsy","C1 - C2","C1","C2",14,-0.00974746001367447,0.10797013843128,11,0.150646543180562,0.136993527522454,-2.46435736309838,0.0137259183081453,0.020588877462218
"consensus_tme","T cell regulatory (Tregs)","Biopsy","C3 - C2","C3","C2",11,-0.0536002063984052,0.158887835133723,11,0.150646543180562,0.136993527522454,-3.09612581882505,0.00196067147172648,0.00588201441517944
"consensus_tme","T cell regulatory (Tregs)","Biopsy","C1 - C3","C1","C3",14,-0.00974746001367447,0.10797013843128,11,-0.0536002063984052,0.158887835133723,0.81227421465254,0.416634302909445,0.416634302909445
"consensus_tme","cytotoxicity score","Biopsy","C1 - C2","C1","C2",14,-0.117515418180833,0.100183391220173,11,0.104455680332559,0.113478430606282,-3.38677045431398,0.000707205323954825,0.00106080798593224
"consensus_tme","cytotoxicity score","Biopsy","C3 - C2","C3","C2",11,-0.140684417169915,0.140314361241081,11,0.104455680332559,0.113478430606282,-3.64250096332359,0.000270001967197204,0.000810005901591611
"consensus_tme","cytotoxicity score","Biopsy","C1 - C3","C1","C3",14,-0.117515418180833,0.100183391220173,11,-0.140684417169915,0.140314361241081,0.468090225392989,0.639720068985092,0.639720068985092
"consensus_tme","immune score","Biopsy","C1 - C2","C1","C2",14,0.020576509177265,0.0725132154352747,11,0.166870264634267,0.102803071822571,-2.84678401783122,0.00441633142704519,0.00662449714056778
"consensus_tme","immune score","Biopsy","C3 - C2","C3","C2",11,-0.00818278736002198,0.114572666767458,11,0.166870264634267,0.102803071822571,-3.29848698345414,0.000972073868082808,0.00291622160424842
"consensus_tme","immune score","Biopsy","C1 - C3","C1","C3",14,0.020576509177265,0.0725132154352747,11,-0.00818278736002198,0.114572666767458,0.644006486570093,0.519571227739387,0.519571227739387
"epic","B cell","Biopsy","C1 - C2","C1","C2",14,0.00778248680392725,0.0111283930483394,11,0.0193771989337506,0.0215909125242113,-1.82035087652829,0.0687055881754687,0.206116764526406
"epic","B cell","Biopsy","C3 - C2","C3","C2",11,0.00704257505085702,0.010148538985203,11,0.0193771989337506,0.0215909125242113,-1.61888931703271,0.10547107983124,0.15820661974686
"epic","B cell","Biopsy","C1 - C3","C1","C3",14,0.00778248680392725,0.0111283930483394,11,0.00704257505085702,0.010148538985203,-0.107079463325193,0.914725939374567,0.914725939374567
"epic","Cancer associated fibroblast","Biopsy","C1 - C2","C1","C2",14,0.290430927153363,0.322776351504643,11,0.113732523669697,0.143072285637926,1.74233583896279,0.0814496957450257,0.122174543617539
"epic","Cancer associated fibroblast","Biopsy","C3 - C2","C3","C2",11,0.231158369626204,0.159931357431145,11,0.113732523669697,0.143072285637926,2.04384776275379,0.040968588999538,0.122905766998614
"epic","Cancer associated fibroblast","Biopsy","C1 - C3","C1","C3",14,0.290430927153363,0.322776351504643,11,0.231158369626204,0.159931357431145,-0.420669320206117,0.673996567078126,0.673996567078126
"epic","Endothelial cell","Biopsy","C1 - C2","C1","C2",14,0.0423211677843284,0.0434395424555281,11,0.0232422129592655,0.0237988332197878,1.46239952769836,0.143631758794083,0.430895276382249
"epic","Endothelial cell","Biopsy","C3 - C2","C3","C2",11,0.0280664401116134,0.0225460610816091,11,0.0232422129592655,0.0237988332197878,0.526139028035629,0.598791613644222,0.598791613644222
"epic","Endothelial cell","Biopsy","C1 - C3","C1","C3",14,0.0423211677843284,0.0434395424555281,11,0.0280664401116134,0.0225460610816091,0.905586318407352,0.365154853068953,0.54773227960343
"epic","Macrophage","Biopsy","C1 - C2","C1","C2",14,0.0135842780968754,0.009218214053333,11,0.0364709195133684,0.0589183524007623,-1.56641957778569,0.117250422573334,0.175875633860002
"epic","Macrophage","Biopsy","C3 - C2","C3","C2",11,0.0106994544351018,0.00734660004342166,11,0.0364709195133684,0.0589183524007623,-2.38786174262324,0.016946715728725,0.050840147186175
"epic","Macrophage","Biopsy","C1 - C3","C1","C3",14,0.0135842780968754,0.009218214053333,11,0.0106994544351018,0.00734660004342166,0.960655756688879,0.336725283898586,0.336725283898586
"epic","NK cell","Biopsy","C1 - C2","C1","C2",14,0.000113915503051296,0.000231264275771464,11,0.00218835991850015,0.00641899666050944,-1.17787409657713,0.238846803262927,0.716540409788781
"epic","NK cell","Biopsy","C3 - C2","C3","C2",11,0.000126294547322646,0.000285141029953334,11,0.00218835991850015,0.00641899666050944,-0.404722329258176,0.685681626931773,0.685681626931773
"epic","NK cell","Biopsy","C1 - C3","C1","C3",14,0.000113915503051296,0.000231264275771464,11,0.000126294547322646,0.000285141029953334,-0.749556243276355,0.453522012745411,0.680283019118116
"epic","T cell CD4+","Biopsy","C1 - C2","C1","C2",14,0.0418609232826433,0.0314378387866685,11,0.0431617187035612,0.0194697712902265,-0.246282765647945,0.805463350165068,0.805463350165068
"epic","T cell CD4+","Biopsy","C3 - C2","C3","C2",11,0.0353397359869494,0.0195249732599132,11,0.0431617187035612,0.0194697712902265,-0.465430678646903,0.641623068758283,1
"epic","T cell CD4+","Biopsy","C1 - C3","C1","C3",14,0.0418609232826433,0.0314378387866685,11,0.0353397359869494,0.0195249732599132,0.246282765647945,0.805463350165068,1
"epic","T cell CD8+","Biopsy","C1 - C2","C1","C2",14,0.0141485419185961,0.0122716751595189,11,0.0228739513490432,0.01044424558722,-1.95190564575638,0.050949407874455,0.0764241118116825
"epic","T cell CD8+","Biopsy","C3 - C2","C3","C2",11,0.00859876535641539,0.00709445036579756,11,0.0228739513490432,0.01044424558722,-3.11636193528796,0.00183097395718302,0.00549292187154907
"epic","T cell CD8+","Biopsy","C1 - C3","C1","C3",14,0.0141485419185961,0.0122716751595189,11,0.00859876535641539,0.00709445036579756,1.34614182465958,0.178256782367354,0.178256782367354
"epic","uncharacterized cell","Biopsy","C1 - C2","C1","C2",14,0.589757759457216,0.288835320832867,11,0.738953114952814,0.202447763905897,-1.50982043288523,0.131089249794687,0.39326774938406
"epic","uncharacterized cell","Biopsy","C3 - C2","C3","C2",11,0.678968364885537,0.146765962828853,11,0.738953114952814,0.202447763905897,-1.39629203594071,0.162626571072827,0.24393985660924
"epic","uncharacterized cell","Biopsy","C1 - C3","C1","C3",14,0.589757759457216,0.288835320832867,11,0.678968364885537,0.146765962828853,-0.0321238389975581,0.974373292447756,0.974373292447756
"estimate","ESTIMATEScore","Biopsy","C1 - C2","C1","C2",14,1294.05063561424,1009.58306277046,11,2318.20464145057,1158.10383949853,-2.28232227544555,0.0224703203607128,0.0337054805410692
"estimate","ESTIMATEScore","Biopsy","C3 - C2","C3","C2",11,1097.71064741399,1220.6561918901,11,2318.20464145057,1158.10383949853,-2.38786174262324,0.016946715728725,0.050840147186175
"estimate","ESTIMATEScore","Biopsy","C1 - C3","C1","C3",14,1294.05063561424,1009.58306277046,11,1097.71064741399,1220.6561918901,0.244753059029014,0.80664764201123,0.80664764201123
"estimate","ImmuneScore","Biopsy","C1 - C2","C1","C2",14,874.530931132351,525.441172631563,11,1767.46865871973,753.261347865681,-2.64333303751335,0.00820942427759234,0.0123141364163885
"estimate","ImmuneScore","Biopsy","C3 - C2","C3","C2",11,607.245653638541,808.898354722595,11,1767.46865871973,753.261347865681,-3.27825086699123,0.00104452521179783,0.00313357563539348
"estimate","ImmuneScore","Biopsy","C1 - C3","C1","C3",14,874.530931132351,525.441172631563,11,607.245653638541,808.898354722595,0.826041574222921,0.408780508626009,0.408780508626009
"estimate","StromalScore","Biopsy","C1 - C2","C1","C2",14,419.519704481891,715.972322439571,11,550.735982730842,536.483984397391,-0.0397723720922147,0.96827460267365,0.96827460267365
"estimate","StromalScore","Biopsy","C3 - C2","C3","C2",11,490.464993775452,556.260703501325,11,550.735982730842,536.483984397391,0.0809444658516352,0.93548611732474,1
"estimate","StromalScore","Biopsy","C1 - C3","C1","C3",14,419.519704481891,715.972322439571,11,490.464993775452,556.260703501325,-0.125435942752369,0.900178434612483,1
"estimate","TumorPurity","Biopsy","C1 - C2","C1","C2",14,0.692802394353175,0.0953944423332134,11,0.577639199887204,0.132922188593435,2.28232227544555,0.0224703203607128,0.0337054805410692
"estimate","TumorPurity","Biopsy","C3 - C2","C3","C2",11,0.710037837298778,0.121645772805889,11,0.577639199887204,0.132922188593435,2.38786174262324,0.016946715728725,0.050840147186175
"estimate","TumorPurity","Biopsy","C1 - C3","C1","C3",14,0.692802394353175,0.0953944423332134,11,0.710037837298778,0.121645772805889,-0.244753059029014,0.806647642011229,0.806647642011229
"mcp_counter","B cell","Biopsy","C1 - C2","C1","C2",14,4.22589285714286,4.5133000483659,11,7.05380681818182,7.20373340952532,-0.830630694079716,0.406182289523591,0.406182289523591
"mcp_counter","B cell","Biopsy","C3 - C2","C3","C2",11,3.03585227272727,3.78293396668602,11,7.05380681818182,7.20373340952532,-1.88195883105052,0.0598416055836047,0.179524816750814
"mcp_counter","B cell","Biopsy","C1 - C3","C1","C3",14,4.22589285714286,4.5133000483659,11,3.03585227272727,3.78293396668602,1.16104732376888,0.245622654790461,0.368433982185691
"mcp_counter","Cancer associated fibroblast","Biopsy","C1 - C2","C1","C2",14,911.342901785714,1129.19550190235,11,360.269545454545,254.54306832202,1.10444817886842,0.269398771172232,0.404098156758348
"mcp_counter","Cancer associated fibroblast","Biopsy","C3 - C2","C3","C2",11,735.736875,462.750254265867,11,360.269545454545,254.54306832202,1.61888931703271,0.10547107983124,0.31641323949372
"mcp_counter","Cancer associated fibroblast","Biopsy","C1 - C3","C1","C3",14,911.342901785714,1129.19550190235,11,735.736875,462.750254265867,-0.608823234334672,0.542641611361718,0.542641611361718
"mcp_counter","Endothelial cell","Biopsy","C1 - C2","C1","C2",14,9.46486607142857,4.65724097686504,11,6.70778409090909,4.60195207912526,2.26702520925624,0.0233886857729767,0.0701660573189301
"mcp_counter","Endothelial cell","Biopsy","C3 - C2","C3","C2",11,6.83225852272727,3.09447173033807,11,6.70778409090909,4.60195207912526,0.485666795109812,0.627203429790967,0.627203429790967
"mcp_counter","Endothelial cell","Biopsy","C1 - C3","C1","C3",14,9.46486607142857,4.65724097686504,11,6.83225852272727,3.09447173033807,1.75304378529531,0.0795944916091547,0.119391737413732
"mcp_counter","Macrophage/Monocyte","Biopsy","C1 - C2","C1","C2",14,12.8407653061224,6.13167611659052,11,27.6578571428571,17.0711589339136,-2.6846351162245,0.00726090278837675,0.0108913541825651
"mcp_counter","Macrophage/Monocyte","Biopsy","C3 - C2","C3","C2",11,11.2218181818182,7.72009259199282,11,27.6578571428571,17.0711589339136,-3.09612581882505,0.00196067147172647,0.00588201441517943
"mcp_counter","Macrophage/Monocyte","Biopsy","C1 - C3","C1","C3",14,12.8407653061224,6.13167611659052,11,11.2218181818182,7.72009259199282,0.591996461526427,0.553852957880359,0.553852957880359
"mcp_counter","Monocyte","Biopsy","C1 - C2","C1","C2",14,12.8407653061224,6.13167611659052,11,27.6578571428571,17.0711589339136,-2.6846351162245,0.00726090278837675,0.0108913541825651
"mcp_counter","Monocyte","Biopsy","C3 - C2","C3","C2",11,11.2218181818182,7.72009259199282,11,27.6578571428571,17.0711589339136,-3.09612581882505,0.00196067147172647,0.00588201441517943
"mcp_counter","Monocyte","Biopsy","C1 - C3","C1","C3",14,12.8407653061224,6.13167611659052,11,11.2218181818182,7.72009259199282,0.591996461526427,0.553852957880359,0.553852957880359
"mcp_counter","Myeloid dendritic cell","Biopsy","C1 - C2","C1","C2",14,2.47565476190476,1.33143242614972,11,8.3994696969697,7.91740397682998,-1.88153914128554,0.0598986160473833,0.089847924071075
"mcp_counter","Myeloid dendritic cell","Biopsy","C3 - C2","C3","C2",11,2.33719696969697,2.30862652388117,11,8.3994696969697,7.91740397682998,-2.67116737310396,0.00755879462423155,0.0226763838726947
"mcp_counter","Myeloid dendritic cell","Biopsy","C1 - C3","C1","C3",14,2.47565476190476,1.33143242614972,11,2.33719696969697,2.30862652388117,0.945358690499565,0.344475784430535,0.344475784430535
"mcp_counter","NK cell","Biopsy","C1 - C2","C1","C2",14,0.290267857142857,0.113618297140271,11,0.375909090909091,0.280993127645661,-0.718382193153987,0.472521663234343,0.472521663234343
"mcp_counter","NK cell","Biopsy","C3 - C2","C3","C2",11,0.204318181818182,0.101592189716354,11,0.375909090909091,0.280993127645661,-2.21642533458356,0.0266623862119268,0.0799871586357805
"mcp_counter","NK cell","Biopsy","C1 - C3","C1","C3",14,0.290267857142857,0.113618297140271,11,0.204318181818182,0.101592189716354,1.62726190078651,0.103681485910789,0.155522228866184
"mcp_counter","Neutrophil","Biopsy","C1 - C2","C1","C2",14,8.92482142857143,3.91724290403231,11,5.95168831168831,2.50853728565943,2.29150051515914,0.0219344821111405,0.0658034463334214
"mcp_counter","Neutrophil","Biopsy","C3 - C2","C3","C2",11,6.89714285714286,4.63861604096634,11,5.95168831168831,2.50853728565943,0.323777863406541,0.746106216630775,0.746106216630775
"mcp_counter","Neutrophil","Biopsy","C1 - C3","C1","C3",14,8.92482142857143,3.91724290403231,11,6.89714285714286,4.63861604096634,1.94884623251852,0.051313790692584,0.076970686038876
"mcp_counter","T cell","Biopsy","C1 - C2","C1","C2",14,3.7706887755102,1.95194352017958,11,6.14957792207792,2.97701571576174,-1.96873241856463,0.0489838264955373,0.0734757397433059
"mcp_counter","T cell","Biopsy","C3 - C2","C3","C2",11,2.69107142857143,2.05437993401058,11,6.14957792207792,2.97701571576174,-3.09612581882505,0.00196067147172648,0.00588201441517944
"mcp_counter","T cell","Biopsy","C1 - C3","C1","C3",14,3.7706887755102,1.95194352017958,11,2.69107142857143,2.05437993401058,1.30789915918629,0.190907514762407,0.190907514762407
"mcp_counter","T cell CD8+","Biopsy","C1 - C2","C1","C2",14,3.66392857142857,3.41728928705613,11,7.59590909090909,6.10441226416672,-1.93214379728866,0.0533417598393839,0.0800126397590759
"mcp_counter","T cell CD8+","Biopsy","C3 - C2","C3","C2",11,2.67227272727273,3.01277974936467,11,7.59590909090909,6.10441226416672,-2.61062702313773,0.00903764016477092,0.0271129204943128
"mcp_counter","T cell CD8+","Biopsy","C1 - C3","C1","C3",14,3.66392857142857,3.41728928705613,11,2.67227272727273,3.01277974936467,0.830684150378261,0.406152082416186,0.406152082416186
"mcp_counter","cytotoxicity score","Biopsy","C1 - C2","C1","C2",14,3.10357142857143,1.92050490483153,11,7.05837662337662,6.68232853136638,-1.88612826114234,0.0592776727871518,0.0889165091807276
"mcp_counter","cytotoxicity score","Biopsy","C3 - C2","C3","C2",11,2.50246753246753,2.60698642120957,11,7.05837662337662,6.68232853136638,-2.73187572249269,0.00629748906457976,0.0188924671937393
"mcp_counter","cytotoxicity score","Biopsy","C1 - C3","C1","C3",14,3.10357142857143,1.92050490483153,11,2.50246753246753,2.60698642120957,1.00501724863789,0.314888544338137,0.314888544338137
"quantiseq","B cell","Biopsy","C1 - C2","C1","C2",14,0.023644863480481,0.0116191800339676,11,0.0260432047177373,0.0225713015634436,0.660833259378337,0.508719250866728,0.508719250866728
"quantiseq","B cell","Biopsy","C3 - C2","C3","C2",11,0.0155512029903791,0.00801917629686651,11,0.0260432047177373,0.0225713015634436,-1.09275028899708,0.274503453190511,0.411755179785766
"quantiseq","B cell","Biopsy","C1 - C3","C1","C3",14,0.023644863480481,0.0116191800339676,11,0.0155512029903791,0.00801917629686651,1.81729146329043,0.069172496414325,0.207517489242975
"quantiseq","Macrophage M1","Biopsy","C1 - C2","C1","C2",14,0.0311048634050927,0.0193104366375381,11,0.0429617702448739,0.0296361884469117,-1.44404304827118,0.148726866550482,0.223090299825723
"quantiseq","Macrophage M1","Biopsy","C3 - C2","C3","C2",11,0.0274062185133572,0.0129676478433524,11,0.0429617702448739,0.0296361884469117,-1.74030601581016,0.0818052982903578,0.245415894871073
"quantiseq","Macrophage M1","Biopsy","C1 - C3","C1","C3",14,0.0311048634050927,0.0193104366375381,11,0.0274062185133572,0.0129676478433524,0.397723720922147,0.690833850061771,0.690833850061771
"quantiseq","Macrophage M2","Biopsy","C1 - C2","C1","C2",14,0.0475347404807129,0.0187002005670611,11,0.0498300518811102,0.0304190601340966,0.305941323786267,0.759649321670505,1
"quantiseq","Macrophage M2","Biopsy","C3 - C2","C3","C2",11,0.0431458052465098,0.0160872837245208,11,0.0498300518811102,0.0304190601340966,-0.202361164629088,0.839634386433762,0.839634386433762
"quantiseq","Macrophage M2","Biopsy","C1 - C3","C1","C3",14,0.0475347404807129,0.0187002005670611,11,0.0431458052465098,0.0160872837245208,0.520100250436655,0.602993703862117,1
"quantiseq","Monocyte","Biopsy","C1 - C2","C1","C2",14,0.0123021553267815,0.0224538401696018,11,0.0136678891326533,0.0165663829582056,-0.41171024536018,0.680551814634124,0.680551814634124
"quantiseq","Monocyte","Biopsy","C3 - C2","C3","C2",11,0.00117538882380818,0.00347149706770054,11,0.0136678891326533,0.0165663829582056,-2.05652999691034,0.0397314579595232,0.11919437387857
"quantiseq","Monocyte","Biopsy","C1 - C3","C1","C3",14,0.0123021553267815,0.0224538401696018,11,0.00117538882380818,0.00347149706770054,1.76471652886749,0.0776114192379226,0.116417128856884
"quantiseq","Myeloid dendritic cell","Biopsy","C1 - C2","C1","C2",14,0.00810412787486549,0.00798248018676488,11,0.00913470128049262,0.014813566251026,0.809441994289534,0.418260955185851,1
"quantiseq","Myeloid dendritic cell","Biopsy","C3 - C2","C3","C2",11,0.0078657793708075,0.00767769902982295,11,0.00913470128049262,0.014813566251026,0.767042341555256,0.443056341395836,0.664584512093754
"quantiseq","Myeloid dendritic cell","Biopsy","C1 - C3","C1","C3",14,0.00810412787486549,0.00798248018676488,11,0.0078657793708075,0.00767769902982295,-0.00231931803521412,0.998149453607199,0.998149453607199
"quantiseq","NK cell","Biopsy","C1 - C2","C1","C2",14,0.0135267504841359,0.00897187288868343,11,0.00913692704837289,0.00425673154981323,1.62607813592401,0.103933034525275,0.311799103575825
"quantiseq","NK cell","Biopsy","C3 - C2","C3","C2",11,0.00957457955076283,0.00380756221179358,11,0.00913692704837289,0.00425673154981323,0.263069514017815,0.792497000852561,0.792497000852561
"quantiseq","NK cell","Biopsy","C1 - C3","C1","C3",14,0.0135267504841359,0.00897187288868343,11,0.00957457955076283,0.00380756221179358,1.34767153127851,0.177764052458929,0.266646078688393
"quantiseq","Neutrophil","Biopsy","C1 - C2","C1","C2",14,0.0290524488842592,0.0180428615922178,11,0.0379673468133632,0.0209282150790092,-0.982071649353918,0.326064551295399,0.978193653886198
"quantiseq","Neutrophil","Biopsy","C3 - C2","C3","C2",11,0.0326789266878412,0.0111811659832605,11,0.0379673468133632,0.0209282150790092,-0.242833397554906,0.80813446227547,0.80813446227547
"quantiseq","Neutrophil","Biopsy","C1 - C3","C1","C3",14,0.0290524488842592,0.0180428615922178,11,0.0326789266878412,0.0111811659832605,-0.725080937373454,0.468402378235553,0.702603567353329
"quantiseq","T cell CD4+ (non-regulatory)","Biopsy","C1 - C2","C1","C2",14,0.0361097919278132,0.0320020371266457,11,0.00926515904669426,0.0226044148496555,2.82744100503718,0.00469216601681726,0.0140764980504518
"quantiseq","T cell CD4+ (non-regulatory)","Biopsy","C3 - C2","C3","C2",11,0.0288245865615164,0.0193253293798733,11,0.00926515904669426,0.0226044148496555,2.54557495199871,0.0109097939849634,0.0163646909774451
"quantiseq","T cell CD4+ (non-regulatory)","Biopsy","C1 - C3","C1","C3",14,0.0361097919278132,0.0320020371266457,11,0.0288245865615164,0.0193253293798733,0.133457698371678,0.89383141675094,0.89383141675094
"quantiseq","T cell CD8+","Biopsy","C1 - C2","C1","C2",14,0.0146612423227392,0.0127361745392255,11,0.0275784778838819,0.0179448782960071,-1.83041176045596,0.0671883904523373,0.100782585678506
"quantiseq","T cell CD8+","Biopsy","C3 - C2","C3","C2",11,0.00949665128789822,0.012531551776976,11,0.0275784778838819,0.0179448782960071,-2.60050831374573,0.00930857634905138,0.0279257290471542
"quantiseq","T cell CD8+","Biopsy","C1 - C3","C1","C3",14,0.0146612423227392,0.0127361745392255,11,0.00949665128789822,0.012531551776976,0.921707551754884,0.356681140424333,0.356681140424333
"quantiseq","T cell regulatory (Tregs)","Biopsy","C1 - C2","C1","C2",14,0.0155217203437423,0.00643176195899331,11,0.0244808598196516,0.012534896795408,-1.49758277993378,0.134241683509647,0.134241683509647
"quantiseq","T cell regulatory (Tregs)","Biopsy","C3 - C2","C3","C2",11,0.0113947784053604,0.00761612865334604,11,0.0244808598196516,0.012534896795408,-2.93423688712178,0.00334368908975881,0.0100310672692764
"quantiseq","T cell regulatory (Tregs)","Biopsy","C1 - C3","C1","C3",14,0.0155217203437423,0.00643176195899331,11,0.0113947784053604,0.00761612865334604,1.60772165649683,0.107896153320143,0.161844229980214
"quantiseq","uncharacterized cell","Biopsy","C1 - C2","C1","C2",14,0.768437295469377,0.0689870956459285,11,0.749933612131169,0.0960505724789538,0.258520418599396,0.796005292611243,0.796005292611243
"quantiseq","uncharacterized cell","Biopsy","C3 - C2","C3","C2",11,0.812886082561759,0.0485596908383066,11,0.749933612131169,0.0960505724789538,1.8414865981247,0.0655502827646736,0.196650848294021
"quantiseq","uncharacterized cell","Biopsy","C1 - C3","C1","C3",14,0.768437295469377,0.0689870956459285,11,0.812886082561759,0.0485596908383066,-1.69032581391913,0.0909656391707233,0.136448458756085
"timer","B cell","Biopsy","C1 - C2","C1","C2",14,0.0990890249088847,0.0212149175742824,11,0.12531322259514,0.048634568735926,-1.35837947761103,0.174343302812951,0.261514954219426
"timer","B cell","Biopsy","C3 - C2","C3","C2",11,0.0983425938100251,0.0274265895760673,11,0.12531322259514,0.048634568735926,-1.57841708410689,0.114469822949536,0.343409468848609
"timer","B cell","Biopsy","C1 - C3","C1","C3",14,0.0990890249088847,0.0212149175742824,11,0.0983425938100251,0.0274265895760673,0.312060150261992,0.75499481077526,0.75499481077526
"timer","Macrophage","Biopsy","C1 - C2","C1","C2",14,0.054035800213992,0.0356228583068661,11,0.038110115617313,0.0795421047939025,2.28936158581126,0.0220583521492654,0.0661750564477961
"timer","Macrophage","Biopsy","C3 - C2","C3","C2",11,0.037118973058912,0.0223789046860926,11,0.038110115617313,0.0795421047939025,1.28483545212507,0.198849790843202,0.298274686264804
"timer","Macrophage","Biopsy","C1 - C3","C1","C3",14,0.054035800213992,0.0356228583068661,11,0.037118973058912,0.0223789046860926,0.929619553026389,0.352568099978354,0.352568099978354
"timer","Myeloid dendritic cell","Biopsy","C1 - C2","C1","C2",14,0.472619599583727,0.0640181872583246,11,0.526349028103039,0.0719649386452868,-2.06357422893837,0.03905810314163,0.0585871547124449
"timer","Myeloid dendritic cell","Biopsy","C3 - C2","C3","C2",11,0.452853172932387,0.0626537158478783,11,0.526349028103039,0.0719649386452868,-2.65093125664106,0.00802701773079008,0.0240810531923702
"timer","Myeloid dendritic cell","Biopsy","C1 - C3","C1","C3",14,0.472619599583727,0.0640181872583246,11,0.452853172932387,0.0626537158478783,0.741907710181698,0.458143254060608,0.458143254060608
"timer","Neutrophil","Biopsy","C1 - C2","C1","C2",14,0.114509686786334,0.0157542375489293,11,0.131426715391355,0.0233083411899462,-2.29608963501594,0.0216707568204273,0.0650122704612819
"timer","Neutrophil","Biopsy","C3 - C2","C3","C2",11,0.12109417918252,0.0134859540826222,11,0.131426715391355,0.0233083411899462,-1.8414865981247,0.0655502827646737,0.0983254241470105
"timer","Neutrophil","Biopsy","C1 - C3","C1","C3",14,0.114509686786334,0.0157542375489293,11,0.12109417918252,0.0134859540826222,-0.347243402497414,0.728408466539854,0.728408466539854
"timer","T cell CD4+","Biopsy","C1 - C2","C1","C2",14,0.122728229552663,0.0241264808306848,11,0.126184239665368,0.0353209991766167,-0.119317116276644,0.905024123541445,0.905024123541445
"timer","T cell CD4+","Biopsy","C3 - C2","C3","C2",11,0.103325986421082,0.0168579693979962,11,0.126184239665368,0.0353209991766167,-1.94266718043925,0.0520563840914512,0.156169152274354
"timer","T cell CD4+","Biopsy","C1 - C3","C1","C3",14,0.122728229552663,0.0241264808306848,11,0.103325986421082,0.0168579693979962,1.93660857956707,0.0527932084117631,0.0791898126176446
"timer","T cell CD8+","Biopsy","C1 - C2","C1","C2",14,0.202015927183902,0.023850516451892,11,0.201590198732194,0.0222130201390754,-0.327357216451306,0.743397721633912,1
"timer","T cell CD8+","Biopsy","C3 - C2","C3","C2",11,0.203076487690319,0.0183910517837368,11,0.201590198732194,0.0222130201390754,0.161888931703271,0.871393319064525,0.871393319064525
"timer","T cell CD8+","Biopsy","C1 - C3","C1","C3",14,0.202015927183902,0.023850516451892,11,0.203076487690319,0.0183910517837368,-0.498684357771616,0.618001765970983,1
"xcell","B cell","Biopsy","C1 - C2","C1","C2",14,0.031242444781086,0.0426344618602874,11,0.101535870706712,0.129312319654907,-1.5154494537727,0.129658621622327,0.19448793243349
"xcell","B cell","Biopsy","C3 - C2","C3","C2",11,0.0181922634162573,0.0378085435377339,11,0.101535870706712,0.129312319654907,-1.81508500379573,0.0695108473861987,0.208532542158596
"xcell","B cell","Biopsy","C1 - C3","C1","C3",14,0.031242444781086,0.0426344618602874,11,0.0181922634162573,0.0378085435377339,0.405455957621792,0.685142385926352,0.685142385926352
"xcell","B cell memory","Biopsy","C1 - C2","C1","C2",14,0.00783494755661822,0.0209381414567709,11,0.0311537396984106,0.0541578072077812,-0.836696704485963,0.402763072026951,0.604144608040427
"xcell","B cell memory","Biopsy","C3 - C2","C3","C2",11,0.00416179140670421,0.0138031005517633,11,0.0311537396984106,0.0541578072077812,-0.994917484430184,0.319776398364763,0.959329195094287
"xcell","B cell memory","Biopsy","C1 - C3","C1","C3",14,0.00783494755661822,0.0209381414567709,11,0.00416179140670421,0.0138031005517633,0.216224991046935,0.82881237424645,0.82881237424645
"xcell","B cell naive","Biopsy","C1 - C2","C1","C2",14,0.00271974265609285,0.00701741010836374,11,0.00350240207841751,0.011354100249201,0.897417006148284,0.369496441284717,0.554244661927075
"xcell","B cell naive","Biopsy","C3 - C2","C3","C2",11,0.000000000000000000770429354554472,0.00000000000000000177559276932327,11,0.00350240207841751,0.011354100249201,-0.834228347774333,0.404152319736803,0.404152319736803
"xcell","B cell naive","Biopsy","C1 - C3","C1","C3",14,0.00271974265609285,0.00701741010836374,11,0.000000000000000000770429354554472,0.00000000000000000177559276932327,1.78028130408876,0.0750299352456423,0.225089805736927
"xcell","B cell plasma","Biopsy","C1 - C2","C1","C2",14,0.00509042061587369,0.0111284446263123,11,0.0337579115505797,0.0403587276160827,-3.05329528440807,0.0022634309641628,0.0067902928924884
"xcell","B cell plasma","Biopsy","C3 - C2","C3","C2",11,0.0128355852652367,0.0184491615937298,11,0.0337579115505797,0.0403587276160827,-1.20676994754332,0.227520752697716,0.227520752697716
"xcell","B cell plasma","Biopsy","C1 - C3","C1","C3",14,0.00509042061587369,0.0111284446263123,11,0.0128355852652367,0.0184491615937298,-1.77617001606164,0.0757048987136773,0.113557348070516
"xcell","Cancer associated fibroblast","Biopsy","C1 - C2","C1","C2",14,0.0661832240999897,0.0693876253652131,11,0.0341151339182139,0.0278351438398915,0.943828983880634,0.345257046868789,0.517885570303183
"xcell","Cancer associated fibroblast","Biopsy","C3 - C2","C3","C2",11,0.0736202219756645,0.0520108069373099,11,0.0341151339182139,0.0278351438398915,1.67959766642143,0.0930356220338646,0.279106866101594
"xcell","Cancer associated fibroblast","Biopsy","C1 - C3","C1","C3",14,0.0661832240999897,0.0693876253652131,11,0.0736202219756645,0.0520108069373099,-0.833690107317579,0.404455634185853,0.404455634185853
"xcell","Class-switched memory B cell","Biopsy","C1 - C2","C1","C2",14,0.0250515653367699,0.0203569630751785,11,0.0426771864272712,0.0416567903747515,-0.50239076518027,0.615392673764715,0.615392673764715
"xcell","Class-switched memory B cell","Biopsy","C3 - C2","C3","C2",11,0.0188225927624418,0.0250664754923362,11,0.0426771864272712,0.0416567903747515,-1.41835475297212,0.156087218683471,0.468261656050412
"xcell","Class-switched memory B cell","Biopsy","C1 - C3","C1","C3",14,0.0250515653367699,0.0203569630751785,11,0.0188225927624418,0.0250664754923362,0.998654813711999,0.317961937116577,0.476942905674866
"xcell","Common lymphoid progenitor","Biopsy","C1 - C2","C1","C2",14,0.0104930593553101,0.0115580035582977,11,0.008250663749513,0.00817321163953562,0.246282765647945,0.805463350165068,0.805463350165068
"xcell","Common lymphoid progenitor","Biopsy","C3 - C2","C3","C2",11,0.00972396710871136,0.00817592228547517,11,0.008250663749513,0.00817321163953562,0.465430678646903,0.641623068758283,1
"xcell","Common lymphoid progenitor","Biopsy","C1 - C3","C1","C3",14,0.0104930593553101,0.0115580035582977,11,0.00972396710871136,0.00817592228547517,-0.246282765647945,0.805463350165068,1
"xcell","Common myeloid progenitor","Biopsy","C1 - C2","C1","C2",14,0.00834364682338413,0.010706933642743,11,0.000877354147832005,0.00201561139600976,2.33085422039838,0.0197610479379534,0.0592831438138601
"xcell","Common myeloid progenitor","Biopsy","C3 - C2","C3","C2",11,0.00774322284616331,0.0117864124218996,11,0.000877354147832005,0.00201561139600976,1.39596045754768,0.162726403061992,0.244089604592988
"xcell","Common myeloid progenitor","Biopsy","C1 - C3","C1","C3",14,0.00834364682338413,0.010706933642743,11,0.00774322284616331,0.0117864124218996,0.853508536097943,0.393377355987437,0.393377355987437
"xcell","Endothelial cell","Biopsy","C1 - C2","C1","C2",14,0.0390357515222503,0.0443182823663829,11,0.0191835187654726,0.038029220517562,1.51173931168507,0.13060019366433,0.391800580992989
"xcell","Endothelial cell","Biopsy","C3 - C2","C3","C2",11,0.0194104357104949,0.0195796673554498,11,0.0191835187654726,0.038029220517562,0.931101053797662,0.351801293564488,0.527701940346732
"xcell","Endothelial cell","Biopsy","C1 - C3","C1","C3",14,0.0390357515222503,0.0443182823663829,11,0.0194104357104949,0.0195796673554498,0.526354578157554,0.59864186858186,0.59864186858186
"xcell","Eosinophil","Biopsy","C1 - C2","C1","C2",14,0.0047973384075681,0.00608910439725597,11,0.00422706528275579,0.0104544192042184,1.41091847142159,0.158268654986005,0.474805964958016
"xcell","Eosinophil","Biopsy","C3 - C2","C3","C2",11,0.00105116235272074,0.0017704425114272,11,0.00422706528275579,0.0104544192042184,0.0102272312207362,0.991839992360506,0.991839992360506
"xcell","Eosinophil","Biopsy","C1 - C3","C1","C3",14,0.0047973384075681,0.00608910439725597,11,0.00105116235272074,0.0017704425114272,1.40009498725726,0.161484875956207,0.24222731393431
"xcell","Granulocyte-monocyte progenitor","Biopsy","C1 - C2","C1","C2",14,0.00257964858288337,0.00772393558788444,11,0.00109826874926603,0.00364254536028833,1.32756960423608,0.184320331526325,0.552960994578974
"xcell","Granulocyte-monocyte progenitor","Biopsy","C3 - C2","C3","C2",11,0.00224811935966634,0.00745616839994727,11,0.00109826874926603,0.00364254536028833,0.294102071131098,0.768679908305127,0.768679908305127
"xcell","Granulocyte-monocyte progenitor","Biopsy","C1 - C3","C1","C3",14,0.00257964858288337,0.00772393558788444,11,0.00224811935966634,0.00745616839994727,1.01632122812331,0.309476442986046,0.46421466447907
"xcell","Hematopoietic stem cell","Biopsy","C1 - C2","C1","C2",14,0.155933372563959,0.116591705459868,11,0.0902685667876781,0.0929423560347986,1.55810645885867,0.1192080138698,0.357624041609399
"xcell","Hematopoietic stem cell","Biopsy","C3 - C2","C3","C2",11,0.140328561767423,0.095056871185045,11,0.0902685667876781,0.0929423560347986,1.30531351156887,0.191786115060733,0.287679172591099
"xcell","Hematopoietic stem cell","Biopsy","C1 - C3","C1","C3",14,0.155933372563959,0.116591705459868,11,0.140328561767423,0.095056871185045,0.17669248502521,0.859749944080812,0.859749944080812
"xcell","Macrophage","Biopsy","C1 - C2","C1","C2",14,0.0189027383318757,0.0175139181055102,11,0.0527505661717588,0.05672828566624,-1.95546846187603,0.0505278023329745,0.0757917034994618
"xcell","Macrophage","Biopsy","C3 - C2","C3","C2",11,0.0144169956205777,0.0278952723588481,11,0.0527505661717588,0.05672828566624,-2.91475112493181,0.00355972288784439,0.0106791686635332
"xcell","Macrophage","Biopsy","C1 - C3","C1","C3",14,0.0189027383318757,0.0175139181055102,11,0.0144169956205777,0.0278952723588481,1.1292141822101,0.258807492412113,0.258807492412113
"xcell","Macrophage M1","Biopsy","C1 - C2","C1","C2",14,0.0184328364493298,0.0183356453212989,11,0.0523037029714511,0.0360721748146199,-2.45599521340839,0.0140495028763832,0.0210742543145749
"xcell","Macrophage M1","Biopsy","C3 - C2","C3","C2",11,0.016018495497671,0.030127587771141,11,0.0523037029714511,0.0360721748146199,-2.84500571547531,0.00444106261808981,0.0133231878542694
"xcell","Macrophage M1","Biopsy","C1 - C3","C1","C3",14,0.0184328364493298,0.0183356453212989,11,0.016018495497671,0.030127587771141,0.55487582727363,0.57897959696478,0.57897959696478
"xcell","Macrophage M2","Biopsy","C1 - C2","C1","C2",14,0.00720579674065639,0.00893963445905977,11,0.0165626179110699,0.0441866842631735,1.33256087105742,0.182675953148411,0.274013929722617
"xcell","Macrophage M2","Biopsy","C3 - C2","C3","C2",11,0.00228078184035628,0.0040849310571317,11,0.0165626179110699,0.0441866842631735,-0.243146529080934,0.807891887529035,0.807891887529035
"xcell","Macrophage M2","Biopsy","C1 - C3","C1","C3",14,0.00720579674065639,0.00893963445905977,11,0.00228078184035628,0.0040849310571317,1.5898829702961,0.11186118697319,0.335583560919569
"xcell","Mast cell","Biopsy","C1 - C2","C1","C2",14,0.0172592111059448,0.00933295300361141,11,0.0119331743348348,0.0154325796183235,1.89683620747486,0.0578495589842845,0.173548676952854
"xcell","Mast cell","Biopsy","C3 - C2","C3","C2",11,0.0185616905462666,0.0135152971091902,11,0.0119331743348348,0.0154325796183235,1.65936154995852,0.0970429593523809,0.145564439028571
"xcell","Mast cell","Biopsy","C1 - C3","C1","C3",14,0.0172592111059448,0.00933295300361141,11,0.0185616905462666,0.0135152971091902,0.140733008941683,0.888080867238811,0.888080867238811
"xcell","Monocyte","Biopsy","C1 - C2","C1","C2",14,0.00046742996189573,0.00118831307062307,11,0.00529372892232717,0.00963964981406912,-1.13354921470517,0.256983686097226,0.385475529145838
"xcell","Monocyte","Biopsy","C3 - C2","C3","C2",11,0.00123572393384561,0.00357146756084415,11,0.00529372892232717,0.00963964981406912,-1.23050257257847,0.218508964242417,0.65552689272725
"xcell","Monocyte","Biopsy","C1 - C3","C1","C3",14,0.00046742996189573,0.00118831307062307,11,0.00123572393384561,0.00357146756084415,0.168692303161965,0.866038673202923,0.866038673202923
"xcell","Myeloid dendritic cell","Biopsy","C1 - C2","C1","C2",14,0.00277237800063198,0.00495512574578042,11,0.0362753521689119,0.049188072774428,-3.24364766097433,0.00118009625059911,0.00354028875179732
"xcell","Myeloid dendritic cell","Biopsy","C3 - C2","C3","C2",11,0.00571453986798779,0.00951734732030112,11,0.0362753521689119,0.049188072774428,-2.40651719604378,0.0161054457835005,0.0241581686752508
"xcell","Myeloid dendritic cell","Biopsy","C1 - C3","C1","C3",14,0.00277237800063198,0.00495512574578042,11,0.00571453986798779,0.00951734732030112,-0.696829250361406,0.48590965834705,0.48590965834705
"xcell","Myeloid dendritic cell activated","Biopsy","C1 - C2","C1","C2",14,0.032742128218163,0.035881662008462,11,0.119520807457759,0.0705613497380022,-2.74905970208054,0.00597664991291185,0.00896497486936778
"xcell","Myeloid dendritic cell activated","Biopsy","C3 - C2","C3","C2",11,0.0343219663978072,0.0537797180589385,11,0.119520807457759,0.0705613497380022,-3.21774958665813,0.00129200563318843,0.0038760168995653
"xcell","Myeloid dendritic cell activated","Biopsy","C1 - C3","C1","C3",14,0.032742128218163,0.035881662008462,11,0.0343219663978072,0.0537797180589385,0.656286372950781,0.511639883771152,0.511639883771152
"xcell","NK cell","Biopsy","C1 - C2","C1","C2",14,0.000000000000000000537897292998276,0.00000000000000000164797634138588,11,0.00273713747923123,0.00907805801822916,-3.15974307292692,0.00157908320130168,0.00473724960390504
"xcell","NK cell","Biopsy","C3 - C2","C3","C2",11,0.00000000000000000236827841531281,0.00000000000000000529404529052767,11,0.00273713747923123,0.00907805801822916,-1.43837768725815,0.150326920016726,0.150326920016726
"xcell","NK cell","Biopsy","C1 - C3","C1","C3",14,0.000000000000000000537897292998276,0.00000000000000000164797634138588,11,0.00000000000000000236827841531281,0.00000000000000000529404529052767,-1.63750721217921,0.101524533221393,0.152286799832089
"xcell","Neutrophil","Biopsy","C1 - C2","C1","C2",14,0.0000300031691903484,0.000112261579627695,11,0.0000782331736494275,0.00025947008315387,-0.0512502380116407,0.959126120268616,0.959126120268616
"xcell","Neutrophil","Biopsy","C3 - C2","C3","C2",11,0.000000000000000000224895750390083,0.000000000000000000418544027739103,11,0.0000782331736494275,0.00025947008315387,-0.271190768823342,0.78624431246014,1
"xcell","Neutrophil","Biopsy","C1 - C3","C1","C3",14,0.0000300031691903484,0.000112261579627695,11,0.000000000000000000224895750390083,0.000000000000000000418544027739103,0.235751094853548,0.81362581917109,1
"xcell","Plasmacytoid dendritic cell","Biopsy","C1 - C2","C1","C2",14,0.000608027363048873,0.00186833538671186,11,0.028811636116404,0.0238817282055804,-3.37679013554386,0.000733369817645842,0.00220010945293753
"xcell","Plasmacytoid dendritic cell","Biopsy","C3 - C2","C3","C2",11,0.00501017427657738,0.0147723235924376,11,0.028811636116404,0.0238817282055804,-3.16143985974033,0.0015699123313694,0.00235486849705409
"xcell","Plasmacytoid dendritic cell","Biopsy","C1 - C3","C1","C3",14,0.000608027363048873,0.00186833538671186,11,0.00501017427657738,0.0147723235924376,-0.0310366740399255,0.975240292097172,0.975240292097172
"xcell","T cell CD4+ (aggregated)","Biopsy","C1 - C2","C1","C2",14,0.193707370028958,0.163425967492439,11,0.44769467669235,0.208171201512068,-3.18331947399611,0.00145596872069999,0.00436790616209997
"xcell","T cell CD4+ (aggregated)","Biopsy","C3 - C2","C3","C2",11,0.194147476916317,0.153510332121288,11,0.44769467669235,0.208171201512068,-2.89376465419596,0.00380653352494616,0.00570980028741923
"xcell","T cell CD4+ (aggregated)","Biopsy","C1 - C3","C1","C3",14,0.193707370028958,0.163425967492439,11,0.194147476916317,0.153510332121288,-0.120846822895576,0.903812362538107,0.903812362538107
"xcell","T cell CD8+ (aggregated)","Biopsy","C1 - C2","C1","C2",14,0.0441885785175211,0.0528876313249168,11,0.183100713929247,0.128442918565122,-2.606620078659,0.00914407557985537,0.0137161133697831
"xcell","T cell CD8+ (aggregated)","Biopsy","C3 - C2","C3","C2",11,0.0483951776259978,0.0850957338326946,11,0.183100713929247,0.128442918565122,-2.79258407188142,0.00522888777903744,0.0156866633371123
"xcell","T cell CD8+ (aggregated)","Biopsy","C1 - C3","C1","C3",14,0.0441885785175211,0.0528876313249168,11,0.0483951776259978,0.0850957338326946,0.348773109116344,0.727259653059778,0.727259653059778
"xcell","T cell NK","Biopsy","C1 - C2","C1","C2",14,0.00674402480479512,0.00753410333694204,11,0.00360467878968455,0.00635248835618034,0.618204711050716,0.536440405008632,1
"xcell","T cell NK","Biopsy","C3 - C2","C3","C2",11,0.00749259281509698,0.0158467394580849,11,0.00360467878968455,0.00635248835618034,0.224336348783742,0.822495594645694,0.822495594645694
"xcell","T cell NK","Biopsy","C1 - C3","C1","C3",14,0.00674402480479512,0.00753410333694204,11,0.00749259281509698,0.0158467394580849,0.380789435485104,0.703359499014498,1
"xcell","T cell gamma delta","Biopsy","C1 - C2","C1","C2",14,0.00000000000000000102989566298074,0.00000000000000000184693309750424,11,0.00137067861271089,0.00306519664624418,-1.81667419527042,0.0692670152094328,0.207801045628298
"xcell","T cell gamma delta","Biopsy","C3 - C2","C3","C2",11,0.000331179019170971,0.00094467985807583,11,0.00137067861271089,0.00306519664624418,-0.462160397491724,0.643966300607011,0.643966300607011
"xcell","T cell gamma delta","Biopsy","C1 - C3","C1","C3",14,0.00000000000000000102989566298074,0.00000000000000000184693309750424,11,0.000331179019170971,0.00094467985807583,-1.32756960423608,0.184320331526324,0.276480497289487
"xcell","T cell regulatory (Tregs)","Biopsy","C1 - C2","C1","C2",14,0.00061053620690205,0.00228441730844799,11,0.0000879224384294253,0.000291605738923506,-0.795548048693615,0.426294772774264,1
"xcell","T cell regulatory (Tregs)","Biopsy","C3 - C2","C3","C2",11,0.000972189974088049,0.00311100848740622,11,0.0000879224384294253,0.000291605738923506,-0.128342822734513,0.897877677661006,0.897877677661006
"xcell","T cell regulatory (Tregs)","Biopsy","C1 - C3","C1","C3",14,0.00061053620690205,0.00228441730844799,11,0.000972189974088049,0.00311100848740622,-0.659722772087388,0.509431750422149,0.764147625633224
"xcell","immune score","Biopsy","C1 - C2","C1","C2",14,0.0588590524047289,0.0395003980903999,11,0.180159650037078,0.139263800520496,-1.67961786758661,0.093031689012968,0.139547533519452
"xcell","immune score","Biopsy","C3 - C2","C3","C2",11,0.0488123092662056,0.0679592707650497,11,0.180159650037078,0.139263800520496,-2.91400077065887,0.00356829025697478,0.0107048707709243
"xcell","immune score","Biopsy","C1 - C3","C1","C3",14,0.0588590524047289,0.0395003980903999,11,0.0488123092662056,0.0679592707650497,1.40427067617897,0.160238262850687,0.160238262850687
"xcell","microenvironment score","Biopsy","C1 - C2","C1","C2",14,0.120498129090567,0.0712309421085014,11,0.215157286994102,0.120406640222216,-1.67196933449195,0.094530369185059,0.141795553777589
"xcell","microenvironment score","Biopsy","C3 - C2","C3","C2",11,0.100051178627852,0.0652816632940304,11,0.215157286994102,0.120406640222216,-2.32715339323451,0.0199571025861147,0.059871307758344
"xcell","microenvironment score","Biopsy","C1 - C3","C1","C3",14,0.120498129090567,0.0712309421085014,11,0.100051178627852,0.0652816632940304,0.790858321987501,0.429026671769572,0.429026671769572
"xcell","stroma score","Biopsy","C1 - C2","C1","C2",14,0.0616390766858379,0.062628911799883,11,0.0349976369570241,0.0430813250667508,1.4012112629411,0.161150907264947,0.24172636089742
"xcell","stroma score","Biopsy","C3 - C2","C3","C2",11,0.0512388693616461,0.0289505924078651,11,0.0349976369570241,0.0430813250667508,1.65936154995852,0.0970429593523809,0.291128878057143
"xcell","stroma score","Biopsy","C1 - C3","C1","C3",14,0.0616390766858379,0.062628911799883,11,0.0512388693616461,0.0289505924078651,-0.35489193559207,0.722670550223907,0.722670550223907
"CIBERSORTx","B cells memory","Surgery","C1 - C2","C1","C2",14,0.00145953610702962,0.0024769131560946,11,0.00418292487386878,0.00708047284652067,-0.343315296085139,0.731361274732866,1
"CIBERSORTx","B cells memory","Surgery","C3 - C2","C3","C2",11,0.00427826196637441,0.0110695890470234,11,0.00418292487386878,0.00708047284652067,-0.164722493862189,0.869162411287906,0.869162411287906
"CIBERSORTx","B cells memory","Surgery","C1 - C3","C1","C3",14,0.00145953610702962,0.0024769131560946,11,0.00427826196637441,0.0110695890470234,-0.168989394446053,0.865804983431389,1
"CIBERSORTx","B cells naive","Surgery","C1 - C2","C1","C2",14,0.0322380328519293,0.0222036218368289,11,0.0158176760184542,0.0115400328384876,1.98708889799181,0.046912546314684,0.140737638944052
"CIBERSORTx","B cells naive","Surgery","C3 - C2","C3","C2",11,0.0199157886815904,0.0168447277892265,11,0.0158176760184542,0.0115400328384876,0.424958445721085,0.670866967401451,0.670866967401451
"CIBERSORTx","B cells naive","Surgery","C1 - C3","C1","C3",14,0.0322380328519293,0.0222036218368289,11,0.0199157886815904,0.0168447277892265,1.53735515202599,0.124206362510708,0.186309543766062
"CIBERSORTx","Dendritic cells activated","Surgery","C1 - C2","C1","C2",14,0.0088067987880943,0.0243721901552415,11,0.0071212100092515,0.0148493055513194,-0.339107922567062,0.734528430339277,1
"CIBERSORTx","Dendritic cells activated","Surgery","C3 - C2","C3","C2",11,0.00422131357343334,0.00844407949764119,11,0.0071212100092515,0.0148493055513194,-0.144708908181322,0.884940705485338,0.884940705485338
"CIBERSORTx","Dendritic cells activated","Surgery","C1 - C3","C1","C3",14,0.0088067987880943,0.0243721901552415,11,0.00422131357343334,0.00844407949764119,-0.185962409149679,0.852474240230554,1
"CIBERSORTx","Dendritic cells resting","Surgery","C1 - C2","C1","C2",14,0.00529491153762231,0.00656339031529232,11,0.0160693407393746,0.013432280737696,-2.41269419649469,0.0158350992614308,0.0475052977842924
"CIBERSORTx","Dendritic cells resting","Surgery","C3 - C2","C3","C2",11,0.00890369611037632,0.00961217135352332,11,0.0160693407393746,0.013432280737696,-1.20325859802189,0.228876265213722,0.343314397820584
"CIBERSORTx","Dendritic cells resting","Surgery","C1 - C3","C1","C3",14,0.00529491153762231,0.00656339031529232,11,0.00890369611037632,0.00961217135352332,-1.13928499118823,0.254584306348124,0.254584306348124
"CIBERSORTx","Eosinophils","Surgery","C1 - C2","C1","C2",14,0.000115049103961486,0.000430474329679219,11,0.00156794704071286,0.00329786875094455,-2.12398756973212,0.0336711829990604,0.0505067744985906
"CIBERSORTx","Eosinophils","Surgery","C3 - C2","C3","C2",11,0,0,11,0.00156794704071286,0.00329786875094455,-2.45644689522855,0.0140318539359308,0.0420955618077925
"CIBERSORTx","Eosinophils","Surgery","C1 - C3","C1","C3",14,0.000115049103961486,0.000430474329679219,11,0,0,0.475671467712464,0.634308451115931,0.634308451115931
"CIBERSORTx","Macrophages M0","Surgery","C1 - C2","C1","C2",14,0.057532228999677,0.0941242871047132,11,0.0812519952932911,0.0473476902020694,-1.67424019002763,0.0940834037841877,0.141125105676282
"CIBERSORTx","Macrophages M0","Surgery","C3 - C2","C3","C2",11,0.101900408836108,0.084615876322793,11,0.0812519952932911,0.0473476902020694,0.244730562309537,0.806665062183628,0.806665062183628
"CIBERSORTx","Macrophages M0","Surgery","C1 - C3","C1","C3",14,0.057532228999677,0.0941242871047132,11,0.101900408836108,0.084615876322793,-1.93323867246284,0.0532068027705988,0.159620408311796
"CIBERSORTx","Macrophages M1","Surgery","C1 - C2","C1","C2",14,0.0422792631796915,0.0304090091649388,11,0.0886963592071588,0.0225094276104773,-3.45713695878482,0.000545947304163082,0.00163784191248925
"CIBERSORTx","Macrophages M1","Surgery","C3 - C2","C3","C2",11,0.0408614563028932,0.0243007236222577,11,0.0886963592071588,0.0225094276104773,-3.35919533284286,0.000781697927157319,0.00117254689073598
"CIBERSORTx","Macrophages M1","Surgery","C1 - C3","C1","C3",14,0.0422792631796915,0.0304090091649388,11,0.0408614563028932,0.0243007236222577,0.0979012236116056,0.922010728354779,0.922010728354779
"CIBERSORTx","Macrophages M2","Surgery","C1 - C2","C1","C2",14,0.354753267682178,0.0996295771761091,11,0.298419691525964,0.057712264795928,1.76069231838997,0.0782904936026947,0.234871480808084
"CIBERSORTx","Macrophages M2","Surgery","C3 - C2","C3","C2",11,0.317513309986728,0.0712116357593101,11,0.298419691525964,0.057712264795928,0.829680774979262,0.406719293869509,0.406719293869509
"CIBERSORTx","Macrophages M2","Surgery","C1 - C3","C1","C3",14,0.354753267682178,0.0996295771761091,11,0.317513309986728,0.0712116357593101,0.88264071912338,0.377430420767124,0.566145631150686
"CIBERSORTx","Mast cells activated","Surgery","C1 - C2","C1","C2",14,0.0138817794469191,0.0209460652070368,11,0.0186988507253777,0.0256387808830938,-0.128539662930777,0.897721912065797,0.897721912065797
"CIBERSORTx","Mast cells activated","Surgery","C3 - C2","C3","C2",11,0.00549959129774843,0.0109051960624536,11,0.0186988507253777,0.0256387808830938,-0.900222304560633,0.368001958599341,1
"CIBERSORTx","Mast cells activated","Surgery","C1 - C3","C1","C3",14,0.0138817794469191,0.0209460652070368,11,0.00549959129774843,0.0109051960624536,0.824166074085576,0.409845200890659,0.614767801335988
"CIBERSORTx","Mast cells resting","Surgery","C1 - C2","C1","C2",14,0.141695877312628,0.11198941492677,11,0.053278849631773,0.0587166845544801,2.19642791850154,0.0280613291966374,0.0841839875899123
"CIBERSORTx","Mast cells resting","Surgery","C3 - C2","C3","C2",11,0.117329768505827,0.0974228503315905,11,0.053278849631773,0.0587166845544801,1.70202570356654,0.0887505499992533,0.13312582499888
"CIBERSORTx","Mast cells resting","Surgery","C1 - C3","C1","C3",14,0.141695877312628,0.11198941492677,11,0.117329768505827,0.0974228503315905,0.395173223830821,0.692715052187803,0.692715052187803
"CIBERSORTx","Monocytes","Surgery","C1 - C2","C1","C2",14,0.0314267955047574,0.0240980584598159,11,0.0220757373601044,0.0223952458759907,0.87402509620205,0.382104586837471,0.382104586837471
"CIBERSORTx","Monocytes","Surgery","C3 - C2","C3","C2",11,0.00987786158313045,0.00867284900123022,11,0.0220757373601044,0.0223952458759907,-1.68067953298541,0.0928251781552952,0.139237767232943
"CIBERSORTx","Monocytes","Surgery","C1 - C3","C1","C3",14,0.0314267955047574,0.0240980584598159,11,0.00987786158313045,0.00867284900123022,2.65268912735228,0.00798533781782535,0.0239560134534761
"CIBERSORTx","NK cells activated","Surgery","C1 - C2","C1","C2",14,0.0313193518036604,0.021748512130671,11,0.042489241136704,0.0293183033775599,-0.966774583164604,0.333656733099812,0.333656733099812
"CIBERSORTx","NK cells activated","Surgery","C3 - C2","C3","C2",11,0.0200418937713984,0.0162395660873861,11,0.042489241136704,0.0293183033775599,-1.98313941336506,0.0473518591763558,0.142055577529068
"CIBERSORTx","NK cells activated","Surgery","C1 - C3","C1","C3",14,0.0313193518036604,0.021748512130671,11,0.0200418937713984,0.0162395660873861,1.13198289800919,0.257641624487812,0.386462436731717
"CIBERSORTx","NK cells resting","Surgery","C1 - C2","C1","C2",14,0.00703911085452102,0.00987342852310592,11,0.00931076432684054,0.0201048897010859,0.699491136099145,0.484245150547392,0.484245150547392
"CIBERSORTx","NK cells resting","Surgery","C3 - C2","C3","C2",11,0.00195714145512066,0.00435912709477985,11,0.00931076432684054,0.0201048897010859,-0.719433084744757,0.471874117938978,0.707811176908467
"CIBERSORTx","NK cells resting","Surgery","C1 - C3","C1","C3",14,0.00703911085452102,0.00987342852310592,11,0.00195714145512066,0.00435912709477985,1.46086754697382,0.144051794292639,0.432155382877916
"CIBERSORTx","Neutrophils","Surgery","C1 - C2","C1","C2",14,0.00851800173733219,0.0105564530305399,11,0.0088244523393048,0.00912457083834629,-0.306789869075043,0.759003319968032,0.759003319968032
"CIBERSORTx","Neutrophils","Surgery","C3 - C2","C3","C2",11,0.00283337813456487,0.0029402084808826,11,0.0088244523393048,0.00912457083834629,-1.73350814969255,0.0830053902421322,0.249016170726397
"CIBERSORTx","Neutrophils","Surgery","C1 - C3","C1","C3",14,0.00851800173733219,0.0105564530305399,11,0.00283337813456487,0.0029402084808826,1.52778271484105,0.126566495269875,0.189849742904812
"CIBERSORTx","Plasma cells","Surgery","C1 - C2","C1","C2",14,0.011087427044958,0.010381045255182,11,0.00320555830939402,0.00271224848433052,1.80453354242948,0.071147705743013,0.213443117229039
"CIBERSORTx","Plasma cells","Surgery","C3 - C2","C3","C2",11,0.00791030698910075,0.0176200699107001,11,0.00320555830939402,0.00271224848433052,0.0202818478578711,0.983818536120493,0.983818536120493
"CIBERSORTx","Plasma cells","Surgery","C1 - C3","C1","C3",14,0.011087427044958,0.010381045255182,11,0.00791030698910075,0.0176200699107001,1.78306925220517,0.0745750309237592,0.111862546385639
"CIBERSORTx","T cells CD4+ (general)","Surgery","C1 - C2","C1","C2",14,0.123578106631605,0.0632068542197624,11,0.1235161646966,0.0222888857693479,0.339594869402756,0.734161642383536,0.734161642383536
"CIBERSORTx","T cells CD4+ (general)","Surgery","C3 - C2","C3","C2",11,0.171123419875154,0.0503402016705592,11,0.1235161646966,0.0222888857693479,2.67116737310396,0.00755879462423155,0.0226763838726947
"CIBERSORTx","T cells CD4+ (general)","Surgery","C1 - C3","C1","C3",14,0.123578106631605,0.0632068542197624,11,0.171123419875154,0.0503402016705592,-2.48730296238235,0.0128715732832216,0.0193073599248324
"CIBERSORTx","T cells CD8+ (total)","Surgery","C1 - C2","C1","C2",14,0.0629266567905274,0.0353198101747467,11,0.105712894057535,0.0396909190400078,-2.60509037204007,0.00918500297831877,0.0275550089349563
"CIBERSORTx","T cells CD8+ (total)","Surgery","C3 - C2","C3","C2",11,0.101847880736018,0.0460838644291542,11,0.105712894057535,0.0396909190400078,-0.34401397986945,0.730835772628591,0.730835772628591
"CIBERSORTx","T cells CD8+ (total)","Surgery","C1 - C3","C1","C3",14,0.0629266567905274,0.0353198101747467,11,0.101847880736018,0.0460838644291542,-2.24102019673441,0.0250247667894365,0.0375371501841547
"CIBERSORTx","T cells follicular helper","Surgery","C1 - C2","C1","C2",14,0.0619985443380012,0.026432858557915,11,0.0770565939174742,0.0256080558234649,-1.26506737385621,0.205847177236332,0.308770765854498
"CIBERSORTx","T cells follicular helper","Surgery","C3 - C2","C3","C2",11,0.0481209837479483,0.0185292919066437,11,0.0770565939174742,0.0256080558234649,-2.2866811603087,0.0222144401325828,0.0666433203977485
"CIBERSORTx","T cells follicular helper","Surgery","C1 - C3","C1","C3",14,0.0619985443380012,0.026432858557915,11,0.0481209837479483,0.0185292919066437,1.15492849729316,0.248119708459689,0.248119708459689
"CIBERSORTx","T cells gamma delta","Surgery","C1 - C2","C1","C2",14,0.000892140551174593,0.00333808428334299,11,0.0069074557741824,0.0123504351969726,-2.11120746723219,0.0347544832860039,0.104263449858012
"CIBERSORTx","T cells gamma delta","Surgery","C3 - C2","C3","C2",11,0.00738526439818772,0.0167672060680639,11,0.0069074557741824,0.0123504351969726,-1.23725725054242,0.215991593201974,0.323987389802961
"CIBERSORTx","T cells gamma delta","Surgery","C1 - C3","C1","C3",14,0.000892140551174593,0.00333808428334299,11,0.00738526439818772,0.0167672060680639,-0.801817470133481,0.422658551411636,0.422658551411636
"CIBERSORTx","T cells regulatory (Tregs)","Surgery","C1 - C2","C1","C2",14,0.00315711973373154,0.0058654816497363,11,0.0157962930166333,0.0161680592413847,-1.95385915822846,0.0507178757673033,0.15215362730191
"CIBERSORTx","T cells regulatory (Tregs)","Surgery","C3 - C2","C3","C2",11,0.0084782740482972,0.0111215299404545,11,0.0157962930166333,0.0161680592413847,-0.601095980176569,0.547776060631586,0.547776060631586
"CIBERSORTx","T cells regulatory (Tregs)","Surgery","C1 - C3","C1","C3",14,0.00315711973373154,0.0058654816497363,11,0.0084782740482972,0.0111215299404545,-1.31771896717733,0.187597742761012,0.281396614141517
"consensus_tme","B cell","Surgery","C1 - C2","C1","C2",14,-0.104872653960345,0.0618341129302718,11,-0.0910393006189557,0.0530037095226772,-0.666952085854063,0.50480273926395,0.50480273926395
"consensus_tme","B cell","Surgery","C3 - C2","C3","C2",11,-0.0126950486483687,0.119123379180373,11,-0.0910393006189557,0.0530037095226772,1.49747261825525,0.134270325193516,0.201405487790274
"consensus_tme","B cell","Surgery","C1 - C3","C1","C3",14,-0.104872653960345,0.0618341129302718,11,-0.0126950486483687,0.119123379180373,-2.25172814306693,0.0243394570468591,0.0730183711405774
"consensus_tme","Cancer associated fibroblast","Surgery","C1 - C2","C1","C2",14,0.335001610965264,0.0963553276104871,11,0.18651151966032,0.161161180352876,2.36339672624891,0.0181082729214452,0.0271624093821678
"consensus_tme","Cancer associated fibroblast","Surgery","C3 - C2","C3","C2",11,0.383494942024725,0.078800662497313,11,0.18651151966032,0.161161180352876,3.2175425176025,0.00129293862201445,0.00387881586604335
"consensus_tme","Cancer associated fibroblast","Surgery","C1 - C3","C1","C3",14,0.335001610965264,0.0963553276104871,11,0.383494942024725,0.078800662497313,-1.04173020749224,0.297536779817652,0.297536779817652
"consensus_tme","Endothelial cell","Surgery","C1 - C2","C1","C2",14,0.253054041531087,0.178923946607064,11,0.0772902994574319,0.130005549099908,2.64180333089442,0.00824659261189288,0.0123698889178393
"consensus_tme","Endothelial cell","Surgery","C3 - C2","C3","C2",11,0.267227898044592,0.107166905261804,11,0.0772902994574319,0.130005549099908,3.01518135297341,0.0025682564241045,0.00770476927231351
"consensus_tme","Endothelial cell","Surgery","C1 - C3","C1","C3",14,0.253054041531087,0.178923946607064,11,0.267227898044592,0.107166905261804,-0.54916467619635,0.582892443473007,0.582892443473007
"consensus_tme","Eosinophil","Surgery","C1 - C2","C1","C2",14,0.0236970230241225,0.109919349953298,11,0.0626598955432293,0.0609940524690024,-0.988190475829644,0.323059371729614,0.323059371729614
"consensus_tme","Eosinophil","Surgery","C3 - C2","C3","C2",11,0.170873207017073,0.180083351165388,11,0.0626598955432293,0.0609940524690024,1.61888931703271,0.10547107983124,0.15820661974686
"consensus_tme","Eosinophil","Surgery","C1 - C3","C1","C3",14,0.0236970230241225,0.109919349953298,11,0.170873207017073,0.180083351165388,-2.70146188903274,0.00690353916834834,0.020710617505045
"consensus_tme","Macrophage","Surgery","C1 - C2","C1","C2",14,0.109648688873393,0.0994263640002921,11,0.151505436396141,0.0703578874624791,-0.920883384596665,0.357111314237847,0.357111314237847
"consensus_tme","Macrophage","Surgery","C3 - C2","C3","C2",11,0.254216033725646,0.176971696848624,11,0.151505436396141,0.0703578874624791,1.53794485118107,0.124062099600011,0.186093149400017
"consensus_tme","Macrophage","Surgery","C1 - C3","C1","C3",14,0.109648688873393,0.0994263640002921,11,0.254216033725646,0.176971696848624,-2.54849122713961,0.0108190007973552,0.0324570023920655
"consensus_tme","Macrophage M1","Surgery","C1 - C2","C1","C2",14,0.0358442203643515,0.107654540827765,11,0.106267622360724,0.0763294253227578,-1.44710246150904,0.147868228731816,0.221802343097724
"consensus_tme","Macrophage M1","Surgery","C3 - C2","C3","C2",11,0.175445848426295,0.191527213828254,11,0.106267622360724,0.0763294253227578,0.647555726813082,0.517272340292843,0.517272340292843
"consensus_tme","Macrophage M1","Surgery","C1 - C3","C1","C3",14,0.0358442203643515,0.107654540827765,11,0.175445848426295,0.191527213828254,-2.13241102679028,0.0329730716927648,0.0989192150782944
"consensus_tme","Macrophage M2","Surgery","C1 - C2","C1","C2",14,0.167610161758484,0.0962153976905999,11,0.18699800998949,0.0652516377549755,-0.426788146681843,0.669533640771327,0.669533640771327
"consensus_tme","Macrophage M2","Surgery","C3 - C2","C3","C2",11,0.315194638198915,0.181384073321473,11,0.18699800998949,0.0652516377549755,2.00337552982797,0.0451369959530603,0.0677054939295904
"consensus_tme","Macrophage M2","Surgery","C1 - C3","C1","C3",14,0.167610161758484,0.0962153976905999,11,0.315194638198915,0.181384073321473,-2.54696152052067,0.0108665414689337,0.0325996244068011
"consensus_tme","Mast cell","Surgery","C1 - C2","C1","C2",14,-0.0612986335313113,0.0993508235990154,11,-0.0316723245430477,0.0789293145778827,-0.590466754907496,0.554877767789961,0.554877767789961
"consensus_tme","Mast cell","Surgery","C3 - C2","C3","C2",11,0.0652830076977793,0.160326384547604,11,-0.0316723245430477,0.0789293145778827,1.53794485118107,0.124062099600011,0.186093149400017
"consensus_tme","Mast cell","Surgery","C1 - C3","C1","C3",14,-0.0612986335313113,0.0993508235990154,11,0.0652830076977793,0.160326384547604,-2.21807459745044,0.0265497465258974,0.0796492395776921
"consensus_tme","Monocyte","Surgery","C1 - C2","C1","C2",14,0.0766905943026412,0.0956542127439596,11,0.0663989557516375,0.0610479074502993,0.128495355990232,0.897756973143168,0.897756973143168
"consensus_tme","Monocyte","Surgery","C3 - C2","C3","C2",11,0.194780793624399,0.157125257615617,11,0.0663989557516375,0.0610479074502993,2.0640838792167,0.0390097641622286,0.117029292486686
"consensus_tme","Monocyte","Surgery","C1 - C3","C1","C3",14,0.0766905943026412,0.0956542127439596,11,0.194780793624399,0.157125257615617,-2.05592569584372,0.0397896788798994,0.0596845183198491
"consensus_tme","Myeloid dendritic cell","Surgery","C1 - C2","C1","C2",14,0.0425920961966806,0.090666120122352,11,0.0933407487228423,0.0673358165035492,-1.31707739889988,0.187812681980066,0.281719022970099
"consensus_tme","Myeloid dendritic cell","Surgery","C3 - C2","C3","C2",11,0.177665415359885,0.16643143049977,11,0.0933407487228423,0.0673358165035492,1.1534586383858,0.248722185149202,0.248722185149202
"consensus_tme","Myeloid dendritic cell","Surgery","C1 - C3","C1","C3",14,0.0425920961966806,0.090666120122352,11,0.177665415359885,0.16643143049977,-2.53778328080709,0.0111557042615344,0.0334671127846031
"consensus_tme","NK cell","Surgery","C1 - C2","C1","C2",14,-0.201911282132672,0.0917587873967291,11,-0.110837049871232,0.0940871205912265,-2.3771640858193,0.0174463253612475,0.0261694880418713
"consensus_tme","NK cell","Surgery","C3 - C2","C3","C2",11,-0.0447626313565625,0.197730901142426,11,-0.110837049871232,0.0940871205912265,0.242833397554906,0.808134462275469,0.808134462275469
"consensus_tme","NK cell","Surgery","C1 - C3","C1","C3",14,-0.201911282132672,0.0917587873967291,11,-0.0447626313565625,0.197730901142426,-2.63415479779976,0.00843470235948924,0.0253041070784677
"consensus_tme","Neutrophil","Surgery","C1 - C2","C1","C2",14,-0.0340664084664666,0.0826267270547309,11,0.018495860170712,0.0617131270955428,-1.3568497709921,0.174828949432508,0.262243424148762
"consensus_tme","Neutrophil","Surgery","C3 - C2","C3","C2",11,0.0687208603412411,0.145362869884039,11,0.018495860170712,0.0617131270955428,0.870153007905079,0.384216792657012,0.384216792657012
"consensus_tme","Neutrophil","Surgery","C1 - C3","C1","C3",14,-0.0340664084664666,0.0826267270547309,11,0.0687208603412411,0.145362869884039,-2.27773315558876,0.0227424810529481,0.0682274431588444
"consensus_tme","T cell CD4+","Surgery","C1 - C2","C1","C2",14,-0.0379502497783364,0.08575159330433,11,0.0089644442324372,0.0721568937792198,-1.25741884076156,0.208602010381807,0.312903015572711
"consensus_tme","T cell CD4+","Surgery","C3 - C2","C3","C2",11,0.120670744449204,0.186242314093405,11,0.0089644442324372,0.0721568937792198,1.21416698777453,0.224683963910094,0.224683963910094
"consensus_tme","T cell CD4+","Surgery","C1 - C3","C1","C3",14,-0.0379502497783364,0.08575159330433,11,0.120670744449204,0.186242314093405,-2.54237240066388,0.0110102794425132,0.0330308383275397
"consensus_tme","T cell CD8+","Surgery","C1 - C2","C1","C2",14,-0.0490471677517532,0.0873571938621202,11,-0.00319419277129106,0.0829343908640907,-1.18093350981499,0.237629138032563,0.237629138032563
"consensus_tme","T cell CD8+","Surgery","C3 - C2","C3","C2",11,0.111605762061494,0.194096295443861,11,-0.00319419277129106,0.0829343908640907,1.25463922070035,0.209609758867163,0.314414638300745
"consensus_tme","T cell CD8+","Surgery","C1 - C3","C1","C3",14,-0.0490471677517532,0.0873571938621202,11,0.111605762061494,0.194096295443861,-2.50871885504739,0.012116988151581,0.0363509644547431
"consensus_tme","T cell gamma delta","Surgery","C1 - C2","C1","C2",14,-0.150159241807873,0.0914635528121764,11,-0.0576283273638028,0.0885371978783277,-2.250198436448,0.0244363515142911,0.0366545272714367
"consensus_tme","T cell gamma delta","Surgery","C3 - C2","C3","C2",11,0.0166609775950255,0.209896378832958,11,-0.0576283273638028,0.0885371978783277,0.222597281091997,0.823848952737521,0.823848952737521
"consensus_tme","T cell gamma delta","Surgery","C1 - C3","C1","C3",14,-0.150159241807873,0.0914635528121764,11,0.0166609775950255,0.209896378832958,-2.48577325576342,0.0129270300928232,0.0387810902784697
"consensus_tme","T cell regulatory (Tregs)","Surgery","C1 - C2","C1","C2",14,-0.0728629679844891,0.0826504883663681,11,-0.0234161105558643,0.0862391867293173,-1.30025062609164,0.193515084283218,0.290272626424826
"consensus_tme","T cell regulatory (Tregs)","Surgery","C3 - C2","C3","C2",11,0.105535131739782,0.205913101655237,11,-0.0234161105558643,0.0862391867293173,1.13322252192289,0.257120818528548,0.257120818528548
"consensus_tme","T cell regulatory (Tregs)","Surgery","C1 - C3","C1","C3",14,-0.0728629679844891,0.0826504883663681,11,0.105535131739782,0.205913101655237,-2.4995406153338,0.0124354443671493,0.037306333101448
"consensus_tme","cytotoxicity score","Surgery","C1 - C2","C1","C2",14,-0.173373620947532,0.112308311022696,11,-0.0276056456096623,0.118157400278954,-2.76570956702786,0.00567990962959492,0.0170397288887848
"consensus_tme","cytotoxicity score","Surgery","C3 - C2","C3","C2",11,-0.00259218718166596,0.20784262687076,11,-0.0276056456096623,0.118157400278954,-0.283305630480723,0.77694256152525,0.77694256152525
"consensus_tme","cytotoxicity score","Surgery","C1 - C3","C1","C3",14,-0.173373620947532,0.112308311022696,11,-0.00259218718166596,0.20784262687076,-2.46588706971731,0.0136674417116022,0.0205011625674033
"consensus_tme","immune score","Surgery","C1 - C2","C1","C2",14,-0.00860925444455584,0.0779291396955042,11,0.0311674869728498,0.0634429079536001,-1.0447896207301,0.29612021301027,0.29612021301027
"consensus_tme","immune score","Surgery","C3 - C2","C3","C2",11,0.122958497898459,0.158499822878506,11,0.0311674869728498,0.0634429079536001,1.35581980301489,0.175156508909558,0.262734763364337
"consensus_tme","immune score","Surgery","C1 - C3","C1","C3",14,-0.00860925444455584,0.0779291396955042,11,0.122958497898459,0.158499822878506,-2.4796544292877,0.0131509768418023,0.0394529305254068
"epic","B cell","Surgery","C1 - C2","C1","C2",14,0.00257101060987408,0.00394662005472985,11,0.00282453366572313,0.00344477445615305,-0.532337903388105,0.594491984821123,1
"epic","B cell","Surgery","C3 - C2","C3","C2",11,0.00610138791130255,0.0110065301123743,11,0.00282453366572313,0.00344477445615305,-0.121416698777453,0.903360991018778,0.903360991018778
"epic","B cell","Surgery","C1 - C3","C1","C3",14,0.00257101060987408,0.00394662005472985,11,0.00610138791130255,0.0110065301123743,-0.403842547397873,0.686328506711988,1
"epic","Cancer associated fibroblast","Surgery","C1 - C2","C1","C2",14,0.471990423194827,0.355457168189731,11,0.157809102788883,0.310488951453002,2.5041297351906,0.0122753013661166,0.018412952049175
"epic","Cancer associated fibroblast","Surgery","C3 - C2","C3","C2",11,0.703762862161269,0.298617595838221,11,0.157809102788883,0.310488951453002,3.37943144930577,0.000726359190788147,0.00217907757236444
"epic","Cancer associated fibroblast","Surgery","C1 - C3","C1","C3",14,0.471990423194827,0.355457168189731,11,0.703762862161269,0.298617595838221,-1.07232433987087,0.28357437802424,0.28357437802424
"epic","Endothelial cell","Surgery","C1 - C2","C1","C2",14,0.0838232189528211,0.140481520987281,11,0.0113172889795045,0.00904739504392994,1.93354916632921,0.053168582470842,0.159505747412526
"epic","Endothelial cell","Surgery","C3 - C2","C3","C2",11,0.0278631171674383,0.0380359200982191,11,0.0113172889795045,0.00904739504392994,0.6880279597389,0.491435174437501,0.491435174437501
"epic","Endothelial cell","Surgery","C1 - C3","C1","C3",14,0.0838232189528211,0.140481520987281,11,0.0278631171674383,0.0380359200982191,1.20540881571789,0.228045519900726,0.342068279851089
"epic","Macrophage","Surgery","C1 - C2","C1","C2",14,0.0106604386567955,0.00877341079138598,11,0.00867161983539744,0.00453947940742427,0.416080200349324,0.677351317765131,0.677351317765131
"epic","Macrophage","Surgery","C3 - C2","C3","C2",11,0.05264914351476,0.131059772797582,11,0.00867161983539744,0.00453947940742427,1.25463922070035,0.209609758867163,0.62882927660149
"epic","Macrophage","Surgery","C1 - C3","C1","C3",14,0.0106604386567955,0.00877341079138598,11,0.05264914351476,0.131059772797582,-0.911705144883076,0.361923954903649,0.542885932355473
"epic","NK cell","Surgery","C1 - C2","C1","C2",14,0.0000811921479995849,0.000182809702384274,11,0.00173048446920069,0.00474264765922067,0.454322865822607,0.649596460689186,0.649596460689186
"epic","NK cell","Surgery","C3 - C2","C3","C2",11,0.00173095549887511,0.00526681537744603,11,0.00173048446920069,0.00474264765922067,1.27487533716326,0.202353369722157,0.60706010916647
"epic","NK cell","Surgery","C1 - C3","C1","C3",14,0.0000811921479995849,0.000182809702384274,11,0.00173095549887511,0.00526681537744603,-0.894878372074832,0.370852109423496,0.556278164135244
"epic","T cell CD4+","Surgery","C1 - C2","C1","C2",14,0.0325673275907429,0.0285593546213425,11,0.0200667909320894,0.00939161018091044,0.998898422162162,0.317843900663045,0.953531701989135
"epic","T cell CD4+","Surgery","C3 - C2","C3","C2",11,0.0280606774731175,0.0361405578728392,11,0.0200667909320894,0.00939161018091044,0.222597281091997,0.823848952737521,0.823848952737521
"epic","T cell CD4+","Surgery","C1 - C3","C1","C3",14,0.0325673275907429,0.0285593546213425,11,0.0280606774731175,0.0361405578728392,0.763323602846736,0.445270429155448,0.667905643733173
"epic","T cell CD8+","Surgery","C1 - C2","C1","C2",14,0.00692918393101576,0.013976300397679,11,0.0141030028743679,0.00833151399548738,-1.45016187474691,0.147013383941432,0.220520075912148
"epic","T cell CD8+","Surgery","C3 - C2","C3","C2",11,0.00351779440300763,0.0068538433875055,11,0.0141030028743679,0.00833151399548738,-2.0640838792167,0.0390097641622286,0.117029292486686
"epic","T cell CD8+","Surgery","C1 - C3","C1","C3",14,0.00692918393101576,0.013976300397679,11,0.00351779440300763,0.0068538433875055,0.734259177087042,0.462790793050255,0.462790793050255
"epic","uncharacterized cell","Surgery","C1 - C2","C1","C2",14,0.391377204915924,0.339148421674072,11,0.783477176454834,0.296693521878479,-2.77641751336038,0.00549615793216813,0.0082442368982522
"epic","uncharacterized cell","Surgery","C3 - C2","C3","C2",11,0.17631406187023,0.249658166288176,11,0.783477176454834,0.296693521878479,-3.58179261393486,0.000341244640195069,0.00102373392058521
"epic","uncharacterized cell","Surgery","C1 - C3","C1","C3",14,0.391377204915924,0.339148421674072,11,0.17631406187023,0.249658166288176,1.01419548835148,0.310489481005268,0.310489481005268
"estimate","ESTIMATEScore","Surgery","C1 - C2","C1","C2",14,1418.25085186239,945.593076663721,11,693.320817570712,1130.33853788799,1.54806309835851,0.121607105520254,0.121607105520254
"estimate","ESTIMATEScore","Surgery","C3 - C2","C3","C2",11,2889.004593996,1418.99345221096,11,693.320817570712,1130.33853788799,3.60202873039777,0.000315743458245865,0.000947230374737594
"estimate","ESTIMATEScore","Surgery","C1 - C3","C1","C3",14,1418.25085186239,945.593076663721,11,2889.004593996,1418.99345221096,-2.26396579601838,0.0235762185698948,0.0353643278548422
"estimate","ImmuneScore","Surgery","C1 - C2","C1","C2",14,651.614546601535,598.719340992115,11,765.237171521056,449.022499179602,-0.440555506252225,0.659534820125295,0.659534820125295
"estimate","ImmuneScore","Surgery","C3 - C2","C3","C2",11,1572.09806316157,1088.4489074799,11,765.237171521056,449.022499179602,1.82125048166179,0.0685687899415121,0.102853184912268
"estimate","ImmuneScore","Surgery","C1 - C3","C1","C3",14,651.614546601535,598.719340992115,11,1572.09806316157,1088.4489074799,-2.36798584610571,0.0178852201063604,0.0536556603190812
"estimate","StromalScore","Surgery","C1 - C2","C1","C2",14,766.636305260853,561.096590961757,11,-71.9163539503442,811.644858617859,2.1721833988825,0.0298418323526453,0.044762748528968
"estimate","StromalScore","Surgery","C3 - C2","C3","C2",11,1316.90653083443,467.856800094983,11,-71.9163539503442,811.644858617859,3.84486212795268,0.000120620237189071,0.000361860711567214
"estimate","StromalScore","Surgery","C1 - C3","C1","C3",14,766.636305260853,561.096590961757,11,1316.90653083443,467.856800094983,-1.89683620747486,0.0578495589842844,0.0578495589842844
"estimate","TumorPurity","Surgery","C1 - C2","C1","C2",14,0.681009811858129,0.0990892686927813,11,0.751334219075286,0.114818044853206,-1.54806309835851,0.121607105520254,0.121607105520254
"estimate","TumorPurity","Surgery","C3 - C2","C3","C2",11,0.505491589562862,0.175914353766913,11,0.751334219075286,0.114818044853206,-3.60202873039777,0.000315743458245866,0.000947230374737597
"estimate","TumorPurity","Surgery","C1 - C3","C1","C3",14,0.681009811858129,0.0990892686927813,11,0.505491589562862,0.175914353766913,2.26396579601838,0.0235762185698948,0.0353643278548423
"mcp_counter","B cell","Surgery","C1 - C2","C1","C2",14,1.58647321428571,1.24509013148664,11,2.20443181818182,2.76194966880488,0.223337166363975,0.823273103105807,0.823273103105807
"mcp_counter","B cell","Surgery","C3 - C2","C3","C2",11,3.69278409090909,3.79574487670524,11,2.20443181818182,2.76194966880488,1.61888931703271,0.10547107983124,0.31641323949372
"mcp_counter","B cell","Surgery","C1 - C3","C1","C3",14,1.58647321428571,1.24509013148664,11,3.69278409090909,3.79574487670524,-1.48993424683912,0.136241525710023,0.204362288565035
"mcp_counter","Cancer associated fibroblast","Surgery","C1 - C2","C1","C2",14,1794.72674107143,2074.9536464709,11,576.928522727273,994.978851590704,2.43682264395762,0.0148169445898544,0.0222254168847816
"mcp_counter","Cancer associated fibroblast","Surgery","C3 - C2","C3","C2",11,2011.87778409091,949.386331619271,11,576.928522727273,994.978851590704,3.46037591515741,0.000539421776329305,0.00161826532898792
"mcp_counter","Cancer associated fibroblast","Surgery","C1 - C3","C1","C3",14,1794.72674107143,2074.9536464709,11,2011.87778409091,949.386331619271,-1.225295001764,0.220464090939276,0.220464090939276
"mcp_counter","Endothelial cell","Surgery","C1 - C2","C1","C2",14,16.3990959821429,16.9882819104832,11,5.52873579545455,3.1949833108659,3.25062656522909,0.00115151001012784,0.00345453003038351
"mcp_counter","Endothelial cell","Surgery","C3 - C2","C3","C2",11,10.6118607954545,4.57078016434976,11,5.52873579545455,3.1949833108659,2.81282018834433,0.00491091040687095,0.00736636561030643
"mcp_counter","Endothelial cell","Surgery","C1 - C3","C1","C3",14,16.3990959821429,16.9882819104832,11,10.6118607954545,4.57078016434976,0.273817484788709,0.784224886050993,0.784224886050993
"mcp_counter","Macrophage/Monocyte","Surgery","C1 - C2","C1","C2",14,14.1383163265306,7.90643129712348,11,16.1833766233766,8.69271250079751,-0.507862597485204,0.611549706590435,0.611549706590435
"mcp_counter","Macrophage/Monocyte","Surgery","C3 - C2","C3","C2",11,29.8263636363636,31.6234229960192,11,16.1833766233766,8.69271250079751,1.17369475484871,0.240517311929365,0.360775967894047
"mcp_counter","Macrophage/Monocyte","Surgery","C1 - C3","C1","C3",14,14.1383163265306,7.90643129712348,11,29.8263636363636,31.6234229960192,-1.74998437205745,0.0801210104384742,0.240363031315422
"mcp_counter","Monocyte","Surgery","C1 - C2","C1","C2",14,14.1383163265306,7.90643129712348,11,16.1833766233766,8.69271250079751,-0.507862597485204,0.611549706590435,0.611549706590435
"mcp_counter","Monocyte","Surgery","C3 - C2","C3","C2",11,29.8263636363636,31.6234229960192,11,16.1833766233766,8.69271250079751,1.17369475484871,0.240517311929365,0.360775967894047
"mcp_counter","Monocyte","Surgery","C1 - C3","C1","C3",14,14.1383163265306,7.90643129712348,11,29.8263636363636,31.6234229960192,-1.74998437205745,0.0801210104384742,0.240363031315422
"mcp_counter","Myeloid dendritic cell","Surgery","C1 - C2","C1","C2",14,3.82267857142857,2.00723962608206,11,4.21265151515152,3.78410041449348,0.0122376529514508,0.990236009359632,0.990236009359632
"mcp_counter","Myeloid dendritic cell","Surgery","C3 - C2","C3","C2",11,7.08651515151515,4.39712716848837,11,4.21265151515152,3.78410041449348,1.74030601581016,0.0818052982903577,0.122707947435537
"mcp_counter","Myeloid dendritic cell","Surgery","C1 - C3","C1","C3",14,3.82267857142857,2.00723962608206,11,7.08651515151515,4.39712716848837,-1.82952911624188,0.0673203816204135,0.20196114486124
"mcp_counter","NK cell","Surgery","C1 - C2","C1","C2",14,0.314241071428571,0.188681880628771,11,0.273068181818182,0.397708421631179,1.75927582492633,0.0785306707011092,0.117796006051664
"mcp_counter","NK cell","Surgery","C3 - C2","C3","C2",11,0.389715909090909,0.299025678720225,11,0.273068181818182,0.397708421631179,2.02374187840134,0.0429967172274756,0.128990151682427
"mcp_counter","NK cell","Surgery","C1 - C3","C1","C3",14,0.314241071428571,0.188681880628771,11,0.389715909090909,0.299025678720225,-0.382451266288334,0.702126670183833,0.702126670183833
"mcp_counter","Neutrophil","Surgery","C1 - C2","C1","C2",14,11.7298214285714,3.89832956605932,11,5.38762987012987,3.9329428026085,3.52597375663673,0.000421928776846691,0.00126578633054007
"mcp_counter","Neutrophil","Surgery","C3 - C2","C3","C2",11,9.26948051948052,4.18346310856269,11,5.38762987012987,3.9329428026085,2.08431999567961,0.0371310696933493,0.055696604540024
"mcp_counter","Neutrophil","Surgery","C1 - C3","C1","C3",14,11.7298214285714,3.89832956605932,11,9.26948051948052,4.18346310856269,1.32013681213774,0.186789344084283,0.186789344084283
"mcp_counter","T cell","Surgery","C1 - C2","C1","C2",14,2.63823979591837,1.08202857685733,11,2.58464285714286,1.15497860877797,0.149911248655271,0.880834636867682,0.880834636867682
"mcp_counter","T cell","Surgery","C3 - C2","C3","C2",11,6.53613636363636,5.63370172696629,11,2.58464285714286,1.15497860877797,2.10455611214252,0.0353299653492568,0.10598989604777
"mcp_counter","T cell","Surgery","C1 - C3","C1","C3",14,2.63823979591837,1.08202857685733,11,6.53613636363636,5.63370172696629,-2.07734158850875,0.0377700431930117,0.0566550647895175
"mcp_counter","T cell CD8+","Surgery","C1 - C2","C1","C2",14,2.94464285714286,3.83632008384523,11,3.35,2.12884945451763,-1.21917617528827,0.222777332529476,0.222777332529476
"mcp_counter","T cell CD8+","Surgery","C3 - C2","C3","C2",11,8.82681818181818,9.45302048890387,11,3.35,2.12884945451763,1.23440310423744,0.217052732874727,0.325579099312091
"mcp_counter","T cell CD8+","Surgery","C1 - C3","C1","C3",14,2.94464285714286,3.83632008384523,11,8.82681818181818,9.45302048890387,-2.52554562785564,0.0115518779537344,0.0346556338612032
"mcp_counter","cytotoxicity score","Surgery","C1 - C2","C1","C2",14,2.19102040816327,1.5885383404898,11,5.39766233766234,8.18755846273509,-1.22682470838293,0.219888481970804,0.219888481970804
"mcp_counter","cytotoxicity score","Surgery","C3 - C2","C3","C2",11,7.17376623376623,8.08363446933162,11,5.39766233766234,8.18755846273509,1.3760559194778,0.168804321353598,0.253206482030397
"mcp_counter","cytotoxicity score","Surgery","C1 - C3","C1","C3",14,2.19102040816327,1.5885383404898,11,7.17376623376623,8.08363446933162,-2.68310540960556,0.00729419956858111,0.0218825987057433
"quantiseq","B cell","Surgery","C1 - C2","C1","C2",14,0.0188706397127892,0.00595041050974709,11,0.0124170213900072,0.014250585575046,2.50871885504739,0.012116988151581,0.0363509644547431
"quantiseq","B cell","Surgery","C3 - C2","C3","C2",11,0.0186266804182305,0.0100911155913224,11,0.0124170213900072,0.014250585575046,1.98313941336506,0.0473518591763558,0.0710277887645337
"quantiseq","B cell","Surgery","C1 - C3","C1","C3",14,0.0188706397127892,0.00595041050974709,11,0.0186266804182305,0.0100911155913224,0.409961373873598,0.681834282478714,0.681834282478714
"quantiseq","Macrophage M1","Surgery","C1 - C2","C1","C2",14,0.0392272937573298,0.024273593367972,11,0.0360686791066827,0.0315050645566476,0.887229838980175,0.374955170555956,0.562432755833934
"quantiseq","Macrophage M1","Surgery","C3 - C2","C3","C2",11,0.0465258086944216,0.034259083807376,11,0.0360686791066827,0.0315050645566476,1.41652815240362,0.156620927582404,0.469862782747212
"quantiseq","Macrophage M1","Surgery","C1 - C3","C1","C3",14,0.0392272937573298,0.024273593367972,11,0.0465258086944216,0.034259083807376,-0.611882647572534,0.540615403106995,0.540615403106995
"quantiseq","Macrophage M2","Surgery","C1 - C2","C1","C2",14,0.056206008898524,0.0167140310645565,11,0.0308504527258498,0.0275877913244316,2.05592569584372,0.0397896788798994,0.0596845183198491
"quantiseq","Macrophage M2","Surgery","C3 - C2","C3","C2",11,0.0957474650762666,0.0603996899971351,11,0.0308504527258498,0.0275877913244316,3.52108426454613,0.000429786016725255,0.00128935805017576
"quantiseq","Macrophage M2","Surgery","C1 - C3","C1","C3",14,0.056206008898524,0.0167140310645565,11,0.0957474650762666,0.0603996899971351,-1.67043962787302,0.0948324147420224,0.0948324147420224
"quantiseq","Monocyte","Surgery","C1 - C2","C1","C2",14,0.0126372694453628,0.0354908056829939,11,0.00545827380130234,0.0107972455027743,-0.305735387416941,0.75980612735026,0.75980612735026
"quantiseq","Monocyte","Surgery","C3 - C2","C3","C2",11,0.00214533172224255,0.0071152603735255,11,0.00545827380130234,0.0107972455027743,-1.33042730608094,0.183377522739237,0.550132568217712
"quantiseq","Monocyte","Surgery","C1 - C3","C1","C3",14,0.0126372694453628,0.0354908056829939,11,0.00214533172224255,0.0071152603735255,1.10225652831897,0.270350162717429,0.405525244076143
"quantiseq","Myeloid dendritic cell","Surgery","C1 - C2","C1","C2",14,0.0124473707425358,0.0174262454911423,11,0.00753150641511106,0.00903473589482909,0.763120528603753,0.445391518217759,0.668087277326638
"quantiseq","Myeloid dendritic cell","Surgery","C3 - C2","C3","C2",11,0.0114004868176176,0.0132743422847165,11,0.00753150641511106,0.00903473589482909,0.917739608660764,0.358755205865404,1
"quantiseq","Myeloid dendritic cell","Surgery","C1 - C3","C1","C3",14,0.0124473707425358,0.0174262454911423,11,0.0114004868176176,0.0132743422847165,-0.208123780528296,0.835132319515503,0.835132319515503
"quantiseq","NK cell","Surgery","C1 - C2","C1","C2",14,0.0174575682847701,0.00833446073668794,11,0.00898047600921961,0.00596305813609844,2.7580610339332,0.00581453403955682,0.0174436021186705
"quantiseq","NK cell","Surgery","C3 - C2","C3","C2",11,0.0140373799311605,0.00608395338396672,11,0.00898047600921961,0.00596305813609844,1.88195883105052,0.0598416055836047,0.089762408375407
"quantiseq","NK cell","Surgery","C1 - C3","C1","C3",14,0.0174575682847701,0.00833446073668794,11,0.0140373799311605,0.00608395338396672,0.7663830160846,0.443448435460628,0.443448435460628
"quantiseq","Neutrophil","Surgery","C1 - C2","C1","C2",14,0.0449629965935662,0.0268691981411729,11,0.042370777463351,0.0189316195604878,0.200391567080005,0.841174354228938,0.841174354228938
"quantiseq","Neutrophil","Surgery","C3 - C2","C3","C2",11,0.0352218434453252,0.0103815401828325,11,0.042370777463351,0.0189316195604878,-0.870153007905079,0.384216792657012,0.576325188985518
"quantiseq","Neutrophil","Surgery","C1 - C3","C1","C3",14,0.0449629965935662,0.0268691981411729,11,0.0352218434453252,0.0103815401828325,1.12127495167667,0.262170844221658,0.786512532664974
"quantiseq","T cell CD4+ (non-regulatory)","Surgery","C1 - C2","C1","C2",14,0.0215622881005404,0.0201978821565932,11,0.0194671133643851,0.0315919879255915,0.90494749546699,0.365493203414935,0.548239805122402
"quantiseq","T cell CD4+ (non-regulatory)","Surgery","C3 - C2","C3","C2",11,0.0214134112659544,0.0178073436072197,11,0.0194671133643851,0.0315919879255915,0.959374887095076,0.337369921582931,1
"quantiseq","T cell CD4+ (non-regulatory)","Surgery","C1 - C3","C1","C3",14,0.0215622881005404,0.0201978821565932,11,0.0214134112659544,0.0178073436072197,-0.110359450666706,0.912124310322472,0.912124310322472
"quantiseq","T cell CD8+","Surgery","C1 - C2","C1","C2",14,0.00923443827689736,0.0105685669922532,11,0.0115134151551564,0.0101303670512082,-0.68854523305494,0.491109495899657,0.491109495899657
"quantiseq","T cell CD8+","Surgery","C3 - C2","C3","C2",11,0.037142644426789,0.0398690932106422,11,0.0115134151551564,0.0101303670512082,1.4573755624659,0.145012738975997,0.217519108463995
"quantiseq","T cell CD8+","Surgery","C1 - C3","C1","C3",14,0.00923443827689736,0.0105685669922532,11,0.037142644426789,0.0398690932106422,-2.23088655509801,0.0256886445476109,0.0770659336428328
"quantiseq","T cell regulatory (Tregs)","Surgery","C1 - C2","C1","C2",14,0.0127107216388786,0.00547016713015181,11,0.0104904629817871,0.00558262969218763,0.853576293363686,0.39333979849022,0.39333979849022
"quantiseq","T cell regulatory (Tregs)","Surgery","C3 - C2","C3","C2",11,0.0228473109858931,0.0187494321230209,11,0.0104904629817871,0.00558262969218763,2.18550057799415,0.0288521636178266,0.0865564908534797
"quantiseq","T cell regulatory (Tregs)","Surgery","C1 - C3","C1","C3",14,0.0127107216388786,0.00547016713015181,11,0.0228473109858931,0.0187494321230209,-1.45934011446049,0.144471519684313,0.216707279526469
"quantiseq","uncharacterized cell","Surgery","C1 - C2","C1","C2",14,0.754683404548806,0.069427379177266,11,0.814851821587148,0.0821981804842477,-1.94425711266173,0.0518644536448223,0.0777966804672334
"quantiseq","uncharacterized cell","Surgery","C3 - C2","C3","C2",11,0.694891637216099,0.139249425997394,11,0.814851821587148,0.0821981804842477,-2.5295145578636,0.011422043550546,0.0342661306516379
"quantiseq","uncharacterized cell","Surgery","C1 - C3","C1","C3",14,0.754683404548806,0.069427379177266,11,0.694891637216099,0.139249425997394,0.73272947046811,0.463723445743735,0.463723445743735
"timer","B cell","Surgery","C1 - C2","C1","C2",14,0.0782365053973623,0.0197755362854752,11,0.0804683188373257,0.0124772936664985,-0.812274214652539,0.416634302909446,0.416634302909446
"timer","B cell","Surgery","C3 - C2","C3","C2",11,0.120301700511695,0.0629261095699953,11,0.0804683188373257,0.0124772936664985,1.27487533716326,0.202353369722157,0.303530054583235
"timer","B cell","Surgery","C1 - C3","C1","C3",14,0.0782365053973623,0.0197755362854752,11,0.120301700511695,0.0629261095699953,-2.16147545254998,0.0306586311654853,0.0919758934964559
"timer","Macrophage","Surgery","C1 - C2","C1","C2",14,0.0737991165269945,0.0437418124041188,11,0.0214248998154719,0.0301373332647332,2.80728901302024,0.00499603956554568,0.00749405934831852
"timer","Macrophage","Surgery","C3 - C2","C3","C2",11,0.127208911376366,0.0697333322865745,11,0.0214248998154719,0.0301373332647332,4.21182340796344,0.0000253317549143581,0.0000759952647430743
"timer","Macrophage","Surgery","C1 - C3","C1","C3",14,0.0737991165269945,0.0437418124041188,11,0.127208911376366,0.0697333322865745,-1.65008590841648,0.0989253664771207,0.0989253664771207
"timer","Myeloid dendritic cell","Surgery","C1 - C2","C1","C2",14,0.4790228346729,0.0645034669163919,11,0.490802050195442,0.0341826623761668,-0.680719445424444,0.49604902972147,0.744073544582205
"timer","Myeloid dendritic cell","Surgery","C3 - C2","C3","C2",11,0.531620180667351,0.134162547352072,11,0.490802050195442,0.0341826623761668,0.586847377424356,0.557306214320212,0.557306214320212
"timer","Myeloid dendritic cell","Surgery","C1 - C3","C1","C3",14,0.4790228346729,0.0645034669163919,11,0.531620180667351,0.134162547352072,-1.30178033271057,0.192991488846006,0.578974466538018
"timer","Neutrophil","Surgery","C1 - C2","C1","C2",14,0.12065237232604,0.0135459277035611,11,0.134350140562794,0.0238468047768124,-1.40733008941683,0.159329530966124,0.477988592898373
"timer","Neutrophil","Surgery","C3 - C2","C3","C2",11,0.121948065985417,0.010531918934451,11,0.134350140562794,0.0238468047768124,-1.25463922070035,0.209609758867163,0.314414638300745
"timer","Neutrophil","Surgery","C1 - C3","C1","C3",14,0.12065237232604,0.0135459277035611,11,0.121948065985417,0.010531918934451,-0.0795447441844293,0.936599343624376,0.936599343624376
"timer","T cell CD4+","Surgery","C1 - C2","C1","C2",14,0.123548034903199,0.0265785376432963,11,0.119739514208649,0.0309032971422718,0.42372873344398,0.671763657534824,1
"timer","T cell CD4+","Surgery","C3 - C2","C3","C2",11,0.116391496757202,0.0180257015318617,11,0.119739514208649,0.0309032971422718,-0.34401397986945,0.730835772628591,0.730835772628591
"timer","T cell CD4+","Surgery","C1 - C3","C1","C3",14,0.123548034903199,0.0265785376432963,11,0.116391496757202,0.0180257015318617,0.787798908749639,0.430814339477971,1
"timer","T cell CD8+","Surgery","C1 - C2","C1","C2",14,0.218345362429532,0.0236193932241877,11,0.188065062940052,0.0309514287289504,2.19818841140433,0.0279356821620592,0.0419035232430889
"timer","T cell CD8+","Surgery","C3 - C2","C3","C2",11,0.240038706441356,0.0360569212629941,11,0.188065062940052,0.0309514287289504,3.2175425176025,0.00129293862201445,0.00387881586604335
"timer","T cell CD8+","Surgery","C1 - C3","C1","C3",14,0.218345362429532,0.0236193932241877,11,0.240038706441356,0.0360569212629941,-1.20693852233682,0.22745582076025,0.22745582076025
"xcell","B cell","Surgery","C1 - C2","C1","C2",14,0.0033412674555738,0.0109258350721715,11,0.00522702284836151,0.0132844413542586,-1.13538139366951,0.256215552131313,0.38432332819697
"xcell","B cell","Surgery","C3 - C2","C3","C2",11,0.0342317309318349,0.0804486820377613,11,0.00522702284836151,0.0132844413542586,0.360133468156632,0.718747325643657,0.718747325643657
"xcell","B cell","Surgery","C1 - C3","C1","C3",14,0.0033412674555738,0.0109258350721715,11,0.0342317309318349,0.0804486820377613,-1.51651083188296,0.129390233471069,0.388170700413206
"xcell","B cell memory","Surgery","C1 - C2","C1","C2",14,0.00000000000000000278226492020693,0.00000000000000000369835707478315,11,0.00180227163689043,0.00348636833698628,-0.747948903822001,0.45449097820914,0.68173646731371
"xcell","B cell memory","Surgery","C3 - C2","C3","C2",11,0.00685445268406229,0.0227336476962791,11,0.00180227163689043,0.00348636833698628,-1.19741557531947,0.23114461582079,0.69343384746237
"xcell","B cell memory","Surgery","C1 - C3","C1","C3",14,0.00000000000000000278226492020693,0.00000000000000000369835707478315,11,0.00685445268406229,0.0227336476962791,0.519276627494256,0.603567849690765,0.603567849690765
"xcell","B cell naive","Surgery","C1 - C2","C1","C2",14,0.000123093494956007,0.000460573684665959,11,0.000423007991987212,0.00140295879274324,-0.361009295592485,0.718092498145517,0.718092498145517
"xcell","B cell naive","Surgery","C3 - C2","C3","C2",11,0.000605796980200956,0.00200920128245693,11,0.000423007991987212,0.00140295879274324,-0.963903576910416,0.335094270389166,1
"xcell","B cell naive","Surgery","C1 - C3","C1","C3",14,0.000123093494956007,0.000460573684665959,11,0.000605796980200956,0.00200920128245693,0.659090365347747,0.509837742192378,0.764756613288567
"xcell","B cell plasma","Surgery","C1 - C2","C1","C2",14,0.00198047201498203,0.0048419079557396,11,0.00592972451161465,0.00642947402409783,-1.96408085546241,0.0495207159919925,0.148562147975977
"xcell","B cell plasma","Surgery","C3 - C2","C3","C2",11,0.00591383927555968,0.0116424427637204,11,0.00592972451161465,0.00642947402409783,-1.20043735475417,0.229969528624852,0.344954292937278
"xcell","B cell plasma","Surgery","C1 - C3","C1","C3",14,0.00198047201498203,0.0048419079557396,11,0.00591383927555968,0.0116424427637204,-0.693657373385705,0.487897104189298,0.487897104189298
"xcell","Cancer associated fibroblast","Surgery","C1 - C2","C1","C2",14,0.139064662351724,0.106208979172128,11,0.0539180909782448,0.0686410901113569,2.01156420389471,0.0442658959827938,0.0663988439741907
"xcell","Cancer associated fibroblast","Surgery","C3 - C2","C3","C2",11,0.164678437234371,0.0929312596068826,11,0.0539180909782448,0.0686410901113569,2.44857009201197,0.0143424521227722,0.0430273563683165
"xcell","Cancer associated fibroblast","Surgery","C1 - C3","C1","C3",14,0.139064662351724,0.106208979172128,11,0.164678437234371,0.0929312596068826,-0.579758808574976,0.562077278994987,0.562077278994987
"xcell","Class-switched memory B cell","Surgery","C1 - C2","C1","C2",14,0.0117329820714961,0.0154528715739041,11,0.012822603807883,0.0210292922820906,0.149540790453665,0.881126925074017,0.881126925074017
"xcell","Class-switched memory B cell","Surgery","C3 - C2","C3","C2",11,0.0262471560543269,0.0353893915859227,11,0.012822603807883,0.0210292922820906,1.12168174391871,0.261997781444894,0.785993344334682
"xcell","Class-switched memory B cell","Surgery","C1 - C3","C1","C3",14,0.0117329820714961,0.0154528715739041,11,0.0262471560543269,0.0353893915859227,-1.03753558737439,0.29948631934679,0.449229479020186
"xcell","Common lymphoid progenitor","Surgery","C1 - C2","C1","C2",14,0.00596716618701751,0.00850656574130137,11,0.0109886843764195,0.00834001049332565,-1.35562491324629,0.175218540960492,0.262827811440739
"xcell","Common lymphoid progenitor","Surgery","C3 - C2","C3","C2",11,0.00180201870725281,0.0031243443098675,11,0.0109886843764195,0.00834001049332565,-2.45744175184324,0.013993050074173,0.0419791502225191
"xcell","Common lymphoid progenitor","Surgery","C1 - C3","C1","C3",14,0.00596716618701751,0.00850656574130137,11,0.00180201870725281,0.0031243443098675,1.24508698147536,0.213099778981767,0.213099778981767
"xcell","Common myeloid progenitor","Surgery","C1 - C2","C1","C2",14,0.0113887320481107,0.00979348376531979,11,0.00178625740026678,0.00401351536713888,2.6543999879799,0.00794495873745319,0.0238348762123596
"xcell","Common myeloid progenitor","Surgery","C3 - C2","C3","C2",11,0.0113501962065013,0.012333613853119,11,0.00178625740026678,0.00401351536713888,2.4112030800526,0.0158999923669168,0.0238499885503752
"xcell","Common myeloid progenitor","Surgery","C1 - C3","C1","C3",14,0.0113887320481107,0.00979348376531979,11,0.0113501962065013,0.012333613853119,0.102622503863043,0.918262581634891,0.918262581634891
"xcell","Endothelial cell","Surgery","C1 - C2","C1","C2",14,0.0786954394995049,0.12682847736644,11,0.00909681670008853,0.0186376077103786,2.92757587023711,0.00341615701231057,0.0102484710369317
"xcell","Endothelial cell","Surgery","C3 - C2","C3","C2",11,0.037694503978049,0.0390896329904383,11,0.00909681670008853,0.0186376077103786,2.58593560187854,0.00971150731606676,0.0145672609741001
"xcell","Endothelial cell","Surgery","C1 - C3","C1","C3",14,0.0786954394995049,0.12682847736644,11,0.037694503978049,0.0390896329904383,0.190878866637612,0.848620497723243,0.848620497723243
"xcell","Eosinophil","Surgery","C1 - C2","C1","C2",14,0.00554579744092362,0.00762909300089588,11,0.00197564640211917,0.00403818222176026,1.19801561794111,0.230910936905214,0.692732810715641
"xcell","Eosinophil","Surgery","C3 - C2","C3","C2",11,0.00423201765320514,0.00510912092844752,11,0.00197564640211917,0.00403818222176026,0.944326191870488,0.345002985504513,0.51750447825677
"xcell","Eosinophil","Surgery","C1 - C3","C1","C3",14,0.00554579744092362,0.00762909300089588,11,0.00423201765320514,0.00510912092844752,0.198634713855521,0.842548496928448,0.842548496928448
"xcell","Granulocyte-monocyte progenitor","Surgery","C1 - C2","C1","C2",14,0.00266364499594182,0.00637552196422371,11,0.000165209684851082,0.000547938536383892,0.693399356077427,0.488058966253758,1
"xcell","Granulocyte-monocyte progenitor","Surgery","C3 - C2","C3","C2",11,0.00324298774064599,0.00914326028458306,11,0.000165209684851082,0.000547938536383892,0.275396181531542,0.783011877407941,0.783011877407941
"xcell","Granulocyte-monocyte progenitor","Surgery","C1 - C3","C1","C3",14,0.00266364499594182,0.00637552196422371,11,0.00324298774064599,0.00914326028458306,0.401947432737724,0.687722713550276,1
"xcell","Hematopoietic stem cell","Surgery","C1 - C2","C1","C2",14,0.232112751794029,0.180510644682795,11,0.089198269393039,0.0943116944805637,2.40775821819792,0.0160508070180159,0.0240762105270238
"xcell","Hematopoietic stem cell","Surgery","C3 - C2","C3","C2",11,0.241725042703095,0.13144942144513,11,0.089198269393039,0.0943116944805637,2.83305630480724,0.0046105264210645,0.0138315792631935
"xcell","Hematopoietic stem cell","Surgery","C1 - C3","C1","C3",14,0.232112751794029,0.180510644682795,11,0.241725042703095,0.13144942144513,-0.590466754907496,0.554877767789961,0.554877767789961
"xcell","Macrophage","Surgery","C1 - C2","C1","C2",14,0.0149630032817958,0.0204457046870093,11,0.0170206012136473,0.0165389278600035,-0.637796052379492,0.52360644963637,0.52360644963637
"xcell","Macrophage","Surgery","C3 - C2","C3","C2",11,0.0643191236722402,0.0971934825185541,11,0.0170206012136473,0.0165389278600035,1.29803826290374,0.19427418706286,0.29141128059429
"xcell","Macrophage","Surgery","C1 - C3","C1","C3",14,0.0149630032817958,0.0204457046870093,11,0.0643191236722402,0.0971934825185541,-2.01151062673532,0.0442715490038787,0.132814647011636
"xcell","Macrophage M1","Surgery","C1 - C2","C1","C2",14,0.0136776046433633,0.0180659897787092,11,0.0233017653324076,0.0168481911302156,-1.57406811088035,0.115471703947954,0.346415111843862
"xcell","Macrophage M1","Surgery","C3 - C2","C3","C2",11,0.0407542909518205,0.066950401204849,11,0.0233017653324076,0.0168481911302156,-0.0607083493887266,0.951591482097475,0.951591482097475
"xcell","Macrophage M1","Surgery","C1 - C3","C1","C3",14,0.0136776046433633,0.0180659897787092,11,0.0407542909518205,0.066950401204849,-1.50982043288523,0.131089249794687,0.19663387469203
"xcell","Macrophage M2","Surgery","C1 - C2","C1","C2",14,0.00722611372549194,0.00742035142857565,11,0.00424142186731735,0.00749056508905316,1.0255635979954,0.305097333346749,0.305097333346749
"xcell","Macrophage M2","Surgery","C3 - C2","C3","C2",11,0.0373457139497032,0.0487196666926878,11,0.00424142186731735,0.00749056508905316,3.23986415997188,0.00119586655460944,0.00358759966382833
"xcell","Macrophage M2","Surgery","C1 - C3","C1","C3",14,0.00722611372549194,0.00742035142857565,11,0.0373457139497032,0.0487196666926878,-2.40318634157131,0.0162529031350579,0.0243793547025869
"xcell","Mast cell","Surgery","C1 - C2","C1","C2",14,0.0148869201553389,0.00930628524959707,11,0.00782583565574507,0.0127584025939033,1.95545894990914,0.050528924027121,0.0757933860406816
"xcell","Mast cell","Surgery","C3 - C2","C3","C2",11,0.0298112610448478,0.0203270734513417,11,0.00782583565574507,0.0127584025939033,3.14874298047267,0.00163974342484777,0.00491923027454331
"xcell","Mast cell","Surgery","C1 - C3","C1","C3",14,0.0148869201553389,0.00930628524959707,11,0.0298112610448478,0.0203270734513417,-1.37685739760726,0.16855634090927,0.16855634090927
"xcell","Monocyte","Surgery","C1 - C2","C1","C2",14,0.00262598789739033,0.00486666786932954,11,0.000524216971161502,0.00173863100207926,1.17035741426075,0.241857165735343,0.725571497206028
"xcell","Monocyte","Surgery","C3 - C2","C3","C2",11,0.00763423235498417,0.0165605870808227,11,0.000524216971161502,0.00173863100207926,0.483167688286803,0.628976675876175,0.628976675876175
"xcell","Monocyte","Surgery","C1 - C3","C1","C3",14,0.00262598789739033,0.00486666786932954,11,0.00763423235498417,0.0165605870808227,0.659020796361211,0.509882414347974,0.76482362152196
"xcell","Myeloid dendritic cell","Surgery","C1 - C2","C1","C2",14,0.00219057794278354,0.00379044777279865,11,0.00660279116355188,0.00757367038912298,-1.84899528646555,0.0644584933392565,0.0966877400088848
"xcell","Myeloid dendritic cell","Surgery","C3 - C2","C3","C2",11,0.0217999285678864,0.0304491158554425,11,0.00660279116355188,0.00757367038912298,1.09521978432503,0.27342036014791,0.27342036014791
"xcell","Myeloid dendritic cell","Surgery","C1 - C3","C1","C3",14,0.00219057794278354,0.00379044777279865,11,0.0217999285678864,0.0304491158554425,-3.00806695857828,0.00262915203056454,0.00788745609169363
"xcell","Myeloid dendritic cell activated","Surgery","C1 - C2","C1","C2",14,0.0268070836045504,0.0372789886495915,11,0.0456282275174633,0.0366982960969061,-1.16218353264716,0.245160922198273,0.36774138329741
"xcell","Myeloid dendritic cell activated","Surgery","C3 - C2","C3","C2",11,0.0665320823978473,0.0780914122578134,11,0.0456282275174633,0.0366982960969061,0.101547179828233,0.919116107003718,0.919116107003718
"xcell","Myeloid dendritic cell activated","Surgery","C1 - C3","C1","C3",14,0.0268070836045504,0.0372789886495915,11,0.0665320823978473,0.0780914122578134,-1.26965096631334,0.20420898618602,0.61262695855806
"xcell","NK cell","Surgery","C1 - C2","C1","C2",14,0.00000000000000000275271103363991,0.00000000000000000532093803400267,11,0.00127395707584941,0.00393690586634892,-1.50417385076128,0.132536608874428,0.397609826623283
"xcell","NK cell","Surgery","C3 - C2","C3","C2",11,0.00000000000000000354265349892563,0.00000000000000000608206907191869,11,0.00127395707584941,0.00393690586634892,-0.87055279887641,0.383998378427243,0.575997567640865
"xcell","NK cell","Surgery","C1 - C3","C1","C3",14,0.00000000000000000275271103363991,0.00000000000000000532093803400267,11,0.00000000000000000354265349892563,0.00000000000000000608206907191869,-0.582867367169996,0.559982590039952,0.559982590039952
"xcell","Neutrophil","Surgery","C1 - C2","C1","C2",14,0.00035437175548165,0.000853494275755962,11,0.00110839596781828,0.00160506681065442,-0.884307173607279,0.376530416864117,0.376530416864117
"xcell","Neutrophil","Surgery","C3 - C2","C3","C2",11,0.0000000000000000000406226066252429,0.0000000000000000000912157679232939,11,0.00110839596781828,0.00160506681065442,-2.62882793702841,0.00856797002307498,0.0257039100692249
"xcell","Neutrophil","Surgery","C1 - C3","C1","C3",14,0.00035437175548165,0.000853494275755962,11,0.0000000000000000000406226066252429,0.0000000000000000000912157679232939,1.89778281077517,0.0577246984783459,0.0865870477175188
"xcell","Plasmacytoid dendritic cell","Surgery","C1 - C2","C1","C2",14,0.000154930989837865,0.000579698682567037,11,0.00851485921764389,0.0138601297398406,-2.43758294557701,0.0147858216470769,0.0443574649412308
"xcell","Plasmacytoid dendritic cell","Surgery","C3 - C2","C3","C2",11,0.0177930390168516,0.0411308238312962,11,0.00851485921764389,0.0138601297398406,-0.609211433057273,0.542384303064198,0.542384303064198
"xcell","Plasmacytoid dendritic cell","Surgery","C1 - C3","C1","C3",14,0.000154930989837865,0.000579698682567037,11,0.0177930390168516,0.0411308238312962,-1.79285416648628,0.0729962456856896,0.109494368528534
"xcell","T cell CD4+ (aggregated)","Surgery","C1 - C2","C1","C2",14,0.113440076332166,0.145440546157343,11,0.410195816375358,0.164728965793845,-3.61622644715368,0.000298928899362347,0.000896786698087041
"xcell","T cell CD4+ (aggregated)","Surgery","C3 - C2","C3","C2",11,0.175447004785103,0.192004098336058,11,0.410195816375358,0.164728965793845,-2.30691727677161,0.0210594321927344,0.0315891482891016
"xcell","T cell CD4+ (aggregated)","Surgery","C1 - C3","C1","C3",14,0.113440076332166,0.145440546157343,11,0.175447004785103,0.192004098336058,-1.17481468333927,0.240068864388449,0.240068864388449
"xcell","T cell CD8+ (aggregated)","Surgery","C1 - C2","C1","C2",14,0.00794779720807473,0.0125144103943093,11,0.0406606552811645,0.0368802215736049,-2.1920695849286,0.0283744825225048,0.0425617237837572
"xcell","T cell CD8+ (aggregated)","Surgery","C3 - C2","C3","C2",11,0.175614858349529,0.258598832945356,11,0.0406606552811645,0.0368802215736049,0.0202361164629094,0.983855017007347,0.983855017007347
"xcell","T cell CD8+ (aggregated)","Surgery","C1 - C3","C1","C3",14,0.00794779720807473,0.0125144103943093,11,0.175614858349529,0.258598832945356,-2.21348547759364,0.0268641933632074,0.0805925800896223
"xcell","T cell NK","Surgery","C1 - C2","C1","C2",14,0.00261323140240426,0.00485262206037584,11,0.0103354764362012,0.0177642107727886,-2.21726804166417,0.0266047803939647,0.0798143411818941
"xcell","T cell NK","Surgery","C3 - C2","C3","C2",11,0.00358137844739773,0.00670556117022239,11,0.0103354764362012,0.0177642107727886,-1.71817484508377,0.0857647283268877,0.128647092490331
"xcell","T cell NK","Surgery","C1 - C3","C1","C3",14,0.00261323140240426,0.00485262206037584,11,0.00358137844739773,0.00670556117022239,-0.398922702056733,0.689950160941249,0.689950160941249
"xcell","T cell gamma delta","Surgery","C1 - C2","C1","C2",14,0.0000000000000000030063841929881,0.00000000000000000514240133297608,11,0.00000000000000000133376008892535,0.00000000000000000309913475316551,1.21716436816732,0.223541684200611,0.335312526300916
"xcell","T cell gamma delta","Surgery","C3 - C2","C3","C2",11,0.0016929707507169,0.00382566930636927,11,0.00000000000000000133376008892535,0.00000000000000000309913475316551,1.51157606379133,0.130641744765877,0.39192523429763
"xcell","T cell gamma delta","Surgery","C1 - C3","C1","C3",14,0.0000000000000000030063841929881,0.00000000000000000514240133297608,11,0.0016929707507169,0.00382566930636927,-0.382537372852587,0.702062813366795,0.702062813366795
"xcell","T cell regulatory (Tregs)","Surgery","C1 - C2","C1","C2",14,0.000568837972887064,0.00212839680313039,11,0.00000000000000000208832569824257,0.00000000000000000422895337971753,1.11674231244972,0.26410452066641,0.396156780999616
"xcell","T cell regulatory (Tregs)","Surgery","C3 - C2","C3","C2",11,0.00190301099179247,0.0049994191785293,11,0.00000000000000000208832569824257,0.00000000000000000422895337971753,1.66548995366733,0.0958150462953255,0.287445138885977
"xcell","T cell regulatory (Tregs)","Surgery","C1 - C3","C1","C3",14,0.000568837972887064,0.00212839680313039,11,0.00190301099179247,0.0049994191785293,-0.645846578942372,0.518378719060896,0.518378719060896
"xcell","immune score","Surgery","C1 - C2","C1","C2",14,0.0299718640467766,0.0253175225589487,11,0.0322696373207324,0.0262297488375484,-0.192743033985348,0.847160219066023,0.847160219066023
"xcell","immune score","Surgery","C3 - C2","C3","C2",11,0.147329972177193,0.195642600503416,11,0.0322696373207324,0.0262297488375484,2.18550057799415,0.0288521636178266,0.0432782454267399
"xcell","immune score","Surgery","C1 - C3","C1","C3",14,0.0299718640467766,0.0253175225589487,11,0.147329972177193,0.195642600503416,-2.50565944180953,0.0122223278572686,0.0366669835718058
"xcell","microenvironment score","Surgery","C1 - C2","C1","C2",14,0.153340855494158,0.0986665886405586,11,0.066374261550046,0.0589104516966383,2.3480996600596,0.0188694717271254,0.0283042075906881
"xcell","microenvironment score","Surgery","C3 - C2","C3","C2",11,0.252990547128952,0.185239536075127,11,0.066374261550046,0.0589104516966383,3.50084814808323,0.000463780024956311,0.00139134007486893
"xcell","microenvironment score","Surgery","C1 - C3","C1","C3",14,0.153340855494158,0.0986665886405586,11,0.252990547128952,0.185239536075127,-1.3568497709921,0.174828949432508,0.174828949432508
"xcell","stroma score","Surgery","C1 - C2","C1","C2",14,0.123368991447381,0.110380348971033,11,0.0341046242293137,0.0388503740705057,2.6265062647051,0.00862664045066631,0.0258799213519989
"xcell","stroma score","Surgery","C3 - C2","C3","C2",11,0.105660574951759,0.0657480833132289,11,0.0341046242293137,0.0388503740705057,2.56998679078942,0.0101702392807311,0.0152553589210967
"xcell","stroma score","Surgery","C1 - C3","C1","C3",14,0.123368991447381,0.110380348971033,11,0.105660574951759,0.0657480833132289,-0.0933121037548121,0.925655616632495,0.925655616632495
